# FP64; exactly one untimed warmup solve; setup includes representation/storage preparation; solve includes a fresh factorization and primal solve on every repetition.
# All backends receive identical data. Validation and result conversion are untimed.
# CLQR, generalized Riccati, and both Laine implementations also recover duals inside timing. Primal-only backends report no solver-dual KKT measurement.
# Setup+solve includes representation construction and fresh workspace allocation; destruction is excluded.
# Missing dual/kernel measurements are nan, not inferred from other solvers.
# planted_dual_stationarity_inf audits each returned primal with the fixture's known optimal dual, not solver output.
# primal_error and dual_error_inf are absolute infinity-norm errors against the known planted optimum, in original coordinates.
# Samples are individually timed; sample-list columns retain chronological times in ms separated by semicolons. Timing quantiles are unavailable for a single sample.
# min_seconds=1; fixed_repeats=0 (0 means duration-based); each timing phase uses its own budget.
backend,family,N,n,m,mixed_rows,state_rows,seed,status,repeats,setup_ms,median_ms,p10_ms,p90_ms,primal_error,objective,relative_objective_error,kernel_ms,feasibility_inf,stationarity_inf,kkt_inf,setup_solve_ms,planted_dual_stationarity_inf,dual_error_inf,setup_solve_repeats,solve_samples_ms,setup_solve_samples_ms,kernel_samples_ms
laine_corrected,horizon,32,8,4,1,2,20260907,ok,7085,0.039349,0.139276,0.137304,0.142265,4.10782519111e-15,-15.9476005862,1.65340213359e-17,nan,8.881784197e-16,3.23630011678e-14,3.23630011678e-14,0.149782,4.25701141005e-15,5.24302823379e-14,6657,0.19248;0.183042;0.179616;0.179192;0.181184;0.177807;0.18057;0.17799;0.180723;0.177543;0.18049;0.177845;0.178282;0.178438;0.180636;0.176269;0.180576;0.177598;0.178326;0.174914;0.181027;0.180248;0.178618;0.177917;0.177318;0.180806;0.177151;0.178906;0.179306;0.17927;0.177881;0.178017;0.17941;0.17714;0.176332;0.178351;0.178416;0.176081;0.17981;0.178585;0.177411;0.177705;0.178321;0.179624;0.179838;0.177022;0.176923;0.177077;0.178304;0.18011;0.177459;0.178328;0.178206;0.179531;0.177243;0.179958;0.178397;0.178597;0.178595;0.177681;0.182317;0.180962;0.177945;0.178596;0.177618;0.176085;0.182816;0.1774;0.17951;0.178725;0.177504;0.176403;0.179834;0.177708;0.177438;0.177891;0.179242;0.180011;0.178969;0.178501;0.179077;0.177704;0.177492;0.179262;0.177346;0.177412;0.17845;0.175412;0.180967;0.177517;0.179186;0.176786;0.177176;0.176534;0.179223;0.177097;0.177948;0.175898;0.176612;0.175486;0.179413;0.17599;0.17648;0.176258;0.178131;0.18088;0.178303;0.178331;0.178914;0.177017;0.176612;0.177076;0.177959;0.179426;0.178709;0.179014;0.176353;0.179672;0.177341;0.178632;0.178648;0.178185;0.179343;0.177545;0.176493;0.177427;0.178093;0.178872;0.179971;0.176129;0.177614;0.176401;0.178065;0.178016;0.178354;0.175522;0.177326;0.177264;0.178724;0.178441;0.178274;0.177831;0.177912;0.179362;0.178157;0.177649;0.178986;0.177507;0.17843;0.178618;0.181643;0.177415;0.176718;0.178405;0.177928;0.179101;0.180226;0.178483;0.178251;0.176808;0.176931;0.183069;0.177233;0.17712;0.177159;0.178833;0.177397;0.18361;0.177828;0.178272;0.177949;0.178737;0.176799;0.179266;0.876015;0.698385;0.711136;0.726348;0.719351;0.735864;0.428639;0.279365;0.274926;0.273911;0.277552;0.276202;0.275415;0.144572;0.143811;0.142294;0.142574;0.140747;0.139373;0.138278;0.138371;0.140355;0.141817;0.139589;0.139755;0.14027;0.138821;0.139881;0.14198;0.142147;0.139916;0.138031;0.139016;0.139086;0.138255;0.13863;0.14166;0.137392;0.141437;0.139046;0.137706;0.139833;0.138849;0.14099;0.139976;0.141322;0.139408;0.138766;0.14115;0.13995;0.142289;0.13925;0.139334;0.139347;0.139856;0.137345;0.139543;0.140092;0.141674;0.140746;0.139814;0.140796;0.139338;0.140144;0.141486;0.139805;0.138994;0.137942;0.139508;0.139433;0.140125;0.13872;0.142138;0.139066;0.141097;0.140144;0.141753;0.139849;0.139754;0.141208;0.138844;0.136239;0.137115;0.137104;0.139928;0.138432;0.141756;0.138183;0.139285;0.137187;0.139547;0.136964;0.138345;0.137764;0.138308;0.137833;0.138004;0.141138;0.140337;0.13866;0.139339;0.13811;0.138926;0.138788;0.139406;0.138154;0.138647;0.137587;0.141988;0.141436;0.142773;0.143265;0.137835;0.139951;0.139057;0.140162;0.137321;0.139546;0.138143;0.140067;0.138754;0.139996;0.139561;0.14059;0.137105;0.139368;0.138037;0.138051;0.136878;0.139123;0.137438;0.138523;0.137181;0.139116;0.13798;0.137996;0.140229;0.139409;0.140922;0.139022;0.138742;0.139458;0.14121;0.141205;0.136712;0.138588;0.13729;0.136544;0.136412;0.138129;0.137628;0.140307;0.137962;0.139503;0.137466;0.137802;0.137937;0.136657;0.141683;0.13781;0.137557;0.137244;0.137654;0.137629;0.138317;0.140839;0.139619;0.138171;0.14041;0.137628;0.139515;0.139704;0.139909;0.13666;0.139756;0.13786;0.138066;0.138565;0.137765;0.138571;0.139512;0.136387;0.137208;0.136577;0.139557;0.140625;0.140365;0.140813;0.140275;0.137433;0.136704;0.13833;0.14096;0.140964;0.140931;0.138182;0.139184;0.138384;0.137527;0.139131;0.137401;0.140322;0.137707;0.139821;0.137489;0.138177;0.138253;0.137853;0.139273;0.13785;0.1372;0.137623;0.137781;0.138038;0.138811;0.138421;0.139746;0.137437;0.13888;0.143207;0.13927;0.138302;0.137374;0.139645;0.137825;0.13879;0.139461;0.137221;0.139803;0.140328;0.139997;0.136427;0.138538;0.136662;0.13772;0.136208;0.137613;0.139484;0.139596;0.139088;0.140798;0.138117;0.139344;0.139128;0.140244;0.137343;0.13684;0.136176;0.138144;0.136455;0.138753;0.137299;0.140844;0.139321;0.139617;0.138043;0.140656;0.137366;0.137746;0.139676;0.139734;0.137938;0.13883;0.139233;0.140958;0.140011;0.141079;0.138533;0.138615;0.13816;0.138459;0.140827;0.137692;0.142671;0.138913;0.136462;0.136884;0.136476;0.137922;0.138886;0.13894;0.138426;0.138335;0.136584;0.140188;0.138107;0.135951;0.138452;0.140963;0.139296;0.138006;0.140009;0.139077;0.139467;0.137859;0.140032;0.138604;0.137981;0.139606;0.138715;0.137986;0.139489;0.140536;0.139249;0.138872;0.138702;0.138182;0.13915;0.136193;0.137704;0.138568;0.137981;0.140069;0.137379;0.13767;0.138294;0.136917;0.139353;0.137605;0.137624;0.137561;0.138787;0.138257;0.139103;0.141727;0.139185;0.140368;0.139785;0.138686;0.137602;0.139126;0.140862;0.139868;0.138488;0.140382;0.139396;0.138783;0.13995;0.141242;0.136321;0.1407;0.140952;0.140091;0.138618;0.13839;0.140651;0.138409;0.13993;0.137512;0.138414;0.138185;0.137454;0.137616;0.140388;0.139692;0.137709;0.137796;0.140464;0.138581;0.138738;0.140134;0.137948;0.140236;0.137657;0.140812;0.138125;0.137898;0.138955;0.137886;0.13809;0.136907;0.138364;0.138951;0.138502;0.139921;0.136598;0.137537;0.139224;0.138348;0.13892;0.136831;0.141639;0.14071;0.138432;0.140585;0.140593;0.142257;0.140862;0.139796;0.137241;0.139369;0.137567;0.135627;0.138288;0.137386;0.13653;0.140118;0.138857;0.141717;0.13976;0.138231;0.138905;0.139448;0.140879;0.135675;0.138173;0.137795;0.138667;0.138983;0.137971;0.140078;0.137907;0.139307;0.140728;0.138518;0.137902;0.137152;0.139354;0.139559;0.137984;0.139762;0.140333;0.138671;0.138135;0.138829;0.138926;0.136739;0.136676;0.138285;0.137701;0.137157;0.137101;0.141586;0.138486;0.139089;0.139753;0.138996;0.137509;0.142234;0.140689;0.138928;0.13743;0.141161;0.137804;0.139115;0.137965;0.140862;0.137767;0.139917;0.136903;0.138387;0.137134;0.138026;0.14032;0.140495;0.138579;0.140025;0.140703;0.138651;0.138489;0.141054;0.139545;0.138604;0.137159;0.138033;0.136689;0.13813;0.139166;0.141688;0.142268;0.140174;0.138304;0.13899;0.137858;0.138663;0.142073;0.138001;0.138059;0.137213;0.137699;0.137939;0.138006;0.140828;0.137749;0.138192;0.136908;0.136714;0.136973;0.137764;0.140362;0.136725;0.138216;0.14181;0.138312;0.139183;0.137704;0.141355;0.139328;0.13698;0.136779;0.138866;0.137472;0.135959;0.137021;0.139048;0.139603;0.138861;0.139586;0.138591;0.141927;0.140023;0.14088;0.138191;0.138179;0.138967;0.138228;0.138042;0.140478;0.14022;0.138592;0.139327;0.141061;0.141413;0.138934;0.138469;0.141931;0.138501;0.138236;0.137705;0.13698;0.137676;0.138656;0.1398;0.139591;0.136544;0.136964;0.137431;0.138698;0.141145;0.139847;0.140805;0.139722;0.138359;0.138499;0.137051;0.139427;0.13893;0.140736;0.141402;0.138586;0.138643;0.139474;0.141582;0.141314;0.140863;0.138076;0.137511;0.139304;0.138557;0.137617;0.13704;0.13888;0.139846;0.139561;0.139764;0.139663;0.137365;0.138511;0.13837;0.138836;0.136985;0.137237;0.136055;0.137567;0.137348;0.137329;0.139964;0.13808;0.13777;0.137204;0.13743;0.137983;0.137077;0.14072;0.138799;0.141459;0.138247;0.138544;0.140911;0.138205;0.139429;0.138051;0.136725;0.137547;0.136361;0.138389;0.136225;0.136482;0.13996;0.137597;0.138084;0.137897;0.136714;0.138796;0.136894;0.140177;0.137344;0.138027;0.139913;0.138413;0.136884;0.138154;0.140319;0.139241;0.142455;0.141362;0.142888;0.143738;0.143312;0.143103;0.138602;0.140041;0.137762;0.139113;0.138767;0.139932;0.139365;0.138153;0.142172;0.139794;0.139524;0.139348;0.139143;0.142147;0.141345;0.139857;0.141407;0.141578;0.141151;0.140425;0.139844;0.138069;0.139695;0.13882;0.139016;0.138384;0.13943;0.138613;0.144069;0.142655;0.138629;0.13969;0.141038;0.140221;0.13936;0.139539;0.142106;0.138922;0.142178;0.139063;0.137999;0.139012;0.141525;0.142744;0.141752;0.139258;0.139097;0.138793;0.139426;0.143198;0.14178;0.140192;0.139473;0.138725;0.139116;0.141102;0.141059;0.142055;0.14116;0.139605;0.14011;0.141196;0.141637;0.144871;0.141389;0.138461;0.137508;0.141614;0.138422;0.136969;0.14041;0.14332;0.140462;0.138597;0.137517;0.139774;0.141332;0.140443;0.142052;0.139755;0.141185;0.140707;0.139346;0.137935;0.138437;0.145159;0.143249;0.14128;0.1395;0.142502;0.140074;0.140539;0.144982;0.140701;0.138651;0.138371;0.138477;0.136582;0.13947;0.141077;0.138986;0.136349;0.138939;0.137378;0.138121;0.137291;0.141092;0.141739;0.14014;0.139598;0.139378;0.138395;0.138183;0.142687;0.140882;0.14011;0.141254;0.139895;0.140478;0.138084;0.146897;0.138793;0.13805;0.138868;0.142935;0.140013;0.139515;0.141096;0.1379;0.138207;0.14048;0.137946;0.138905;0.137649;0.137693;0.138616;0.136391;0.136044;0.136204;0.13743;0.140265;0.135525;0.141509;0.139047;0.137425;0.136421;0.13758;0.139052;0.137894;0.140908;0.138985;0.140311;0.138675;0.139437;0.137955;0.138149;0.139698;0.139283;0.137504;0.136779;0.140324;0.140065;0.140674;0.139801;0.140763;0.138727;0.138623;0.136737;0.137492;0.137878;0.137076;0.140022;0.136106;0.139424;0.137171;0.136912;0.139812;0.136609;0.140458;0.139259;0.137242;0.138267;0.141061;0.137982;0.138048;0.140558;0.140414;0.140659;0.137002;0.13828;0.140184;0.139662;0.141116;0.139607;0.137894;0.139515;0.139688;0.138392;0.138001;0.13778;0.142116;0.140289;0.138759;0.145661;0.139698;0.138905;0.138988;0.143722;0.142468;0.142649;0.141732;0.142806;0.13845;0.138684;0.14412;0.141429;0.13949;0.14188;0.140469;0.140323;0.138494;0.141182;0.141043;0.138208;0.138008;0.140364;0.141467;0.137127;0.139303;0.13787;0.138876;0.137669;0.139756;0.138602;0.138904;0.142461;0.139281;0.136534;0.13672;0.142104;0.140419;0.139636;0.138517;0.139398;0.137456;0.13756;0.13811;0.139322;0.141196;0.137904;0.13852;0.138202;0.1394;0.137531;0.13834;0.137094;0.138986;0.139239;0.13731;0.140906;0.138293;0.136324;0.139757;0.136188;0.140812;0.139582;0.136714;0.138436;0.136327;0.138075;0.13769;0.139237;0.138389;0.137484;0.138618;0.136082;0.137755;0.136324;0.14108;0.140664;0.139056;0.138573;0.138137;0.137706;0.138379;0.137542;0.290544;0.140328;0.141249;0.140284;0.140161;0.139201;0.138493;0.139753;0.137919;0.138248;0.138606;0.136333;0.136327;0.139151;0.138013;0.137272;0.137677;0.138996;0.13689;0.137782;0.140651;0.138222;0.138749;0.140518;0.137133;0.138047;0.13882;0.139026;0.136626;0.136505;0.137106;0.13762;0.138236;0.140046;0.137058;0.141842;0.136897;0.138358;0.137937;0.137005;0.137801;0.136574;0.139503;0.136351;0.139157;0.137873;0.136472;0.137973;0.136617;0.140239;0.137557;0.138585;0.137186;0.139577;0.138251;0.138244;0.141664;0.140444;0.138228;0.138863;0.138323;0.140811;0.136786;0.139993;0.142264;0.142759;0.142721;0.141588;0.14189;0.139981;0.141019;0.144023;0.139964;0.139083;0.138253;0.139731;0.139492;0.139385;0.139868;0.138067;0.137715;0.138274;0.138061;0.138707;0.137699;0.139572;0.139946;0.140206;0.138305;0.14025;0.137926;0.138722;0.14001;0.138637;0.136351;0.135885;0.137286;0.13812;0.137165;0.139588;0.143282;0.137255;0.137652;0.136544;0.13867;0.138009;0.139789;0.139849;0.139575;0.138077;0.138487;0.138127;0.139693;0.138059;0.142419;0.136406;0.136119;0.136949;0.136995;0.136425;0.136882;0.139767;0.141459;0.138376;0.13987;0.140593;0.140822;0.138203;0.142684;0.138725;0.138561;0.139766;0.139062;0.139572;0.137826;0.142245;0.137669;0.138758;0.13903;0.1385;0.139142;0.140069;0.138702;0.14419;0.139838;0.140633;0.141449;0.140646;0.139654;0.142226;0.14116;0.139572;0.137668;0.139159;0.138;0.13896;0.139539;0.139452;0.140661;0.140211;0.139741;0.140215;0.139297;0.140162;0.144565;0.140926;0.140395;0.140485;0.140636;0.140202;0.140389;0.141823;0.137346;0.137949;0.137507;0.139176;0.141744;0.139636;0.139354;0.13746;0.138464;0.139921;0.138187;0.140118;0.14267;0.140151;0.139179;0.137977;0.138674;0.139652;0.13913;0.138599;0.140033;0.141322;0.139436;0.138105;0.139022;0.137743;0.140439;0.137427;0.140996;0.137714;0.138302;0.138296;0.136348;0.13698;0.138785;0.13957;0.14224;0.142413;0.139104;0.140897;0.13858;0.139127;0.140797;0.137928;0.140148;0.137082;0.140671;0.140199;0.139146;0.140595;0.138414;0.136842;0.13804;0.137882;0.138306;0.137001;0.137201;0.143052;0.140078;0.141734;0.140646;0.139314;0.139786;0.139962;0.140331;0.138376;0.139321;0.139441;0.138083;0.137729;0.139846;0.141243;0.140681;0.139873;0.137906;0.138022;0.138723;0.139209;0.143869;0.140356;0.137052;0.138642;0.138915;0.138066;0.138741;0.141042;0.140328;0.141375;0.139412;0.138987;0.140659;0.139018;0.141486;0.138497;0.13862;0.138701;0.138996;0.137184;0.140386;0.138548;0.143359;0.138392;0.139797;0.136522;0.139227;0.13876;0.139896;0.142065;0.140601;0.138693;0.141654;0.138479;0.138261;0.139007;0.142562;0.14019;0.139013;0.140063;0.139755;0.140661;0.1398;0.141562;0.139919;0.139067;0.138651;0.137825;0.140301;0.139084;0.141202;0.138185;0.137983;0.139511;0.138402;0.138929;0.137078;0.140904;0.139176;0.140496;0.14065;0.139324;0.140967;0.1409;0.141353;0.14168;0.141514;0.140006;0.142177;0.140917;0.142155;0.142389;0.142875;0.139268;0.140248;0.141389;0.140946;0.140751;0.140028;0.14184;0.139009;0.137829;0.138676;0.138018;0.138917;0.138379;0.141355;0.140109;0.1384;0.138592;0.137437;0.139016;0.137905;0.142502;0.13911;0.139147;0.138832;0.139537;0.138609;0.137588;0.141656;0.138248;0.138849;0.137251;0.138964;0.139226;0.138784;0.13997;0.139241;0.139647;0.139896;0.139527;0.138266;0.139643;0.13809;0.142117;0.138478;0.140088;0.137784;0.137735;0.138259;0.137336;0.140825;0.138417;0.138168;0.139155;0.137523;0.138434;0.137885;0.14016;0.136185;0.13662;0.136611;0.139483;0.136586;0.137872;0.139382;0.139916;0.139546;0.140212;0.137636;0.138128;0.140153;0.141252;0.140312;0.140537;0.137458;0.138925;0.137988;0.140194;0.138708;0.142624;0.138944;0.136468;0.138058;0.138755;0.138394;0.138869;0.141677;0.138367;0.140436;0.140054;0.14017;0.139923;0.139153;0.141522;0.140425;0.140868;0.139888;0.13969;0.141268;0.141537;0.143815;0.138343;0.138219;0.137843;0.137997;0.139883;0.13765;0.143841;0.137299;0.140822;0.138785;0.139908;0.138058;0.138568;0.139872;0.138872;0.137742;0.139736;0.139058;0.139277;0.138462;0.137271;0.140692;0.137689;0.137115;0.140031;0.138868;0.137212;0.140281;0.142665;0.143997;0.139888;0.139587;0.13776;0.138661;0.138241;0.14254;0.140884;0.142426;0.142606;0.141976;0.140461;0.139582;0.141203;0.139283;0.138528;0.137959;0.138284;0.137588;0.139251;0.139817;0.13877;0.140751;0.13741;0.138261;0.138889;0.139129;0.140115;0.138006;0.136487;0.138417;0.137267;0.136666;0.136823;0.136703;0.140595;0.138149;0.140872;0.139982;0.139666;0.138837;0.138178;0.146273;0.145045;0.142979;0.143944;0.144648;0.143368;0.14395;0.143486;0.140109;0.13973;0.140345;0.140122;0.140988;0.138737;0.140576;0.140731;0.141417;0.139815;0.138149;0.139439;0.140086;0.143209;0.141885;0.141095;0.141163;0.14059;0.138895;0.138685;0.140836;0.143525;0.141195;0.142054;0.139334;0.139481;0.139401;0.140789;0.14168;0.142442;0.139682;0.139136;0.140235;0.141513;0.143225;0.14054;0.138626;0.141557;0.139907;0.138208;0.13834;0.139506;0.141308;0.138703;0.138571;0.138926;0.139557;0.138389;0.139586;0.143693;0.140635;0.139787;0.140483;0.138057;0.139573;0.14033;0.14143;0.138612;0.137956;0.139295;0.13721;0.137938;0.136148;0.140617;0.142934;0.140409;0.139746;0.139601;0.142094;0.139833;0.139849;0.140154;0.139589;0.138508;0.13902;0.138894;0.138507;0.141189;0.142066;0.141084;0.141944;0.141187;0.139849;0.140182;0.140553;0.13948;0.140939;0.138547;0.139174;0.138252;0.138846;0.137697;0.140667;0.140934;0.136768;0.137145;0.137547;0.139534;0.138266;0.141358;0.142524;0.139028;0.138097;0.139275;0.138055;0.139237;0.138624;0.140232;0.142272;0.139158;0.138548;0.138186;0.138632;0.141348;0.137503;0.138454;0.138328;0.138372;0.141254;0.138794;0.139947;0.139473;0.137464;0.135888;0.135692;0.137237;0.135888;0.138464;0.144217;0.142939;0.14283;0.138094;0.13797;0.1373;0.139498;0.142298;0.139109;0.138223;0.138242;0.140448;0.141709;0.139833;0.143961;0.140798;0.140098;0.137327;0.138785;0.137182;0.1385;0.141579;0.143213;0.14149;0.14104;0.140751;0.140248;0.143045;0.143419;0.142452;0.143011;0.14167;0.139367;0.14166;0.139178;0.142543;0.141838;0.143182;0.13982;0.139793;0.138997;0.139724;0.141833;0.139559;0.139611;0.138665;0.139134;0.1393;0.138629;0.139234;0.141063;0.142099;0.139393;0.13982;0.13845;0.138576;0.138557;0.143466;0.141012;0.144539;0.139799;0.139867;0.140027;0.137861;0.144159;0.142408;0.139662;0.138529;0.140608;0.14031;0.139561;0.141595;0.137984;0.137812;0.136655;0.13598;0.136874;0.138978;0.138723;0.141311;0.140644;0.139883;0.13751;0.136481;0.137512;0.1422;0.139843;0.139914;0.141101;0.139965;0.139773;0.142713;0.144275;0.143412;0.142258;0.140415;0.141326;0.139596;0.140195;0.141497;0.136994;0.139475;0.137665;0.13796;0.139632;0.138281;0.137986;0.141523;0.139779;0.138261;0.138663;0.138422;0.139153;0.138034;0.13979;0.140694;0.136977;0.137171;0.136608;0.137454;0.136351;0.139739;0.140716;0.138054;0.138174;0.137841;0.138186;0.137866;0.144057;0.142238;0.14034;0.140229;0.14042;0.13731;0.137816;0.142741;0.140945;0.139484;0.14203;0.138772;0.142384;0.14068;0.14441;0.142377;0.142672;0.139492;0.13744;0.138816;0.137549;0.137305;0.142225;0.141967;0.139959;0.139415;0.140313;0.137627;0.139124;0.142229;0.140456;0.139166;0.140568;0.138146;0.138105;0.137883;0.141367;0.142928;0.141883;0.139647;0.140099;0.139072;0.141924;0.141234;0.140606;0.138812;0.138622;0.137296;0.13948;0.138253;0.142919;0.141798;0.142256;0.139376;0.139156;0.13984;0.137631;0.140891;0.141982;0.14256;0.139497;0.139631;0.14033;0.137182;0.141886;0.14006;0.141658;0.139478;0.142467;0.140952;0.14039;0.139652;0.14254;0.139376;0.141298;0.14005;0.138968;0.137239;0.138097;0.14376;0.144098;0.141235;0.140842;0.142008;0.140138;0.138479;0.140838;0.138964;0.138951;0.14008;0.139171;0.140207;0.137938;0.141517;0.137881;0.138173;0.137841;0.13922;0.138616;0.137944;0.141549;0.139075;0.13944;0.139868;0.139261;0.138181;0.139292;0.139865;0.139947;0.139257;0.138991;0.138719;0.141346;0.138423;0.140529;0.140924;0.138782;0.138742;0.137813;0.137609;0.135957;0.13971;0.139227;0.137798;0.139289;0.140269;0.137972;0.140057;0.139776;0.140453;0.138848;0.139463;0.139624;0.140955;0.138756;0.140135;0.139575;0.13785;0.141147;0.141038;0.139413;0.139302;0.14076;0.143298;0.140366;0.139516;0.139298;0.141562;0.139345;0.139863;0.141572;0.142186;0.142836;0.140326;0.14133;0.140447;0.139735;0.141838;0.139884;0.139979;0.138875;0.138024;0.13695;0.137014;0.137797;0.142026;0.13898;0.140369;0.137649;0.139227;0.138154;0.138059;0.142965;0.140781;0.140426;0.137856;0.136912;0.137133;0.139078;0.144287;0.142751;0.138054;0.139859;0.1397;0.139409;0.138258;0.141738;0.139336;0.137818;0.137825;0.139353;0.137654;0.139401;0.140261;0.141846;0.139686;0.140195;0.13816;0.141008;0.139303;0.140693;0.138686;0.137862;0.138876;0.13846;0.141815;0.139962;0.137948;0.142012;0.139932;0.137421;0.135627;0.13792;0.140393;0.136811;0.139744;0.139326;0.136873;0.136881;0.137318;0.138591;0.138696;0.139098;0.137228;0.136355;0.138298;0.13708;0.13828;0.138208;0.141768;0.138161;0.138795;0.137602;0.139621;0.138214;0.137715;0.1377;0.139392;0.139554;0.139329;0.138597;0.140839;0.140069;0.140453;0.142588;0.14038;0.139556;0.138816;0.136937;0.137445;0.13688;0.144275;0.142966;0.142355;0.141295;0.139025;0.140103;0.13995;0.140708;0.138293;0.138581;0.139452;0.141497;0.137726;0.13663;0.140602;0.138766;0.140556;0.139729;0.140281;0.137648;0.139893;0.143787;0.142105;0.140943;0.139837;0.138578;0.137947;0.140406;0.140328;0.140021;0.141691;0.137322;0.139588;0.14108;0.141949;0.143455;0.138924;0.13942;0.137412;0.136754;0.140141;0.13979;0.141268;0.14382;0.141114;0.138639;0.141403;0.139682;0.139433;0.136899;0.141965;0.140756;0.139808;0.142249;0.138751;0.137888;0.13945;0.145302;0.142123;0.137986;0.136921;0.139775;0.140289;0.137915;0.139265;0.138555;0.137099;0.138026;0.137259;0.136655;0.135764;0.140373;0.139717;0.140239;0.136859;0.138694;0.136306;0.137196;0.141685;0.142141;0.141713;0.14157;0.138928;0.140935;0.138429;0.138411;0.141238;0.141201;0.139318;0.137929;0.137839;0.139639;0.137691;0.141716;0.143775;0.14161;0.138876;0.139655;0.140763;0.140412;0.143695;0.140858;0.142301;0.141502;0.140128;0.139437;0.139593;0.141896;0.140171;0.13884;0.135782;0.137318;0.138259;0.138066;0.139768;0.138372;0.138453;0.139334;0.136593;0.13719;0.138234;0.139733;0.138766;0.138495;0.137773;0.138791;0.137044;0.137433;0.137;0.141779;0.139418;0.139817;0.138048;0.140287;0.138226;0.137644;0.140181;0.141554;0.140827;0.139443;0.140629;0.13888;0.141351;0.14145;0.13656;0.138223;0.138483;0.137747;0.138379;0.136749;0.138919;0.137892;0.139983;0.138348;0.13902;0.13873;0.13878;0.142616;0.13754;0.138126;0.139445;0.14001;0.137968;0.138707;0.13815;0.138459;0.137004;0.138059;0.136866;0.138987;0.139015;0.136644;0.140635;0.137672;0.136641;0.138127;0.137666;0.137451;0.138547;0.139168;0.138747;0.138814;0.139928;0.137942;0.139387;0.140024;0.14092;0.140063;0.140121;0.1412;0.138641;0.140025;0.141095;0.141942;0.136413;0.137877;0.138448;0.138397;0.135995;0.136457;0.136739;0.140164;0.137761;0.136923;0.13676;0.137854;0.140047;0.137771;0.141072;0.140067;0.136582;0.137033;0.138008;0.138037;0.138148;0.141328;0.142366;0.143557;0.141695;0.139554;0.138897;0.137688;0.140463;0.139989;0.142605;0.141148;0.138492;0.138796;0.138927;0.140779;0.142292;0.142043;0.141202;0.141151;0.138498;0.138967;0.139754;0.137835;0.138131;0.137758;0.137534;0.13892;0.140224;0.137272;0.141767;0.137878;0.137596;0.137201;0.137659;0.136523;0.139066;0.139951;0.13724;0.137405;0.13757;0.139083;0.1369;0.137836;0.139791;0.137433;0.137825;0.137735;0.138062;0.136833;0.138518;0.140671;0.139366;0.14013;0.141244;0.138877;0.139461;0.137631;0.136821;0.139557;0.138494;0.138525;0.137741;0.139252;0.139561;0.137277;0.140101;0.139826;0.138127;0.137421;0.13901;0.137862;0.13867;0.140705;0.139377;0.137205;0.13764;0.136864;0.138049;0.137666;0.139955;0.137685;0.137993;0.137987;0.141827;0.138943;0.138794;0.140217;0.138574;0.140282;0.137523;0.136898;0.139926;0.14042;0.137389;0.139041;0.140856;0.138678;0.138806;0.138961;0.13869;0.139273;0.140311;0.13844;0.137312;0.139764;0.13824;0.139061;0.138758;0.14073;0.137597;0.137748;0.137747;0.137594;0.1377;0.138737;0.141509;0.137742;0.136263;0.137192;0.137643;0.138571;0.137799;0.140069;0.139367;0.140494;0.137643;0.137414;0.136857;0.137947;0.136952;0.139505;0.137797;0.139857;0.138357;0.138264;0.14077;0.143906;0.145349;0.142693;0.140943;0.140651;0.141498;0.139809;0.141389;0.140847;0.139121;0.13798;0.139888;0.138026;0.137471;0.138339;0.141643;0.142417;0.137865;0.140149;0.138169;0.139548;0.13893;0.140965;0.138492;0.137654;0.140988;0.139702;0.136968;0.140316;0.141546;0.13927;0.137395;0.136791;0.139261;0.137806;0.138676;0.139505;0.141775;0.139118;0.139389;0.138845;0.138227;0.139523;0.140127;0.139837;0.138791;0.137279;0.139944;0.140687;0.139046;0.140479;0.142176;0.140041;0.139853;0.141076;0.139436;0.141189;0.140049;0.140053;0.138634;0.137756;0.137966;0.138606;0.139092;0.140555;0.141528;0.140082;0.141452;0.140211;0.140199;0.141553;0.140275;0.141347;0.137301;0.136684;0.138916;0.136508;0.137328;0.14005;0.145207;0.142247;0.140588;0.139085;0.139924;0.138111;0.138442;0.141512;0.141877;0.141755;0.139509;0.140204;0.140462;0.140765;0.141683;0.146163;0.14214;0.141403;0.139264;0.141307;0.155877;0.147682;0.144355;0.159361;0.148737;0.14191;0.164006;0.16438;0.167128;0.165482;0.16431;0.164167;0.165838;0.165219;0.170271;0.165507;0.164189;0.16523;0.14627;0.139349;0.140501;0.142604;0.140388;0.141039;0.142011;0.139501;0.140234;0.142795;0.144292;0.142552;0.143019;0.142364;0.142668;0.142679;0.144301;0.143773;0.140969;0.138412;0.139199;0.139146;0.139762;0.1402;0.142291;0.139014;0.139384;0.140298;0.140209;0.143491;0.14253;0.144561;0.140789;0.141377;0.141172;0.140274;0.140969;0.140086;0.142286;0.138767;0.139464;0.138843;0.140607;0.139428;0.141342;0.14226;0.139666;0.138512;0.14095;0.13948;0.140162;0.139178;0.142815;0.141015;0.142567;0.141427;0.143075;0.141886;0.14227;0.144014;0.14141;0.139659;0.14015;0.138724;0.139282;0.138713;0.139257;0.140163;0.138754;0.136657;0.135795;0.135962;0.13933;0.138537;0.141338;0.140458;0.137346;0.139202;0.136453;0.138229;0.136444;0.141279;0.139917;0.138013;0.139407;0.136501;0.138021;0.137988;0.139745;0.138035;0.136108;0.135569;0.136833;0.137026;0.137296;0.137578;0.138328;0.140688;0.138567;0.137821;0.135739;0.136804;0.137706;0.14357;0.139878;0.137844;0.137056;0.141027;0.138666;0.136803;0.140384;0.141862;0.138899;0.140583;0.139781;0.138459;0.1389;0.141114;0.140856;0.138157;0.137801;0.139999;0.138686;0.13843;0.140312;0.140055;0.14171;0.140665;0.138589;0.140721;0.140399;0.143191;0.140452;0.141312;0.14106;0.139896;0.139203;0.142445;0.140585;0.143854;0.138561;0.137721;0.139068;0.137587;0.138832;0.139302;0.140155;0.137629;0.137163;0.137089;0.13772;0.138344;0.139764;0.142743;0.141456;0.138303;0.13728;0.135437;0.136428;0.138149;0.139904;0.142568;0.138289;0.13846;0.139131;0.140262;0.138846;0.140852;0.139069;0.141219;0.139311;0.137756;0.137624;0.137546;0.139536;0.142883;0.14234;0.140094;0.138509;0.139026;0.139822;0.138079;0.142152;0.138923;0.139678;0.138776;0.137067;0.137181;0.136756;0.143092;0.140694;0.139382;0.138712;0.138338;0.139797;0.139595;0.139618;0.141018;0.138829;0.139495;0.137458;0.138111;0.136589;0.142881;0.141241;0.139739;0.139477;0.140913;0.139298;0.139399;0.140774;0.140537;0.137279;0.13818;0.137947;0.139295;0.138541;0.140601;0.139645;0.138891;0.136946;0.138883;0.137114;0.137509;0.137967;0.141909;0.140195;0.138877;0.138104;0.137666;0.139251;0.137841;0.141411;0.14201;0.137343;0.138781;0.136928;0.138558;0.137716;0.141524;0.139552;0.139796;0.139799;0.139016;0.139722;0.138278;0.141064;0.140319;0.139289;0.137348;0.137033;0.138019;0.137498;0.139093;0.139854;0.139572;0.138563;0.136662;0.137922;0.137504;0.138117;0.140238;0.141696;0.140902;0.140897;0.13934;0.137951;0.139555;0.144172;0.139627;0.140679;0.138765;0.137372;0.137837;0.139581;0.142199;0.141744;0.1398;0.138947;0.139779;0.139297;0.139237;0.141682;0.141434;0.142795;0.140305;0.139346;0.140613;0.140599;0.14357;0.143625;0.139098;0.13918;0.139048;0.139027;0.140923;0.141924;0.139496;0.139874;0.13973;0.140713;0.139176;0.141286;0.142969;0.141486;0.142322;0.139797;0.14062;0.139411;0.13813;0.139069;0.140363;0.141161;0.142873;0.143901;0.14246;0.14288;0.146253;0.139642;0.141095;0.141214;0.141639;0.140209;0.142719;0.140056;0.145987;0.14029;0.139363;0.140767;0.141131;0.141894;0.141887;0.14327;0.142134;0.140553;0.140883;0.140607;0.14098;0.140944;0.14427;0.141767;0.141639;0.141803;0.140116;0.138204;0.139447;0.148086;0.140596;0.140492;0.141331;0.139758;0.139259;0.137144;0.153049;0.140132;0.139229;0.142099;0.141372;0.141442;0.143109;0.140556;0.137545;0.137513;0.136358;0.139457;0.137687;0.139994;0.140673;0.138299;0.136744;0.137429;0.13706;0.13644;0.140259;0.14083;0.139616;0.136284;0.136976;0.13715;0.136219;0.136409;0.13707;0.139987;0.135651;0.136242;0.136398;0.137225;0.136172;0.138875;0.141065;0.140919;0.140673;0.138837;0.139007;0.139342;0.139356;0.142085;0.140892;0.141459;0.141639;0.140564;0.13754;0.138917;0.142159;0.139112;0.139956;0.139029;0.138385;0.140329;0.138801;0.140937;0.137708;0.138898;0.137179;0.137165;0.138797;0.137693;0.137408;0.138612;0.13889;0.13909;0.13762;0.138154;0.137396;0.136725;0.140099;0.137379;0.137081;0.140851;0.138799;0.140809;0.139179;0.141402;0.140569;0.137568;0.137432;0.137812;0.137022;0.136553;0.142172;0.142388;0.140972;0.138863;0.137936;0.138192;0.137144;0.142008;0.141012;0.139847;0.137374;0.137193;0.138716;0.137521;0.136855;0.141792;0.140071;0.137094;0.137768;0.13693;0.137386;0.136254;0.142605;0.137417;0.136088;0.137886;0.13752;0.139382;0.138999;0.145916;0.139301;0.138827;0.138445;0.139841;0.139155;0.139056;0.141202;0.140468;0.139039;0.137213;0.138198;0.137091;0.137739;0.140078;0.13874;0.138683;0.138469;0.138298;0.138969;0.139395;0.138576;0.141144;0.140537;0.136856;0.137849;0.139117;0.139351;0.138103;0.141397;0.13776;0.137561;0.136552;0.136822;0.137523;0.138505;0.138763;0.137569;0.137724;0.137544;0.13779;0.137864;0.137283;0.141529;0.139895;0.136979;0.138621;0.138625;0.138308;0.138194;0.14156;0.138383;0.138568;0.139361;0.138963;0.136645;0.138322;0.137427;0.142563;0.137707;0.139446;0.141954;0.140218;0.139427;0.138139;0.141495;0.137223;0.138788;0.139269;0.138096;0.137435;0.139791;0.140179;0.139203;0.137725;0.13912;0.136519;0.139074;0.136898;0.140006;0.13917;0.138484;0.138149;0.138568;0.137016;0.136913;0.140492;0.139405;0.136843;0.137247;0.136434;0.138699;0.137506;0.136713;0.14019;0.137842;0.137514;0.137026;0.137717;0.137856;0.138011;0.142771;0.139993;0.140975;0.139297;0.140399;0.13891;0.139156;0.141964;0.13881;0.137048;0.137977;0.136868;0.137113;0.137492;0.143509;0.141773;0.140085;0.138968;0.138699;0.140076;0.138188;0.142152;0.138263;0.138661;0.138743;0.13808;0.138549;0.13776;0.13887;0.141414;0.136474;0.136125;0.139104;0.138079;0.135698;0.13761;0.140167;0.138804;0.135813;0.137672;0.138344;0.137833;0.136349;0.140169;0.140511;0.138077;0.139851;0.137136;0.137287;0.137157;0.139557;0.138848;0.137408;0.13698;0.13822;0.137338;0.136781;0.137828;0.143157;0.141045;0.140609;0.139012;0.138724;0.139341;0.137633;0.139978;0.14333;0.14054;0.141116;0.139649;0.138945;0.138315;0.140657;0.137796;0.13774;0.137362;0.137264;0.137958;0.13759;0.140477;0.138323;0.136749;0.13825;0.138486;0.138147;0.14076;0.139112;0.139613;0.137614;0.138447;0.13767;0.138789;0.140662;0.137164;0.139385;0.136407;0.1394;0.137031;0.139617;0.135417;0.139246;0.139519;0.138997;0.13783;0.138403;0.137604;0.137812;0.138407;0.142996;0.138761;0.140745;0.137395;0.137047;0.137644;0.136638;0.141045;0.138357;0.139418;0.136626;0.137249;0.136347;0.137328;0.13887;0.138004;0.138026;0.139131;0.137576;0.140946;0.1378;0.138706;0.140059;0.139204;0.139258;0.1392;0.138038;0.140509;0.138399;0.141856;0.137245;0.138936;0.137721;0.137349;0.138075;0.139082;0.141365;0.138649;0.138933;0.137181;0.140226;0.14026;0.139826;0.143688;0.141244;0.142505;0.141741;0.141648;0.143387;0.14159;0.146105;0.138126;0.138853;0.139112;0.137855;0.137946;0.137162;0.140374;0.139252;0.137967;0.137535;0.13781;0.138549;0.139584;0.138945;0.141669;0.136686;0.138515;0.139668;0.137408;0.137019;0.13869;0.141974;0.140384;0.14018;0.141622;0.139661;0.139105;0.13982;0.1405;0.136893;0.138985;0.137142;0.137578;0.137977;0.137392;0.139258;0.140083;0.13981;0.141827;0.139905;0.140208;0.138808;0.141828;0.138237;0.139866;0.138832;0.137999;0.138753;0.138253;0.137368;0.140119;0.139071;0.138631;0.139218;0.13806;0.139668;0.139407;0.144142;0.139871;0.139637;0.139286;0.139731;0.139593;0.140211;0.141468;0.139598;0.139172;0.139313;0.138601;0.138871;0.138631;0.141516;0.139348;0.137784;0.138775;0.137817;0.13914;0.139677;0.142904;0.142373;0.143293;0.139434;0.140023;0.140496;0.141065;0.16775;0.146355;0.141578;0.141602;0.142453;0.141697;0.141233;0.142552;0.139322;0.139398;0.137916;0.139243;0.13694;0.137802;0.138672;0.138862;0.137136;0.138449;0.13731;0.13819;0.137798;0.138053;0.142538;0.13962;0.139649;0.13971;0.141069;0.140752;0.141699;0.142439;0.143357;0.142408;0.143279;0.141706;0.141932;0.142362;0.140433;0.138838;0.136782;0.138522;0.138112;0.13704;0.136549;0.141846;0.138582;0.13891;0.138611;0.139158;0.139876;0.138031;0.142611;0.141851;0.139146;0.143048;0.142403;0.14207;0.141886;0.142863;0.139731;0.140245;0.141339;0.142085;0.141571;0.141441;0.142813;0.140142;0.139387;0.138774;0.138262;0.142444;0.140946;0.1422;0.136432;0.137543;0.135595;0.1377;0.137572;0.140524;0.140583;0.142928;0.139972;0.138369;0.139797;0.138769;0.1397;0.138296;0.141695;0.137785;0.137013;0.137522;0.13712;0.13816;0.13722;0.14152;0.138948;0.140735;0.139449;0.139512;0.13828;0.138215;0.140716;0.139326;0.139119;0.138759;0.138323;0.137815;0.138477;0.140142;0.13847;0.138731;0.137995;0.137809;0.139087;0.1382;0.138943;0.141646;0.142597;0.138896;0.140726;0.138502;0.140661;0.140559;0.141707;0.137242;0.138669;0.138038;0.139039;0.139599;0.136903;0.1399;0.139748;0.137614;0.136601;0.137606;0.136752;0.138097;0.140614;0.138052;0.136508;0.136689;0.136593;0.137883;0.137996;0.139962;0.142844;0.140441;0.139916;0.139853;0.138529;0.137975;0.138506;0.138909;0.13643;0.136558;0.138084;0.136396;0.138311;0.136715;0.140545;0.139146;0.139727;0.138066;0.141377;0.137632;0.140264;0.141775;0.139705;0.140063;0.139581;0.139554;0.139466;0.139841;0.141426;0.139286;0.137922;0.138743;0.138475;0.138474;0.137199;0.139552;0.138777;0.137677;0.13694;0.139486;0.138272;0.137769;0.137436;0.138608;0.137588;0.138335;0.13815;0.135904;0.138057;0.137729;0.139548;0.137577;0.137292;0.137039;0.136562;0.136179;0.138021;0.14159;0.140335;0.138059;0.137761;0.138278;0.139869;0.137386;0.141654;0.141449;0.139033;0.140236;0.137436;0.138134;0.139861;0.139077;0.140468;0.13891;0.137628;0.137654;0.137549;0.138309;0.139233;0.141773;0.140741;0.138958;0.136693;0.139539;0.138059;0.139728;0.145084;0.14151;0.137735;0.140582;0.136973;0.13859;0.138616;0.140123;0.139554;0.139542;0.140531;0.140535;0.141308;0.141222;0.141215;0.141932;0.138563;0.138607;0.140693;0.138514;0.139642;0.142052;0.143589;0.141203;0.142891;0.142288;0.143076;0.141257;0.143012;0.138624;0.138844;0.13891;0.139106;0.139026;0.137511;0.140974;0.139214;0.13683;0.137785;0.136765;0.137827;0.1362;0.138509;0.140433;0.138687;0.138646;0.137758;0.135992;0.13836;0.139217;0.139821;0.138251;0.139088;0.140362;0.138855;0.139204;0.138335;0.14094;0.138699;0.137784;0.138352;0.136673;0.139021;0.138054;0.14119;0.138881;0.137763;0.138459;0.13852;0.14093;0.140834;0.140579;0.144515;0.142629;0.143398;0.139324;0.141931;0.140867;0.139989;0.142481;0.139994;0.138907;0.139606;0.140864;0.139768;0.13864;0.142577;0.139242;0.137578;0.138727;0.139026;0.137235;0.140536;0.143767;0.140222;0.138996;0.140848;0.140594;0.140212;0.139356;0.14289;0.138987;0.141421;0.138811;0.142223;0.140486;0.139876;0.144951;0.139769;0.141007;0.139106;0.141184;0.140756;0.142271;0.144137;0.142013;0.142616;0.143264;0.141992;0.142096;0.14287;0.146495;0.139998;0.142677;0.142161;0.141996;0.14053;0.142042;0.146434;0.145025;0.145143;0.146647;0.147665;0.147044;0.148253;0.1449;0.140773;0.140979;0.138149;0.13903;0.141866;0.139647;0.142323;0.142908;0.141345;0.142368;0.141664;0.139702;0.138587;0.146046;0.145334;0.144747;0.145421;0.146546;0.144163;0.143517;0.145297;0.140817;0.13878;0.139306;0.141503;0.143078;0.140765;0.143815;0.142017;0.142958;0.142148;0.143237;0.141675;0.142482;0.146814;0.140636;0.140884;0.143116;0.143304;0.141474;0.14143;0.143861;0.141393;0.140796;0.141866;0.141962;0.14197;0.142409;0.14358;0.143254;0.143863;0.144684;0.142434;0.142826;0.142653;0.144052;0.142447;0.141225;0.141073;0.140031;0.141134;0.142112;0.143531;0.140007;0.139896;0.143106;0.141424;0.140966;0.141295;0.142972;0.141311;0.142791;0.141996;0.141499;0.140885;0.141423;0.144824;0.142102;0.143059;0.140547;0.1405;0.140609;0.140023;0.14428;0.143987;0.14354;0.142668;0.143088;0.144324;0.142823;0.144149;0.141489;0.140151;0.138033;0.140054;0.140376;0.138794;0.142608;0.144011;0.139721;0.1419;0.142362;0.141337;0.142046;0.140241;0.144015;0.141522;0.141628;0.141002;0.140465;0.140895;0.141415;0.145219;0.143565;0.142158;0.144352;0.142505;0.144392;0.142752;0.147991;0.144356;0.144766;0.142828;0.142137;0.145997;0.14621;0.143824;0.141411;0.139906;0.140219;0.13908;0.13776;0.137933;0.141929;0.140868;0.14086;0.142264;0.141155;0.140907;0.140964;0.142538;0.139378;0.140491;0.141463;0.139674;0.142816;0.140213;0.144923;0.142131;0.142373;0.141736;0.141046;0.142252;0.14109;0.148575;0.145128;0.143675;0.143931;0.145616;0.143487;0.145492;0.145436;0.140734;0.142692;0.141774;0.141317;0.140444;0.141068;0.141089;0.140751;0.139733;0.141633;0.140705;0.143098;0.139725;0.142299;0.14258;0.142512;0.14318;0.143218;0.143529;0.143292;0.143838;0.141541;0.139753;0.142941;0.140942;0.142552;0.14181;0.144087;0.139615;0.140365;0.141038;0.140994;0.141113;0.138801;0.142771;0.141383;0.140369;0.139085;0.140902;0.140768;0.141382;0.141303;0.14074;0.141529;0.139566;0.139243;0.139624;0.138835;0.140225;0.139471;0.138205;0.137957;0.137752;0.138302;0.138081;0.138826;0.141451;0.138804;0.138474;0.137372;0.137543;0.136656;0.138971;0.141879;0.141894;0.139333;0.13765;0.13913;0.139599;0.139632;0.142609;0.142184;0.141128;0.140901;0.140558;0.141472;0.139349;0.142608;0.140363;0.139617;0.141215;0.138698;0.136653;0.136834;0.140589;0.142103;0.140396;0.14031;0.138999;0.138757;0.139992;0.141192;0.138984;0.138893;0.138969;0.13865;0.140546;0.138926;0.14852;0.140299;0.141904;0.138555;0.138988;0.139704;0.139246;0.136349;0.143791;0.139301;0.139219;0.137811;0.137023;0.140409;0.137867;0.140256;0.13977;0.13802;0.137243;0.13995;0.137706;0.139246;0.142394;0.13795;0.140354;0.138789;0.14005;0.139118;0.138406;0.143249;0.140764;0.137812;0.138688;0.137624;0.137762;0.138153;0.139812;0.140262;0.141429;0.138975;0.140484;0.138943;0.137588;0.139747;0.137455;0.136732;0.13952;0.138124;0.139481;0.137351;0.139536;0.141413;0.139352;0.137673;0.139003;0.138108;0.138754;0.137332;0.1439;0.141164;0.14063;0.139556;0.140988;0.141294;0.142101;0.141877;0.139348;0.138271;0.13833;0.139927;0.138482;0.137893;0.142387;0.141754;0.140907;0.140556;0.139837;0.140786;0.140875;0.14198;0.136862;0.137771;0.138487;0.139523;0.13793;0.138644;0.140254;0.138256;0.138031;0.138356;0.137711;0.137107;0.137;0.137843;0.142415;0.140651;0.139465;0.139913;0.138806;0.138784;0.13778;0.139913;0.138089;0.138363;0.137135;0.138273;0.139089;0.137865;0.140496;0.13902;0.138437;0.137789;0.139511;0.137669;0.139404;0.140988;0.138857;0.140116;0.139775;0.140495;0.139951;0.139995;0.141124;0.139437;0.139707;0.139598;0.137797;0.138856;0.139183;0.141853;0.138453;0.137618;0.137818;0.138992;0.139275;0.141378;0.137439;0.141928;0.137796;0.138916;0.138327;0.137841;0.13832;0.136558;0.141751;0.137128;0.138632;0.138887;0.137184;0.138842;0.138049;0.139544;0.140604;0.13962;0.139961;0.139331;0.138594;0.138744;0.141842;0.140763;0.136074;0.139135;0.137878;0.139096;0.137807;0.141259;0.140796;0.141055;0.14071;0.138758;0.13963;0.142285;0.142454;0.13912;0.136498;0.138253;0.137104;0.139091;0.138118;0.136678;0.143169;0.142445;0.140795;0.141205;0.142424;0.141576;0.140638;0.142778;0.137416;0.142823;0.141099;0.141318;0.139974;0.138246;0.144295;0.141659;0.14129;0.141614;0.142379;0.140499;0.141254;0.142179;0.139195;0.139009;0.140519;0.140134;0.138889;0.137523;0.140551;0.138906;0.140135;0.137701;0.137973;0.139324;0.137886;0.141428;0.139263;0.13936;0.139866;0.13836;0.139326;0.139564;0.139582;0.1387;0.137262;0.139905;0.138994;0.13901;0.143615;0.140119;0.145291;0.14405;0.143505;0.143591;0.142167;0.14408;0.144959;0.14118;0.138575;0.138275;0.137704;0.138396;0.138046;0.141312;0.142315;0.141054;0.143659;0.139431;0.138735;0.136774;0.138986;0.142408;0.139475;0.139122;0.138579;0.140177;0.140467;0.13814;0.142265;0.140245;0.141337;0.140007;0.138819;0.140871;0.137893;0.138659;0.140161;0.13786;0.139097;0.137486;0.137033;0.136273;0.140031;0.14051;0.139319;0.136938;0.138034;0.13847;0.139065;0.13757;0.138455;0.138536;0.137388;0.137504;0.138219;0.13779;0.136174;0.140409;0.140088;0.138075;0.137094;0.137301;0.136233;0.13797;0.138659;0.137214;0.138734;0.136679;0.136539;0.137403;0.137851;0.13816;0.141723;0.139222;0.13846;0.137856;0.139025;0.140644;0.140993;0.143756;0.140568;0.139551;0.138333;0.138567;0.139461;0.136943;0.139707;0.138754;0.138382;0.138636;0.139792;0.137943;0.139491;0.140717;0.137427;0.137794;0.138288;0.137391;0.138132;0.139646;0.140137;0.140142;0.137853;0.13755;0.138676;0.138001;0.136282;0.139326;0.140451;0.139573;0.139341;0.139762;0.13849;0.13991;0.138038;0.138519;0.137851;0.137221;0.138049;0.138809;0.138055;0.13974;0.140736;0.138879;0.136767;0.139764;0.13975;0.138752;0.139245;0.141318;0.140037;0.141292;0.139823;0.141066;0.14017;0.139676;0.142007;0.140563;0.138514;0.139159;0.139355;0.139142;0.140179;0.141229;0.138583;0.139158;0.136722;0.138588;0.139332;0.136928;0.138472;0.138389;0.140142;0.141714;0.139769;0.139936;0.13876;0.138709;0.140748;0.13738;0.136695;0.137764;0.137988;0.138478;0.139311;0.141956;0.139002;0.139606;0.141377;0.139202;0.140164;0.140482;0.139044;0.137046;0.139207;0.136681;0.137366;0.136978;0.136452;0.140474;0.138338;0.140083;0.140849;0.137598;0.139217;0.13866;0.139776;0.139894;0.140738;0.140854;0.140981;0.139451;0.141292;0.143382;0.141925;0.137699;0.138881;0.139208;0.13894;0.139337;0.140372;0.139578;0.138716;0.138865;0.13715;0.138523;0.138319;0.136952;0.141165;0.138353;0.139117;0.140492;0.137705;0.140095;0.139975;0.141589;0.139398;0.140059;0.138902;0.139502;0.139805;0.139966;0.140707;0.140153;0.138246;0.140898;0.139935;0.139691;0.138676;0.142293;0.138249;0.140376;0.138962;0.137185;0.138233;0.140468;0.143092;0.142479;0.13895;0.139413;0.137141;0.138275;0.137773;0.138968;0.140458;0.139237;0.138689;0.141852;0.138671;0.138679;0.137744;0.141878;0.139202;0.13967;0.141095;0.140293;0.138835;0.141016;0.143501;0.138077;0.136965;0.139368;0.137278;0.138992;0.136939;0.141106;0.13925;0.140031;0.138203;0.138546;0.139427;0.138805;0.141649;0.138239;0.138603;0.139523;0.140622;0.137449;0.138459;0.137349;0.142046;0.138188;0.139065;0.138749;0.138801;0.138012;0.14003;0.144341;0.139081;0.140998;0.140554;0.138759;0.140295;0.138828;0.141262;0.138015;0.139968;0.138312;0.138783;0.135883;0.139972;0.138746;0.136816;0.138919;0.13966;0.139704;0.139007;0.139903;0.140145;0.137547;0.138467;0.13707;0.138096;0.13747;0.139315;0.139326;0.142759;0.139867;0.142028;0.140209;0.142105;0.141251;0.141816;0.139504;0.138382;0.138025;0.135953;0.136869;0.136632;0.136647;0.140942;0.141305;0.140026;0.141566;0.140492;0.140582;0.143662;0.143963;0.141503;0.140631;0.140079;0.139709;0.140177;0.139534;0.142453;0.138052;0.137494;0.137758;0.139461;0.138061;0.137224;0.138751;0.138572;0.136799;0.138091;0.138654;0.137309;0.137795;0.139895;0.140091;0.139217;0.137778;0.138052;0.137903;0.138372;0.13887;0.14467;0.141187;0.141586;0.140301;0.141484;0.140502;0.14155;0.143739;0.141861;0.139822;0.140045;0.13864;0.140905;0.139539;0.142001;0.140265;0.139363;0.13991;0.139727;0.139952;0.138932;0.141426;0.138494;0.139789;0.141517;0.139378;0.139845;0.138729;0.141847;0.13958;0.14073;0.139173;0.139425;0.138793;0.138471;0.142444;0.136991;0.139242;0.13791;0.137062;0.137732;0.139559;0.139343;0.140516;0.141362;0.137565;0.139208;0.138385;0.136942;0.139237;0.140348;0.137185;0.13811;0.139866;0.14025;0.139133;0.140317;0.140693;0.137776;0.138518;0.136538;0.138946;0.139643;0.140859;0.141192;0.139057;0.139747;0.138663;0.138321;0.138297;0.138876;0.142301;0.139139;0.138364;0.138688;0.136362;0.138385;0.139779;0.142911;0.140252;0.138238;0.136984;0.139154;0.140719;0.137473;0.140709;0.141805;0.139122;0.137498;0.137032;0.137496;0.136262;0.136438;0.141908;0.142538;0.14062;0.139205;0.141067;0.140083;0.141058;0.142244;0.141218;0.140554;0.141207;0.13867;0.140498;0.136686;0.140181;0.141092;0.141816;0.140508;0.140679;0.140484;0.138529;0.143216;0.143699;0.140666;0.139673;0.139442;0.1386;0.13972;0.140376;0.139274;0.139999;0.14106;0.139657;0.138427;0.139527;0.141694;0.137432;0.139842;0.139465;0.139948;0.139688;0.139079;0.139728;0.142614;0.13793;0.138885;0.13924;0.137068;0.1379;0.138981;0.140296;0.137227;0.1375;0.138693;0.136914;0.138433;0.137845;0.15231;0.138746;0.136955;0.139034;0.13804;0.137956;0.137953;0.140555;0.13862;0.13753;0.139014;0.139042;0.139094;0.138078;0.142336;0.138977;0.139144;0.139189;0.137426;0.139124;0.140428;0.140334;0.139635;0.138213;0.139226;0.137304;0.138332;0.137509;0.138346;0.140004;0.137187;0.13742;0.137069;0.138071;0.137477;0.136612;0.140583;0.139868;0.137984;0.138148;0.139764;0.138575;0.140137;0.140309;0.141446;0.141732;0.138214;0.13739;0.139253;0.137427;0.141259;0.138209;0.137826;0.140001;0.137004;0.138437;0.138467;0.139179;0.14095;0.141982;0.13774;0.137663;0.139556;0.137468;0.139514;0.141685;0.139348;0.138337;0.140677;0.137741;0.138421;0.138842;0.14257;0.141178;0.140517;0.142144;0.138992;0.141169;0.13907;0.146227;0.143614;0.143989;0.144053;0.142061;0.1439;0.140137;0.143256;0.142601;0.142251;0.140281;0.140033;0.142921;0.138549;0.140701;0.142122;0.14176;0.142499;0.143086;0.143428;0.143352;0.143801;0.141503;0.141836;0.141319;0.143267;0.144026;0.140479;0.14113;0.138718;0.141478;0.139707;0.139195;0.141654;0.141769;0.141404;0.139292;0.137246;0.138358;0.136292;0.137601;0.136922;0.139699;0.138169;0.136694;0.136809;0.138786;0.138955;0.137694;0.136115;0.141158;0.13847;0.140522;0.139419;0.13898;0.141049;0.141037;0.143158;0.139209;0.138944;0.139562;0.138777;0.139202;0.140288;0.141857;0.140389;0.140911;0.139085;0.139742;0.138419;0.140764;0.142356;0.1422;0.139296;0.140005;0.13862;0.138654;0.139598;0.142125;0.137542;0.139272;0.140696;0.13834;0.136881;0.140515;0.14161;0.138501;0.136651;0.137468;0.138478;0.139154;0.138918;0.136892;0.141164;0.137834;0.137636;0.13804;0.138757;0.138775;0.138451;0.144129;0.140705;0.139697;0.140694;0.139181;0.139739;0.138832;0.141787;0.14008;0.140228;0.139954;0.140599;0.140788;0.141568;0.142956;0.138165;0.140518;0.137968;0.137751;0.13744;0.140631;0.141668;0.141434;0.141582;0.142097;0.140085;0.140366;0.141657;0.143333;0.14259;0.137244;0.137198;0.138958;0.137577;0.138937;0.139518;0.142105;0.140807;0.137397;0.138263;0.138072;0.138346;0.139593;0.140892;0.137632;0.136839;0.136131;0.138422;0.137956;0.1379;0.140695;0.1395;0.138631;0.136954;0.141053;0.140071;0.137411;0.138958;0.138671;0.137458;0.137588;0.139005;0.139304;0.137768;0.137897;0.141975;0.142153;0.1406;0.141218;0.139949;0.140479;0.14188;0.141616;0.139025;0.138078;0.138886;0.138744;0.138383;0.14045;0.139277;0.138691;0.136052;0.138541;0.138013;0.137447;0.138464;0.141913;0.139299;0.138188;0.139237;0.139471;0.141383;0.140319;0.14116;0.138749;0.137568;0.140104;0.137968;0.138831;0.138416;0.142117;0.139283;0.138423;0.138408;0.137857;0.138029;0.137904;0.138503;0.140104;0.141796;0.140033;0.138888;0.13774;0.136827;0.136837;0.138336;0.138892;0.139001;0.137798;0.138118;0.138999;0.137766;0.140036;0.137432;0.138428;0.137658;0.136322;0.137898;0.138537;0.140096;0.1385;0.138595;0.13767;0.13751;0.139378;0.138704;0.140519;0.139024;0.139343;0.137917;0.138114;0.138339;0.136498;0.139316;0.140022;0.136769;0.137229;0.136929;0.136686;0.137255;0.138671;0.141499;0.138851;0.137072;0.13705;0.138463;0.137212;0.136525;0.139241;0.138318;0.136154;0.136712;0.138966;0.137567;0.138713;0.140019;0.138003;0.138582;0.139537;0.140676;0.138168;0.137077;0.138939;0.140002;0.138637;0.140472;0.139143;0.137637;0.13845;0.139201;0.140073;0.137613;0.138541;0.138069;0.139201;0.138913;0.141148;0.139159;0.137648;0.138227;0.139054;0.13799;0.139027;0.139675;0.142642;0.141964;0.141436;0.14112;0.14086;0.143316;0.142205;0.142347;0.139742;0.140915;0.141149;0.141893;0.142359;0.141527;0.142953;0.140309;0.141061;0.138583;0.138942;0.140042;0.138585;0.139144;0.141439;0.138811;0.138297;0.137385;0.140004;0.139116;0.139791;0.137728;0.139704;0.138132;0.138798;0.140386;0.139039;0.139592;0.14104;0.138179;0.138861;0.140194;0.139768;0.139995;0.139156;0.140759;0.140111;0.139018;0.140819;0.138639;0.137749;0.138437;0.13907;0.137346;0.141033;0.140392;0.141252;0.142306;0.138065;0.140344;0.141148;0.138482;0.140538;0.139945;0.138521;0.137699;0.140251;0.138913;0.137029;0.136795;0.137132;0.138502;0.136627;0.136634;0.13928;0.138502;0.136552;0.138887;0.138339;0.136657;0.136666;0.140808;0.139614;0.140754;0.138788;0.139464;0.139198;0.138685;0.18999;0.139218;0.137619;0.139137;0.138972;0.139278;0.137379;0.140461;0.139929;0.141143;0.141072;0.140866;0.138563;0.138941;0.142047;0.141285;0.144852;0.141255;0.141329;0.141836;0.139266;0.145634;0.137098;0.136538;0.137006;0.139736;0.137141;0.137593;0.138722;0.139837;0.138859;0.139107;0.138337;0.138612;0.140036;0.140547;0.137671;0.135449;0.136354;0.137597;0.138341;0.136893;0.13717;0.140104;0.137185;0.139576;0.137195;0.139301;0.138007;0.138244;0.141933;0.138765;0.13843;0.138152;0.136633;0.137594;0.136457;0.141214;0.137202;0.139631;0.138288;0.13827;0.138721;0.138734;0.139946;0.138716;0.13976;0.140219;0.138622;0.138114;0.138948;0.138417;0.139244;0.13975;0.138425;0.141201;0.138932;0.137698;0.138667;0.145033;0.141134;0.139829;0.141758;0.13996;0.139386;0.137965;0.142301;0.14128;0.140934;0.140303;0.141418;0.141523;0.140928;0.141957;0.138384;0.139151;0.13832;0.139839;0.139406;0.139611;0.142118;0.14004;0.14046;0.137256;0.139965;0.140333;0.137569;0.139688;0.139708;0.141311;0.141899;0.141284;0.140302;0.140331;0.142065;0.139939;0.137362;0.139315;0.137853;0.140211;0.139109;0.139174;0.139296;0.13753;0.136845;0.138035;0.13752;0.139168;0.136542;0.140569;0.138115;0.139196;0.136589;0.13835;0.138195;0.137343;0.140942;0.140577;0.137747;0.136968;0.138811;0.137402;0.136644;0.138914;0.138341;0.140294;0.140118;0.139347;0.140466;0.140223;0.13976;0.138066;0.138066;0.138319;0.139236;0.138501;0.136584;0.139836;0.142503;0.139958;0.139033;0.140471;0.139142;0.139472;0.138007;0.14367;0.144548;0.142722;0.143217;0.140899;0.140403;0.140962;0.141703;0.138133;0.138458;0.138416;0.137738;0.138671;0.138741;0.140118;0.139071;0.138809;0.139165;0.138775;0.139405;0.13924;0.139988;0.138615;0.138958;0.138262;0.140155;0.13936;0.139999;0.141255;0.138155;0.137502;0.138641;0.13807;0.138245;0.137728;0.138116;0.141783;0.138779;0.139325;0.142992;0.141337;0.139799;0.139845;0.14038;0.138589;0.137687;0.137304;0.137018;0.138555;0.138158;0.142723;0.145336;0.143311;0.139461;0.139775;0.138905;0.13928;0.142478;0.139899;0.138673;0.138556;0.140077;0.13964;0.141884;0.138148;0.138602;0.136318;0.136066;0.138862;0.136361;0.139005;0.139854;0.141474;0.140943;0.13873;0.140062;0.138171;0.138327;0.13882;0.141642;0.137314;0.139621;0.137173;0.139682;0.137159;0.139672;0.140605;0.138365;0.139327;0.137647;0.139492;0.138262;0.140453;0.140297;0.138573;0.139868;0.140055;0.137488;0.139904;0.138879;0.141211;0.140917;0.14135;0.141939;0.139067;0.140232;0.140317;0.141943;0.140269;0.138901;0.138485;0.139192;0.137192;0.138761;0.141208;0.142069;0.141289;0.13885;0.141125;0.140128;0.139665;0.139743;0.139399;0.137133;0.138751;0.137699;0.137171;0.139285;0.136982;0.141548;0.139013;0.137339;0.137772;0.139551;0.139538;0.139415;0.140884;0.138026;0.137608;0.139336;0.137762;0.136954;0.138933;0.139653;0.138413;0.138117;0.137617;0.138403;0.136368;0.136211;0.139004;0.141187;0.139322;0.13812;0.142417;0.140832;0.14118;0.139285;0.140279;0.138078;0.138262;0.13694;0.139679;0.137749;0.137519;0.14061;0.139654;0.140445;0.139811;0.141979;0.140231;0.140143;0.14242;0.138054;0.137827;0.137518;0.138497;0.139406;0.138708;0.141527;0.138711;0.139237;0.139187;0.13811;0.137526;0.141322;0.142194;0.142249;0.140235;0.139794;0.138846;0.136591;0.137625;0.141711;0.142359;0.137515;0.139418;0.137648;0.139387;0.138095;0.138431;0.142537;0.140338;0.138372;0.138004;0.138053;0.136724;0.137562;0.140008;0.1385;0.138897;0.13762;0.138189;0.137462;0.136899;0.140926;0.139184;0.139299;0.138004;0.136921;0.139145;0.140527;0.142054;0.13904;0.138895;0.13781;0.137741;0.139827;0.138568;0.140314;0.139532;0.14313;0.141981;0.139453;0.140017;0.13972;0.141889;0.139039;0.137588;0.136916;0.138233;0.138261;0.139622;0.140279;0.144449;0.143676;0.141187;0.143216;0.142359;0.142352;0.141721;0.141808;0.137066;0.137004;0.138843;0.138894;0.138035;0.139462;0.144013;0.140624;0.138334;0.140725;0.139867;0.141438;0.139978;0.142209;0.138548;0.141817;0.138869;0.140403;0.140157;0.139502;0.140783;0.138624;0.141396;0.140968;0.14156;0.142164;0.141294;0.14421;0.140937;0.138504;0.139548;0.139642;0.140183;0.139296;0.142266;0.140151;0.138;0.138121;0.139818;0.139751;0.137948;0.138284;0.154882;0.13769;0.139341;0.138826;0.139369;0.138715;0.138201;0.141298;0.136953;0.139243;0.138584;0.139013;0.137999;0.141151;0.143281;0.141569;0.140102;0.142335;0.140726;0.142578;0.14197;0.142712;0.139276;0.13813;0.138447;0.139676;0.138239;0.140195;0.140845;0.137998;0.137652;0.137594;0.140065;0.140173;0.139213;0.141427;0.139348;0.137983;0.139033;0.137586;0.1386;0.137639;0.141808;0.140619;0.138654;0.138447;0.137895;0.139578;0.138362;0.138756;0.141253;0.139896;0.138619;0.14049;0.140067;0.13861;0.142069;0.141941;0.139628;0.138559;0.139657;0.138234;0.137811;0.14011;0.141809;0.141883;0.140077;0.138094;0.13831;0.137746;0.140203;0.139983;0.138197;0.136436;0.137514;0.139316;0.137906;0.137643;0.138713;0.140478;0.139658;0.136989;0.137253;0.137039;0.137143;0.13865;0.140203;0.138573;0.136718;0.138887;0.137759;0.1387;0.137736;0.143451;0.139236;0.14001;0.139285;0.13985;0.140945;0.140197;0.140519;0.13506;0.13798;0.137279;0.135274;0.137602;0.138933;0.138934;0.138322;0.136697;0.13659;0.139743;0.137747;0.141418;0.142612;0.137836;0.137746;0.141321;0.140298;0.139809;0.14048;0.138777;0.141995;0.139725;0.140445;0.139958;0.140996;0.140957;0.140222;0.139487;0.137925;0.139528;0.136806;0.138909;0.138458;0.138552;0.142037;0.141518;0.140954;0.141023;0.140723;0.142041;0.141104;0.140648;0.137749;0.137955;0.138872;0.138885;0.141485;0.137385;0.141985;0.139258;0.138044;0.139092;0.137032;0.139062;0.139753;0.140604;0.139611;0.138844;0.139087;0.138023;0.141205;0.138613;0.139231;0.139845;0.13744;0.137547;0.141184;0.138611;0.138408;0.13817;0.142873;0.140977;0.137997;0.140052;0.139089;0.139819;0.137002;0.14028;0.138576;0.139736;0.137885;0.138594;0.137609;0.138979;0.142407;0.140198;0.137858;0.14192;0.139847;0.140512;0.141402;0.14141;0.139118;0.139138;0.139511;0.138676;0.137675;0.141662;0.139116;0.137331;0.138296;0.136875;0.137208;0.137703;0.137409;0.140138;0.137298;0.13738;0.138118;0.135817;0.137224;0.137219;0.13838;0.14209;0.140485;0.139351;0.140051;0.139107;0.140603;0.141649;0.141284;0.13837;0.137704;0.138127;0.139307;0.137658;0.137231;0.138765;0.136602;0.136931;0.139081;0.136984;0.138472;0.13764;0.140041;0.13677;0.141316;0.137413;0.137616;0.13754;0.136658;0.140253;0.142;0.137932;0.138818;0.13807;0.138899;0.137462;0.136724;0.141021;0.138519;0.137663;0.137284;0.139394;0.138453;0.137326;0.141562;0.139705;0.141581;0.140575;0.139997;0.140237;0.140176;0.140325;0.138887;0.136846;0.137518;0.136521;0.137913;0.136888;0.139779;0.137338;0.138318;0.137361;0.138763;0.139516;0.137507;0.139031;0.143011;0.139832;0.137774;0.139196;0.140902;0.138956;0.140049;0.140399;0.138173;0.137901;0.139784;0.138337;0.138461;0.139781;0.141225;0.138362;0.137821;0.136208;0.139199;0.136659;0.138076;0.13969;0.137246;0.136238;0.138381;0.137703;0.137215;0.138079;0.139333;0.140054;0.139389;0.140628;0.138296;0.136761;0.140555;0.137955;0.14077;0.138736;0.139931;0.138719;0.137632;0.138112;0.139324;0.138561;0.138415;0.137437;0.136815;0.139358;0.139261;0.136988;0.140597;0.139001;0.137419;0.138059;0.139088;0.137984;0.138396;0.142799;0.140362;0.139157;0.138757;0.140113;0.139835;0.139569;0.140368;0.140475;0.137517;0.137134;0.140211;0.138293;0.140893;0.138968;0.140608;0.138552;0.139498;0.137876;0.13832;0.140939;0.137396;0.143264;0.140222;0.141341;0.14165;0.142308;0.140696;0.141277;0.142908;0.142441;0.140314;0.14017;0.141008;0.140146;0.14014;0.139502;0.138985;0.137521;0.138781;0.137564;0.139184;0.139104;0.14077;0.139353;0.139945;0.138799;0.140209;0.139368;0.140261;0.143294;0.141368;0.139161;0.13955;0.138127;0.137558;0.137213;0.137064;0.140214;0.138393;0.139115;0.139135;0.138046;0.138192;0.138017;0.140741;0.136792;0.13893;0.136861;0.136671;0.137806;0.138162;0.141728;0.139549;0.138648;0.137406;0.139551;0.139746;0.138541;0.142418;0.14018;0.13841;0.139925;0.137802;0.13946;0.137759;0.141809;0.140098;0.13876;0.138709;0.138635;0.140063;0.138257;0.138633;0.140304;0.138445;0.138894;0.139451;0.138307;0.139168;0.137669;0.140204;0.138433;0.13867;0.13922;0.138682;0.140173;0.137308;0.139461;0.138963;0.135915;0.137072;0.1371;0.13676;0.138985;0.141182;0.139486;0.139667;0.137117;0.138392;0.138725;0.139094;0.139534;0.141291;0.141454;0.13989;0.142731;0.141364;0.138776;0.140733;0.139252;0.138563;0.137266;0.140025;0.13998;0.140837;0.139544;0.140542;0.138002;0.138642;0.13846;0.138028;0.137389;0.138244;0.139449;0.138474;0.138258;0.138651;0.136938;0.139766;0.140318;0.142188;0.13927;0.137736;0.140123;0.140524;0.137596;0.13845;0.14087;0.13969;0.140242;0.138916;0.140928;0.141558;0.140422;0.141499;0.140344;0.139287;0.138233;0.138998;0.139034;0.14033;0.141522;0.139052;0.138188;0.13714;0.136965;0.136746;0.136822;0.136996;0.139736;0.138231;0.139037;0.138577;0.1366;0.13741;0.138802;0.142947;0.141355;0.139048;0.138522;0.139983;0.141605;0.141331;0.145705;0.139463;0.139706;0.140598;0.139091;0.139433;0.140847;0.142407;0.141475;0.138066;0.141397;0.139873;0.140095;0.140994;0.13953;0.138913;0.138318;0.138192;0.138425;0.1394;0.137971;0.136652;0.140928;0.140849;0.140412;0.139804;0.141251;0.139222;0.138854;0.139619;0.137489;0.136581;0.141287;0.141008;0.140047;0.13958;0.140771;0.13856;0.138643;0.136369;0.137491;0.138755;0.137256;0.139128;0.139491;0.137396;0.139011;0.139539;0.138915;0.137254;0.140888;0.140755;0.140365;0.142013;0.140396;0.141201;0.139383;0.144016;0.141116;0.14033;0.138776;0.140558;0.140674;0.141288;0.142007;0.143212;0.138377;0.138938;0.137932;0.137749;0.139184;0.140085;0.140386;0.139778;0.139244;0.138596;0.139611;0.138402;0.137419;0.140336;0.137694;0.138231;0.140462;0.140344;0.139137;0.138834;0.142357;0.140812;0.138708;0.139807;0.138282;0.137613;0.139292;0.14136;0.137243;0.140046;0.138536;0.139278;0.138793;0.139044;0.14074;0.139511;0.139345;0.137776;0.137063;0.139021;0.138935;0.135443;0.140486;0.138333;0.141565;0.137919;0.140272;0.138622;0.139834;0.141491;0.140061;0.141947;0.141321;0.140655;0.142627;0.141934;0.142726;0.13735;0.139682;0.141339;0.139638;0.137963;0.137949;0.139485;0.138055;0.138295;0.137007;0.137953;0.139517;0.138019;0.140127;0.136488;0.138037;0.138001;0.138757;0.136638;0.13998;0.139539;0.138355;0.137773;0.138364;0.139893;0.138476;0.139507;0.139756;0.140244;0.139834;0.139236;0.140272;0.138444;0.13828;0.138975;0.141074;0.137322;0.138769;0.139829;0.140347;0.138658;0.139259;0.14123;0.138009;0.138663;0.139208;0.13696;0.136829;0.137229;0.140484;0.137974;0.137441;0.138963;0.138664;0.137972;0.138435;0.139655;0.137019;0.136939;0.13753;0.13689;0.13672;0.137181;0.137713;0.140334;0.141725;0.138077;0.138567;0.138524;0.139903;0.137706;0.139902;0.138043;0.139855;0.136481;0.138718;0.137637;0.138206;0.139471;0.140397;0.137826;0.138799;0.138488;0.139842;0.138236;0.142215;0.138698;0.138659;0.13964;0.138665;0.139431;0.137951;0.139398;0.139758;0.137389;0.137286;0.137616;0.13931;0.140396;0.141804;0.141452;0.138063;0.139213;0.138179;0.138377;0.139607;0.136461;0.141121;0.137601;0.138453;0.138509;0.139563;0.13914;0.137996;0.1419;0.139195;0.139768;0.138448;0.139014;0.137585;0.137996;0.140514;0.137013;0.139667;0.138364;0.13702;0.13814;0.138915;0.138248;0.138902;0.138647;0.13868;0.138212;0.138097;0.137127;0.138706;0.141924;0.139238;0.138885;0.138363;0.139255;0.138086;0.13892;0.141373;0.14078;0.137233;0.137738;0.138971;0.13782;0.137033;0.13864;0.139914;0.137183;0.136938;0.138218;0.1378;0.137137;0.139557;0.138407;0.137555;0.140134;0.140151;0.138997;0.138672;0.136951;0.139369;0.139263;0.138218;0.138953;0.138452;0.137667;0.138748;0.140516;0.136424;0.138193;0.138357;0.138728;0.138603;0.137366;0.140775;0.138162;0.137899;0.138993;0.137595;0.138234;0.13734;0.138793;0.13669;0.138351;0.13628;0.138383;0.138;0.138071;0.13925;0.138283;0.139662;0.137884;0.137631;0.138362;0.137946;0.13812;0.14226;0.141196;0.140486;0.138314;0.139277;0.139304;0.138495;0.141744;0.139053;0.139681;0.137901;0.136651;0.136117;0.137359;0.140514;0.141398;0.13975;0.142111;0.141713;0.140346;0.14003;0.14261;0.141492;0.139812;0.138319;0.139171;0.141347;0.139772;0.1377;0.139736;0.138699;0.13596;0.136284;0.137182;0.137518;0.137325;0.13989;0.136948;0.137848;0.137009;0.138393;0.138613;0.13734;0.141425;0.140733;0.142583;0.142041;0.140322;0.142325;0.141341;0.142664;0.139877;0.138599;0.137089;0.136513;0.138472;0.138867;0.140612;0.139413;0.138937;0.138401;0.140467;0.140078;0.139195;0.158959;0.139305;0.138921;0.137975;0.139545;0.138612;0.140264;0.144916;0.141783;0.141825;0.1411;0.141245;0.141696;0.140521;0.141303;0.141096;0.137871;0.139807;0.136812;0.139587;0.139469;0.141111;0.141226;0.140912;0.137439;0.139443;0.13728;0.139453;0.137588;0.142064;0.140186;0.1401;0.138381;0.14297;0.139559;0.139972;0.141172;0.139935;0.139839;0.138031;0.137852;0.138625;0.138794;0.143922;0.144467;0.142277;0.141232;0.138665;0.138738;0.139698;0.143722;0.144895;0.145259;0.141664;0.141323;0.13978;0.141407;0.143175;0.140629;0.140953;0.138515;0.13791;0.141248;0.139651;0.140474;0.145249;0.141405;0.142593;0.142357;0.142042;0.14201;0.14484;0.144798;0.144091;0.140803;0.141958;0.141586;0.141866;0.147829;0.139846;0.143787;0.140919;0.139825;0.140043;0.13959;0.141326;0.139412;0.137219;0.137507;0.138216;0.138393;0.137793;0.139713;0.138322;0.137143;0.136076;0.137477;0.136595;0.136299;0.136837;0.140623;0.139048;0.137805;0.137434;0.137039;0.137225;0.138876;0.140034;0.139458;0.138951;0.140572;0.139777;0.138371;0.138965;0.140754;0.139557;0.138674;0.139238;0.138105;0.138966;0.138334;0.13901;0.137331;0.137762;0.137825;0.136606;0.136611;0.13841;0.138454;0.139119;0.139261;0.138932;0.140911;0.138738;0.14211;0.139394;0.139635;0.13973;0.139895;0.137517;0.137748;0.137343;0.138768;0.140625;0.137542;0.1382;0.139732;0.137735;0.141374;0.138676;0.141315;0.138371;0.141225;0.140382;0.139813;0.138327;0.139731;0.139825;0.140546;0.13879;0.137438;0.137527;0.139419;0.138451;0.141082;0.142391;0.139464;0.138326;0.137093;0.139329;0.138916;0.138066;0.142404;0.140961;0.139132;0.143038;0.141745;0.14174;0.139403;0.145539;0.143936;0.144452;0.140684;0.141033;0.140909;0.139044;0.141487;0.142332;0.141926;0.139507;0.138751;0.139726;0.139519;0.140705;0.140307;0.141663;0.137355;0.13857;0.136011;0.139509;0.14044;0.14004;0.140659;0.140874;0.140666;0.139399;0.139241;0.141603;0.138944;0.137811;0.138593;0.138555;0.137305;0.137421;0.13709;0.14171;0.139369;0.138683;0.140025;0.137272;0.139047;0.137985;0.141404;0.138683;0.138606;0.138672;0.138904;0.141332;0.140758;0.142217;0.139717;0.137449;0.137228;0.137534;0.138232;0.138688;0.142061;0.140741;0.137838;0.138019;0.13675;0.137797;0.139327;0.142018;0.142223;0.141369;0.139129;0.142083;0.14064;0.139996;0.141221;0.141227;0.138995;0.137594;0.136275;0.136861;0.138348;0.136645;0.141128;0.141168;0.140015;0.139733;0.138807;0.137748;0.138253;0.144637;0.141008;0.139258;0.139344;0.139896;0.14049;0.140221;0.14075;0.141312;0.137775;0.138732;0.139555;0.139995;0.138408;0.141709;0.143081;0.13956;0.137776;0.136935;0.137582;0.139541;0.139703;0.138259;0.138183;0.138516;0.136457;0.13707;0.138007;0.139982;0.138332;0.13855;0.140169;0.138756;0.140753;0.138822;0.140302;0.139521;0.136581;0.136748;0.13704;0.138417;0.13739;0.139101;0.138592;0.13626;0.13737;0.137756;0.137079;0.138437;0.137326;0.139016;0.140632;0.138688;0.138725;0.141096;0.137945;0.138472;0.140205;0.137117;0.138582;0.139132;0.137429;0.13853;0.139225;0.141442;0.137729;0.136577;0.136603;0.138554;0.137428;0.138725;0.136765;0.141659;0.140923;0.141238;0.139776;0.1404;0.139227;0.138059;0.140382;0.138743;0.137299;0.137535;0.138489;0.138905;0.137831;0.140668;0.138605;0.139496;0.13926;0.138292;0.137542;0.137589;0.139098;0.138831;0.139554;0.139644;0.138793;0.139011;0.138173;0.142475;0.138839;0.138081;0.138848;0.138347;0.137629;0.137641;0.137;0.138281;0.138523;0.136453;0.13695;0.137859;0.1372;0.138251;0.139859;0.138856;0.138609;0.138666;0.139109;0.137875;0.137011;0.142946;0.140156;0.139676;0.140395;0.141119;0.141689;0.139928;0.142812;0.139869;0.137512;0.138167;0.138451;0.136827;0.138375;0.1382;0.138437;0.138853;0.137659;0.1382;0.138452;0.138952;0.137855;0.142143;0.138771;0.139073;0.13823;0.1392;0.138779;0.137875;0.13924;0.13704;0.137979;0.139787;0.138675;0.137878;0.137057;0.140239;0.136451;0.136066;0.13887;0.137236;0.137806;0.137486;0.139339;0.138434;0.139919;0.138;0.138289;0.138158;0.139274;0.138644;0.140428;0.140319;0.140095;0.139738;0.141665;0.140319;0.142031;0.141338;0.140468;0.139492;0.139127;0.139;0.139154;0.138932;0.141218;0.13877;0.137103;0.138934;0.137886;0.138987;0.137362;0.156029;0.138822;0.138685;0.137171;0.13633;0.136369;0.13798;0.140301;0.137718;0.13724;0.138217;0.138009;0.140015;0.136151;0.138936;0.13807;0.136932;0.137441;0.137015;0.139485;0.13776;0.138606;0.138849;0.138335;0.137701;0.13743;0.137425;0.138465;0.138391;0.139666;0.137002;0.138907;0.138391;0.139655;0.139987;0.141115;0.141893;0.137202;0.136962;0.136994;0.137257;0.13852;0.13757;0.138664;0.138211;0.138296;0.137716,0.153274;0.149535;0.156505;0.155615;0.152686;0.153091;0.157226;0.151561;0.151513;0.151742;0.148753;0.149868;0.155181;0.149147;0.146993;0.151539;0.154382;0.155552;0.148892;0.152605;0.151303;0.151348;0.155782;0.155095;0.148449;0.149478;0.147463;0.150529;0.158095;0.151234;0.152734;0.148678;0.152834;0.148679;0.155133;0.153393;0.148916;0.152527;0.150851;0.152524;0.150023;0.152757;0.151409;0.146809;0.149325;0.150807;0.150391;0.156531;0.149991;0.148991;0.147143;0.147252;0.147463;0.147558;0.151253;0.150892;0.146697;0.146728;0.148726;0.152178;0.151264;0.157559;0.155738;0.150143;0.151942;0.1505;0.153244;0.151487;0.159587;0.154517;0.151353;0.14889;0.148954;0.151482;0.152722;0.152967;0.156123;0.150646;0.148828;0.148809;0.149321;0.147384;0.148485;0.148271;0.147517;0.147691;0.154157;0.14915;0.149077;0.147591;0.148776;0.147738;0.151367;0.150761;0.15008;0.147481;0.149133;0.150222;0.148862;0.149836;0.14914;0.149068;0.146938;0.146397;0.148382;0.14887;0.152138;0.153642;0.146703;0.146873;0.148018;0.148905;0.147079;0.152077;0.149353;0.150486;0.147527;0.147734;0.14636;0.150128;0.149572;0.152036;0.15082;0.153;0.150882;0.154147;0.15144;0.151303;0.146522;0.146672;0.149681;0.148419;0.149847;0.148529;0.153995;0.151315;0.151369;0.149098;0.147855;0.149968;0.155083;0.148577;0.149077;0.14981;0.148988;0.159146;0.151724;0.150677;0.148815;0.145441;0.147857;0.14914;0.151372;0.148293;0.153117;0.152877;0.147385;0.146588;0.154039;0.146784;0.145352;0.147971;0.14871;0.146857;0.147431;0.153552;0.156127;0.151471;0.150589;0.150642;0.150511;0.155037;0.148137;0.146933;0.147103;0.15297;0.149986;0.148746;0.153951;0.148772;0.155023;0.150765;0.150972;0.14908;0.152832;0.149412;0.151215;0.150002;0.1497;0.14996;0.150374;0.14981;0.147951;0.149618;0.148863;0.147572;0.148179;0.150824;0.145401;0.148643;0.152031;0.149861;0.153896;0.152681;0.149492;0.146849;0.147356;0.147251;0.149928;0.149339;0.149562;0.148627;0.151777;0.148155;0.147748;0.147627;0.148176;0.147694;0.146808;0.146413;0.147332;0.147005;0.146317;0.151216;0.151226;0.149283;0.153498;0.147603;0.150607;0.154273;0.150984;0.148531;0.148366;0.148869;0.148428;0.147548;0.151017;0.150598;0.149067;0.152638;0.149485;0.154732;0.148559;0.152461;0.151177;0.145514;0.146987;0.1503;0.146336;0.154363;0.148244;0.148571;0.150271;0.149237;0.154905;0.150456;0.150017;0.148055;0.150183;0.15342;0.14816;0.149594;0.149702;0.148916;0.149951;0.146606;0.147998;0.151672;0.154278;0.150056;0.151506;0.152759;0.152467;0.152598;0.148753;0.150762;0.150268;0.156239;0.152906;0.156606;0.151829;0.150756;0.149154;0.14752;0.147519;0.148972;0.147577;0.14915;0.155351;0.149419;0.146861;0.146106;0.147462;0.149814;0.152023;0.151909;0.150069;0.150724;0.149288;0.150187;0.14911;0.150683;0.147837;0.146308;0.148113;0.149052;0.149346;0.146697;0.155328;0.147866;0.149929;0.147796;0.147752;0.148669;0.151189;0.148345;0.151727;0.153239;0.152694;0.148694;0.147239;0.149075;0.148794;0.152248;0.153684;0.14826;0.147962;0.155696;0.15099;0.147477;0.148993;0.149053;0.148965;0.146926;0.151351;0.152666;0.147866;0.148311;0.149176;0.147345;0.152376;0.148686;0.153198;0.152529;0.147724;0.150365;0.14784;0.152086;0.148763;0.148732;0.149865;0.148667;0.154418;0.156753;0.150085;0.149807;0.15358;0.148064;0.154383;0.148621;0.149431;0.147954;0.146212;0.146498;0.146375;0.144851;0.153076;0.148939;0.147559;0.145661;0.149932;0.146378;0.150108;0.163441;0.147543;0.152164;0.146884;0.151933;0.147255;0.149166;0.148035;0.148413;0.148794;0.146464;0.145893;0.147873;0.150037;0.1503;0.148411;0.149869;0.154644;0.152;0.150192;0.148388;0.147343;0.154739;0.154139;0.15342;0.154474;0.154079;0.148849;0.151893;0.152339;0.148501;0.15336;0.150524;0.149056;0.148922;0.147613;0.147903;0.148531;0.146672;0.151017;0.153006;0.155531;0.149556;0.151009;0.149301;0.153041;0.149703;0.153383;0.148699;0.151196;0.151536;0.152075;0.150719;0.148779;0.149128;0.147195;0.147467;0.149232;0.151675;0.149868;0.148427;0.148613;0.146778;0.149149;0.147376;0.15587;0.154769;0.15175;0.149381;0.147278;0.151903;0.150688;0.153479;0.151007;0.155253;0.151588;0.152163;0.150838;0.150962;0.14776;0.148474;0.14954;0.152237;0.148184;0.149189;0.14937;0.154498;0.14958;0.148139;0.151083;0.148508;0.151058;0.153033;0.151831;0.148144;0.149829;0.150885;0.150659;0.148151;0.148792;0.153829;0.149502;0.148919;0.148203;0.153629;0.14761;0.147689;0.149493;0.153814;0.148095;0.151428;0.152136;0.147477;0.147693;0.148451;0.1544;0.15;0.156739;0.150479;0.149435;0.146872;0.147229;0.147026;0.148806;0.149406;0.14747;0.147645;0.149744;0.147446;0.14807;0.154798;0.150616;0.148708;0.149111;0.148798;0.149385;0.14958;0.147362;0.14724;0.149012;0.146719;0.149631;0.150318;0.15587;0.150465;0.153853;0.150155;0.151797;0.148402;0.150515;0.155099;0.147564;0.149765;0.150448;0.146889;0.152783;0.15342;0.147802;0.149445;0.14851;0.153998;0.153792;0.155207;0.150276;0.149626;0.150536;0.146823;0.151383;0.148452;0.148917;0.148611;0.152771;0.149369;0.14985;0.147367;0.151344;0.150111;0.149957;0.15244;0.150799;0.149802;0.149116;0.150545;0.147663;0.148591;0.153608;0.146539;0.151707;0.151972;0.154605;0.15315;0.150176;0.154482;0.1522;0.153184;0.148725;0.14766;0.148148;0.146463;0.150742;0.14815;0.154625;0.149815;0.152946;0.149488;0.150358;0.149556;0.153073;0.148737;0.146914;0.145685;0.146929;0.15118;0.147674;0.149518;0.145061;0.146665;0.146245;0.150611;0.146726;0.145155;0.151691;0.150242;0.153765;0.151282;0.154135;0.150196;0.156554;0.148619;0.146793;0.147273;0.152157;0.149605;0.152855;0.151782;0.147692;0.146227;0.150908;0.147701;0.152512;0.151482;0.148904;0.153685;0.147695;0.146856;0.145737;0.152279;0.151791;0.149521;0.148554;0.151489;0.149622;0.148785;0.152852;0.146877;0.145447;0.150091;0.146656;0.146618;0.151626;0.149654;0.148514;0.147597;0.14673;0.147848;0.147002;0.149612;0.153351;0.151928;0.151417;0.149369;0.152611;0.150647;0.155748;0.147375;0.149844;0.149694;0.14747;0.148155;0.152516;0.150188;0.148659;0.149556;0.147885;0.148698;0.146864;0.153992;0.152229;0.149823;0.152217;0.15202;0.148775;0.15412;0.150488;0.147005;0.148132;0.149778;0.14884;0.149266;0.152337;0.151186;0.14912;0.150615;0.150185;0.153239;0.151136;0.148889;0.148796;0.147257;0.15169;0.151773;0.147605;0.150993;0.147933;0.15076;0.147314;0.146559;0.148197;0.149185;0.148728;0.149334;0.152358;0.147858;0.147736;0.149312;0.15065;0.148206;0.148277;0.151936;0.14888;0.150764;0.152238;0.151838;0.148175;0.151106;0.150205;0.148379;0.14739;0.150814;0.150046;0.14706;0.146427;0.147772;0.149604;0.151481;0.150907;0.151017;0.146596;0.146538;0.147255;0.147019;0.150215;0.150088;0.151011;0.152642;0.149951;0.148678;0.150496;0.146893;0.147413;0.149155;0.147332;0.147138;0.146734;0.151412;0.147949;0.153315;0.14966;0.148948;0.148557;0.151348;0.14885;0.147982;0.148603;0.149312;0.146338;0.147753;0.154232;0.147742;0.150126;0.147795;0.147543;0.149172;0.147308;0.148994;0.147281;0.148823;0.148295;0.149457;0.147554;0.15906;0.153796;0.148553;0.149654;0.151035;0.151292;0.151948;0.150433;0.149372;0.147276;0.149209;0.148189;0.149001;0.148958;0.148987;0.147695;0.147148;0.147136;0.147733;0.150704;0.150976;0.148601;0.148367;0.151622;0.149631;0.152556;0.159422;0.153538;0.14796;0.14714;0.14775;0.155111;0.149845;0.153717;0.151165;0.151931;0.149803;0.151543;0.152407;0.151668;0.147217;0.146383;0.1497;0.146027;0.146194;0.147474;0.149491;0.146706;0.146792;0.151429;0.148911;0.154725;0.148451;0.151713;0.147672;0.153584;0.148349;0.148551;0.14704;0.150073;0.151035;0.151827;0.148145;0.146193;0.148108;0.152509;0.148176;0.152685;0.151135;0.148095;0.150141;0.146707;0.151673;0.147652;0.14875;0.154571;0.148306;0.146489;0.152655;0.146804;0.145412;0.14667;0.148761;0.147716;0.146345;0.151335;0.147272;0.14605;0.148199;0.15002;0.149891;0.150697;0.148817;0.146622;0.148702;0.150693;0.15143;0.148725;0.150246;0.150219;0.147548;0.148847;0.15265;0.15373;0.148722;0.154168;0.146147;0.147074;0.147312;0.148988;0.148164;0.150413;0.148516;0.149703;0.147951;0.147425;0.147902;0.152321;0.155532;0.149542;0.147371;0.149453;0.146738;0.150287;0.15204;0.153634;0.149359;0.147615;0.148012;0.148227;0.148017;0.153352;0.149592;0.14701;0.148253;0.146278;0.147661;0.149323;0.151222;0.146232;0.149336;0.148723;0.147624;0.147016;0.150146;0.155682;0.146039;0.148393;0.155104;0.150753;0.153259;0.154883;0.151848;0.152025;0.154038;0.149713;0.150979;0.155007;0.15102;0.149729;0.151342;0.150472;0.14859;0.149981;0.148641;0.151328;0.148381;0.148281;0.152093;0.147832;0.147579;0.14825;0.146566;0.148666;0.147142;0.147301;0.151284;0.147472;0.156701;0.148076;0.146896;0.148609;0.150858;0.150187;0.152194;0.148426;0.152473;0.151503;0.149948;0.151536;0.152088;0.148459;0.147876;0.152443;0.147842;0.149422;0.15165;0.156157;0.154215;0.149554;0.152599;0.152355;0.15142;0.151287;0.148271;0.151448;0.147628;0.147789;0.147793;0.149961;0.148033;0.148701;0.146964;0.146581;0.148922;0.154929;0.150771;0.149259;0.147738;0.146476;0.148172;0.149501;0.158523;0.149341;0.152812;0.147294;0.149516;0.147189;0.150528;0.149941;0.150543;0.150054;0.149213;0.145772;0.146705;0.152154;0.152329;0.153308;0.147981;0.146015;0.154845;0.151088;0.155632;0.150874;0.147999;0.152459;0.148547;0.147237;0.149287;0.1496;0.148512;0.14861;0.147607;0.1471;0.150457;0.151187;0.147641;0.150977;0.148346;0.147855;0.145119;0.151822;0.150148;0.153808;0.147655;0.152848;0.147508;0.151522;0.15157;0.150416;0.150429;0.150407;0.147755;0.149326;0.148935;0.153073;0.154408;0.150684;0.147876;0.15337;0.149676;0.151472;0.149053;0.149725;0.152947;0.151814;0.150985;0.154071;0.148874;0.149515;0.149978;0.15172;0.150651;0.15307;0.152069;0.154566;0.147578;0.153322;0.149489;0.149887;0.153135;0.149372;0.15085;0.151056;0.149323;0.151574;0.151072;0.154644;0.1528;0.149492;0.147262;0.150103;0.153737;0.15251;0.14897;0.148197;0.146931;0.146341;0.146017;0.153333;0.148424;0.147788;0.149393;0.148216;0.146474;0.151628;0.152892;0.149058;0.146914;0.150219;0.148836;0.153102;0.150626;0.151767;0.152634;0.151137;0.147358;0.150451;0.15575;0.149231;0.14888;0.151543;0.149035;0.149887;0.146364;0.152115;0.150784;0.150284;0.149059;0.152524;0.149858;0.150982;0.149314;0.149718;0.148238;0.149738;0.150356;0.152357;0.150798;0.1546;0.151253;0.153263;0.149105;0.149299;0.152695;0.15133;0.148863;0.150339;0.147194;0.148372;0.149585;0.151112;0.148397;0.148641;0.149017;0.155239;0.148683;0.15568;0.152751;0.154082;0.152055;0.151216;0.156122;0.155741;0.155861;0.156583;0.150254;0.157461;0.150749;0.150367;0.153167;0.150721;0.155134;0.14925;0.150037;0.14988;0.148983;0.15233;0.152701;0.153456;0.155823;0.153805;0.153073;0.153742;0.151115;0.151106;0.151543;0.153873;0.150688;0.157175;0.149798;0.15531;0.150588;0.14887;0.149206;0.148921;0.150823;0.155774;0.151574;0.149108;0.149814;0.150829;0.150591;0.150837;0.152706;0.151841;0.152297;0.148532;0.149464;0.157413;0.150419;0.149983;0.153656;0.155576;0.152988;0.154325;0.149967;0.15099;0.156604;0.152939;0.146366;0.146756;0.364474;0.149704;0.151959;0.15384;0.149853;0.150821;0.149533;0.152679;0.150212;0.149484;0.146757;0.151849;0.149499;0.149866;0.149987;0.148693;0.145246;0.152078;0.152223;0.149539;0.149868;0.152448;0.148719;0.152217;0.151483;0.150991;0.150472;0.147777;0.151699;0.149267;0.152155;0.152303;0.151537;0.146658;0.154939;0.150617;0.146102;0.150784;0.1489;0.146293;0.149103;0.147677;0.148314;0.148362;0.154452;0.148857;0.147668;0.151959;0.147545;0.153363;0.154967;0.150709;0.147272;0.154194;0.148962;0.148319;0.149571;0.149527;0.153707;0.153013;0.14842;0.146364;0.151504;0.152552;0.149993;0.146273;0.148332;0.150729;0.147518;0.146515;0.147934;0.150334;0.148596;0.145829;0.148253;0.147782;0.149287;0.146242;0.148203;0.153775;0.147382;0.14693;0.14708;0.14892;0.146772;0.148484;0.150577;0.147225;0.150609;0.149596;0.149528;0.154189;0.155283;0.150521;0.149074;0.146773;0.152917;0.150654;0.153218;0.150766;0.148149;0.148961;0.15199;0.148007;0.150524;0.151279;0.150507;0.148838;0.148635;0.14794;0.148332;0.146555;0.151911;0.147676;0.149612;0.153176;0.152088;0.148984;0.14994;0.148317;0.154767;0.150561;0.155498;0.150577;0.149723;0.14849;0.147198;0.150275;0.150157;0.148382;0.151714;0.146327;0.146908;0.146188;0.152304;0.152899;0.148239;0.147273;0.150051;0.147271;0.148444;0.151099;0.149077;0.149478;0.146972;0.146281;0.151517;0.14647;0.151915;0.154822;0.15101;0.151311;0.150053;0.152804;0.151361;0.146558;0.14928;0.148735;0.145898;0.148132;0.151231;0.15171;0.156451;0.160418;0.149886;0.154042;0.149864;0.151757;0.149478;0.151209;0.149327;0.152209;0.147738;0.146934;0.15505;0.146415;0.150176;0.147675;0.150516;0.147958;0.148746;0.152594;0.149668;0.151439;0.149014;0.151411;0.150922;0.152599;0.151575;0.155543;0.15073;0.153654;0.149375;0.149763;0.151749;0.149999;0.150857;0.151358;0.150258;0.147378;0.152106;0.147067;0.153749;0.148598;0.153121;0.148419;0.152952;0.154165;0.153013;0.153761;0.152576;0.154312;0.150231;0.148563;0.149535;0.150586;0.150262;0.148807;0.147101;0.156954;0.155148;0.157766;0.155984;0.154323;0.152696;0.151201;0.150629;0.150141;0.152344;0.153021;0.153812;0.152533;0.150248;0.14817;0.147399;0.146998;0.151979;0.147615;0.14893;0.146073;0.150264;0.148451;0.147527;0.147434;0.146481;0.156459;0.149279;0.147774;0.148839;0.149367;0.149944;0.153398;0.150886;0.148969;0.149752;0.150288;0.149745;0.148476;0.15119;0.152616;0.151215;0.147987;0.149899;0.147658;0.155339;0.148151;0.152702;0.150181;0.147092;0.147197;0.148341;0.156168;0.148125;0.147656;0.147486;0.153;0.148842;0.148705;0.150474;0.15049;0.14941;0.146205;0.151749;0.149721;0.152176;0.153829;0.150016;0.154321;0.149557;0.148755;0.151096;0.151093;0.152132;0.152432;0.15432;0.153046;0.15978;0.156286;0.147649;0.150632;0.149261;0.15044;0.154755;0.154245;0.150785;0.147651;0.151659;0.15197;0.149436;0.152488;0.153842;0.149161;0.145891;0.150002;0.147312;0.150765;0.150252;0.147238;0.147137;0.146172;0.151618;0.149395;0.148407;0.151727;0.150459;0.154886;0.149202;0.147598;0.146307;0.147975;0.147837;0.146839;0.148554;0.14735;0.147071;0.146743;0.152941;0.14758;0.148547;0.147319;0.147201;0.147898;0.150458;0.151847;0.14745;0.148151;0.151665;0.148117;0.147766;0.15055;0.15477;0.149088;0.149096;0.148479;0.14798;0.150668;0.151927;0.149017;0.147887;0.147065;0.149686;0.14968;0.151517;0.149698;0.146925;0.150062;0.148174;0.150081;0.150302;0.149035;0.149144;0.149015;0.150545;0.150062;0.1534;0.150222;0.147384;0.147252;0.148833;0.146531;0.145995;0.150445;0.148668;0.148736;0.148358;0.15395;0.1505;0.149056;0.148736;0.148391;0.147657;0.145946;0.148919;0.154285;0.148367;0.149494;0.147024;0.150539;0.148057;0.148069;0.146337;0.150143;0.146298;0.147312;0.148126;0.150216;0.1471;0.149749;0.14937;0.151436;0.147775;0.148265;0.149581;0.151342;0.156586;0.148457;0.146963;0.148211;0.148721;0.149085;0.147716;0.151145;0.15647;0.153101;0.14826;0.148457;0.149002;0.157649;0.152329;0.149464;0.151476;0.149747;0.149921;0.150057;0.149643;0.149568;0.14668;0.14743;0.147069;0.146813;0.152744;0.149136;0.149262;0.155878;0.149666;0.147669;0.15294;0.151481;0.15048;0.148628;0.150976;0.147797;0.147667;0.152001;0.152488;0.153938;0.150372;0.156052;0.149348;0.151529;0.150696;0.148754;0.150059;0.148619;0.150229;0.155676;0.150549;0.148474;0.149523;0.149714;0.148709;0.149463;0.149405;0.153175;0.150491;0.150945;0.153133;0.153213;0.148617;0.152308;0.149471;0.147543;0.148491;0.148721;0.150834;0.148697;0.152725;0.151558;0.151627;0.153578;0.151979;0.152483;0.156039;0.1493;0.150403;0.148967;0.1492;0.148224;0.154836;0.149698;0.148351;0.150803;0.147265;0.147747;0.148778;0.150593;0.151963;0.147407;0.146702;0.150852;0.147907;0.148367;0.153486;0.152387;0.149336;0.154488;0.15203;0.148829;0.151048;0.149097;0.14669;0.151777;0.15349;0.148812;0.148635;0.155816;0.150092;0.148194;0.149057;0.148742;0.148913;0.149253;0.153107;0.147878;0.14744;0.152693;0.148508;0.148762;0.148784;0.148637;0.151564;0.148604;0.15403;0.155867;0.153276;0.153034;0.151253;0.149936;0.148738;0.149721;0.149133;0.147398;0.147867;0.151204;0.154296;0.150062;0.148369;0.153097;0.149538;0.148228;0.149074;0.14672;0.150773;0.149893;0.152085;0.150247;0.148798;0.147647;0.154104;0.150303;0.158069;0.148586;0.151713;0.14926;0.152381;0.15091;0.153126;0.149851;0.148796;0.148492;0.147415;0.148552;0.151705;0.153847;0.150583;0.149962;0.149572;0.153313;0.152176;0.153764;0.14921;0.150453;0.147605;0.148562;0.151129;0.150464;0.157228;0.150862;0.150626;0.149131;0.150167;0.151324;0.151616;0.15066;0.149688;0.151437;0.146041;0.152827;0.150197;0.152097;0.155172;0.151908;0.151556;0.149784;0.154657;0.151127;0.148228;0.156609;0.154403;0.147301;0.151864;0.150693;0.148692;0.149555;0.147556;0.148481;0.148201;0.147197;0.150966;0.148741;0.150556;0.156244;0.152662;0.15169;0.150364;0.149129;0.147738;0.151289;0.148986;0.148226;0.146984;0.151231;0.147739;0.150312;0.15178;0.148607;0.154285;0.151113;0.149483;0.149374;0.148304;0.148383;0.152215;0.150477;0.15407;0.151495;0.154245;0.149024;0.150638;0.149796;0.147701;0.150739;0.151974;0.150332;0.149779;0.151389;0.152107;0.157273;0.155143;0.150753;0.149987;0.149397;0.14888;0.150302;0.155865;0.153016;0.155403;0.156329;0.153859;0.151594;0.15497;0.159478;0.15575;0.152968;0.150607;0.152043;0.153316;0.150231;0.148549;0.153799;0.146918;0.148377;0.150537;0.152829;0.152781;0.151602;0.149958;0.150956;0.151034;0.15719;0.151111;0.152186;0.150612;0.149283;0.15036;0.151831;0.149133;0.153676;0.148153;0.151677;0.15025;0.148724;0.152709;0.14887;0.149662;0.150116;0.151395;0.150643;0.153088;0.150788;0.156048;0.153229;0.152963;0.153763;0.155707;0.153619;0.15185;0.157447;0.15024;0.152133;0.155357;0.152916;0.1519;0.150162;0.150887;0.14888;0.152984;0.152869;0.155964;0.150375;0.14878;0.149449;0.151512;0.153011;0.156252;0.150324;0.150077;0.149604;0.154149;0.152569;0.152965;0.157255;0.153029;0.149974;0.155577;0.152665;0.15474;0.15387;0.155503;0.149901;0.150635;0.152792;0.157762;0.156298;0.154369;0.153862;0.153849;0.153905;0.153786;0.155095;0.152183;0.150725;0.149885;0.148592;0.151872;0.151923;0.152978;0.15042;0.152103;0.149436;0.151301;0.151839;0.158518;0.148964;0.150322;0.150915;0.150016;0.149266;0.149941;0.155453;0.158464;0.152529;0.156559;0.151725;0.150211;0.153108;0.150274;0.147177;0.153492;0.150412;0.150772;0.150948;0.151446;0.153841;0.153739;0.149979;0.152752;0.152316;0.152509;0.151158;0.150312;0.152531;0.156472;0.154093;0.157083;0.154976;0.152871;0.153257;0.155393;0.152314;0.154105;0.155417;0.150209;0.150503;0.14986;0.148163;0.147959;0.153108;0.150223;0.149435;0.151125;0.151704;0.151846;0.146143;0.151297;0.155925;0.149653;0.152817;0.148538;0.149964;0.15372;0.153082;0.147033;0.152064;0.14748;0.152663;0.150437;0.150896;0.148179;0.146779;0.151162;0.148288;0.151745;0.15405;0.148996;0.14919;0.148248;0.150213;0.156249;0.14966;0.152427;0.154172;0.152083;0.154652;0.154213;0.150857;0.153937;0.149914;0.151592;0.150592;0.151001;0.151695;0.15154;0.151558;0.15641;0.148899;0.15052;0.147666;0.147947;0.154155;0.149792;0.149658;0.149206;0.147811;0.148714;0.150456;0.153375;0.151988;0.150816;0.149811;0.148485;0.149712;0.150386;0.151003;0.149245;0.150334;0.148789;0.15041;0.147996;0.14801;0.153636;0.148132;0.147614;0.150657;0.148168;0.155645;0.151145;0.151719;0.14916;0.151367;0.149686;0.151238;0.151802;0.151999;0.147933;0.149114;0.150367;0.150007;0.155798;0.148226;0.147077;0.146313;0.147878;0.15342;0.15204;0.151177;0.153073;0.14769;0.146232;0.150573;0.14912;0.152869;0.149916;0.148404;0.148565;0.151782;0.150584;0.151516;0.151298;0.154215;0.152133;0.152195;0.147441;0.151696;0.153841;0.152146;0.148449;0.148207;0.152559;0.152991;0.154892;0.151266;0.148894;0.147352;0.145528;0.146603;0.150601;0.151134;0.154166;0.149106;0.148432;0.146745;0.14924;0.149883;0.15084;0.153492;0.147716;0.148582;0.153233;0.147658;0.151043;0.151796;0.147423;0.146734;0.148739;0.148668;0.15002;0.153903;0.150598;0.149619;0.153674;0.150574;0.151252;0.149237;0.147081;0.145601;0.147187;0.151909;0.147355;0.149842;0.150593;0.150152;0.150046;0.150074;0.149754;0.15393;0.151268;0.148875;0.146331;0.150009;0.149334;0.148102;0.149932;0.149804;0.148829;0.146859;0.1514;0.145919;0.152032;0.151988;0.152906;0.147998;0.147196;0.148125;0.147371;0.15106;0.154618;0.150324;0.146935;0.148637;0.147495;0.148285;0.151145;0.15146;0.150499;0.146434;0.153501;0.1472;0.152851;0.14896;0.148328;0.14619;0.148952;0.146855;0.152366;0.155108;0.148637;0.147456;0.147859;0.147854;0.151182;0.149926;0.14956;0.148586;0.146729;0.146701;0.146377;0.146361;0.14872;0.152594;0.146983;0.149445;0.150011;0.147746;0.148622;0.149361;0.150862;0.146831;0.145612;0.14625;0.145715;0.148754;0.147451;0.150892;0.149105;0.14843;0.147528;0.149566;0.150327;0.148753;0.147772;0.150513;0.148851;0.152175;0.15368;0.15905;0.153466;0.153487;0.151066;0.151204;0.152758;0.149448;0.151653;0.147703;0.151614;0.150178;0.146462;0.155935;0.150329;0.154215;0.15182;0.149893;0.149735;0.149678;0.149896;0.152091;0.148662;0.151339;0.148225;0.147597;0.152896;0.152953;0.147446;0.146597;0.15101;0.148691;0.149527;0.154937;0.150751;0.149823;0.147036;0.14608;0.148464;0.154133;0.153364;0.147095;0.149258;0.152803;0.149206;0.149453;0.155173;0.146655;0.14667;0.146358;0.145631;0.144663;0.15003;0.14749;0.147026;0.150649;0.147831;0.147546;0.148419;0.154499;0.147881;0.146679;0.149123;0.146477;0.148287;0.152824;0.151964;0.149103;0.145614;0.148746;0.146869;0.146371;0.148724;0.147067;0.151872;0.14751;0.147252;0.150283;0.154942;0.15162;0.150876;0.152607;0.14898;0.148725;0.152614;0.15117;0.146274;0.154068;0.148738;0.150877;0.147566;0.149058;0.147533;0.14612;0.151613;0.152465;0.150444;0.148746;0.152682;0.1498;0.155729;0.150366;0.152381;0.150174;0.156806;0.151601;0.152428;0.150867;0.152858;0.150691;0.153596;0.157798;0.151333;0.150285;0.153058;0.149552;0.156241;0.155875;0.149723;0.149029;0.149348;0.152957;0.150204;0.152112;0.150073;0.149608;0.150125;0.152944;0.152402;0.150461;0.152593;0.153718;0.154482;0.149916;0.149613;0.156695;0.157208;0.154983;0.159159;0.153801;0.151178;0.156424;0.152083;0.153155;0.152429;0.152457;0.15032;0.150104;0.151975;0.153393;0.149701;0.153049;0.149062;0.15309;0.147814;0.152104;0.151425;0.149884;0.151945;0.152923;0.149847;0.150583;0.153664;0.155825;0.149677;0.150559;0.152101;0.151651;0.152839;0.149952;0.154434;0.153621;0.152795;0.151773;0.150371;0.154326;0.153547;0.150446;0.152203;0.151882;0.160287;0.159098;0.155468;0.14939;0.149627;0.152862;0.152692;0.153348;0.152381;0.150914;0.149658;0.149415;0.150748;0.149966;0.151975;0.149535;0.15211;0.151423;0.151896;0.149537;0.155987;0.151674;0.14869;0.155006;0.153334;0.150302;0.155094;0.153452;0.151307;0.15088;0.149737;0.152909;0.154777;0.156809;0.154469;0.151159;0.151673;0.15127;0.154012;0.152301;0.153201;0.149765;0.149538;0.150462;0.150199;0.15399;0.155922;0.157833;0.155182;0.154376;0.153011;0.152066;0.151784;0.150688;0.153037;0.15056;0.146829;0.152468;0.149586;0.153689;0.148669;0.150755;0.146306;0.148673;0.147199;0.148554;0.148137;0.146767;0.153437;0.149838;0.14897;0.155278;0.153476;0.146387;0.150047;0.151095;0.149423;0.148487;0.151896;0.150135;0.14637;0.150956;0.147321;0.146958;0.147731;0.151179;0.147127;0.150785;0.146443;0.146889;0.147665;0.152742;0.149655;0.147557;0.14632;0.148058;0.149225;0.145487;0.152731;0.156866;0.148906;0.147923;0.147519;0.150397;0.148359;0.148792;0.154363;0.147348;0.145994;0.145236;0.150593;0.152959;0.152413;0.148649;0.14883;0.14881;0.147111;0.148633;0.148815;0.150864;0.146308;0.152906;0.147068;0.14916;0.150443;0.154599;0.146619;0.147164;0.147192;0.147852;0.148324;0.152864;0.151343;0.14573;0.145705;0.146969;0.150235;0.149543;0.152566;0.149849;0.146688;0.151347;0.151775;0.151105;0.15191;0.147462;0.146572;0.147929;0.147579;0.14893;0.149001;0.149695;0.149562;0.147982;0.150669;0.147377;0.148999;0.153502;0.153511;0.147993;0.148476;0.14966;0.148168;0.154264;0.154579;0.148833;0.148158;0.151046;0.151293;0.150293;0.149174;0.14641;0.14662;0.149784;0.150136;0.150764;0.150545;0.147708;0.145991;0.152529;0.150481;0.154255;0.147767;0.149722;0.14688;0.147341;0.148155;0.153718;0.150047;0.150633;0.152192;0.145878;0.145354;0.149863;0.149458;0.14938;0.151813;0.147318;0.146846;0.152899;0.150932;0.152888;0.153443;0.15544;0.155691;0.151647;0.150116;0.148891;0.146319;0.150679;0.149878;0.149472;0.146136;0.147296;0.149092;0.153041;0.151506;0.153008;0.151432;0.151186;0.153209;0.1479;0.152636;0.151756;0.147737;0.147508;0.149422;0.147255;0.153236;0.147054;0.153667;0.149665;0.147611;0.150327;0.152572;0.150577;0.150561;0.146357;0.148125;0.149314;0.147528;0.149829;0.148286;0.148383;0.149943;0.152889;0.149436;0.149528;0.153;0.146965;0.149742;0.151122;0.153026;0.150276;0.150346;0.147625;0.152019;0.149289;0.147035;0.148197;0.149574;0.153448;0.151388;0.149552;0.153043;0.15217;0.151055;0.151202;0.147706;0.145812;0.148021;0.146051;0.152687;0.147674;0.153279;0.148697;0.147448;0.147541;0.147985;0.147208;0.1484;0.146092;0.147301;0.149979;0.148297;0.148756;0.148232;0.152571;0.146898;0.148784;0.146159;0.147592;0.147648;0.159544;0.147993;0.14832;0.148492;0.149192;0.147254;0.151049;0.156723;0.146965;0.147665;0.155206;0.150719;0.14747;0.148823;0.148421;0.151412;0.148876;0.149586;0.151176;0.147449;0.155837;0.147644;0.148393;0.151734;0.148129;0.151584;0.154256;0.151833;0.151756;0.148663;0.148441;0.150964;0.149595;0.154178;0.148492;0.148044;0.149425;0.148435;0.152928;0.151246;0.147553;0.14812;0.149809;0.147494;0.147934;0.146319;0.150038;0.151901;0.150237;0.148387;0.149539;0.147195;0.150798;0.14734;0.14907;0.148908;0.148061;0.15018;0.14826;0.151463;0.147579;0.148714;0.146012;0.146179;0.147085;0.150758;0.148133;0.147373;0.146387;0.148149;0.150138;0.152872;0.14972;0.148071;0.148181;0.147116;0.152072;0.151211;0.147797;0.155826;0.148555;0.147618;0.147917;0.14627;0.147884;0.151088;0.152846;0.148769;0.148092;0.148023;0.148172;0.146555;0.151053;0.148571;0.15071;0.15215;0.150104;0.148543;0.150488;0.148013;0.152434;0.147489;0.147577;0.148791;0.152212;0.149925;0.153267;0.151883;0.152556;0.150455;0.153418;0.16193;0.149736;0.153479;0.148704;0.151932;0.14712;0.147164;0.15318;0.147979;0.151978;0.148568;0.148104;0.151435;0.157514;0.150699;0.147204;0.153026;0.147859;0.147329;0.147786;0.149572;0.146562;0.148788;0.14871;0.148051;0.149159;0.1552;0.149342;0.147895;0.144998;0.146454;0.15226;0.1467;0.148418;0.152309;0.148464;0.150207;0.150154;0.146278;0.15053;0.149755;0.152497;0.150436;0.147605;0.146718;0.146615;0.152613;0.147194;0.1481;0.151923;0.147228;0.15055;0.150101;0.152125;0.148007;0.150075;0.149201;0.14847;0.146827;0.153689;0.148101;0.150147;0.152545;0.150295;0.152898;0.151787;0.146394;0.14731;0.152803;0.152483;0.150581;0.148008;0.150228;0.15359;0.150791;0.149829;0.151586;0.151751;0.149883;0.153964;0.147634;0.14768;0.148016;0.150687;0.151209;0.152311;0.147462;0.147121;0.145562;0.148158;0.148345;0.153245;0.146939;0.14883;0.151815;0.145067;0.146456;0.14919;0.151608;0.149411;0.14828;0.146647;0.147414;0.145741;0.147361;0.155322;0.147513;0.145138;0.145027;0.146584;0.148435;0.151233;0.146581;0.147439;0.147337;0.147985;0.147836;0.150909;0.154343;0.148536;0.149631;0.154611;0.152025;0.149226;0.152805;0.145761;0.146882;0.147946;0.147753;0.153035;0.148272;0.15387;0.150513;0.151322;0.148108;0.151577;0.147831;0.149632;0.146948;0.150395;0.14926;0.147879;0.146657;0.148776;0.155567;0.148726;0.148823;0.148473;0.147277;0.149696;0.155574;0.148729;0.146991;0.151656;0.152508;0.147702;0.147406;0.149766;0.147207;0.150479;0.150146;0.14904;0.145807;0.149342;0.15069;0.155096;0.149778;0.153869;0.154884;0.151223;0.15066;0.15254;0.150409;0.147325;0.149975;0.149087;0.152392;0.148233;0.153283;0.148434;0.14856;0.150782;0.150363;0.149554;0.148631;0.149366;0.146342;0.149956;0.150275;0.151114;0.152509;0.15175;0.15206;0.150763;0.150897;0.149396;0.149915;0.152552;0.150561;0.150889;0.148978;0.146064;0.152366;0.148597;0.148852;0.149666;0.150828;0.146524;0.148654;0.154381;0.152158;0.148525;0.148062;0.149747;0.148455;0.154484;0.148175;0.153462;0.148809;0.148496;0.150131;0.147018;0.151054;0.149473;0.148624;0.150726;0.15067;0.149521;0.149311;0.147518;0.14954;0.152378;0.148425;0.148289;0.147031;0.149593;0.14908;0.151437;0.154617;0.149262;0.155532;0.154211;0.147282;0.149938;0.149312;0.15408;0.14733;0.147756;0.153439;0.146967;0.149777;0.151389;0.15135;0.151622;0.151756;0.147084;0.146159;0.150544;0.149813;0.155135;0.151978;0.151011;0.149598;0.147316;0.146234;0.150381;0.146974;0.148077;0.148432;0.148124;0.148666;0.14707;0.153523;0.149269;0.148432;0.14797;0.145945;0.145577;0.147408;0.147568;0.148986;0.154434;0.150049;0.152047;0.149896;0.148572;0.154514;0.153485;0.148804;0.15212;0.14781;0.149561;0.15501;0.152856;0.151289;0.148278;0.14736;0.151994;0.153432;0.15053;0.15169;0.1488;0.14863;0.148989;0.153294;0.149257;0.151319;0.152053;0.153566;0.148965;0.147915;0.151769;0.149138;0.147956;0.148465;0.153581;0.147953;0.149215;0.14887;0.151173;0.146534;0.151007;0.152066;0.150465;0.147044;0.154483;0.153565;0.147917;0.150127;0.147139;0.145846;0.150942;0.151035;0.149945;0.150095;0.150254;0.151869;0.151176;0.150745;0.151324;0.149988;0.149233;0.147305;0.15617;0.149663;0.154611;0.148452;0.153146;0.149509;0.153619;0.148791;0.14916;0.156279;0.151734;0.150541;0.1517;0.148311;0.15354;0.151143;0.14779;0.14591;0.145616;0.146426;0.147554;0.148104;0.149664;0.150982;0.148546;0.152377;0.151152;0.152941;0.152072;0.148093;0.14658;0.148587;0.145793;0.145979;0.150998;0.152666;0.151784;0.150241;0.149511;0.147943;0.149931;0.153096;0.154984;0.150086;0.150088;0.146871;0.147628;0.149336;0.154771;0.147861;0.15304;0.147954;0.152661;0.147167;0.15037;0.149383;0.149139;0.154674;0.147457;0.149148;0.147577;0.151738;0.148577;0.150915;0.153435;0.148535;0.147879;0.149812;0.147438;0.150382;0.148306;0.146981;0.147498;0.152984;0.167708;0.151388;0.148613;0.148896;0.153918;0.152076;0.152003;0.147261;0.14759;0.147746;0.151294;0.151412;0.150366;0.153728;0.148443;0.148006;0.15444;0.150465;0.153616;0.158068;0.148238;0.150003;0.147393;0.147624;0.14773;0.148792;0.148397;0.149641;0.147893;0.14954;0.152659;0.154414;0.15188;0.146568;0.151648;0.147939;0.148602;0.149693;0.148885;0.151141;0.147485;0.146648;0.148863;0.147204;0.14887;0.15002;0.148667;0.147238;0.152582;0.149007;0.147046;0.150966;0.149938;0.148521;0.150114;0.149603;0.145977;0.151817;0.153849;0.148665;0.152981;0.148532;0.150604;0.148118;0.152005;0.152009;0.150594;0.152206;0.148428;0.148886;0.148591;0.151412;0.149577;0.149618;0.15029;0.153667;0.149431;0.148568;0.151036;0.149728;0.147664;0.150173;0.149903;0.151924;0.156982;0.148538;0.152269;0.147978;0.149325;0.152599;0.151047;0.150068;0.14747;0.148239;0.146984;0.148054;0.149711;0.152181;0.154363;0.154471;0.151115;0.149263;0.149014;0.155638;0.15531;0.152943;0.149611;0.149039;0.147959;0.150545;0.150462;0.147404;0.147567;0.147714;0.149641;0.151873;0.148503;0.149106;0.151444;0.146757;0.149154;0.14642;0.14872;0.154618;0.147923;0.145827;0.151046;0.146457;0.151353;0.148065;0.150516;0.152484;0.149504;0.153056;0.149109;0.150101;0.154086;0.156903;0.152035;0.149124;0.149926;0.14959;0.152067;0.154138;0.154494;0.154591;0.149975;0.150081;0.149718;0.152866;0.152227;0.158279;0.155905;0.151486;0.152575;0.153989;0.152497;0.152078;0.152386;0.147172;0.152947;0.145735;0.15279;0.15052;0.155028;0.15262;0.152198;0.150845;0.156263;0.150597;0.148402;0.150162;0.149641;0.148321;0.148734;0.14929;0.146489;0.150667;0.150411;0.146759;0.147271;0.151991;0.150028;0.149785;0.147922;0.149259;0.148064;0.148439;0.157094;0.150781;0.149845;0.151955;0.155868;0.153653;0.155164;0.149064;0.146393;0.151567;0.149434;0.152803;0.151949;0.153344;0.15532;0.153081;0.152752;0.160006;0.151513;0.153685;0.148483;0.149032;0.152424;0.149746;0.148595;0.149981;0.148297;0.148396;0.146637;0.153767;0.147425;0.147933;0.149105;0.154023;0.151411;0.150353;0.147961;0.147414;0.151872;0.14873;0.14771;0.147905;0.147496;0.149934;0.150559;0.154133;0.150325;0.151007;0.146277;0.146298;0.15265;0.1518;0.152385;0.150789;0.148125;0.1487;0.153198;0.148519;0.149178;0.15215;0.14978;0.148381;0.148593;0.152391;0.152044;0.148577;0.149806;0.149877;0.147567;0.146779;0.150671;0.149109;0.151449;0.151497;0.148586;0.147165;0.147757;0.154738;0.148781;0.145187;0.152658;0.149845;0.146257;0.149048;0.152795;0.14727;0.148052;0.149605;0.147889;0.150504;0.149797;0.150899;0.149377;0.152053;0.152723;0.152115;0.149444;0.153217;0.149673;0.151373;0.148394;0.151156;0.148712;0.14701;0.149258;0.149521;0.148127;0.148111;0.149518;0.148567;0.15318;0.148376;0.149734;0.146709;0.149433;0.149244;0.14954;0.149103;0.152983;0.146778;0.146996;0.152303;0.149052;0.149013;0.151069;0.149874;0.150165;0.149565;0.153305;0.146667;0.150619;0.14922;0.148083;0.148272;0.146555;0.147933;0.14925;0.152117;0.151917;0.148594;0.147507;0.153408;0.147953;0.149741;0.148732;0.147266;0.150319;0.14861;0.14768;0.154429;0.152906;0.151187;0.151204;0.153933;0.149426;0.147547;0.150906;0.152913;0.146148;0.145695;0.146681;0.145449;0.149539;0.152222;0.149596;0.148408;0.148969;0.152675;0.147034;0.157654;0.151042;0.151685;0.151252;0.150473;0.150089;0.152092;0.147872;0.147259;0.148558;0.149895;0.14939;0.149523;0.151256;0.150475;0.149236;0.150397;0.154732;0.150496;0.150957;0.150277;0.154307;0.148232;0.151375;0.152548;0.14863;0.152768;0.148865;0.14666;0.148425;0.152028;0.151427;0.149384;0.15085;0.147172;0.147557;0.145884;0.150793;0.14845;0.155002;0.150149;0.149067;0.148859;0.151761;0.153051;0.155305;0.150572;0.147395;0.146341;0.148033;0.14748;0.14905;0.15359;0.150508;0.151904;0.153026;0.152912;0.151681;0.174802;0.153026;0.14586;0.149738;0.151573;0.149046;0.145776;0.152333;0.150978;0.149354;0.151932;0.147444;0.150028;0.151616;0.152771;0.151644;0.150543;0.1487;0.149348;0.149092;0.153357;0.147529;0.148783;0.147376;0.148401;0.149907;0.15205;0.154336;0.148177;0.152689;0.149178;0.150069;0.153316;0.153075;0.152268;0.150099;0.150092;0.154289;0.153173;0.151673;0.14945;0.149913;0.147296;0.151895;0.148656;0.149321;0.150325;0.146861;0.150368;0.147603;0.151443;0.147594;0.148894;0.151409;0.147098;0.1465;0.147776;0.147058;0.145665;0.154525;0.146674;0.147107;0.15245;0.145168;0.150724;0.149938;0.151927;0.151233;0.150432;0.150127;0.152674;0.148019;0.150257;0.14784;0.147448;0.15299;0.148619;0.153066;0.15035;0.147059;0.14932;0.152038;0.151029;0.149189;0.150114;0.153844;0.149597;0.14958;0.147125;0.147247;0.153835;0.149459;0.148119;0.151689;0.14792;0.15071;0.147691;0.148483;0.148016;0.148124;0.147399;0.147017;0.147489;0.146603;0.157099;0.151816;0.147932;0.148421;0.147959;0.150984;0.148172;0.150328;0.146216;0.149801;0.148472;0.147371;0.149571;0.150409;0.1467;0.146679;0.14697;0.149418;0.146136;0.14589;0.149213;0.148639;0.14988;0.149064;0.14853;0.151159;0.150141;0.154344;0.149347;0.147081;0.147306;0.147408;0.150082;0.149585;0.151794;0.149704;0.148191;0.149004;0.149517;0.150577;0.150434;0.150723;0.146929;0.147622;0.151339;0.151692;0.149252;0.150857;0.148525;0.147418;0.15045;0.149062;0.148654;0.150894;0.14963;0.144818;0.152952;0.147645;0.150379;0.150331;0.149118;0.148437;0.149077;0.149796;0.149579;0.151479;0.155542;0.15275;0.149379;0.149423;0.148231;0.151;0.155413;0.151783;0.150084;0.150544;0.147672;0.149725;0.152753;0.150178;0.152197;0.152251;0.150249;0.148908;0.147028;0.151641;0.148714;0.147044;0.151764;0.149828;0.147646;0.153943;0.151591;0.146372;0.148497;0.146563;0.149868;0.153904;0.156519;0.150311;0.153635;0.151502;0.150635;0.151422;0.148142;0.154566;0.147944;0.150104;0.150133;0.146668;0.148038;0.153131;0.149117;0.14707;0.150487;0.146459;0.150097;0.147787;0.14909;0.153078;0.148561;0.148662;0.147193;0.149451;0.154807;0.153979;0.147134;0.148051;0.149054;0.149752;0.154847;0.150096;0.150445;0.15048;0.149795;0.148788;0.153296;0.151407;0.149029;0.148914;0.148797;0.152353;0.150978;0.15484;0.148576;0.148425;0.148162;0.15041;0.150303;0.153352;0.151576;0.148726;0.155822;0.15586;0.152961;0.149616;0.153026;0.150782;0.150489;0.150116;0.147777;0.1499;0.149872;0.154533;0.149044;0.146489;0.149549;0.147237;0.148986;0.151625;0.154524;0.150566;0.150235;0.148995;0.149099;0.151149;0.153447;0.151049;0.147678;0.148943;0.153109;0.152818;0.150879;0.152181;0.149555;0.152245;0.149476;0.152407;0.149336;0.155153;0.151557;0.150877;0.155292;0.149493;0.152053;0.152848;0.150033;0.148731;0.152732;0.15061;0.149047;0.147019;0.150416;0.148912;0.155299;0.149765;0.15188;0.148341;0.150854;0.146916;0.153928;0.147645;0.152562;0.147126;0.145845;0.149347;0.147097;0.15174;0.151429;0.14864;0.151913;0.149106;0.147476;0.149709;0.15198;0.151935;0.148588;0.150144;0.151583;0.149899;0.148915;0.148332;0.147163;0.148442;0.154524;0.148943;0.152093;0.151089;0.154156;0.156712;0.15926;0.150382;0.147429;0.148517;0.15245;0.148752;0.147757;0.154314;0.149712;0.152439;0.147128;0.147792;0.147549;0.149872;0.150225;0.147377;0.148131;0.14808;0.152405;0.148583;0.151021;0.150262;0.150912;0.149011;0.148439;0.151512;0.151061;0.154407;0.148285;0.150518;0.147416;0.146616;0.151217;0.152142;0.154626;0.149865;0.152044;0.150679;0.152809;0.153381;0.149306;0.149119;0.148099;0.149335;0.152704;0.150033;0.149868;0.151342;0.149365;0.153518;0.149392;0.148024;0.149238;0.146771;0.149682;0.150661;0.152844;0.149782;0.147904;0.149686;0.148417;0.148908;0.149204;0.147371;0.146361;0.148219;0.149939;0.148109;0.147713;0.14591;0.148282;0.151276;0.172233;0.148679;0.147427;0.151709;0.147492;0.149329;0.149019;0.153823;0.150057;0.14687;0.148689;0.148302;0.154087;0.152687;0.149258;0.152913;0.150283;0.149128;0.150822;0.1507;0.154618;0.148565;0.146877;0.153215;0.147423;0.151473;0.150673;0.152273;0.147469;0.150948;0.149091;0.149922;0.154423;0.14865;0.147631;0.15353;0.147813;0.153438;0.147925;0.151361;0.150057;0.150657;0.147766;0.147596;0.152173;0.152058;0.151331;0.152648;0.149521;0.150346;0.152335;0.149237;0.153016;0.147872;0.152509;0.155325;0.147554;0.148912;0.153664;0.151829;0.15453;0.151804;0.152517;0.151855;0.153202;0.150844;0.14854;0.150482;0.153436;0.149385;0.149769;0.151307;0.152037;0.152524;0.155053;0.154889;0.152142;0.150621;0.14871;0.150482;0.147456;0.146845;0.14663;0.147859;0.151838;0.147481;0.147509;0.148299;0.148005;0.148864;0.147641;0.151475;0.152219;0.14751;0.147231;0.153525;0.148205;0.149938;0.14825;0.148864;0.14967;0.150019;0.147383;0.14793;0.149573;0.14891;0.147369;0.1524;0.149291;0.14782;0.150459;0.15057;0.149578;0.152003;0.14675;0.148247;0.152019;0.151038;0.151932;0.14676;0.150389;0.14699;0.148222;0.149901;0.148682;0.150799;0.147804;0.146708;0.148509;0.148258;0.155152;0.148708;0.149612;0.149707;0.148373;0.148674;0.149546;0.149388;0.150913;0.150189;0.148416;0.150317;0.151539;0.15248;0.152974;0.148384;0.150882;0.153258;0.146919;0.151638;0.148767;0.147765;0.148474;0.149778;0.151473;0.150509;0.151254;0.146746;0.148677;0.147794;0.149376;0.147382;0.151704;0.15558;0.149472;0.147404;0.148794;0.148841;0.150961;0.150523;0.150501;0.152178;0.14632;0.152291;0.148687;0.152697;0.157988;0.15167;0.150071;0.151963;0.149341;0.148805;0.149624;0.149746;0.147489;0.146614;0.150801;0.145828;0.148714;0.149046;0.148575;0.149641;0.148255;0.146949;0.147008;0.151374;0.148853;0.154541;0.149021;0.152717;0.147895;0.149158;0.152275;0.147161;0.146902;0.149687;0.149154;0.145577;0.1526;0.151697;0.150382;0.148898;0.146605;0.149774;0.148092;0.146672;0.148495;0.14926;0.149192;0.148867;0.151118;0.150032;0.149283;0.15464;0.147092;0.148229;0.148628;0.147875;0.152281;0.147974;0.1468;0.150777;0.1501;0.146983;0.148977;0.147708;0.147154;0.146998;0.15165;0.151387;0.149084;0.151616;0.148767;0.152114;0.147984;0.153098;0.147652;0.153164;0.154843;0.14947;0.156135;0.156511;0.153727;0.152986;0.153249;0.150547;0.155388;0.153568;0.149646;0.152943;0.154082;0.148266;0.150565;0.149482;0.149808;0.156357;0.154004;0.148973;0.149559;0.152221;0.150891;0.148621;0.148846;0.149469;0.152156;0.148973;0.14911;0.147127;0.147269;0.150732;0.148799;0.150404;0.147404;0.148471;0.147083;0.146867;0.151636;0.147227;0.148674;0.152192;0.147356;0.147719;0.153441;0.151688;0.149349;0.148682;0.151865;0.151226;0.152683;0.15376;0.149595;0.149584;0.151316;0.154388;0.153938;0.152426;0.147449;0.147476;0.150381;0.14964;0.14926;0.150513;0.156035;0.151595;0.151747;0.147945;0.148365;0.148091;0.148933;0.15404;0.149444;0.149224;0.146663;0.148536;0.147968;0.158003;0.149948;0.154465;0.148235;0.151126;0.150457;0.155843;0.151089;0.151715;0.154852;0.15085;0.14892;0.152916;0.150271;0.149123;0.146711;0.147714;0.147457;0.145788;0.150655;0.151492;0.148774;0.149542;0.152924;0.14885;0.150317;0.149445;0.150804;0.146405;0.151033;0.146703;0.149582;0.149403;0.148078;0.148247;0.147585;0.148189;0.148492;0.149427;0.149661;0.151274;0.151951;0.155063;0.153206;0.151689;0.151586;0.152478;0.153463;0.151729;0.151374;0.149921;0.147463;0.149637;0.146754;0.147158;0.147478;0.148438;0.146577;0.152033;0.146375;0.14735;0.15038;0.151113;0.148812;0.147098;0.151804;0.152257;0.157762;0.148322;0.147793;0.147806;0.148814;0.14781;0.147549;0.149615;0.14885;0.147462;0.151388;0.148635;0.151772;0.150925;0.146613;0.147103;0.152728;0.151443;0.148465;0.152888;0.149354;0.148663;0.148853;0.151106;0.332016;0.154357;0.148829;0.150466;0.149614;0.150629;0.148157;0.147362;0.151746;0.146712;0.150591;0.148338;0.150209;0.145772;0.151386;0.151095;0.146962;0.146995;0.155454;0.146925;0.149756;0.154902;0.149642;0.15054;0.152318;0.152247;0.147199;0.147886;0.154135;0.149926;0.150015;0.153426;0.149755;0.149821;0.148908;0.148154;0.147194;0.149388;0.161083;0.154078;0.152445;0.150798;0.151687;0.152094;0.156359;0.154005;0.147293;0.152528;0.151194;0.152935;0.153619;0.148592;0.149404;0.14961;0.149679;0.151695;0.157151;0.148927;0.147768;0.150436;0.147072;0.146786;0.14895;0.154465;0.151272;0.14704;0.147614;0.147027;0.146258;0.152851;0.153542;0.150054;0.152247;0.148462;0.148857;0.149713;0.153175;0.148898;0.147406;0.146273;0.146093;0.147428;0.146716;0.151583;0.149221;0.147118;0.147863;0.154493;0.148237;0.147729;0.149182;0.148278;0.147307;0.146762;0.148185;0.148436;0.150081;0.147202;0.14892;0.147348;0.145547;0.149745;0.147437;0.153624;0.151492;0.148688;0.149451;0.14587;0.148812;0.15119;0.148987;0.147875;0.153529;0.155761;0.153303;0.149625;0.151498;0.149831;0.150787;0.151564;0.154906;0.148883;0.151749;0.149791;0.147397;0.15222;0.1469;0.149058;0.151434;0.149314;0.149206;0.147179;0.145796;0.146567;0.145131;0.150682;0.146553;0.147832;0.150539;0.146364;0.152268;0.152192;0.150166;0.151745;0.147843;0.148067;0.150799;0.148121;0.150495;0.149906;0.147387;0.14837;0.149693;0.148637;0.149956;0.15107;0.149524;0.148513;0.148992;0.147015;0.14879;0.15106;0.15097;0.152473;0.15031;0.151985;0.148155;0.146661;0.151353;0.146939;0.151517;0.147834;0.148797;0.148151;0.149649;0.149671;0.151927;0.14965;0.153352;0.147323;0.148432;0.152762;0.151248;0.152109;0.149738;0.14904;0.149242;0.150435;0.148034;0.149116;0.156591;0.147413;0.1531;0.147818;0.153993;0.148401;0.148949;0.151441;0.147885;0.152946;0.153397;0.150335;0.14894;0.149728;0.153864;0.150809;0.150958;0.154232;0.149779;0.152861;0.14899;0.148872;0.154208;0.151196;0.15106;0.147582;0.151845;0.14995;0.149278;0.152421;0.15096;0.150144;0.148978;0.154748;0.148052;0.148803;0.157505;0.15313;0.14939;0.1523;0.150352;0.149822;0.148208;0.153612;0.154715;0.150408;0.151086;0.149998;0.151918;0.150774;0.147986;0.148414;0.149349;0.150963;0.148022;0.148943;0.151081;0.14848;0.149337;0.152326;0.149591;0.149863;0.156488;0.153113;0.154696;0.152725;0.152967;0.1543;0.153116;0.151267;0.149285;0.149974;0.148758;0.148867;0.153572;0.153277;0.150651;0.151769;0.153862;0.14752;0.153245;0.149893;0.148153;0.148586;0.151067;0.153796;0.149721;0.148831;0.153135;0.149724;0.152385;0.150795;0.149209;0.148502;0.151966;0.150423;0.148629;0.148626;0.14881;0.154467;0.14868;0.152333;0.14945;0.148004;0.148392;0.149093;0.151383;0.153672;0.150262;0.151634;0.152697;0.151532;0.152425;0.150986;0.152243;0.15107;0.148855;0.148721;0.149554;0.155297;0.148907;0.151038;0.14693;0.151535;0.152791;0.155196;0.15665;0.155608;0.151845;0.149905;0.146512;0.149617;0.155218;0.154336;0.150563;0.153516;0.150791;0.15073;0.154342;0.156215;0.152056;0.155406;0.157477;0.153684;0.158826;0.152864;0.153332;0.150116;0.14994;0.151072;0.153421;0.148163;0.152021;0.154252;0.153341;0.156524;0.155868;0.150002;0.149657;0.152586;0.149928;0.154753;0.149266;0.148895;0.152891;0.153024;0.148143;0.152394;0.151854;0.146981;0.14635;0.148573;0.148574;0.148398;0.151817;0.151819;0.148719;0.149281;0.151034;0.14952;0.147751;0.152788;0.14728;0.146983;0.147205;0.149234;0.147228;0.147719;0.150553;0.146775;0.148824;0.150155;0.147518;0.147676;0.146296;0.151183;0.14999;0.155776;0.150089;0.147625;0.151409;0.153363;0.150099;0.156937;0.16356;0.148819;0.148899;0.147824;0.148799;0.152193;0.151684;0.150573;0.153333;0.150593;0.147483;0.15002;0.149705;0.152134;0.151348;0.14953;0.153319;0.154789;0.151787;0.18503;0.152674;0.149087;0.150511;0.148381;0.147201;0.146315;0.149328;0.151754;0.152534;0.148823;0.146661;0.150591;0.151148;0.152942;0.150197;0.14798;0.147158;0.147369;0.146351;0.154008;0.156788;0.156336;0.152568;0.151526;0.151332;0.152694;0.151919;0.149107;0.151353;0.147993;0.147332;0.154502;0.15542;0.153138;0.151287;0.154546;0.153545;0.149119;0.157634;0.153112;0.147267;0.150114;0.152737;0.148886;0.151925;0.154753;0.148567;0.153777;0.148728;0.153629;0.150588;0.152519;0.151001;0.153756;0.150016;0.14963;0.148121;0.150108;0.149591;0.146986;0.14584;0.146549;0.147781;0.146871;0.152461;0.147326;0.15281;0.147122;0.147666;0.148182;0.152163;0.149554;0.146065;0.148744;0.150352;0.151654;0.147339;0.151879;0.148755;0.147944;0.148731;0.148065;0.148817;0.149356;0.150234;0.1472;0.149723;0.147792;0.153739;0.152257;0.149528;0.146838;0.147946;0.147493;0.146908;0.150268;0.147172;0.149349;0.147408;0.147592;0.147392;0.145509;0.15016;0.149299;0.155253;0.149211;0.150022;0.152655;0.150106;0.151989;0.151016;0.149131;0.14793;0.153948;0.151999;0.15212;0.155006;0.149284;0.147811;0.147092;0.148863;0.150195;0.150563;0.150616;0.148937;0.148822;0.150208;0.147097;0.147223;0.148769;0.149433;0.146816;0.152248;0.148021;0.152015;0.146625;0.155132;0.14889;0.14892;0.149281;0.152952;0.148161;0.153964;0.152552;0.150821;0.150911;0.149244;0.14875;0.152065;0.15043;0.148517;0.149586;0.152209;0.149712;0.15377;0.150147;0.147969;0.147937;0.1484;0.153877;0.150859;0.14905;0.15296;0.148304;0.15756;0.148515;0.147794;0.150247;0.153578;0.151495;0.148754;0.14736;0.147869;0.154444;0.150421;0.154785;0.150849;0.150422;0.148132;0.148548;0.150604;0.152445;0.15349;0.150287;0.149499;0.148185;0.151782;0.148873;0.148583;0.14841;0.147308;0.14893;0.148668;0.146982;0.14892;0.147601;0.148836;0.151308;0.14844;0.152548;0.148986;0.149386;0.151747;0.14638;0.147352;0.147849;0.146968;0.150933;0.148163;0.150011;0.149277;0.155473;0.153165;0.151935;0.150124;0.148117;0.148564;0.1467;0.145701;0.149746;0.148878;0.146479;0.146534;0.147208;0.146215;0.146618;0.146849;0.150638;0.15192;0.148386;0.150757;0.149494;0.14897;0.151228;0.151442;0.14967;0.154091;0.151111;0.149263;0.154821;0.153991;0.148839;0.14617;0.147408;0.152853;0.147153;0.148925;0.148513;0.150425;0.150894;0.148025;0.148293;0.149795;0.159719;0.152793;0.150954;0.151818;0.149636;0.15222;0.154857;0.150182;0.147625;0.151194;0.146642;0.148094;0.153886;0.151733;0.148283;0.15038;0.153701;0.15221;0.148774;0.154252;0.148319;0.146651;0.14697;0.147579;0.149169;0.150576;0.148622;0.147004;0.147702;0.147638;0.145804;0.147829;0.147869;0.151746;0.148608;0.147598;0.151523;0.147794;0.153317;0.153129;0.146985;0.147284;0.149642;0.147502;0.146594;0.151699;0.148784;0.148265;0.15067;0.148489;0.149947;0.150363;0.151943;0.148417;0.150149;0.149316;0.148578;0.149175;0.154508;0.151423;0.151007;0.15041;0.157018;0.154794;0.151657;0.150117;0.148587;0.147381;0.151766;0.156118;0.15126;0.150257;0.153277;0.150989;0.15385;0.153075;0.155779;0.151939;0.149774;0.149658;0.150729;0.150302;0.147939;0.151854;0.150148;0.155783;0.148186;0.15061;0.148966;0.149049;0.147235;0.150755;0.147891;0.151208;0.146773;0.151064;0.147854;0.156064;0.151527;0.146915;0.151587;0.148203;0.146647;0.14806;0.151935;0.151166;0.147011;0.150937;0.147329;0.151641;0.152711;0.152988;0.151094;0.14991;0.148647;0.147801;0.148011;0.149497;0.150243;0.147433;0.146458;0.14691;0.147069;0.148102;0.154283;0.149687;0.148968;0.152137;0.14846;0.14921;0.151702;0.148241;0.147704;0.152367;0.146865;0.148835;0.149553;0.145687;0.151082;0.14718;0.145992;0.153483;0.146478;0.15222;0.149586;0.151913;0.149907;0.148061;0.151781;0.150534;0.14726;0.145785;0.148723;0.152202;0.152951;0.14749;0.151416;0.148422;0.151111;0.149512;0.147592;0.151653;0.164276;0.149034;0.147309;0.150851;0.148971;0.147637;0.147045;0.149139;0.149791;0.14974;0.146712;0.147354;0.145821;0.150369;0.153065;0.149911;0.153961;0.154363;0.152418;0.155722;0.152421;0.14683;0.147102;0.14847;0.146572;0.149021;0.150402;0.152428;0.148197;0.148662;0.148226;0.154567;0.151791;0.151773;0.152406;0.148311;0.149402;0.151396;0.149135;0.152521;0.148661;0.153083;0.147639;0.147584;0.147172;0.152306;0.149137;0.150717;0.149152;0.150595;0.146864;0.145564;0.148631;0.153037;0.148019;0.150447;0.148743;0.150836;0.149744;0.151184;0.15055;0.149534;0.15401;0.149396;0.151549;0.150798;0.148957;0.152042;0.15257;0.150081;0.147963;0.149025;0.149621;0.149184;0.147063;0.154372;0.14973;0.147663;0.154988;0.148115;0.151445;0.149744;0.150522;0.149616;0.152759;0.151895;0.148706;0.154418;0.151471;0.151901;0.154673;0.154081;0.148823;0.148058;0.146851;0.152395;0.149233;0.152841;0.15044;0.152551;0.14941;0.151203;0.149453;0.150021;0.15297;0.145703;0.145966;0.146287;0.153599;0.149472;0.148728;0.150774;0.147122;0.148552;0.151626;0.14746;0.149914;0.1516;0.153067;0.150442;0.146943;0.145972;0.148689;0.153053;0.15202;0.146598;0.147865;0.150149;0.151034;0.149295;0.150005;0.155085;0.150065;0.149976;0.151488;0.153456;0.150121;0.154504;0.152755;0.150904;0.153338;0.152083;0.149328;0.151537;0.150721;0.150359;0.148359;0.151043;0.148384;0.150023;0.151904;0.148664;0.149669;0.146041;0.147509;0.146731;0.149783;0.149004;0.151108;0.149919;0.150318;0.151717;0.150916;0.14812;0.148569;0.145879;0.147503;0.147139;0.152783;0.152127;0.149414;0.149768;0.149085;0.154075;0.147935;0.150131;0.151036;0.148188;0.149853;0.155675;0.154966;0.149976;0.153248;0.151771;0.147949;0.147657;0.146649;0.146885;0.15153;0.150072;0.152399;0.146973;0.149102;0.147656;0.147745;0.151562;0.153772;0.150379;0.152525;0.152532;0.149707;0.154541;0.150545;0.15331;0.153271;0.146928;0.150916;0.147213;0.149843;0.154273;0.150917;0.151017;0.151652;0.151294;0.151351;0.153521;0.147515;0.152454;0.147645;0.149885;0.149574;0.152353;0.151509;0.152175;0.156071;0.149281;0.15048;0.151958;0.151437;0.149429;0.149393;0.148986;0.151424;0.148006;0.150391;0.151477;0.149497;0.149771;0.149317;0.148322;0.14953;0.148279;0.150425;0.149159;0.149274;0.147445;0.14914;0.150701;0.149523;0.148511;0.14814;0.148573;0.153699;0.15686;0.150547;0.149187;0.152368;0.147987;0.148189;0.149806;0.150117;0.153531;0.153591;0.149965;0.152818;0.148766;0.149755;0.149481;0.150026;0.148642;0.148641;0.153313;0.148422;0.157791;0.151909;0.153504;0.14994;0.156046;0.151672;0.151511;0.150263;0.149081;0.148786;0.147403;0.149072;0.150755;0.157651;0.149567;0.147116;0.151873;0.152999;0.148496;0.155499;0.152113;0.154744;0.151933;0.149583;0.150033;0.152141;0.154149;0.151924;0.147993;0.146987;0.150015;0.150087;0.151529;0.15517;0.14782;0.149697;0.149896;0.148346;0.152306;0.150193;0.147478;0.146903;0.147597;0.150469;0.147473;0.15248;0.149086;0.146955;0.14842;0.147812;0.151625;0.148656;0.148903;0.155258;0.148868;0.148056;0.147203;0.154533;0.152854;0.152355;0.149236;0.153535;0.148732;0.147536;0.14947;0.15492;0.149033;0.155215;0.150556;0.151916;0.154415;0.151827;0.147403;0.147005;0.151855;0.148795;0.146557;0.149985;0.149878;0.152401;0.148224;0.153337;0.155266;0.151521;0.150422;0.14739;0.147;0.149214;0.146114;0.146322;0.149355;0.148855;0.151899;0.152833;0.147329;0.150139;0.147364;0.14981;0.146392;0.147034;0.149396;0.148213;0.14811;0.147721;0.149759;0.15681;0.153939;0.147976;0.148186;0.151079;0.15092;0.150577;0.152914;0.14962;0.155762;0.151036;0.156409;0.150775;0.146735;0.148747;0.148212;0.151747;0.148114;0.154006;0.149905;0.147609;0.156327;0.148736;0.151261;0.148567;0.150352;0.14808;0.147354;0.149184;0.152872;0.146285;0.149076;0.149343;0.150988;0.147382;0.145594;0.146093;0.148932;0.150221;0.14761;0.150622;0.148586;0.148303;0.147155;0.149932;0.152332;0.155003;0.150789;0.150041;0.15112;0.151395;0.152739;0.155465;0.15203;0.149193;0.153964;0.153005;0.154773;0.148058;0.151383;0.1509;0.147206;0.149417;0.148193;0.149978;0.14743;0.151543;0.153075;0.147155;0.1461;0.149655;0.152023;0.152741;0.152574;0.150289;0.152096;0.148392;0.155059;0.149358;0.149653;0.14803;0.150404;0.150536;0.149252;0.147086;0.148735;0.14789;0.148055;0.148739;0.149381;0.14891;0.146266;0.145952;0.145528;0.148666;0.147076;0.154846;0.150306;0.151524;0.14872;0.147499;0.147853;0.148774;0.149599;0.14731;0.146221;0.146323;0.14965;0.146211;0.155251;0.148731;0.148115;0.147801;0.146728;0.1475;0.15025;0.150779;0.149332;0.145441;0.14482;0.147551;0.150968;0.147972;0.149507;0.149557;0.146994;0.146804;0.146017;0.14498;0.1486;0.149465;0.146735;0.148702;0.14668;0.147775;0.147939;0.149102;0.147964;0.150396;0.153472;0.14893;0.149293;0.149776;0.149576;0.149386;0.148028;0.147142;0.151907;0.146915;0.155432;0.15385;0.150403;0.14834;0.152678;0.148422;0.149876;0.150394;0.147896;0.15362;0.148281;0.147679;0.148134;0.15096;0.15042;0.148185;0.156421;0.154227;0.150136;0.149912;0.14618;0.15081;0.150915;0.147155;0.147312;0.147818;0.156066;0.14898;0.148087;0.144886;0.151544;0.146381;0.153674;0.153756;0.150741;0.148212;0.149695;0.148515;0.153556;0.151789;0.150213;0.1484;0.147493;0.146755;0.147768;0.158337;0.149205;0.148597;0.147201;0.150848;0.147997;0.154254;0.154514;0.152008;0.149658;0.150667;0.151437;0.14981;0.149822;0.151946;0.149705;0.149309;0.155795;0.150599;0.148658;0.150787;0.149202;0.149467;0.150958;0.146975;0.149237;0.152164;0.152759;0.150006;0.153379;0.149242;0.149402;0.148244;0.15089;0.149005;0.149896;0.147657;0.146881;0.148205;0.152244;0.147972;0.150217;0.149418;0.151705;0.147887;0.147746;0.149498;0.149595;0.146359;0.146149;0.147596;0.147099;0.147421;0.149326;0.147802;0.147998;0.150217;0.147142;0.146214;0.150721;0.148574;0.149262;0.146778;0.147266;0.149247;0.149394;0.150122;0.145723;0.146175;0.146707;0.151571;0.147426;0.157468;0.150264;0.150333;0.150324;0.149877;0.151585;0.151761;0.152404;0.149105;0.148342;0.149315;0.154312;0.152634;0.1532;0.149067;0.148003;0.148438;0.147697;0.153213;0.150617;0.148491;0.146675;0.145548;0.153333;0.149585;0.152054;0.151503;0.150074;0.151265;0.152127;0.148201;0.153419;0.154917;0.154577;0.152874;0.15079;0.151516;0.15406;0.149692;0.15252;0.149941;0.150691;0.149311;0.149091;0.151889;0.151492;0.149046;0.149316;0.146386;0.148485;0.147482;0.14901;0.14976;0.14669;0.153573;0.149104;0.149299;0.148699;0.151213;0.147913;0.14635;0.147397;0.147089;0.146754;0.147536;0.149616;0.1485;0.149494;0.15361;0.149343;0.148209;0.149457;0.152264;0.14726;0.146273;0.147973;0.152025;0.146239;0.150571;0.149597;0.150069;0.150194;0.148326;0.150213;0.149386;0.149039;0.148831;0.146322;0.150172;0.147542;0.153004;0.151946;0.15317;0.148343;0.148604;0.150792;0.149442;0.150597;0.15397;0.14975;0.148409;0.149087;0.148554;0.152052;0.149845;0.149333;0.147662;0.148565;0.148585;0.149246;0.153669;0.148998;0.148768;0.151926;0.151731;0.147618;0.15196;0.150073;0.1512;0.148601;0.150829;0.150166;0.150334;0.148021;0.150831;0.148111;0.153082;0.152342;0.15083;0.150895;0.151431;0.150471;0.149978;0.150326;0.151468;0.149879;0.150137;0.15274;0.153217;0.14609;0.15011;0.15145;0.148021;0.149888;0.149637;0.150812;0.15408;0.14841;0.149395;0.156692;0.152598;0.155741;0.152629;0.153468;0.157061;0.153535;0.153707;0.150218;0.14883;0.151359;0.147056;0.148022;0.149674;0.149209;0.147035;0.153218;0.146153;0.151067;0.151252;0.155014;0.154256;0.151429;0.15025;0.156192;0.149477;0.152417;0.148696;0.147407;0.154098;0.148645;0.151312;0.149359;0.153473;0.151285;0.148337;0.149657;0.148338;0.147585;0.17916;0.153248;0.152521;0.148867;0.14746;0.155622;0.153277;0.152319;0.148315;0.149675;0.148445;0.147371;0.150193;0.149945;0.152883;0.151347;0.148152;0.147226;0.147827;0.154148;0.151639;0.153513;0.148689;0.149296;0.152454;0.149274;0.152261;0.149247;0.151492;0.152902;0.150452;0.149504;0.151135;0.148985;0.153859;0.148856;0.148365;0.147946;0.146908;0.150891;0.152471;0.150899;0.149159;0.148132;0.154314;0.15071;0.150536;0.151635;0.148404;0.148218;0.148775;0.146723;0.147484;0.149665;0.14895;0.153285;0.149177;0.148004;0.15094;0.146413;0.148846;0.1483;0.150173;0.149649;0.148547;0.148634;0.146068;0.152141;0.146015;0.151659;0.148567;0.146516;0.151336;0.152034;0.148425;0.147977;0.146925;0.147274;0.152396;0.15121;0.149347;0.147421;0.152992;0.150679;0.149774;0.153422;0.14688;0.148093;0.147205;0.146131;0.149675;0.152171;0.150319;0.146798;0.148395;0.147861;0.154083;0.14646;0.149021;0.147844;0.149508;0.15061;0.146892;0.146469;0.149099;0.153752;0.149379;0.1502;0.148036;0.147002;0.148688;0.151015;0.148844;0.147461;0.149885;0.155256;0.147974;0.150926;0.150706;0.147056;0.146612;0.149409;0.148458;0.149569;0.15093;0.15084;0.146595;0.145537;0.147049;0.146424;0.148039;0.152458;0.153523;0.150542;0.149498;0.149527;0.148894;0.149648;0.149264;0.14743;0.145812;0.147091;0.148156;0.146294;0.148034;0.146446;0.15064;0.14722;0.147582;0.150859;0.153312;0.152537;0.154308;0.148292;0.148783;0.145727;0.149703;0.153157;0.147627;0.150747;0.152449;0.14873;0.146888;0.150127;0.146285;0.146695;0.14799;0.15121;0.148077;0.146901;0.150959;0.154871;0.150127;0.150177;0.151332;0.149514;0.153161;0.149752;0.146827;0.148163;0.152703;0.149049;0.147728;0.152492;0.147317;0.147214;0.146943;0.146432;0.146825;0.156908;0.149751;0.149603;0.149874;0.153675;0.149638;0.149919;0.153862;0.149339;0.150993;0.14925;0.148015;0.148408;0.150168;0.146826;0.145381;0.14975;0.150017;0.147619;0.149858;0.152737;0.148861;0.150632;0.149495;0.150925;0.150901;0.153271;0.148278;0.149894;0.150281;0.156457;0.15065;0.150979;0.149962;0.148156;0.14813;0.14975;0.148926;0.148173;0.1493;0.14867;0.145639;0.147487;0.146845;0.146906;0.147373;0.150743;0.149604;0.148192;0.148593;0.149095;0.152844;0.153042;0.149191;0.152834;0.149676;0.148406;0.15329;0.148076;0.148921;0.148063;0.147008;0.147818;0.146759;0.147253;0.14888;0.148378;0.151436;0.149708;0.148119;0.148923;0.152627;0.151231;0.148259;0.150014;0.15374;0.14936;0.152688;0.153983;0.150958;0.150059;0.14989;0.152132;0.149517;0.15387;0.154107;0.147615;0.14841;0.150768;0.150045;0.151421;0.150977;0.147558;0.151923;0.151927;0.148789;0.153298;0.151223;0.156762;0.150334;0.148684;0.154943;0.15013;0.150717;0.150641;0.150351;0.152261;0.147614;0.151707;0.150723;0.149507;0.151051;0.150597;0.153077;0.148716;0.151326;0.150296;0.149556;0.150113;0.149409;0.151983;0.146924;0.153511;0.146865;0.149876;0.149008;0.148029;0.147735;0.149921;0.148163;0.153007;0.146744;0.149664;0.14685;0.146738;0.147883;0.14714;0.153472;0.148314;0.146953;0.151144;0.147666;0.149853;0.152803;0.148157;0.1494;0.151504;0.153997;0.147392;0.149025;0.148121;0.148659;0.152606;0.15197;0.148538;0.146937;0.151854;0.152117;0.148762;0.150281;0.152439;0.148802;0.146834;0.153546;0.150644;0.149741;0.150594;0.153167;0.153937;0.155693;0.147605;0.146243;0.151182;0.148755;0.150784;0.147076;0.15621;0.152246;0.153843;0.14786;0.150764;0.157086;0.157193;0.156334;0.157108;0.155569;0.155842;0.152968;0.155237;0.152369;0.153228;0.152003;0.153048;0.152889;0.152047;0.150717;0.148458;0.15217;0.148647;0.148408;0.150715;0.1518;0.149025;0.147727;0.147812;0.147048;0.146696;0.146317;0.150053;0.147898;0.146681;0.147505;0.148684;0.14818;0.15255;0.15024;0.149025;0.149653;0.149696;0.151844;0.150425;0.155154;0.15042;0.154597;0.149294;0.146809;0.146829;0.155692;0.148953;0.151428;0.149017;0.150084;0.151765;0.149036;0.149066;0.147109;0.148335;0.146834;0.15063;0.145973;0.149048;0.151212;0.149555;0.148718;0.147206;0.144941;0.149193;0.148628;0.14765;0.151523;0.151675;0.147769;0.147349;0.14793;0.147663;0.145442;0.150742;0.147314;0.147145;0.146865;0.150515;0.147571;0.149006;0.150673;0.149689;0.14695;0.150533;0.14955;0.152746;0.147109;0.147227;0.152403;0.152219;0.152238;0.15158;0.15126;0.151181;0.148601;0.154153;0.150162,
