# FP64; exactly one untimed warmup solve; setup includes representation/storage preparation; solve includes a fresh factorization and primal solve on every repetition.
# All backends receive identical data. Validation and result conversion are untimed.
# CLQR, generalized Riccati, and both Laine implementations also recover duals inside timing. Primal-only backends report no solver-dual KKT measurement.
# Setup+solve includes representation construction and fresh workspace allocation; destruction is excluded.
# Missing dual/kernel measurements are nan, not inferred from other solvers.
# planted_dual_stationarity_inf audits each returned primal with the fixture's known optimal dual, not solver output.
# primal_error and dual_error_inf are absolute infinity-norm errors against the known planted optimum, in original coordinates.
# Samples are individually timed; sample-list columns retain chronological times in ms separated by semicolons. Timing quantiles are unavailable for a single sample.
# min_seconds=1; fixed_repeats=0 (0 means duration-based); each timing phase uses its own budget.
backend,family,N,n,m,mixed_rows,state_rows,seed,status,repeats,setup_ms,median_ms,p10_ms,p90_ms,primal_error,objective,relative_objective_error,kernel_ms,feasibility_inf,stationarity_inf,kkt_inf,setup_solve_ms,planted_dual_stationarity_inf,dual_error_inf,setup_solve_repeats,solve_samples_ms,setup_solve_samples_ms,kernel_samples_ms
clqr_cpu,horizon,32,8,4,1,2,20260907,ok,12702,0.09224,0.077242,0.076431,0.080867,8.31279489688e-15,-15.9476005862,1.59901390551e-17,nan,5.55111512313e-16,3.67594843453e-13,3.67594843453e-13,0.081983,8.64239235732e-15,3.18481352402e-13,12158,0.111592;0.110396;0.108953;0.108273;0.108251;0.10852;0.108176;0.110881;0.108283;0.108523;0.109288;0.108167;0.107988;0.108508;0.108734;0.108325;0.108699;0.111421;0.108494;0.108231;0.108566;0.108656;0.10841;0.108863;0.108165;0.108188;0.11124;0.109742;0.108012;0.108508;0.108556;0.108708;0.10872;0.108501;0.108449;0.110914;0.109196;0.108336;0.108342;0.107958;0.108137;0.107862;0.108144;0.108014;0.10989;0.108754;0.108536;0.108656;0.107899;0.107917;0.108795;0.108122;0.108176;0.109794;0.108519;0.108383;0.108384;0.107719;0.108232;0.10827;0.107929;0.109012;0.108432;0.109506;0.108662;0.108621;0.108697;0.109003;0.108752;0.109151;0.108249;0.108424;0.109501;0.108036;0.108504;0.108129;0.108004;0.108123;0.10841;0.10871;0.108188;0.110507;0.108088;0.108703;0.107927;0.108381;0.10872;0.107975;0.10839;0.108393;0.110238;0.108136;0.108044;0.108092;0.108234;0.108192;0.107844;0.10754;0.107983;0.10777;0.110709;0.10832;0.108391;0.108329;0.109334;0.108402;0.108477;0.108628;0.109088;0.110565;0.108842;0.107936;0.107939;0.108291;0.108242;0.108904;0.109018;0.10881;0.115547;0.107928;0.1086;0.108431;0.108924;0.108949;0.108327;0.108425;0.108339;0.112084;0.108244;0.108703;0.108394;0.107867;0.109094;0.108181;0.108405;0.107976;0.110043;0.108665;0.108844;0.108734;0.1084;0.108523;0.108869;0.108723;0.108755;0.110331;0.108955;0.109329;0.109112;0.108459;0.109213;0.108385;0.109185;0.108295;0.108318;0.110597;0.108438;0.108421;0.10855;0.108987;0.108447;0.108671;0.109023;0.108432;0.111286;0.109451;0.108258;0.108265;0.108547;0.109017;0.108129;0.108578;0.108156;0.1119;0.108687;0.108827;0.108935;0.10839;0.109624;0.108799;0.108943;0.108757;0.110912;0.107954;0.108368;0.108664;0.10838;0.10886;0.109171;0.108386;0.108317;0.109847;0.108315;0.108209;0.108517;0.107881;0.108308;0.107731;0.108189;0.10801;0.108352;0.110341;0.108573;0.108989;0.10826;0.109013;0.10823;0.10864;0.109543;0.109568;0.1115;0.108675;0.107969;0.108413;0.109259;0.109239;0.108916;0.109633;0.110123;0.112116;0.109451;0.109549;0.115009;0.117278;0.113955;0.113115;0.1102;0.108773;0.113478;0.108955;0.108834;0.108853;0.108616;0.1082;0.10882;0.108387;0.108954;0.111313;0.109997;0.109938;0.109432;0.109394;0.109009;0.109759;0.108881;0.109337;0.111233;0.108606;0.10884;0.109638;0.108422;0.108281;0.108962;0.108336;0.108919;0.111392;0.109201;0.576289;0.483354;0.448438;0.453355;0.491368;0.324641;0.338446;0.322704;0.319601;0.261813;0.183621;0.184214;0.184257;0.18448;0.18905;0.183184;0.17131;0.099543;0.100543;0.100929;0.099956;0.09997;0.102256;0.101809;0.101574;0.101929;0.101876;0.101538;0.101695;0.078765;0.078509;0.078153;0.078587;0.080099;0.081544;0.079315;0.079302;0.079709;0.079823;0.080026;0.079494;0.079011;0.078372;0.077606;0.077268;0.079194;0.077178;0.07732;0.076497;0.076828;0.076926;0.07681;0.076969;0.076562;0.076717;0.07709;0.076824;0.076542;0.077507;0.077127;0.076781;0.076722;0.076664;0.076965;0.07835;0.076727;0.076616;0.077044;0.076877;0.076737;0.07667;0.077069;0.077535;0.077065;0.077285;0.077127;0.077137;0.077524;0.078023;0.077617;0.077;0.076982;0.076557;0.076925;0.077638;0.077777;0.080243;0.078425;0.076009;0.076424;0.076771;0.076669;0.077436;0.076198;0.076344;0.076655;0.0763;0.077073;0.081226;0.081867;0.077994;0.077695;0.077106;0.077282;0.077053;0.077629;0.077962;0.077527;0.078173;0.077589;0.078708;0.076912;0.076656;0.076714;0.07698;0.0771;0.076787;0.07625;0.076852;0.077712;0.077058;0.076676;0.076809;0.078191;0.077831;0.077232;0.077586;0.077429;0.07825;0.077812;0.078062;0.077952;0.077263;0.078529;0.077365;0.07749;0.078433;0.076638;0.077;0.076434;0.076632;0.07649;0.076482;0.076093;0.076695;0.077118;0.076805;0.077235;0.076858;0.078186;0.077057;0.076923;0.076655;0.076428;0.076405;0.076427;0.076641;0.076683;0.076417;0.076475;0.076819;0.077086;0.077869;0.076811;0.076934;0.076872;0.077532;0.07688;0.076541;0.077219;0.076933;0.076806;0.076385;0.076528;0.076478;0.078872;0.078566;0.078255;0.07854;0.078005;0.077704;0.077568;0.078017;0.077502;0.077421;0.076994;0.077624;0.077424;0.078286;0.077253;0.076146;0.076813;0.076431;0.076402;0.076565;0.076356;0.076476;0.076415;0.076406;0.07638;0.076254;0.078114;0.077174;0.077872;0.077882;0.077967;0.078083;0.077607;0.078096;0.077771;0.077905;0.078377;0.078094;0.078546;0.078385;0.077102;0.077769;0.077356;0.075977;0.076117;0.076112;0.076315;0.076495;0.076971;0.076577;0.076967;0.076629;0.077498;0.076584;0.076653;0.076707;0.077442;0.076191;0.076183;0.076649;0.076088;0.076364;0.076698;0.07693;0.076926;0.078329;0.076946;0.077427;0.076768;0.077169;0.077585;0.07712;0.076864;0.077244;0.076784;0.076528;0.076856;0.076594;0.079126;0.076743;0.076431;0.078014;0.078004;0.076845;0.078336;0.077942;0.077699;0.077368;0.077445;0.077237;0.078375;0.077095;0.077268;0.076772;0.076706;0.076536;0.077024;0.077035;0.077736;0.0772;0.077045;0.077181;0.07708;0.07788;0.077751;0.077944;0.077829;0.077467;0.077633;0.077566;0.077609;0.077314;0.078289;0.077943;0.077407;0.077606;0.078277;0.077458;0.077767;0.077283;0.07805;0.077459;0.077336;0.077268;0.07735;0.076462;0.077589;0.077161;0.076567;0.078561;0.078343;0.077908;0.077776;0.077714;0.077671;0.077029;0.077676;0.077034;0.077079;0.077552;0.077677;0.077349;0.078363;0.076794;0.07692;0.076298;0.076625;0.076443;0.076985;0.077252;0.07671;0.076431;0.07663;0.076424;0.076834;0.077318;0.077341;0.076906;0.077025;0.076697;0.076488;0.076793;0.076757;0.077187;0.076903;0.077052;0.076968;0.076957;0.077792;0.076738;0.07673;0.076727;0.077133;0.077187;0.076844;0.076734;0.076828;0.077482;0.07726;0.076588;0.076485;0.078921;0.077153;0.077334;0.077047;0.07705;0.077074;0.076776;0.077041;0.077067;0.077678;0.077207;0.077022;0.077297;0.078086;0.078182;0.078011;0.077269;0.077451;0.078042;0.077501;0.076972;0.077807;0.077603;0.077965;0.077655;0.077815;0.078424;0.077101;0.077321;0.0769;0.077335;0.077003;0.077397;0.076721;0.076764;0.076977;0.076786;0.076828;0.076707;0.078259;0.076531;0.077255;0.077698;0.076613;0.077501;0.076666;0.07688;0.077251;0.077086;0.076754;0.0768;0.076615;0.078114;0.07725;0.077174;0.077404;0.076335;0.076711;0.076759;0.076737;0.076993;0.076985;0.076312;0.076543;0.076325;0.078154;0.077209;0.07707;0.077597;0.078103;0.076919;0.076805;0.076799;0.077115;0.076935;0.077047;0.077206;0.077376;0.078043;0.077292;0.076847;0.076832;0.07723;0.077267;0.077279;0.076711;0.076642;0.076765;0.076912;0.076996;0.076879;0.078086;0.076896;0.076553;0.076614;0.076652;0.076588;0.078017;0.076728;0.076803;0.076655;0.07742;0.076834;0.076934;0.08347;0.081471;0.077606;0.077937;0.077213;0.077497;0.077396;0.077645;0.077181;0.077204;0.077411;0.076527;0.07718;0.07894;0.077255;0.077483;0.077419;0.076766;0.076773;0.077527;0.077426;0.078501;0.077463;0.077633;0.076605;0.078258;0.077746;0.077256;0.077436;0.077521;0.077408;0.077475;0.07705;0.077364;0.077232;0.077922;0.077193;0.076711;0.078536;0.077246;0.076764;0.076697;0.076501;0.07644;0.077071;0.076532;0.077227;0.076744;0.076461;0.078172;0.076966;0.078113;0.077227;0.076484;0.076846;0.077162;0.077056;0.077135;0.078251;0.081085;0.077123;0.077186;0.077387;0.077735;0.078414;0.077041;0.077463;0.076828;0.077185;0.076968;0.077489;0.077237;0.077221;0.07678;0.077285;0.076669;0.076861;0.082733;0.077449;0.07691;0.076608;0.077645;0.078022;0.077515;0.077474;0.07717;0.07654;0.076998;0.077338;0.07744;0.079002;0.078717;0.077367;0.077702;0.077801;0.077857;0.077808;0.07782;0.077889;0.077684;0.077418;0.077635;0.077633;0.079029;0.078437;0.079261;0.077815;0.078024;0.078142;0.077242;0.078189;0.077946;0.078329;0.077747;0.077453;0.077869;0.079456;0.078424;0.079314;0.078762;0.078631;0.078564;0.078614;0.078985;0.078226;0.077898;0.079053;0.078679;0.078879;0.076959;0.076792;0.076584;0.077412;0.076725;0.077298;0.076836;0.076957;0.076782;0.076611;0.076744;0.076254;0.077301;0.076831;0.076465;0.076998;0.07672;0.077852;0.076839;0.076399;0.076794;0.07658;0.076983;0.076806;0.076109;0.077405;0.076723;0.076264;0.076266;0.076094;0.076291;0.077667;0.076297;0.07605;0.076004;0.07648;0.075944;0.076226;0.077417;0.078157;0.076831;0.076697;0.077033;0.076731;0.076904;0.078212;0.077098;0.077117;0.077479;0.076532;0.077348;0.077774;0.076572;0.076232;0.076355;0.076772;0.076326;0.076243;0.076618;0.078165;0.077246;0.076564;0.07654;0.076691;0.07755;0.077411;0.077393;0.077058;0.076957;0.077053;0.076305;0.07693;0.076535;0.077678;0.076551;0.076358;0.076562;0.077791;0.077364;0.07698;0.077433;0.076752;0.077485;0.077505;0.077566;0.077535;0.077214;0.078767;0.077444;0.076929;0.077515;0.077213;0.076599;0.076696;0.07702;0.076673;0.076621;0.076831;0.077207;0.076712;0.077135;0.07837;0.076652;0.077827;0.077857;0.077885;0.077647;0.077888;0.077727;0.077605;0.077456;0.07699;0.077693;0.077389;0.077359;0.078325;0.079392;0.077441;0.077527;0.078028;0.078276;0.079699;0.081802;0.078286;0.077859;0.078205;0.077708;0.07689;0.077769;0.078834;0.077878;0.076254;0.076222;0.076375;0.076192;0.07646;0.076745;0.076144;0.076918;0.077251;0.076539;0.076253;0.079359;0.078565;0.078573;0.078286;0.078491;0.07857;0.078298;0.07823;0.078164;0.080104;0.07777;0.07823;0.077994;0.079471;0.077336;0.078535;0.077428;0.077531;0.078463;0.077737;0.076915;0.077339;0.077724;0.077325;0.077156;0.077779;0.078026;0.07673;0.07668;0.077985;0.077066;0.076752;0.07661;0.076481;0.076429;0.077262;0.076969;0.078136;0.079455;0.077283;0.077228;0.07723;0.077393;0.079049;0.078577;0.077359;0.079713;0.077685;0.077152;0.077948;0.078772;0.078516;0.077503;0.077155;0.077225;0.077032;0.076974;0.076907;0.078536;0.076871;0.076795;0.076879;0.076359;0.076844;0.078298;0.077632;0.076975;0.077091;0.077067;0.076786;0.076672;0.07712;0.077888;0.077053;0.077352;0.076947;0.0771;0.078571;0.076864;0.077086;0.076475;0.076284;0.076109;0.077011;0.076576;0.076457;0.077634;0.076285;0.076342;0.076;0.07749;0.079342;0.077799;0.077909;0.078068;0.078641;0.078372;0.078692;0.077983;0.078776;0.078876;0.078125;0.078342;0.07961;0.079826;0.080946;0.07866;0.076702;0.07673;0.07692;0.076861;0.077183;0.076628;0.077196;0.077336;0.077323;0.078471;0.076648;0.077233;0.076705;0.076882;0.076521;0.076483;0.076358;0.076583;0.076749;0.076336;0.076557;0.076932;0.077798;0.076639;0.076284;0.077028;0.076287;0.076996;0.076877;0.076302;0.075948;0.076262;0.076388;0.076298;0.077227;0.078482;0.076477;0.077672;0.076675;0.076905;0.077023;0.076717;0.076298;0.077768;0.076984;0.077096;0.076768;0.076539;0.079564;0.077497;0.076889;0.076681;0.076161;0.076713;0.07668;0.076574;0.076584;0.076481;0.076616;0.07696;0.076649;0.078645;0.0785;0.077724;0.077361;0.077806;0.077857;0.077474;0.077485;0.077684;0.07798;0.077388;0.077784;0.078162;0.078259;0.076849;0.076147;0.076301;0.076082;0.075882;0.076222;0.076083;0.076403;0.076394;0.076093;0.076244;0.076665;0.078306;0.077361;0.07803;0.07684;0.07666;0.07758;0.076997;0.077088;0.076678;0.077353;0.076473;0.076925;0.077233;0.078129;0.077448;0.077633;0.078172;0.077489;0.076952;0.07714;0.076773;0.077052;0.077338;0.077502;0.076644;0.076602;0.078759;0.0772;0.077126;0.077138;0.078227;0.077609;0.076879;0.077372;0.077537;0.077046;0.076991;0.077076;0.077028;0.077133;0.076098;0.07648;0.07648;0.076694;0.076861;0.076181;0.076258;0.075831;0.076655;0.075628;0.076797;0.07603;0.077692;0.076466;0.076586;0.076324;0.07641;0.076394;0.07742;0.076236;0.076325;0.07662;0.076553;0.075668;0.076712;0.077706;0.07636;0.076126;0.076242;0.075982;0.076234;0.076555;0.07712;0.076367;0.076249;0.07628;0.07593;0.075798;0.077846;0.077135;0.076186;0.076852;0.076506;0.077056;0.07734;0.077126;0.07762;0.077021;0.076878;0.077081;0.076673;0.077801;0.077034;0.076915;0.076621;0.07734;0.077153;0.077408;0.077602;0.076959;0.077568;0.076777;0.077058;0.077487;0.078198;0.076081;0.07643;0.076671;0.076227;0.076086;0.075955;0.076056;0.076276;0.076518;0.07714;0.076427;0.075557;0.078466;0.076941;0.077214;0.076951;0.077031;0.076882;0.076622;0.076224;0.077054;0.076475;0.077309;0.076883;0.077311;0.077576;0.0765;0.076658;0.076509;0.07599;0.076476;0.076099;0.07623;0.076557;0.076526;0.07607;0.077417;0.076335;0.077588;0.076743;0.076195;0.076465;0.07672;0.076886;0.07661;0.076316;0.076188;0.076343;0.075949;0.076383;0.077516;0.077642;0.076475;0.076736;0.07686;0.077626;0.076928;0.076156;0.076728;0.077328;0.076963;0.076558;0.076904;0.077002;0.078737;0.077871;0.077173;0.077559;0.07772;0.077518;0.077897;0.077984;0.077574;0.077571;0.079491;0.080796;0.077695;0.078419;0.078791;0.077905;0.07791;0.077922;0.077709;0.077962;0.078105;0.07833;0.078161;0.078618;0.077639;0.078678;0.07715;0.077956;0.076526;0.077103;0.076915;0.077032;0.077293;0.07727;0.076467;0.077285;0.076807;0.076617;0.07793;0.077102;0.077162;0.077654;0.076906;0.077301;0.07681;0.076282;0.076922;0.077224;0.076886;0.076855;0.07687;0.077456;0.07716;0.077264;0.077785;0.077503;0.076823;0.077151;0.07718;0.07703;0.07695;0.077099;0.076953;0.077153;0.078467;0.076853;0.076973;0.076964;0.076965;0.076987;0.076601;0.076601;0.076804;0.076716;0.076411;0.076873;0.076548;0.077509;0.077111;0.076734;0.076657;0.07647;0.077537;0.076919;0.07671;0.076935;0.076745;0.076904;0.07735;0.076932;0.077848;0.07635;0.076414;0.076152;0.076803;0.077252;0.077599;0.076779;0.076778;0.077083;0.0765;0.076624;0.07622;0.077708;0.077993;0.07784;0.077524;0.077429;0.076854;0.078276;0.077793;0.077711;0.076965;0.077839;0.07816;0.077288;0.078487;0.076807;0.077161;0.076219;0.076556;0.076446;0.076333;0.077118;0.076736;0.076713;0.076566;0.076723;0.076863;0.076842;0.078024;0.07722;0.077688;0.076944;0.077076;0.077795;0.076994;0.077881;0.077712;0.077047;0.078447;0.077507;0.081008;0.079222;0.076968;0.077723;0.077064;0.07694;0.077636;0.077501;0.077983;0.077257;0.077307;0.077204;0.076971;0.078003;0.077552;0.077923;0.077674;0.077227;0.077528;0.077029;0.077382;0.077403;0.078177;0.077391;0.077688;0.077639;0.078563;0.077469;0.077447;0.077191;0.077026;0.077273;0.077105;0.077453;0.076829;0.077039;0.078198;0.076859;0.077239;0.078388;0.076479;0.076577;0.076289;0.076633;0.076156;0.076446;0.07619;0.076413;0.076279;0.077203;0.076723;0.076456;0.077884;0.076418;0.076848;0.076486;0.076803;0.076659;0.076538;0.076397;0.076849;0.07683;0.076974;0.076782;0.076939;0.077544;0.076936;0.076903;0.07705;0.076928;0.07708;0.077391;0.076773;0.076718;0.076947;0.076818;0.076972;0.077416;0.078959;0.07758;0.078189;0.077519;0.077179;0.077184;0.077758;0.078054;0.077735;0.077594;0.077556;0.077203;0.077174;0.079342;0.076975;0.077498;0.077284;0.077108;0.07725;0.077114;0.077035;0.076647;0.076853;0.076742;0.07677;0.077242;0.078298;0.077531;0.077076;0.076987;0.07715;0.076978;0.077027;0.077386;0.077598;0.076842;0.077017;0.076755;0.076918;0.077721;0.076652;0.077313;0.07596;0.076334;0.076428;0.076352;0.076154;0.076073;0.07599;0.076357;0.076174;0.075953;0.078498;0.077716;0.078221;0.07776;0.07723;0.077545;0.078107;0.077979;0.077635;0.077241;0.077936;0.077273;0.077151;0.077766;0.076792;0.076407;0.07741;0.076354;0.076837;0.075776;0.076496;0.076305;0.076034;0.07601;0.0763;0.076587;0.077499;0.076863;0.076951;0.076511;0.077733;0.077252;0.076564;0.076475;0.076775;0.076812;0.076826;0.076922;0.077381;0.078099;0.082414;0.07904;0.07658;0.077132;0.076566;0.076802;0.076347;0.076379;0.076374;0.076625;0.076279;0.076673;0.078188;0.077499;0.076856;0.076895;0.076941;0.077446;0.076922;0.076638;0.076995;0.076949;0.077014;0.077089;0.07697;0.077093;0.076977;0.076747;0.07638;0.07656;0.076016;0.077777;0.07629;0.076189;0.076721;0.076823;0.076997;0.076579;0.078724;0.077195;0.076931;0.077127;0.077571;0.077418;0.077049;0.077931;0.077376;0.076862;0.077225;0.077168;0.077965;0.076552;0.076484;0.076484;0.077357;0.07657;0.076436;0.076632;0.077204;0.076627;0.076935;0.076604;0.076817;0.076906;0.077862;0.077104;0.076664;0.077095;0.076596;0.076796;0.077144;0.077136;0.077813;0.077029;0.076699;0.077079;0.077799;0.076299;0.076306;0.07612;0.076261;0.076009;0.076427;0.076574;0.076654;0.076369;0.077298;0.076274;0.076424;0.075803;0.077649;0.075981;0.076102;0.076219;0.076554;0.076386;0.076531;0.076324;0.07622;0.076225;0.077196;0.076257;0.076229;0.077329;0.076786;0.076612;0.076806;0.076419;0.076871;0.076658;0.076913;0.076789;0.076773;0.07708;0.077557;0.07658;0.077719;0.076583;0.076451;0.07632;0.076386;0.076233;0.075938;0.076038;0.075769;0.076078;0.076165;0.076457;0.076836;0.078204;0.077281;0.07789;0.077551;0.078077;0.07765;0.077966;0.07767;0.077485;0.077427;0.077349;0.077827;0.077854;0.07867;0.077372;0.07721;0.077129;0.077005;0.077083;0.077244;0.07716;0.077237;0.07658;0.077075;0.077171;0.077116;0.079197;0.077377;0.077145;0.07684;0.077129;0.076653;0.076764;0.076847;0.076619;0.076441;0.076733;0.076869;0.077023;0.094097;0.078105;0.07707;0.077464;0.077425;0.077554;0.076742;0.07693;0.077164;0.077678;0.077208;0.077277;0.079111;0.077193;0.077952;0.077536;0.076541;0.076964;0.076977;0.07642;0.076519;0.076742;0.076462;0.076699;0.077197;0.078133;0.077567;0.077453;0.077697;0.077979;0.07712;0.077196;0.077849;0.077596;0.077788;0.077129;0.076915;0.077045;0.078976;0.076824;0.076979;0.076909;0.077799;0.077571;0.076934;0.076726;0.077387;0.076505;0.076158;0.07672;0.076563;0.078435;0.076811;0.076856;0.076829;0.076288;0.077305;0.076877;0.077064;0.077065;0.076584;0.077063;0.076754;0.07635;0.077849;0.077374;0.077354;0.077289;0.077569;0.078019;0.078021;0.077795;0.077819;0.0777;0.077047;0.077577;0.077291;0.078598;0.077242;0.076553;0.076919;0.076614;0.076336;0.07733;0.076445;0.076484;0.076295;0.076644;0.076642;0.076431;0.078264;0.077173;0.077108;0.077368;0.077164;0.076589;0.077091;0.077815;0.076845;0.077078;0.077175;0.077841;0.077245;0.078028;0.077122;0.077104;0.077299;0.076839;0.077057;0.076883;0.076844;0.078288;0.076671;0.077142;0.076987;0.076547;0.078064;0.076765;0.077177;0.077366;0.07714;0.076609;0.076746;0.076688;0.077591;0.077289;0.07667;0.076942;0.076803;0.077346;0.076581;0.076991;0.077257;0.076747;0.076724;0.076571;0.07717;0.076842;0.07798;0.076983;0.077088;0.077071;0.077589;0.076635;0.076264;0.076182;0.076173;0.076442;0.076083;0.076115;0.076099;0.075862;0.076673;0.076085;0.07543;0.077656;0.076675;0.07618;0.076608;0.076163;0.076339;0.076111;0.076216;0.076102;0.07561;0.07628;0.076889;0.077018;0.078461;0.077169;0.077439;0.077629;0.076776;0.076946;0.077689;0.077597;0.077152;0.076957;0.077542;0.077129;0.077827;0.0785;0.076548;0.076979;0.077024;0.07717;0.077171;0.07711;0.076315;0.076761;0.077328;0.076678;0.07687;0.077125;0.079112;0.077293;0.077077;0.077501;0.077504;0.077075;0.077031;0.077666;0.079078;0.076797;0.076969;0.07702;0.076744;0.079284;0.077777;0.077301;0.077145;0.077217;0.077018;0.079875;0.076493;0.076983;0.076691;0.07765;0.078116;0.078298;0.078629;0.078454;0.077399;0.076623;0.07912;0.076792;0.076401;0.077;0.076907;0.077268;0.077026;0.076951;0.078438;0.077638;0.077528;0.078254;0.077448;0.077918;0.078049;0.078016;0.077853;0.078141;0.07723;0.076973;0.077391;0.079451;0.07673;0.076658;0.07729;0.076505;0.076443;0.075725;0.076365;0.076703;0.075943;0.076364;0.079453;0.076188;0.077196;0.080018;0.076724;0.076895;0.077235;0.075896;0.076044;0.07627;0.077047;0.076528;0.076276;0.076408;0.076098;0.076959;0.076783;0.07668;0.076536;0.076556;0.077095;0.076674;0.076637;0.076527;0.07662;0.07617;0.076834;0.07661;0.078234;0.076888;0.076786;0.078132;0.076769;0.076515;0.07761;0.076451;0.077164;0.076471;0.076637;0.077044;0.076428;0.078408;0.076648;0.077995;0.076928;0.07648;0.076313;0.076171;0.076851;0.076537;0.076185;0.076205;0.076341;0.077164;0.078876;0.077826;0.077259;0.077304;0.077581;0.077295;0.077403;0.078365;0.077651;0.076933;0.078067;0.07749;0.077282;0.078886;0.077592;0.077429;0.077477;0.077803;0.076627;0.077782;0.076466;0.078335;0.077044;0.077348;0.077856;0.07708;0.079677;0.077433;0.076697;0.07704;0.076811;0.076544;0.076755;0.076719;0.076788;0.077106;0.076933;0.076737;0.076579;0.078352;0.077463;0.077271;0.077451;0.077172;0.077076;0.080096;0.077383;0.076909;0.077407;0.077986;0.077764;0.077139;0.078893;0.076467;0.076454;0.077054;0.076823;0.076966;0.076757;0.076497;0.076801;0.076581;0.07652;0.076395;0.077075;0.079106;0.077988;0.076835;0.076889;0.078107;0.077395;0.077827;0.077546;0.077274;0.077007;0.076821;0.077987;0.076911;0.078636;0.076442;0.076182;0.076511;0.076892;0.076409;0.076109;0.075921;0.076536;0.076629;0.076092;0.077029;0.077031;0.078062;0.07691;0.076471;0.076456;0.076862;0.076798;0.076644;0.076896;0.077078;0.076496;0.077329;0.077207;0.076866;0.079391;0.076896;0.077031;0.076775;0.076579;0.076789;0.076933;0.077548;0.077161;0.076853;0.077313;0.077296;0.076926;0.079403;0.077323;0.077276;0.076553;0.076982;0.077072;0.076928;0.078082;0.077092;0.076858;0.076578;0.076498;0.077015;0.078923;0.077129;0.076514;0.076612;0.076976;0.077955;0.076788;0.076869;0.078184;0.080821;0.080964;0.081004;0.080867;0.082634;0.077184;0.078425;0.076953;0.077906;0.077823;0.076746;0.076294;0.077016;0.076624;0.07636;0.076674;0.078169;0.079432;0.082477;0.080644;0.078178;0.078002;0.078187;0.078094;0.078173;0.07775;0.077542;0.078048;0.07803;0.07948;0.080102;0.080246;0.07694;0.077193;0.07735;0.077261;0.076814;0.077334;0.077794;0.077037;0.07692;0.076725;0.079043;0.077891;0.083626;0.077352;0.076831;0.077652;0.078437;0.076573;0.077549;0.077353;0.076742;0.077005;0.076683;0.080076;0.076593;0.076817;0.076419;0.076589;0.076792;0.077136;0.076998;0.077219;0.07707;0.077856;0.077006;0.07686;0.078217;0.077132;0.077499;0.077181;0.076624;0.076707;0.076728;0.077292;0.076503;0.077286;0.076786;0.077422;0.076982;0.07921;0.077559;0.077734;0.077465;0.077417;0.077779;0.076719;0.077701;0.078045;0.077759;0.077402;0.078195;0.078245;0.079188;0.076359;0.076562;0.076483;0.07706;0.0771;0.076879;0.077443;0.076542;0.076744;0.07714;0.0773;0.07661;0.07859;0.07653;0.077063;0.076576;0.076939;0.077673;0.076292;0.07606;0.077826;0.07746;0.076805;0.076418;0.076915;0.078258;0.076522;0.076592;0.07687;0.07648;0.076937;0.076687;0.077124;0.076766;0.076529;0.077442;0.076726;0.076251;0.078173;0.076426;0.077699;0.079759;0.085575;0.076094;0.077538;0.080914;0.082444;0.077072;0.079016;0.08266;0.086727;0.083464;0.089944;0.083;0.082518;0.083423;0.086253;0.08363;0.084135;0.081089;0.080079;0.084462;0.087613;0.083351;0.085915;0.082968;0.082607;0.083991;0.085522;0.087767;0.083131;0.087755;0.084241;0.083579;0.088532;0.099535;0.096959;0.085209;0.08353;0.081663;0.082461;0.084645;0.082735;0.083128;0.084765;0.08465;0.094264;0.096444;0.08372;0.082971;0.08472;0.086743;0.086114;0.084945;0.08424;0.083523;0.082301;0.089243;0.098089;0.0922;0.082545;0.083738;0.082053;0.082717;0.082805;0.082287;0.082461;0.082282;0.082945;0.085099;0.082195;0.082239;0.084105;0.083618;0.084323;0.081091;0.081408;0.082723;0.083405;0.082482;0.082555;0.086166;0.084184;0.083571;0.084084;0.084471;0.084797;0.083797;0.083743;0.083278;0.083009;0.083452;0.083642;0.084955;0.082866;0.082301;0.082398;0.082357;0.082401;0.082743;0.081775;0.081735;0.081159;0.082648;0.082875;0.083789;0.080866;0.081569;0.081109;0.08068;0.081193;0.080801;0.082061;0.080843;0.080649;0.080874;0.081063;0.084195;0.081491;0.080679;0.080851;0.080825;0.081002;0.080495;0.08149;0.081435;0.081538;0.081179;0.081354;0.083235;0.081464;0.080108;0.080269;0.080549;0.080784;0.080895;0.080511;0.080134;0.080678;0.080881;0.081848;0.081911;0.085073;0.081984;0.082372;0.081063;0.080818;0.080428;0.080229;0.080752;0.080542;0.080553;0.080655;0.079918;0.082793;0.080547;0.081018;0.080781;0.080459;0.080807;0.081197;0.080784;0.080754;0.080701;0.080723;0.082608;0.082949;0.080642;0.080767;0.080376;0.080548;0.080373;0.080378;0.080355;0.080669;0.0805;0.080342;0.080367;0.081087;0.083927;0.080992;0.080778;0.080642;0.081135;0.080171;0.080374;0.080493;0.080287;0.080587;0.080379;0.08076;0.082618;0.081949;0.080296;0.080346;0.080842;0.080588;0.080796;0.080698;0.080403;0.080636;0.081161;0.080493;0.082982;0.080919;0.080802;0.081557;0.080608;0.080654;0.080303;0.080316;0.080074;0.080242;0.080497;0.080778;0.080511;0.083148;0.081004;0.081539;0.082243;0.081789;0.080975;0.081818;0.081867;0.081236;0.081026;0.080573;0.081186;0.083505;0.081281;0.080987;0.080569;0.081902;0.081614;0.080504;0.080752;0.080997;0.081105;0.081247;0.080403;0.081984;0.080889;0.080464;0.08045;0.080643;0.080711;0.081385;0.080397;0.080767;0.080965;0.080903;0.080292;0.080345;0.082509;0.080769;0.07988;0.080046;0.080645;0.080214;0.080755;0.0807;0.080631;0.080707;0.080559;0.080533;0.081636;0.080941;0.080403;0.080283;0.080341;0.080249;0.080527;0.080215;0.080871;0.080671;0.080523;0.080645;0.080501;0.082146;0.080157;0.080219;0.080058;0.080468;0.080024;0.079716;0.080216;0.080655;0.079833;0.080123;0.080182;0.081551;0.08057;0.080202;0.080072;0.080093;0.080401;0.08069;0.08022;0.080335;0.081809;0.080883;0.081035;0.082155;0.080292;0.080475;0.07998;0.080161;0.08027;0.08047;0.080295;0.079927;0.080101;0.080896;0.079907;0.080252;0.082001;0.080287;0.080311;0.079739;0.080233;0.079705;0.079449;0.080432;0.079914;0.080304;0.080959;0.080134;0.0817;0.081013;0.080728;0.080309;0.080566;0.080558;0.080621;0.080681;0.080719;0.080832;0.080688;0.080971;0.081097;0.082458;0.0816;0.0815;0.081633;0.081743;0.081563;0.08063;0.081822;0.081052;0.081598;0.080703;0.082456;0.082832;0.080047;0.080233;0.079712;0.08055;0.080649;0.080213;0.080509;0.080521;0.080431;0.080594;0.080232;0.082363;0.08175;0.081365;0.081515;0.081045;0.081254;0.080661;0.08072;0.080691;0.081296;0.081162;0.080678;0.080544;0.084595;0.081194;0.081224;0.080978;0.08125;0.080608;0.081045;0.081211;0.080422;0.080478;0.080857;0.080888;0.082092;0.081715;0.080762;0.079401;0.08036;0.080638;0.07647;0.078192;0.080247;0.080257;0.08052;0.07978;0.081852;0.08127;0.080847;0.081421;0.081456;0.081301;0.080885;0.081051;0.081455;0.081711;0.081585;0.081847;0.081328;0.082854;0.080653;0.081247;0.080674;0.080341;0.080624;0.080165;0.079708;0.080849;0.080645;0.080125;0.079957;0.082772;0.080553;0.08043;0.081512;0.080664;0.080487;0.0802;0.079585;0.080595;0.080326;0.079808;0.080214;0.079924;0.082621;0.080303;0.080665;0.080905;0.080841;0.080666;0.080289;0.08074;0.080585;0.080113;0.080658;0.080887;0.082081;0.080128;0.080601;0.080776;0.080592;0.08145;0.080558;0.080863;0.080731;0.080513;0.08078;0.080857;0.082382;0.081055;0.080272;0.080619;0.080331;0.080591;0.080996;0.080117;0.081229;0.08069;0.08187;0.080428;0.080195;0.084172;0.081399;0.081837;0.081016;0.081435;0.081236;0.082331;0.081584;0.081535;0.081626;0.081485;0.081549;0.084302;0.080651;0.080752;0.081087;0.081393;0.081475;0.081092;0.08171;0.080912;0.081281;0.080348;0.080572;0.082899;0.08115;0.080495;0.080636;0.080606;0.080184;0.081288;0.081074;0.08175;0.080428;0.081336;0.080656;0.082722;0.081806;0.081037;0.081074;0.080724;0.080932;0.080828;0.081323;0.081252;0.082265;0.080716;0.081745;0.081225;0.08293;0.080971;0.08084;0.080714;0.08075;0.080923;0.081093;0.080496;0.08096;0.081308;0.080986;0.080448;0.083229;0.081175;0.081359;0.081188;0.080561;0.081843;0.081277;0.081531;0.080978;0.081088;0.081379;0.081376;0.083442;0.08133;0.080993;0.080554;0.080481;0.080788;0.080792;0.080869;0.080141;0.080597;0.080415;0.081328;0.082898;0.082807;0.08105;0.081264;0.080814;0.080835;0.080869;0.080492;0.080873;0.080037;0.080579;0.080778;0.080848;0.083386;0.081403;0.081701;0.081207;0.081422;0.081639;0.080906;0.081776;0.082287;0.081417;0.082173;0.08183;0.084199;0.081358;0.080761;0.08106;0.081062;0.080715;0.080678;0.080764;0.080533;0.080835;0.081002;0.080318;0.080838;0.082658;0.081536;0.081005;0.080704;0.080384;0.081458;0.080366;0.080499;0.080614;0.080432;0.080191;0.080754;0.084602;0.08119;0.081812;0.081732;0.081428;0.081381;0.081402;0.081995;0.081336;0.080669;0.081721;0.080818;0.082609;0.081152;0.081438;0.081793;0.08058;0.080834;0.081225;0.081085;0.081495;0.081046;0.081897;0.080823;0.08178;0.083564;0.081406;0.081528;0.082104;0.081583;0.081725;0.081186;0.081742;0.081806;0.081613;0.081299;0.081582;0.083589;0.082253;0.081747;0.082288;0.082574;0.082038;0.0823;0.082994;0.082126;0.08221;0.081779;0.082082;0.082939;0.081227;0.080562;0.0807;0.080543;0.080969;0.080676;0.080471;0.080683;0.080544;0.080399;0.080638;0.082323;0.08178;0.080658;0.080824;0.081063;0.080747;0.081532;0.081441;0.080484;0.081097;0.080662;0.080932;0.081011;0.083365;0.080945;0.080572;0.080857;0.08049;0.080606;0.081736;0.081229;0.080557;0.080555;0.080338;0.080813;0.082357;0.080987;0.080674;0.080632;0.081096;0.080822;0.080407;0.081392;0.080723;0.081394;0.080515;0.081267;0.081769;0.081779;0.08132;0.081605;0.081413;0.082015;0.082023;0.081618;0.082492;0.081282;0.081267;0.081359;0.083493;0.081113;0.080874;0.08041;0.08051;0.081098;0.081019;0.081014;0.080498;0.081643;0.080672;0.081133;0.080677;0.083008;0.081551;0.081203;0.080537;0.081131;0.081025;0.081082;0.081202;0.080913;0.082168;0.080987;0.081072;0.08246;0.080977;0.080672;0.080219;0.080353;0.080666;0.080578;0.080057;0.080656;0.080402;0.080946;0.080539;0.080408;0.082897;0.080597;0.080766;0.080498;0.0809;0.080623;0.080505;0.080401;0.080733;0.080972;0.081728;0.080923;0.082545;0.081811;0.081349;0.081297;0.079751;0.081413;0.081485;0.081672;0.081889;0.081409;0.081499;0.081979;0.083903;0.082144;0.081873;0.082277;0.081669;0.082062;0.081849;0.081762;0.081207;0.082054;0.081875;0.082095;0.084204;0.081063;0.081197;0.080675;0.08101;0.080414;0.081147;0.081051;0.080912;0.080663;0.080622;0.080643;0.081053;0.085414;0.081968;0.082081;0.082202;0.082455;0.082449;0.082237;0.082139;0.082705;0.082323;0.082485;0.082123;0.083455;0.082417;0.082327;0.081761;0.081551;0.080958;0.081719;0.082205;0.081836;0.082147;0.082021;0.082098;0.083025;0.081786;0.082514;0.081237;0.081676;0.081703;0.081994;0.081247;0.081854;0.081717;0.0816;0.081949;0.08256;0.082085;0.081636;0.083119;0.081976;0.081895;0.082272;0.081678;0.082027;0.08203;0.08221;0.082168;0.083758;0.080663;0.08023;0.080321;0.080588;0.080593;0.080107;0.080704;0.08051;0.080447;0.080784;0.080538;0.080586;0.083261;0.080931;0.08079;0.080514;0.079863;0.081686;0.080324;0.080553;0.080698;0.080758;0.080472;0.08071;0.082436;0.081179;0.080683;0.081011;0.080402;0.08041;0.081557;0.080569;0.080666;0.080965;0.080785;0.080743;0.082638;0.08076;0.080696;0.080596;0.080472;0.080436;0.08036;0.081086;0.079943;0.080563;0.080582;0.0806;0.080699;0.083288;0.081476;0.080848;0.081193;0.081356;0.081008;0.081652;0.082338;0.080852;0.081479;0.081494;0.08136;0.082891;0.081042;0.080825;0.081293;0.080897;0.081102;0.081494;0.081628;0.081846;0.081436;0.081541;0.081034;0.082353;0.081165;0.081208;0.081552;0.081732;0.08163;0.081338;0.081222;0.08135;0.082642;0.081797;0.08142;0.081323;0.083051;0.081366;0.081556;0.081209;0.08151;0.081059;0.081006;0.081703;0.081307;0.08209;0.081212;0.081387;0.083273;0.081711;0.081128;0.081784;0.081677;0.081877;0.081654;0.082215;0.082214;0.081307;0.082313;0.081722;0.08323;0.081446;0.081027;0.081322;0.080932;0.081168;0.081817;0.081104;0.081669;0.081077;0.081374;0.082151;0.082813;0.081251;0.080928;0.080183;0.080499;0.080366;0.080563;0.080155;0.080424;0.080734;0.080436;0.079977;0.080923;0.082505;0.080724;0.080119;0.080232;0.080118;0.080301;0.080418;0.080076;0.080216;0.079674;0.080246;0.079995;0.083055;0.081997;0.081052;0.080977;0.08136;0.081018;0.081442;0.080452;0.080972;0.081415;0.081522;0.081147;0.08694;0.0821;0.080902;0.081219;0.080816;0.080714;0.080706;0.080723;0.080685;0.080755;0.080967;0.081168;0.08078;0.089653;0.081584;0.080599;0.080522;0.079865;0.080655;0.08031;0.080194;0.080246;0.080302;0.08036;0.079847;0.082179;0.080942;0.082387;0.081309;0.081213;0.08097;0.081305;0.081208;0.080876;0.080664;0.081083;0.082149;0.082297;0.082154;0.08153;0.082533;0.081699;0.081782;0.08087;0.08198;0.081549;0.081895;0.081554;0.082174;0.081807;0.083212;0.080986;0.080517;0.081764;0.080866;0.080527;0.080716;0.081123;0.08049;0.080574;0.081055;0.080029;0.082588;0.080502;0.080405;0.080561;0.081397;0.080523;0.080247;0.080224;0.080182;0.080319;0.080539;0.079976;0.081387;0.081168;0.08037;0.080556;0.08037;0.081089;0.080661;0.080951;0.081205;0.081222;0.080653;0.080524;0.080816;0.082124;0.080749;0.080245;0.079675;0.080049;0.079708;0.080746;0.080076;0.0804;0.080446;0.080526;0.080294;0.082245;0.079971;0.080858;0.080684;0.080077;0.080471;0.080872;0.081166;0.080423;0.080102;0.080549;0.08034;0.081959;0.080324;0.080561;0.080918;0.080217;0.080552;0.079959;0.080007;0.081219;0.080477;0.080236;0.080065;0.080367;0.082418;0.081237;0.080502;0.080591;0.081136;0.080932;0.081501;0.081124;0.081751;0.081201;0.08116;0.081233;0.082853;0.080977;0.081012;0.081011;0.080356;0.080713;0.081071;0.080862;0.081014;0.081278;0.080901;0.080464;0.080789;0.082838;0.08165;0.081417;0.081952;0.081749;0.081429;0.081308;0.081865;0.081827;0.08258;0.081717;0.081963;0.08363;0.080731;0.081546;0.081554;0.080894;0.080719;0.081375;0.081301;0.081455;0.081253;0.081721;0.080744;0.08187;0.080648;0.081069;0.080616;0.08167;0.081102;0.080872;0.080295;0.081093;0.081367;0.081377;0.081583;0.082522;0.081145;0.080291;0.081368;0.08107;0.080523;0.080829;0.080543;0.080609;0.081073;0.080639;0.080887;0.081742;0.083535;0.080826;0.080537;0.080446;0.080512;0.080273;0.080656;0.08072;0.080583;0.080802;0.080377;0.080356;0.083848;0.080773;0.081021;0.08077;0.08082;0.081268;0.081202;0.080949;0.081034;0.08073;0.080738;0.080989;0.081555;0.081865;0.081137;0.080737;0.080503;0.08087;0.081011;0.080828;0.080733;0.081092;0.080305;0.080871;0.080715;0.083067;0.082512;0.082301;0.081615;0.082187;0.081708;0.08222;0.082035;0.081658;0.081592;0.081847;0.082168;0.082721;0.080024;0.081042;0.080379;0.080236;0.080094;0.079871;0.080224;0.080412;0.080304;0.080228;0.08036;0.081504;0.080062;0.080175;0.080265;0.081156;0.080453;0.080769;0.080429;0.080143;0.080267;0.080253;0.079941;0.080377;0.082404;0.080294;0.080605;0.080477;0.081657;0.080483;0.081134;0.080613;0.08109;0.081008;0.08069;0.080806;0.079136;0.078865;0.0814;0.077962;0.076515;0.077807;0.077169;0.077257;0.076657;0.076678;0.077344;0.081009;0.080461;0.08272;0.080454;0.080464;0.080176;0.079967;0.077959;0.080994;0.076422;0.07619;0.076117;0.076062;0.076603;0.076133;0.077859;0.079569;0.081186;0.077303;0.076441;0.076766;0.076524;0.077292;0.077081;0.077172;0.076724;0.077023;0.076671;0.08062;0.080883;0.079855;0.076891;0.076728;0.076704;0.076744;0.076733;0.077958;0.076501;0.076916;0.076715;0.077691;0.079352;0.080589;0.076996;0.076609;0.076363;0.076512;0.076345;0.076594;0.076725;0.077106;0.076691;0.076236;0.077832;0.078434;0.081624;0.080736;0.077533;0.077269;0.077327;0.077379;0.077318;0.078001;0.077333;0.076961;0.078043;0.078143;0.079499;0.080501;0.080513;0.078092;0.075947;0.075628;0.075657;0.076418;0.076143;0.076358;0.075708;0.076811;0.083161;0.081769;0.07911;0.076737;0.07697;0.076948;0.076854;0.07686;0.076764;0.076573;0.076163;0.076391;0.077091;0.078576;0.07981;0.081449;0.079254;0.076828;0.076046;0.076644;0.076546;0.076519;0.076385;0.0764;0.076539;0.07661;0.085506;0.080654;0.081007;0.081411;0.078165;0.07669;0.076499;0.077205;0.076357;0.076584;0.076848;0.076434;0.076582;0.077877;0.076821;0.076825;0.076645;0.077318;0.076557;0.076528;0.077091;0.076939;0.077003;0.07713;0.07716;0.076619;0.077962;0.07675;0.076976;0.076537;0.077096;0.076971;0.077111;0.077386;0.076789;0.077362;0.077147;0.076728;0.078299;0.076975;0.076739;0.076244;0.076332;0.076669;0.077374;0.076493;0.076385;0.076401;0.076373;0.076651;0.076471;0.076573;0.077549;0.077041;0.076814;0.077137;0.07689;0.076368;0.077807;0.077227;0.076997;0.076506;0.077096;0.076691;0.07673;0.086225;0.076575;0.076737;0.07702;0.075987;0.076347;0.076236;0.076904;0.07626;0.076528;0.075875;0.07624;0.077367;0.076635;0.076587;0.07646;0.076036;0.076481;0.076181;0.076434;0.076216;0.077234;0.07678;0.077094;0.07733;0.076878;0.077258;0.07643;0.076511;0.076286;0.076658;0.076122;0.076238;0.076281;0.076335;0.077001;0.076477;0.076528;0.076337;0.077354;0.075846;0.076336;0.076119;0.076453;0.075787;0.075788;0.076183;0.076154;0.076095;0.077607;0.075928;0.076424;0.07773;0.0769;0.076427;0.076245;0.07632;0.076651;0.076685;0.076646;0.076824;0.076761;0.076194;0.076679;0.076231;0.078088;0.077034;0.076774;0.076781;0.076507;0.077379;0.077392;0.077089;0.076874;0.076988;0.076437;0.076965;0.077873;0.078223;0.076725;0.076423;0.076353;0.076192;0.076522;0.076417;0.076104;0.076598;0.076127;0.076627;0.0765;0.076728;0.078364;0.075986;0.07631;0.076616;0.076289;0.076302;0.076627;0.076762;0.076836;0.076417;0.076393;0.076518;0.07636;0.077479;0.076784;0.075797;0.076117;0.076152;0.075938;0.076566;0.076335;0.076126;0.076104;0.075918;0.076563;0.076338;0.077852;0.07696;0.077953;0.076748;0.076774;0.077303;0.07699;0.076734;0.076811;0.076753;0.077036;0.076902;0.077236;0.07795;0.0771;0.077421;0.077873;0.07713;0.077246;0.077315;0.07708;0.077683;0.077552;0.076931;0.07691;0.078107;0.078041;0.0768;0.076827;0.077317;0.076762;0.077071;0.077072;0.076676;0.077309;0.076658;0.07684;0.077264;0.076974;0.077891;0.076329;0.07608;0.075968;0.076857;0.07617;0.07663;0.075867;0.07583;0.076341;0.07628;0.076222;0.075645;0.077241;0.076648;0.075964;0.075899;0.076431;0.076509;0.076371;0.076409;0.076026;0.076089;0.076012;0.076059;0.075591;0.076902;0.076669;0.075917;0.075962;0.076267;0.076012;0.0769;0.076498;0.076428;0.076148;0.076305;0.076883;0.075781;0.077607;0.076781;0.076431;0.076936;0.075962;0.075649;0.07766;0.076937;0.077401;0.076724;0.076679;0.076724;0.076425;0.078382;0.077261;0.076863;0.076698;0.076332;0.077178;0.076762;0.077374;0.076945;0.079118;0.081209;0.081878;0.081034;0.081294;0.077448;0.077084;0.077197;0.076882;0.077133;0.07686;0.076667;0.077547;0.07711;0.076889;0.07715;0.076606;0.078116;0.07761;0.077193;0.077355;0.076916;0.076994;0.076974;0.077074;0.076449;0.077579;0.07703;0.076682;0.078481;0.076434;0.076474;0.076397;0.076047;0.076391;0.076204;0.076368;0.076194;0.076196;0.076045;0.077081;0.076557;0.076646;0.077724;0.076562;0.076674;0.076433;0.077044;0.076795;0.076948;0.076704;0.07693;0.07675;0.076353;0.077595;0.076702;0.077834;0.075755;0.076047;0.075964;0.075977;0.075969;0.075928;0.07704;0.079947;0.076372;0.076041;0.075985;0.07652;0.080653;0.081206;0.07905;0.076912;0.077389;0.077094;0.076986;0.076728;0.076794;0.076498;0.076711;0.076911;0.078823;0.077298;0.075982;0.076094;0.076474;0.075746;0.076269;0.076307;0.076308;0.075778;0.075838;0.076515;0.076003;0.075964;0.077623;0.077073;0.076402;0.076455;0.076146;0.076506;0.076839;0.076035;0.076916;0.076092;0.07621;0.075961;0.076296;0.077335;0.076083;0.076666;0.076591;0.076086;0.076304;0.076173;0.076047;0.076208;0.076468;0.076258;0.076337;0.076162;0.078056;0.075918;0.076853;0.076823;0.077137;0.076516;0.076606;0.076826;0.076417;0.076678;0.07613;0.076745;0.075686;0.090225;0.076646;0.076135;0.077412;0.076195;0.07647;0.0768;0.076349;0.075985;0.076245;0.076248;0.076463;0.076546;0.077546;0.076193;0.076457;0.076163;0.076809;0.076397;0.076656;0.076727;0.076339;0.075936;0.076169;0.076236;0.07603;0.07762;0.076441;0.076146;0.076426;0.07585;0.076683;0.076067;0.076048;0.07615;0.075803;0.076324;0.075927;0.076332;0.077394;0.077148;0.076614;0.076129;0.076572;0.076333;0.077479;0.076181;0.076125;0.076591;0.076605;0.076773;0.076673;0.077407;0.077651;0.077325;0.077001;0.077053;0.076833;0.076984;0.07778;0.07706;0.076967;0.079753;0.077728;0.076766;0.077914;0.076937;0.076571;0.076751;0.076967;0.076533;0.076514;0.07707;0.076954;0.076454;0.076727;0.076356;0.076864;0.078255;0.07877;0.077303;0.076427;0.076669;0.076516;0.076412;0.076843;0.077029;0.076405;0.076483;0.075924;0.075964;0.078149;0.077099;0.077493;0.076883;0.076926;0.076809;0.076876;0.077038;0.076625;0.077752;0.076736;0.077009;0.077766;0.078062;0.077506;0.07677;0.077285;0.076687;0.077426;0.07671;0.077205;0.076727;0.076874;0.078572;0.077504;0.077439;0.078922;0.077101;0.077436;0.07694;0.077165;0.076792;0.077002;0.077097;0.076717;0.076867;0.076688;0.077886;0.076538;0.078465;0.076846;0.077028;0.077;0.077061;0.076743;0.076725;0.077045;0.077206;0.077057;0.076628;0.077116;0.078499;0.07857;0.077195;0.077393;0.077446;0.077477;0.076785;0.077391;0.077221;0.077291;0.077334;0.076896;0.077405;0.076958;0.079053;0.077174;0.076795;0.076844;0.077267;0.076973;0.076971;0.077575;0.076883;0.077139;0.076517;0.076477;0.076314;0.079258;0.077424;0.076864;0.076819;0.077082;0.077133;0.076651;0.078056;0.080744;0.076819;0.07711;0.076427;0.077175;0.07699;0.07647;0.077719;0.077279;0.077232;0.077179;0.076882;0.076883;0.076855;0.077561;0.077026;0.077164;0.077705;0.077622;0.076763;0.076848;0.077002;0.07659;0.076428;0.076425;0.076871;0.07718;0.076881;0.077028;0.076814;0.077733;0.077657;0.076921;0.0772;0.078482;0.077311;0.077217;0.077186;0.077276;0.076891;0.076786;0.076984;0.076787;0.077614;0.076508;0.076145;0.076068;0.076419;0.077859;0.076631;0.076263;0.075923;0.076315;0.075812;0.076142;0.075898;0.077248;0.076297;0.076446;0.078652;0.077967;0.077696;0.077367;0.077045;0.076437;0.076704;0.076552;0.076097;0.076333;0.077868;0.076853;0.076658;0.077268;0.076702;0.076729;0.076807;0.078001;0.076588;0.076154;0.076936;0.07664;0.076539;0.077845;0.077391;0.076803;0.077156;0.077298;0.077136;0.076799;0.07698;0.077559;0.076968;0.076925;0.076539;0.077025;0.077791;0.076718;0.076464;0.076283;0.076016;0.076559;0.076292;0.076277;0.076526;0.076944;0.076667;0.076125;0.07635;0.077367;0.077149;0.076798;0.077094;0.076954;0.076342;0.077032;0.076449;0.076629;0.077041;0.077269;0.076614;0.076549;0.077835;0.076653;0.076163;0.076219;0.076079;0.07578;0.076729;0.076268;0.076276;0.07606;0.076271;0.076903;0.076483;0.075627;0.077729;0.077239;0.076592;0.076983;0.077329;0.077155;0.077702;0.07738;0.0773;0.076889;0.07726;0.077474;0.078119;0.077003;0.076344;0.077052;0.075935;0.076424;0.076737;0.07653;0.076817;0.076922;0.077024;0.076347;0.077738;0.077762;0.077217;0.076133;0.076438;0.076992;0.075997;0.076043;0.076983;0.076393;0.076512;0.077012;0.076738;0.077139;0.078521;0.077504;0.076274;0.076094;0.076229;0.076495;0.076415;0.076504;0.07677;0.076736;0.076313;0.076236;0.076329;0.076575;0.077608;0.076829;0.076584;0.076826;0.076651;0.076857;0.076272;0.076606;0.07691;0.076314;0.076235;0.076269;0.076577;0.077716;0.077504;0.077332;0.077612;0.076861;0.076466;0.077064;0.077116;0.077282;0.078678;0.079553;0.077029;0.078161;0.076742;0.076426;0.077058;0.076181;0.076046;0.076328;0.076235;0.076175;0.076338;0.07601;0.076015;0.076715;0.075976;0.077861;0.076137;0.076697;0.076459;0.078198;0.077968;0.076923;0.076231;0.076463;0.076247;0.076305;0.076469;0.076402;0.0774;0.076297;0.076215;0.07625;0.076254;0.076873;0.076293;0.076762;0.07608;0.076764;0.07693;0.076526;0.075998;0.077621;0.077086;0.077218;0.077363;0.076254;0.076615;0.077075;0.076697;0.076827;0.07645;0.076716;0.076683;0.076716;0.077815;0.076161;0.076436;0.075963;0.076419;0.076182;0.076609;0.07755;0.076783;0.076457;0.076261;0.076324;0.07586;0.079368;0.081144;0.081429;0.079205;0.076569;0.077297;0.077073;0.077346;0.07853;0.076927;0.076456;0.076894;0.077297;0.078354;0.077611;0.077378;0.077327;0.077157;0.07715;0.077381;0.076875;0.076611;0.077502;0.076775;0.077327;0.078208;0.077054;0.076894;0.076723;0.076669;0.076815;0.076537;0.076897;0.076851;0.076752;0.076308;0.077638;0.07697;0.07764;0.076126;0.076332;0.076004;0.076021;0.075867;0.07586;0.075775;0.076326;0.076396;0.076419;0.076186;0.077626;0.076328;0.078152;0.076359;0.07644;0.07638;0.076317;0.076635;0.076658;0.076815;0.075989;0.07597;0.07622;0.076457;0.078004;0.08019;0.076553;0.077087;0.076648;0.076787;0.076523;0.07686;0.077049;0.076662;0.076492;0.076583;0.076862;0.077173;0.079262;0.076608;0.076381;0.076221;0.07621;0.076564;0.076905;0.076159;0.076539;0.080133;0.080302;0.080401;0.081453;0.081043;0.07754;0.076957;0.076136;0.076663;0.076349;0.076785;0.076659;0.076825;0.076811;0.077174;0.07679;0.07817;0.080669;0.081358;0.078073;0.077241;0.076412;0.07674;0.076652;0.076935;0.076559;0.076884;0.076689;0.07659;0.077226;0.080344;0.080841;0.076831;0.077877;0.076717;0.076645;0.076875;0.076665;0.077016;0.076957;0.077161;0.077103;0.078228;0.080447;0.080863;0.081325;0.076605;0.077126;0.07704;0.076497;0.076698;0.076615;0.077271;0.076434;0.07642;0.078455;0.080948;0.080046;0.07581;0.076965;0.076914;0.076953;0.080491;0.081656;0.077473;0.076221;0.076252;0.076037;0.078056;0.077183;0.077526;0.0769;0.077019;0.076857;0.077461;0.078299;0.077822;0.07684;0.076916;0.076711;0.076763;0.078035;0.076181;0.076474;0.076784;0.076319;0.076004;0.076481;0.076842;0.076703;0.076019;0.076383;0.075911;0.075993;0.078288;0.076868;0.076761;0.0764;0.076993;0.076882;0.076713;0.077206;0.077089;0.077253;0.077256;0.076804;0.076841;0.078584;0.077984;0.077414;0.078045;0.077823;0.077342;0.077757;0.077907;0.077228;0.078691;0.077698;0.077578;0.078026;0.079361;0.077448;0.076656;0.080969;0.081157;0.077862;0.076312;0.076808;0.07701;0.07707;0.078837;0.077358;0.079113;0.077093;0.076924;0.07903;0.081093;0.080759;0.081288;0.081544;0.081376;0.08156;0.081593;0.081107;0.082072;0.083085;0.080798;0.080793;0.080957;0.080636;0.081168;0.08071;0.080464;0.080221;0.080629;0.08034;0.080525;0.082945;0.081489;0.081191;0.080984;0.080859;0.081034;0.081153;0.081027;0.081182;0.08102;0.08125;0.081352;0.081131;0.082645;0.080789;0.080836;0.080542;0.080584;0.080526;0.08056;0.081103;0.08067;0.080063;0.080446;0.080763;0.08217;0.080864;0.081352;0.080145;0.080577;0.080531;0.080952;0.080443;0.080742;0.080869;0.081181;0.080797;0.082596;0.081355;0.081322;0.082006;0.081267;0.080954;0.081308;0.08085;0.08042;0.077167;0.076754;0.076987;0.077014;0.078372;0.077662;0.07693;0.077522;0.078001;0.077115;0.077225;0.077734;0.076819;0.07708;0.077249;0.07801;0.077746;0.078697;0.077406;0.077242;0.07742;0.077925;0.07725;0.076723;0.076684;0.077681;0.077411;0.078011;0.077095;0.077031;0.0786;0.077192;0.077035;0.076602;0.076086;0.076538;0.077949;0.07657;0.076706;0.076616;0.076221;0.076307;0.076246;0.078096;0.077313;0.076477;0.077196;0.077007;0.077282;0.077394;0.077954;0.076645;0.076868;0.076419;0.076545;0.076609;0.078159;0.077588;0.077539;0.077626;0.07763;0.077493;0.077296;0.077447;0.077859;0.077237;0.077418;0.077511;0.078736;0.076708;0.076857;0.076557;0.076527;0.076026;0.076815;0.076443;0.076486;0.076241;0.076457;0.076055;0.076153;0.077233;0.077106;0.077485;0.077239;0.077435;0.07714;0.078066;0.077484;0.077329;0.077003;0.077307;0.077216;0.07788;0.081575;0.077439;0.076789;0.076625;0.077361;0.076881;0.077035;0.076449;0.076634;0.076296;0.076962;0.077357;0.077894;0.077933;0.076671;0.076108;0.076074;0.076386;0.076447;0.076106;0.076236;0.076606;0.075986;0.076118;0.076172;0.076641;0.077512;0.076382;0.076373;0.076402;0.076586;0.076123;0.076334;0.075838;0.075779;0.075767;0.076104;0.07636;0.076099;0.076797;0.078082;0.076193;0.075832;0.076469;0.07607;0.075978;0.076587;0.076476;0.076039;0.076425;0.076131;0.076596;0.076389;0.078567;0.077251;0.07695;0.077169;0.07707;0.077752;0.077756;0.077103;0.076837;0.076994;0.077095;0.076992;0.076658;0.079282;0.077675;0.07718;0.077821;0.077753;0.077127;0.07749;0.076792;0.077422;0.077413;0.077293;0.077254;0.078366;0.076551;0.077707;0.076625;0.076675;0.076451;0.076518;0.076595;0.076967;0.07661;0.076677;0.076985;0.076666;0.077983;0.076669;0.076636;0.077729;0.076344;0.076374;0.0763;0.076415;0.076305;0.076477;0.076087;0.076753;0.076617;0.076336;0.07829;0.077197;0.076953;0.078137;0.076586;0.076826;0.07627;0.076592;0.076972;0.076526;0.076576;0.076866;0.076535;0.077639;0.075976;0.076375;0.076239;0.076761;0.076031;0.075954;0.076165;0.07655;0.076086;0.07586;0.075984;0.076019;0.078502;0.077208;0.077208;0.07713;0.077263;0.077508;0.076996;0.076927;0.077145;0.076898;0.077127;0.076906;0.076798;0.077668;0.077063;0.076408;0.075969;0.076259;0.076854;0.076998;0.07659;0.076544;0.07643;0.076622;0.076387;0.076661;0.078779;0.077181;0.076912;0.076861;0.077245;0.076808;0.077004;0.076909;0.076619;0.07701;0.079676;0.076748;0.077443;0.077371;0.076103;0.075816;0.075993;0.076487;0.076205;0.076249;0.076976;0.076474;0.076378;0.076539;0.076696;0.076622;0.078713;0.076936;0.07653;0.077282;0.076711;0.076552;0.077031;0.076547;0.07732;0.077233;0.07703;0.076981;0.076768;0.079796;0.076647;0.076357;0.076672;0.077168;0.076742;0.076707;0.076694;0.076627;0.077491;0.076728;0.076797;0.076836;0.078035;0.076721;0.076767;0.07711;0.076557;0.076872;0.076953;0.076879;0.076867;0.077131;0.078351;0.077062;0.076938;0.077222;0.076867;0.076738;0.076804;0.076837;0.076765;0.076726;0.07733;0.076498;0.07663;0.076775;0.076832;0.076926;0.077717;0.076911;0.07708;0.077295;0.076811;0.077172;0.077265;0.076656;0.076775;0.07755;0.077238;0.077063;0.079096;0.077888;0.077038;0.076295;0.076608;0.0766;0.076503;0.07677;0.076761;0.076522;0.076636;0.076631;0.076998;0.076555;0.077369;0.077394;0.076881;0.077363;0.076488;0.076227;0.076257;0.076787;0.076722;0.076766;0.076877;0.07682;0.076704;0.079412;0.077735;0.078278;0.077886;0.077806;0.077774;0.077848;0.077877;0.07754;0.077145;0.07768;0.077647;0.078262;0.07741;0.077263;0.077987;0.077013;0.077517;0.077426;0.077241;0.077461;0.07727;0.077032;0.076903;0.076796;0.077974;0.077178;0.077668;0.077609;0.078055;0.076855;0.076978;0.07682;0.076853;0.076841;0.076691;0.077059;0.076961;0.077991;0.076853;0.076198;0.076306;0.076698;0.076747;0.076708;0.07655;0.07648;0.076596;0.080567;0.08077;0.078248;0.078507;0.077105;0.076793;0.076632;0.076992;0.077516;0.078416;0.077171;0.07693;0.076702;0.076538;0.077026;0.076722;0.077724;0.077035;0.076274;0.076347;0.076654;0.076656;0.076384;0.077369;0.076845;0.07634;0.076826;0.075907;0.077005;0.077683;0.076958;0.077003;0.077036;0.077188;0.076904;0.076903;0.077221;0.077467;0.076054;0.077009;0.077378;0.077089;0.078334;0.077207;0.076593;0.07669;0.07633;0.07717;0.076473;0.07736;0.077934;0.077278;0.076522;0.076939;0.076756;0.078855;0.077598;0.076835;0.07688;0.077166;0.077172;0.077219;0.076942;0.077421;0.07906;0.076372;0.075649;0.076301;0.078011;0.079544;0.081478;0.079333;0.077264;0.077863;0.077791;0.077452;0.077333;0.077768;0.078266;0.077582;0.077739;0.079275;0.081521;0.080969;0.079977;0.076375;0.076885;0.076794;0.076985;0.076373;0.077024;0.076793;0.077646;0.076991;0.078255;0.076699;0.077308;0.077294;0.07669;0.077085;0.076913;0.076923;0.077106;0.077365;0.076997;0.07743;0.078269;0.079376;0.078318;0.078311;0.076703;0.077598;0.077441;0.076931;0.077463;0.077443;0.076805;0.07745;0.076978;0.078538;0.077042;0.076548;0.076948;0.076868;0.077043;0.077027;0.076892;0.07704;0.07703;0.0774;0.077782;0.077676;0.079012;0.07729;0.078058;0.076899;0.077514;0.077005;0.076521;0.076286;0.076872;0.077068;0.076587;0.076643;0.076818;0.077548;0.07662;0.077013;0.076594;0.076973;0.076695;0.07667;0.077253;0.077195;0.076919;0.0769;0.076431;0.076235;0.077145;0.076871;0.077028;0.076843;0.077542;0.077304;0.076696;0.076371;0.076574;0.076721;0.076569;0.076805;0.076834;0.077655;0.076934;0.076751;0.076538;0.077148;0.078615;0.076745;0.076641;0.07699;0.077068;0.07666;0.076487;0.076338;0.077312;0.076898;0.076434;0.076815;0.076347;0.076256;0.07705;0.076545;0.075856;0.075934;0.076398;0.076755;0.076386;0.077099;0.077712;0.07764;0.0777;0.078042;0.077626;0.077742;0.078582;0.07803;0.077754;0.077266;0.077582;0.077716;0.078506;0.076307;0.076652;0.076817;0.076747;0.076709;0.076406;0.077091;0.076787;0.076617;0.076717;0.076202;0.077005;0.077535;0.077719;0.076706;0.077746;0.077596;0.077282;0.077512;0.077458;0.078553;0.077251;0.077116;0.077178;0.077226;0.078449;0.0773;0.077134;0.077914;0.077345;0.07701;0.077227;0.077013;0.077499;0.077853;0.076875;0.077579;0.077609;0.078225;0.077209;0.077494;0.077323;0.076684;0.076865;0.076942;0.07718;0.077454;0.077197;0.077497;0.0774;0.080092;0.080064;0.077502;0.077385;0.077579;0.077604;0.077285;0.07693;0.077797;0.077009;0.077791;0.078299;0.076918;0.07786;0.078137;0.078251;0.076949;0.076981;0.077576;0.077554;0.077697;0.077615;0.077041;0.077322;0.077599;0.07761;0.077489;0.078271;0.076815;0.076526;0.076865;0.07645;0.076348;0.076105;0.076292;0.076061;0.076531;0.07657;0.076314;0.077411;0.078254;0.076787;0.076898;0.077194;0.07665;0.076541;0.076892;0.076634;0.076761;0.077102;0.076546;0.076723;0.077037;0.078447;0.076815;0.076305;0.076387;0.076602;0.076917;0.076622;0.076893;0.076375;0.076583;0.076767;0.076816;0.076448;0.078517;0.078769;0.078093;0.078147;0.078179;0.078098;0.078291;0.077816;0.077927;0.078269;0.078481;0.077701;0.077972;0.078958;0.078688;0.077639;0.077636;0.077236;0.077378;0.07724;0.077405;0.07728;0.077408;0.077336;0.077344;0.07689;0.078671;0.076802;0.077887;0.076599;0.076826;0.076821;0.077311;0.076692;0.07686;0.077085;0.077213;0.076684;0.078104;0.078432;0.080956;0.080438;0.081125;0.080514;0.080731;0.081247;0.078309;0.079575;0.080754;0.081062;0.080499;0.08373;0.081253;0.081667;0.081538;0.079801;0.079188;0.077352;0.077154;0.077413;0.076776;0.076963;0.076803;0.077156;0.078943;0.082022;0.081466;0.079093;0.077339;0.078087;0.077546;0.077341;0.077294;0.077502;0.077726;0.077221;0.078124;0.080357;0.079255;0.076782;0.076797;0.07711;0.076763;0.077545;0.077978;0.077573;0.077824;0.077207;0.076816;0.078209;0.081957;0.080884;0.076751;0.077479;0.077404;0.07797;0.078469;0.077196;0.07696;0.07743;0.076721;0.077253;0.078659;0.080678;0.080631;0.080995;0.08149;0.080922;0.076612;0.077057;0.078571;0.077995;0.077489;0.077705;0.081597;0.082162;0.077447;0.076831;0.076836;0.077037;0.076613;0.076794;0.076891;0.076901;0.07652;0.078302;0.077388;0.077057;0.078918;0.078233;0.077899;0.077421;0.077303;0.077511;0.077348;0.077948;0.077393;0.077263;0.077369;0.078496;0.078577;0.076943;0.077583;0.077723;0.077512;0.077287;0.077447;0.077387;0.077715;0.076874;0.077826;0.077456;0.077555;0.078498;0.077085;0.076518;0.077113;0.07691;0.076887;0.076613;0.076865;0.077026;0.076736;0.076777;0.076833;0.076585;0.112922;0.078388;0.080565;0.079566;0.076556;0.077559;0.077425;0.077522;0.07664;0.076933;0.077377;0.077026;0.076918;0.078213;0.077437;0.07682;0.077193;0.076647;0.076623;0.076854;0.076504;0.080946;0.081058;0.080686;0.077206;0.079044;0.081321;0.078791;0.077771;0.076733;0.076714;0.077472;0.08086;0.076936;0.076384;0.076201;0.077734;0.08114;0.081949;0.08089;0.076808;0.077245;0.081295;0.077529;0.076713;0.077574;0.077566;0.07749;0.079672;0.081462;0.081879;0.082632;0.080658;0.078472;0.079649;0.077149;0.07727;0.076402;0.078072;0.078345;0.076275;0.076341;0.0773;0.080597;0.083765;0.082832;0.082379;0.081968;0.07872;0.078365;0.07977;0.080803;0.07828;0.078514;0.077643;0.077523;0.079115;0.080991;0.081872;0.078007;0.078046;0.077897;0.079764;0.08143;0.082867;0.081629;0.078317;0.077724;0.077542;0.081792;0.082667;0.081698;0.078438;0.078433;0.078295;0.07853;0.078479;0.078854;0.078062;0.078306;0.078126;0.079632;0.077933;0.08113;0.08132;0.077154;0.077129;0.077323;0.077233;0.078168;0.077148;0.078119;0.077;0.077483;0.07869;0.078321;0.081067;0.079772;0.076288;0.076713;0.07657;0.076505;0.076659;0.076899;0.077046;0.07703;0.076566;0.078197;0.076288;0.077142;0.076548;0.077209;0.077098;0.077062;0.077026;0.076877;0.076452;0.077208;0.07783;0.076645;0.078802;0.077777;0.077945;0.077809;0.077362;0.077977;0.077557;0.078157;0.078186;0.077923;0.07785;0.078167;0.078717;0.079096;0.076764;0.077052;0.077293;0.076979;0.077105;0.077118;0.076803;0.077171;0.076706;0.07681;0.076502;0.077328;0.078633;0.077315;0.077194;0.076531;0.07648;0.076673;0.076864;0.076975;0.077213;0.076916;0.077009;0.077316;0.076895;0.079529;0.079479;0.077914;0.077957;0.07749;0.077421;0.077666;0.077639;0.078076;0.078043;0.077987;0.077813;0.077505;0.078299;0.077262;0.076963;0.076172;0.076391;0.076711;0.076993;0.076789;0.076747;0.076612;0.076806;0.076306;0.076752;0.079573;0.077418;0.077994;0.077357;0.077598;0.078255;0.077816;0.078024;0.078;0.077748;0.077744;0.077582;0.078121;0.07718;0.076885;0.077179;0.077746;0.07694;0.076759;0.076551;0.076532;0.076345;0.076786;0.076401;0.076147;0.078309;0.077837;0.077735;0.078018;0.078639;0.081782;0.078506;0.078347;0.078465;0.077846;0.077872;0.078227;0.081897;0.083624;0.081164;0.078433;0.077014;0.07658;0.076792;0.077964;0.076941;0.076792;0.077002;0.077151;0.077092;0.07704;0.078986;0.080462;0.077123;0.077262;0.077266;0.077027;0.077603;0.078651;0.077894;0.077567;0.077362;0.077278;0.076484;0.078619;0.076922;0.077293;0.077033;0.076789;0.077551;0.076836;0.076771;0.077872;0.077346;0.076964;0.076884;0.077147;0.078714;0.077435;0.077237;0.07751;0.077357;0.077525;0.077768;0.078031;0.077836;0.078377;0.077489;0.07766;0.076676;0.078456;0.077413;0.076907;0.077434;0.077591;0.077871;0.077087;0.07698;0.077492;0.077454;0.078454;0.077119;0.079516;0.076974;0.076696;0.076894;0.077091;0.076369;0.077042;0.076555;0.076637;0.076938;0.076758;0.07709;0.077848;0.07769;0.077064;0.076524;0.076567;0.076705;0.077109;0.076818;0.077069;0.076904;0.076626;0.076461;0.076706;0.077236;0.077975;0.07643;0.076449;0.076137;0.076848;0.076124;0.076365;0.076508;0.076285;0.076364;0.076584;0.076543;0.076303;0.076026;0.079749;0.078499;0.078045;0.078003;0.078003;0.078354;0.078566;0.078362;0.078898;0.0783;0.078253;0.078078;0.079236;0.077898;0.07856;0.078004;0.078198;0.077696;0.077605;0.077721;0.077658;0.077659;0.077824;0.077461;0.077876;0.078493;0.076546;0.076256;0.077967;0.076572;0.077025;0.076353;0.076721;0.076298;0.076338;0.076559;0.076269;0.076236;0.077595;0.077246;0.07748;0.077671;0.078574;0.076978;0.077497;0.077099;0.076972;0.076628;0.076815;0.077447;0.077272;0.078249;0.077127;0.076753;0.076885;0.077245;0.07784;0.077218;0.077032;0.076808;0.077425;0.077343;0.077439;0.076692;0.078091;0.076941;0.076959;0.076383;0.076827;0.076496;0.076736;0.077783;0.077015;0.077251;0.076688;0.07711;0.077053;0.078711;0.078345;0.078895;0.078261;0.07835;0.078028;0.078049;0.078542;0.079367;0.078301;0.078336;0.077896;0.07798;0.078997;0.077319;0.076975;0.077362;0.07706;0.077168;0.076695;0.077083;0.076624;0.077807;0.077418;0.076676;0.077216;0.077828;0.076431;0.076703;0.076418;0.07684;0.076481;0.07674;0.076376;0.07651;0.076742;0.076908;0.077099;0.076868;0.078162;0.077759;0.076816;0.076982;0.076931;0.076747;0.076807;0.077038;0.077319;0.077401;0.077135;0.078573;0.076986;0.078312;0.076922;0.076638;0.076602;0.077001;0.076506;0.076724;0.076669;0.076736;0.076669;0.07661;0.076285;0.076704;0.080252;0.078098;0.077543;0.077127;0.077101;0.077688;0.077788;0.079016;0.080751;0.077365;0.077724;0.07702;0.078892;0.076849;0.077019;0.076589;0.076468;0.076357;0.07699;0.076916;0.076884;0.076474;0.076678;0.077053;0.076445;0.077938;0.077336;0.077135;0.078601;0.077037;0.07734;0.077221;0.076942;0.076748;0.076829;0.0776;0.07701;0.077756;0.077849;0.07739;0.07766;0.077573;0.079081;0.077539;0.077781;0.077712;0.07709;0.077151;0.077208;0.077486;0.077078;0.078196;0.078051;0.077215;0.077072;0.077256;0.077919;0.076767;0.077579;0.077105;0.0769;0.077393;0.077489;0.076997;0.078594;0.077206;0.077691;0.077497;0.077667;0.077391;0.078558;0.07769;0.077904;0.077476;0.077842;0.077342;0.077652;0.078496;0.076982;0.077289;0.0767;0.077069;0.076843;0.077494;0.078259;0.077292;0.076756;0.077104;0.076974;0.077006;0.077961;0.076832;0.077107;0.076721;0.07693;0.077177;0.077993;0.077293;0.078304;0.077954;0.076441;0.076547;0.076376;0.078435;0.076886;0.076372;0.076391;0.077368;0.076461;0.079633;0.080951;0.078982;0.077732;0.078494;0.081165;0.079107;0.078686;0.076315;0.076585;0.077448;0.076884;0.077234;0.077434;0.077102;0.076858;0.076735;0.077248;0.076841;0.07668;0.079342;0.077871;0.077743;0.077398;0.077538;0.077735;0.077431;0.077552;0.07734;0.077014;0.078228;0.07757;0.077255;0.079589;0.078131;0.077544;0.077671;0.077489;0.077348;0.077434;0.076995;0.078015;0.077395;0.077382;0.078166;0.078193;0.077941;0.077403;0.077113;0.077034;0.076674;0.077315;0.077165;0.077271;0.076828;0.077275;0.076788;0.077277;0.079048;0.077147;0.077271;0.077088;0.078785;0.078105;0.078556;0.078415;0.078394;0.0779;0.078091;0.078704;0.077765;0.080162;0.077701;0.07738;0.077841;0.077801;0.077533;0.077416;0.077888;0.077226;0.077463;0.077776;0.077328;0.07761;0.078695;0.079106;0.077992;0.077305;0.077659;0.077508;0.077491;0.077184;0.077278;0.077676;0.077111;0.077314;0.077839;0.079543;0.078323;0.079767;0.078318;0.077773;0.077377;0.077974;0.077609;0.07836;0.077478;0.078437;0.077871;0.078012;0.078566;0.077093;0.077022;0.078314;0.077811;0.077251;0.077191;0.077504;0.077226;0.077485;0.077577;0.077496;0.077057;0.07823;0.077848;0.077839;0.077422;0.078761;0.077587;0.077801;0.077592;0.077574;0.077349;0.077339;0.07733;0.07784;0.077142;0.078166;0.077577;0.077406;0.077385;0.077888;0.077382;0.07727;0.077616;0.077579;0.077209;0.077743;0.0782;0.076604;0.076999;0.077015;0.077193;0.077162;0.077101;0.077838;0.076814;0.07693;0.076807;0.077092;0.076795;0.07746;0.077297;0.076993;0.076398;0.076171;0.077158;0.077181;0.076736;0.07643;0.076784;0.07694;0.076279;0.076718;0.077018;0.077621;0.077342;0.077768;0.076971;0.077385;0.077548;0.077301;0.077679;0.078558;0.077258;0.077314;0.078434;0.078573;0.077228;0.076973;0.077329;0.077376;0.076932;0.077101;0.077565;0.077269;0.076994;0.078587;0.077299;0.076905;0.078282;0.076848;0.077214;0.077416;0.076719;0.076859;0.077063;0.076717;0.077275;0.077447;0.081224;0.078949;0.07763;0.078252;0.077113;0.076367;0.077199;0.076603;0.076671;0.076867;0.076481;0.076945;0.076573;0.076617;0.076769;0.076925;0.090538;0.077066;0.07695;0.077021;0.076967;0.076823;0.077016;0.07703;0.077162;0.076695;0.077192;0.077872;0.07725;0.078823;0.078615;0.07776;0.077709;0.077436;0.077693;0.077256;0.077313;0.077196;0.077072;0.077296;0.07724;0.077551;0.078642;0.076963;0.076914;0.077471;0.076762;0.076567;0.076467;0.0768;0.077072;0.076496;0.076871;0.076619;0.077047;0.078316;0.077144;0.076849;0.081086;0.08255;0.078871;0.07689;0.077087;0.076282;0.076594;0.076715;0.076947;0.077828;0.077803;0.077258;0.07752;0.077662;0.077678;0.078012;0.077528;0.077386;0.07747;0.077586;0.077131;0.077762;0.078559;0.07746;0.077082;0.076803;0.077033;0.077673;0.077362;0.078137;0.077348;0.076931;0.076966;0.077765;0.077591;0.078702;0.077248;0.078169;0.077447;0.0776;0.0775;0.077462;0.077479;0.079123;0.077518;0.077654;0.077999;0.077484;0.078889;0.078022;0.077114;0.077141;0.076708;0.077236;0.077159;0.07754;0.077092;0.078498;0.076625;0.07717;0.07712;0.079497;0.079054;0.078772;0.078326;0.078431;0.078789;0.078885;0.078694;0.077902;0.078327;0.079075;0.078557;0.078823;0.078817;0.076921;0.07717;0.077082;0.077095;0.077841;0.077034;0.077727;0.077619;0.077396;0.077323;0.078516;0.077425;0.077523;0.076625;0.076481;0.07669;0.076855;0.076869;0.076459;0.077251;0.077269;0.076563;0.076897;0.077148;0.078935;0.078661;0.077925;0.077869;0.07773;0.077484;0.077287;0.077148;0.077231;0.077482;0.077451;0.077584;0.077483;0.078016;0.078148;0.077437;0.077966;0.07754;0.077252;0.077481;0.077256;0.077991;0.077033;0.077685;0.0776;0.077734;0.078563;0.078064;0.07824;0.077824;0.07782;0.078057;0.077607;0.077658;0.077351;0.077589;0.077515;0.077602;0.077552;0.078627;0.077114;0.076708;0.077345;0.076761;0.077046;0.076894;0.076956;0.076796;0.077138;0.077099;0.076827;0.076941;0.078293;0.077017;0.077228;0.076952;0.077497;0.077204;0.076807;0.077355;0.077298;0.076937;0.076851;0.077387;0.076928;0.078482;0.078642;0.077784;0.078326;0.078596;0.078595;0.078676;0.078909;0.078281;0.078852;0.07923;0.078033;0.078826;0.078336;0.076914;0.076943;0.077367;0.076897;0.078277;0.076902;0.077025;0.077176;0.077308;0.077217;0.077003;0.077198;0.079063;0.077658;0.078204;0.077489;0.077512;0.077488;0.078481;0.077659;0.077504;0.07736;0.077801;0.077779;0.077429;0.078376;0.07703;0.076649;0.077144;0.076735;0.076762;0.077155;0.077379;0.077239;0.076684;0.077208;0.076666;0.076657;0.078624;0.076989;0.077739;0.077349;0.077261;0.077308;0.077765;0.077715;0.078142;0.077451;0.077137;0.076805;0.078194;0.076875;0.077063;0.076367;0.076776;0.077072;0.076831;0.076811;0.077131;0.077127;0.078407;0.078114;0.077523;0.077768;0.077808;0.077525;0.077596;0.077533;0.077465;0.078683;0.081977;0.081757;0.081895;0.081976;0.07812;0.077368;0.078884;0.077135;0.077453;0.077521;0.076964;0.077308;0.07724;0.077332;0.077118;0.077269;0.076695;0.077319;0.07849;0.078761;0.078104;0.07744;0.077656;0.078034;0.077524;0.07765;0.077794;0.077971;0.077736;0.08217;0.0816;0.08185;0.083513;0.079843;0.077504;0.07742;0.076909;0.076868;0.076801;0.077195;0.076611;0.076392;0.076823;0.076989;0.076761;0.07963;0.077442;0.078199;0.07799;0.0776;0.078306;0.077226;0.077447;0.077035;0.077565;0.077317;0.07701;0.078429;0.077751;0.078429;0.07812;0.077415;0.077578;0.077516;0.077953;0.077643;0.077517;0.07783;0.077038;0.077357;0.07855;0.077291;0.076631;0.077641;0.076805;0.076749;0.07685;0.077548;0.076797;0.077006;0.077453;0.076769;0.077049;0.077827;0.077253;0.07675;0.07696;0.077949;0.076701;0.07647;0.076945;0.07658;0.077048;0.076808;0.076607;0.076637;0.077583;0.076682;0.076501;0.076838;0.07668;0.077697;0.076646;0.07622;0.077048;0.076586;0.076559;0.076703;0.077134;0.077979;0.078046;0.077896;0.077506;0.077653;0.077634;0.078572;0.07765;0.077865;0.077806;0.077841;0.077466;0.07763;0.079157;0.076957;0.077148;0.077514;0.080207;0.081524;0.078938;0.077146;0.077104;0.076836;0.077025;0.076918;0.077194;0.079022;0.077475;0.078416;0.078142;0.077635;0.07748;0.077452;0.078007;0.077626;0.077807;0.077606;0.077905;0.077857;0.078317;0.077448;0.078237;0.077794;0.077914;0.078225;0.077944;0.077957;0.078972;0.077526;0.077571;0.077333;0.077907;0.079168;0.077434;0.076765;0.076862;0.077591;0.077356;0.077305;0.07733;0.077607;0.078214;0.077321;0.077653;0.078848;0.077402;0.077126;0.076819;0.077215;0.076692;0.076985;0.076798;0.07684;0.077015;0.076107;0.078692;0.076883;0.077782;0.07741;0.076477;0.076699;0.076674;0.076921;0.076969;0.077133;0.076437;0.076554;0.076639;0.076638;0.081872;0.081716;0.077887;0.077701;0.077667;0.077237;0.077714;0.07693;0.077452;0.076894;0.076862;0.077326;0.076938;0.076883;0.079157;0.077554;0.077713;0.077709;0.077707;0.07697;0.077402;0.077779;0.077175;0.077427;0.077132;0.07708;0.076961;0.077968;0.077972;0.07674;0.077233;0.077307;0.076883;0.077535;0.077171;0.07727;0.077261;0.077132;0.07741;0.077067;0.078469;0.077485;0.077344;0.076958;0.077148;0.077005;0.076361;0.076574;0.076644;0.076468;0.077016;0.076961;0.077166;0.078732;0.07798;0.077703;0.078913;0.078714;0.078035;0.077737;0.077818;0.078056;0.077642;0.077749;0.077956;0.077542;0.078601;0.077;0.076476;0.077648;0.076864;0.077399;0.07808;0.077902;0.07746;0.077095;0.076999;0.077027;0.077414;0.078952;0.077707;0.077013;0.076851;0.078237;0.077344;0.077469;0.077459;0.077196;0.077285;0.077014;0.077107;0.077348;0.079047;0.078406;0.077684;0.078058;0.077713;0.078224;0.078687;0.078465;0.078233;0.078058;0.078838;0.078854;0.079082;0.077883;0.077614;0.077397;0.07745;0.077553;0.080346;0.078295;0.077341;0.077278;0.076836;0.077377;0.07744;0.078063;0.077068;0.076913;0.077141;0.076948;0.077325;0.076925;0.077563;0.076675;0.077013;0.077033;0.077241;0.077571;0.078233;0.077357;0.077388;0.077178;0.076831;0.077013;0.077174;0.076904;0.078152;0.077081;0.076662;0.077212;0.077128;0.078216;0.078729;0.078378;0.077766;0.078491;0.078108;0.078012;0.078152;0.077583;0.079312;0.077995;0.077894;0.077619;0.078427;0.076799;0.077359;0.077354;0.077292;0.0768;0.076881;0.077213;0.076668;0.076759;0.077475;0.076784;0.076585;0.077806;0.077183;0.076876;0.076949;0.077487;0.077382;0.077313;0.076974;0.077168;0.077363;0.077349;0.07831;0.077734;0.078755;0.077475;0.077457;0.077723;0.07759;0.077883;0.076993;0.076812;0.077274;0.077019;0.077446;0.077291;0.077222;0.078172;0.07731;0.077081;0.077061;0.077262;0.077714;0.077306;0.077411;0.076854;0.077464;0.077061;0.076684;0.077712;0.079492;0.077949;0.076597;0.076888;0.077302;0.077087;0.077061;0.076812;0.076968;0.077118;0.077107;0.077499;0.077362;0.078008;0.077207;0.07709;0.076917;0.076967;0.077064;0.076186;0.076052;0.076594;0.076333;0.076799;0.0767;0.076724;0.078763;0.077018;0.078318;0.07754;0.077186;0.076953;0.076881;0.076936;0.077096;0.076533;0.076842;0.076719;0.076576;0.078423;0.076908;0.077349;0.078852;0.077363;0.076882;0.077021;0.076746;0.077238;0.077094;0.077264;0.077267;0.077813;0.077356;0.076909;0.077022;0.077047;0.078496;0.077376;0.077637;0.077124;0.077113;0.077826;0.077471;0.076768;0.078243;0.077571;0.077166;0.076871;0.077498;0.077134;0.077995;0.077542;0.077417;0.077412;0.077339;0.077027;0.077063;0.078252;0.078369;0.078225;0.078189;0.078499;0.07856;0.079232;0.07955;0.07858;0.078863;0.07894;0.0785;0.078403;0.079205;0.077308;0.077296;0.076747;0.077203;0.076881;0.07675;0.076949;0.078073;0.076856;0.07725;0.077307;0.076815;0.077868;0.077288;0.077007;0.077587;0.077204;0.077352;0.077247;0.07753;0.077073;0.078025;0.077105;0.076665;0.077322;0.077808;0.077154;0.076765;0.076937;0.076914;0.076594;0.076814;0.077238;0.077126;0.077228;0.077515;0.076733;0.076832;0.084937;0.077233;0.076677;0.077112;0.077057;0.076912;0.077321;0.077381;0.077026;0.076858;0.077163;0.078267;0.077058;0.079246;0.07743;0.077653;0.077401;0.077827;0.077525;0.077489;0.078109;0.077359;0.077326;0.077581;0.077511;0.079269;0.078858;0.077132;0.07714;0.077487;0.076843;0.077024;0.077121;0.077019;0.077718;0.078511;0.079183;0.078665;0.079278;0.078728;0.077543;0.076668;0.077298;0.076759;0.076478;0.077358;0.076721;0.076549;0.076651;0.076343;0.076528;0.077745;0.077092;0.078506;0.07758;0.07794;0.077695;0.077253;0.077366;0.077624;0.077493;0.078076;0.077771;0.078245;0.079067;0.077553;0.077578;0.078728;0.077373;0.076948;0.077344;0.076786;0.077716;0.077245;0.077249;0.076863;0.077246;0.078235;0.077101;0.077574;0.077895;0.078314;0.077547;0.077306;0.076851;0.077194;0.077256;0.077013;0.076886;0.077292;0.078718;0.077721;0.077637;0.077391;0.077865;0.077777;0.078672;0.077592;0.077202;0.077601;0.077524;0.07768;0.078077;0.079686;0.077986;0.078219;0.077776;0.078285;0.077856;0.078192;0.078748;0.07774;0.078308;0.077778;0.07807;0.077683;0.078401;0.076745;0.076684;0.076945;0.077021;0.076711;0.077077;0.077335;0.07698;0.07659;0.07696;0.076447;0.077305;0.07819;0.077077;0.076762;0.076703;0.076616;0.076915;0.077129;0.076797;0.079337;0.076673;0.077836;0.078666;0.07687;0.078397;0.077581;0.076675;0.077046;0.077126;0.077015;0.076981;0.076612;0.076817;0.07836;0.076567;0.077104;0.077024;0.078037;0.077683;0.077133;0.077634;0.077304;0.07733;0.077153;0.076746;0.076697;0.076716;0.077752;0.07679;0.077976;0.076421;0.076662;0.076471;0.076574;0.076659;0.076642;0.076329;0.076466;0.076805;0.076614;0.077052;0.077576;0.078766;0.077829;0.077132;0.077083;0.077296;0.077604;0.07737;0.077132;0.077333;0.077186;0.077386;0.077406;0.077506;0.078965;0.077573;0.076845;0.076856;0.080973;0.081169;0.079451;0.076758;0.076284;0.077015;0.077133;0.076867;0.076626;0.077908;0.078663;0.077327;0.077397;0.076756;0.07677;0.077221;0.077241;0.076982;0.077211;0.077126;0.077427;0.07766;0.07842;0.078038;0.078363;0.077186;0.077432;0.077541;0.077722;0.077399;0.077711;0.077636;0.077527;0.077369;0.077454;0.078315;0.077178;0.077645;0.077182;0.077031;0.077336;0.076768;0.077374;0.076841;0.07758;0.077082;0.077122;0.077264;0.078714;0.078288;0.078483;0.078036;0.078735;0.0781;0.07793;0.077481;0.077803;0.077709;0.077953;0.078004;0.077988;0.078303;0.077782;0.076828;0.077546;0.077402;0.078374;0.077309;0.077358;0.077351;0.076888;0.076884;0.077372;0.07675;0.078522;0.079091;0.082264;0.081325;0.077561;0.077663;0.078419;0.077729;0.077297;0.077151;0.07699;0.077653;0.078954;0.077298;0.077549;0.07752;0.07733;0.077189;0.077217;0.07728;0.078523;0.077415;0.077249;0.077061;0.077293;0.07941;0.078545;0.077698;0.077769;0.077372;0.077718;0.077525;0.077219;0.07759;0.077878;0.077827;0.077591;0.077628;0.079248;0.077567;0.077188;0.076813;0.077228;0.077206;0.076781;0.077332;0.077204;0.076651;0.078365;0.0775;0.076775;0.078505;0.077677;0.077405;0.076867;0.076768;0.077041;0.077015;0.07724;0.077051;0.077242;0.077192;0.077957;0.077241;0.078807;0.081671;0.079953;0.076742;0.077142;0.077157;0.077753;0.077104;0.07703;0.076962;0.076988;0.077527;0.07754;0.078315;0.077416;0.077283;0.07759;0.076776;0.07742;0.077473;0.076961;0.07693;0.077814;0.077463;0.077402;0.07705;0.079194;0.077489;0.07749;0.077581;0.076965;0.077286;0.077201;0.077128;0.077514;0.077253;0.077029;0.077513;0.077392;0.079247;0.076995;0.07646;0.077548;0.076686;0.076005;0.076773;0.076109;0.07685;0.077026;0.077046;0.076538;0.076468;0.078366;0.078003;0.077195;0.077008;0.077204;0.077293;0.076843;0.077425;0.077535;0.077441;0.077238;0.077027;0.077485;0.081403;0.076855;0.077701;0.077351;0.077135;0.07716;0.076865;0.077041;0.076925;0.076754;0.077374;0.077083;0.076925;0.07867;0.077797;0.077497;0.079416;0.078083;0.077851;0.077884;0.077685;0.077662;0.077277;0.078323;0.078033;0.078184;0.076946;0.077041;0.07711;0.077141;0.077637;0.077645;0.077343;0.076927;0.076917;0.077311;0.078798;0.07757;0.07812;0.080528;0.081224;0.08155;0.080018;0.077254;0.077299;0.077755;0.076562;0.077391;0.076915;0.07722;0.077051;0.078411;0.079685;0.079622;0.076803;0.076715;0.076414;0.076818;0.077309;0.076943;0.076569;0.077199;0.077144;0.076751;0.078109;0.077323;0.077002;0.077289;0.077058;0.077125;0.077514;0.077379;0.078432;0.077273;0.077448;0.077513;0.077134;0.078452;0.077604;0.077779;0.077132;0.077181;0.077487;0.077238;0.077811;0.077735;0.078736;0.077595;0.077084;0.07757;0.078323;0.077146;0.077094;0.076879;0.07734;0.07707;0.077273;0.077337;0.076918;0.076742;0.078084;0.07695;0.077233;0.07844;0.077038;0.077305;0.076812;0.076977;0.077318;0.077453;0.07751;0.077526;0.077457;0.07745;0.078533;0.077343;0.07816;0.077689;0.076926;0.076898;0.077063;0.077433;0.076987;0.076905;0.077118;0.077406;0.077102;0.077736;0.078684;0.077165;0.076697;0.077042;0.076544;0.076918;0.076864;0.077009;0.077028;0.077113;0.076487;0.077427;0.076594;0.078005;0.077822;0.076885;0.077149;0.076614;0.076626;0.077145;0.076586;0.077006;0.076522;0.076766;0.07693;0.07709;0.077842;0.077622;0.077769;0.076975;0.076747;0.077128;0.076715;0.077089;0.077033;0.076713;0.077163;0.076964;0.076719;0.07704;0.077165;0.076677;0.077694;0.076839;0.076517;0.077121;0.076795;0.076652;0.076568;0.077076;0.076822;0.077097;0.077433;0.076697;0.076298;0.077003;0.076521;0.076616;0.076339;0.076251;0.076045;0.07708;0.076682;0.076905;0.076654;0.07748;0.077402;0.077197;0.077288;0.077834;0.077587;0.077309;0.077146;0.0775;0.077888;0.079354;0.077051;0.077409;0.078366;0.077715;0.077243;0.076951;0.076527;0.077876;0.077562;0.077176;0.077711;0.07754;0.077122;0.077461;0.077214;0.077401;0.077791;0.077578;0.077328;0.07731;0.077181;0.077935;0.077535;0.077011;0.077311;0.07766;0.077343;0.077146;0.078734;0.078294;0.077415;0.07778;0.077512;0.077494;0.077469;0.078637;0.077779;0.077693;0.077443;0.078876;0.07749;0.077949;0.076583;0.077221;0.076994;0.077217;0.076625;0.076849;0.076543;0.078181;0.076546;0.076575;0.076464;0.076691;0.078613;0.077483;0.076971;0.076812;0.076818;0.076823;0.077531;0.077974;0.07774;0.079025;0.077198;0.077041;0.077376;0.078199;0.077147;0.077953;0.076848;0.077531;0.077167;0.077153;0.077065;0.077645;0.077392;0.078247;0.077614;0.0782;0.077491;0.076624;0.076552;0.076759;0.077677;0.0769;0.077186;0.077154;0.077373;0.077047;0.076816;0.07861;0.077829;0.077268;0.077434;0.077201;0.077277;0.077539;0.077217;0.076784;0.077342;0.077037;0.077597;0.077549;0.077491;0.079547;0.077757;0.077409;0.077048;0.077466;0.077178;0.07738;0.077258;0.07749;0.077236;0.076941;0.076434;0.0769;0.078045;0.077822;0.07699;0.077454;0.076839;0.076573;0.077454;0.076876;0.076863;0.076698;0.077212;0.076831;0.076697;0.078076;0.078178;0.076882;0.077213;0.076968;0.077037;0.077456;0.077258;0.077364;0.077181;0.077331;0.077506;0.076809;0.078126;0.077901;0.07945;0.076962;0.07734;0.076748;0.077018;0.076992;0.076949;0.077423;0.076713;0.076948;0.077004;0.078045;0.077061;0.077451;0.078669;0.077355;0.076587;0.076925;0.076805;0.076699;0.077133;0.077044;0.077118;0.076713;0.077749;0.0778;0.077922;0.078207;0.078469;0.078305;0.077428;0.077837;0.077505;0.077536;0.077688;0.077484;0.077671;0.07841;0.077268;0.076999;0.076827;0.076799;0.077331;0.077787;0.076863;0.076528;0.076754;0.076976;0.076891;0.076634;0.07788;0.077006;0.076965;0.076853;0.077347;0.076749;0.076954;0.078306;0.076724;0.077073;0.077023;0.076995;0.07661;0.079259;0.078176;0.078104;0.077847;0.077792;0.077977;0.077865;0.078498;0.079096;0.078451;0.078034;0.077994;0.077752;0.093794;0.078146;0.077706;0.078209;0.077735;0.077915;0.077823;0.077751;0.077594;0.079073;0.077766;0.07782;0.078575;0.076764;0.076587;0.076532;0.076721;0.076818;0.07657;0.076803;0.076881;0.07638;0.076863;0.077905;0.076701;0.077405;0.077893;0.077626;0.077147;0.077308;0.07697;0.0768;0.077176;0.076921;0.077712;0.077253;0.078552;0.077706;0.078293;0.077094;0.077257;0.077052;0.077441;0.077143;0.077471;0.077439;0.076898;0.077487;0.077149;0.076906;0.078502;0.079178;0.077546;0.077495;0.077628;0.077418;0.077484;0.077354;0.077791;0.077437;0.07956;0.081748;0.080846;0.07778;0.080468;0.078517;0.081873;0.078928;0.080573;0.08099;0.081136;0.080685;0.080498;0.076801;0.076394;0.076354;0.078654;0.079519;0.081425;0.080688;0.080616;0.080865;0.080743;0.080851;0.080945;0.080662;0.081076;0.076975;0.076827;0.078901;0.079822;0.080997;0.078072;0.076635;0.077072;0.076707;0.076875;0.076607;0.076572;0.076858;0.077029;0.076632;0.078363;0.077182;0.07715;0.077535;0.077204;0.077284;0.077228;0.077298;0.077003;0.077227;0.077508;0.076801;0.077258;0.078936;0.077564;0.0772;0.077066;0.077833;0.077867;0.077864;0.077121;0.077635;0.077878;0.077922;0.077174;0.07682;0.078868;0.076712;0.077115;0.077389;0.076898;0.077616;0.076611;0.076996;0.076792;0.076707;0.076565;0.077037;0.076955;0.081536;0.076707;0.076876;0.077048;0.076743;0.076642;0.077344;0.077063;0.076486;0.076472;0.076718;0.076468;0.077228;0.07781;0.077438;0.0773;0.077596;0.0775;0.076986;0.078355;0.07837;0.077042;0.077837;0.077542;0.077742;0.078955;0.076289;0.076724;0.075986;0.076448;0.076318;0.076748;0.076283;0.076823;0.076524;0.076529;0.076598;0.076869;0.07776;0.078207;0.077409;0.077082;0.077253;0.077808;0.077463;0.077257;0.077362;0.078372;0.077595;0.078238;0.077988;0.078756;0.077283;0.077141;0.077137;0.077404;0.076743;0.077539;0.076959;0.076491;0.077269;0.078212;0.077464;0.077128;0.07788;0.077239;0.077148;0.077096;0.077335;0.077061;0.076838;0.077064;0.0771;0.077383;0.077685;0.07751;0.077836;0.078648;0.077088;0.077013;0.07717;0.076761;0.076611;0.076947;0.076414;0.077091;0.076727;0.076657;0.076498;0.076822;0.078665;0.077319;0.076788;0.076452;0.076205;0.076667;0.076908;0.077008;0.076372;0.077045;0.076596;0.076387;0.076964;0.078158;0.077885;0.077679;0.077413;0.07743;0.077247;0.077198;0.077039;0.077565;0.077491;0.077372;0.077694;0.077781;0.078548;0.07698;0.078135;0.077041;0.076972;0.07684;0.07695;0.077752;0.07722;0.077396;0.077255;0.076763;0.076729;0.078087;0.076951;0.076833;0.077563;0.076775;0.077501;0.076788;0.076799;0.076982;0.077221;0.076859;0.076991;0.077699;0.078624;0.078504;0.078414;0.07883;0.078625;0.078655;0.078512;0.078576;0.078442;0.078956;0.077717;0.078014;0.077887;0.07857;0.077096;0.076811;0.076524;0.076587;0.08156;0.081161;0.081148;0.080914;0.080685;0.080859;0.080794;0.083079;0.07928;0.07754;0.07761;0.077421;0.077533;0.078432;0.077372;0.07729;0.077308;0.07758;0.077399;0.077127;0.078751;0.077726;0.077449;0.077296;0.077698;0.077645;0.07762;0.077546;0.077989;0.077727;0.077208;0.077342;0.077748;0.078838;0.077532;0.077117;0.077528;0.077428;0.077782;0.077124;0.078423;0.077648;0.077413;0.077445;0.077899;0.077258;0.077968;0.077027;0.077041;0.076807;0.07655;0.076826;0.076982;0.076912;0.07754;0.076462;0.076683;0.077181;0.077039;0.079025;0.078867;0.081991;0.082133;0.07737;0.077248;0.077849;0.077309;0.077493;0.078768;0.077489;0.077075;0.077127;0.077582;0.076664;0.075878;0.076333;0.07619;0.075846;0.076015;0.076189;0.076044;0.076121;0.076824;0.07589;0.075947;0.078005;0.076959;0.076442;0.07659;0.077109;0.076647;0.076484;0.076668;0.076842;0.077008;0.076926;0.077698;0.076997;0.077853;0.076726;0.076774;0.076821;0.076611;0.076489;0.07713;0.076869;0.076747;0.076793;0.076685;0.076459;0.076734;0.079428;0.076495;0.076407;0.076677;0.076462;0.07721;0.077019;0.076769;0.076774;0.077122;0.076361;0.077065;0.076841;0.078016;0.079007;0.077303;0.076646;0.077114;0.076767;0.076524;0.077164;0.076873;0.077142;0.077691;0.076821;0.076852;0.078174;0.076703;0.078017;0.075926;0.076603;0.077044;0.076523;0.07694;0.076667;0.077218;0.07688;0.076977;0.076583;0.078345;0.077878;0.077372;0.078516;0.076692;0.07692;0.077283;0.077044;0.076313;0.076902;0.077089;0.077315;0.078155;0.07686;0.075857;0.076204;0.076057;0.076943;0.076011;0.075797;0.076204;0.075712;0.07602;0.075897;0.076684;0.076824;0.079097;0.077747;0.077972;0.078165;0.077347;0.079341;0.078158;0.077866;0.077983;0.077687;0.07843;0.078259;0.078781;0.076533;0.07695;0.076484;0.076171;0.076199;0.076272;0.076625;0.075862;0.076048;0.076109;0.076019;0.076117;0.077102;0.076804;0.076454;0.076549;0.076448;0.076472;0.07683;0.076861;0.078099;0.076153;0.076233;0.076048;0.076049;0.076578;0.077682;0.076941;0.076344;0.07727;0.076717;0.076461;0.076819;0.076612;0.077185;0.076505;0.076734;0.07637;0.076486;0.078276;0.077084;0.077222;0.077261;0.07728;0.077136;0.077254;0.077283;0.077089;0.078433;0.077677;0.076899;0.077943;0.077211;0.077833;0.077548;0.077259;0.077152;0.076985;0.076587;0.077613;0.077624;0.07735;0.077626;0.078029;0.07874;0.07665;0.076203;0.076374;0.076708;0.075764;0.076185;0.07632;0.076368;0.076156;0.075991;0.07619;0.07605;0.077981;0.077001;0.077188;0.076786;0.07747;0.076969;0.07685;0.076769;0.07664;0.076915;0.077056;0.077173;0.077048;0.077479;0.079121;0.077806;0.077231;0.077472;0.07716;0.077384;0.077111;0.077146;0.076659;0.077369;0.079106;0.081328;0.083614;0.081314;0.079461;0.080448;0.081708;0.081505;0.077616;0.076791;0.077433;0.076671;0.077087;0.07711;0.076994;0.081717;0.078543;0.08123;0.078446;0.076832;0.07647;0.076766;0.07635;0.076762;0.078498;0.080498;0.080304;0.081407;0.081804;0.080765;0.077299;0.076367;0.077817;0.077114;0.076438;0.076429;0.075943;0.076695;0.076234;0.076437;0.07837;0.079205;0.080883;0.080604;0.079487;0.076992;0.078005;0.076753;0.07667;0.076328;0.076404;0.076612;0.076883;0.077811;0.076398;0.076721;0.076519;0.076721;0.076447;0.076619;0.077733;0.076562;0.076314;0.07654;0.076915;0.076548;0.077786;0.07711;0.076238;0.07632;0.07705;0.076552;0.076742;0.076351;0.076947;0.076493;0.076703;0.076167;0.076444;0.077656;0.076859;0.076307;0.076504;0.076284;0.076367;0.076667;0.076017;0.076844;0.076605;0.076883;0.076917;0.076359;0.077202;0.077262;0.077539;0.077239;0.077073;0.077192;0.076887;0.076716;0.076954;0.078153;0.076983;0.076778;0.07669;0.077711;0.076416;0.076919;0.076303;0.075969;0.076165;0.076545;0.076267;0.076396;0.076664;0.07729;0.077287;0.076911;0.07754;0.076427;0.076678;0.076;0.076249;0.076368;0.076548;0.076543;0.076314;0.076634;0.076132;0.076761;0.077467;0.07784;0.07734;0.076699;0.076885;0.076333;0.076834;0.077079;0.077046;0.077121;0.076612;0.076332;0.076522;0.076683;0.078875;0.077562;0.077499;0.077549;0.077551;0.077453;0.077519;0.077778;0.077145;0.077169;0.076734;0.077229;0.076812;0.076909;0.078423;0.076876;0.076319;0.076418;0.076607;0.07666;0.076532;0.076691;0.076928;0.076562;0.076413;0.076557;0.076887;0.077143;0.077327;0.076084;0.076235;0.076442;0.076388;0.07634;0.076197;0.076723;0.076642;0.076241;0.076603;0.077111;0.076591;0.077076;0.078433;0.077262;0.077102;0.077108;0.076502;0.076642;0.077167;0.076824;0.076621;0.077131;0.077603;0.077411;0.077377;0.076823;0.078226;0.076874;0.07665;0.076356;0.076709;0.076435;0.076419;0.076397;0.076329;0.077703;0.076815;0.076341;0.076683;0.076256;0.077662;0.077047;0.076151;0.07691;0.076583;0.076675;0.076331;0.076366;0.077714;0.077087;0.07696;0.076459;0.076639;0.076465;0.076864;0.077773;0.076423;0.076314;0.076207;0.076563;0.076465;0.095431;0.07722;0.077009;0.076423;0.076738;0.076553;0.076369;0.07633;0.077271;0.077036;0.077103;0.076684;0.077026;0.077453;0.077338;0.076031;0.076185;0.076792;0.07696;0.076045;0.076823;0.076501;0.078506;0.076626;0.076779;0.076558;0.07767;0.077446;0.076854;0.076918;0.076654;0.076874;0.076746;0.076926;0.07681;0.076967;0.07804;0.076273;0.076957;0.077525;0.07748;0.077542;0.0771;0.076666;0.076991;0.076975;0.076965;0.076447;0.076831;0.077151;0.077777;0.076819;0.077255;0.077017;0.076864;0.076993;0.076882;0.077183;0.076673;0.076513;0.07656;0.076691;0.076649;0.07684;0.077491;0.078677;0.076946;0.076882;0.077243;0.076874;0.07688;0.076867;0.077772;0.077263;0.077055;0.077031;0.077218;0.077152;0.078543;0.07798;0.07812;0.081355;0.08207;0.079957;0.077851;0.077348;0.077852;0.077541;0.077511;0.077403;0.076848;0.078569;0.076375;0.076873;0.076569;0.076161;0.076014;0.076277;0.076534;0.076373;0.077441;0.077722;0.077777;0.077129;0.078227;0.076617;0.077092;0.078256;0.077418;0.077043;0.077185;0.077042;0.076624;0.076688;0.076661;0.076563;0.077362;0.078625;0.076418;0.076702;0.077207;0.07803;0.076163;0.0763;0.076952;0.076418;0.07692;0.07671;0.076075;0.076933;0.077949;0.077046;0.076977;0.076459;0.076836;0.077697;0.077615;0.077145;0.07703;0.07698;0.076752;0.076763;0.076577;0.078907;0.076789;0.077164;0.076471;0.076223;0.076705;0.076252;0.076851;0.076693;0.07615;0.076295;0.076132;0.076936;0.077431;0.076912;0.077078;0.077259;0.076665;0.076613;0.076946;0.077191;0.077425;0.07715;0.076674;0.076528;0.076681;0.077991;0.077044;0.077154;0.077149;0.077559;0.077106;0.077118;0.077772;0.077828;0.077499;0.076954;0.077183;0.077411;0.078071;0.077303;0.076612;0.076857;0.076747;0.076597;0.076958;0.07635;0.076564;0.077973;0.076902;0.077102;0.076442;0.07858;0.080275;0.081451;0.07714;0.076494;0.076477;0.076818;0.078324;0.080323;0.080758;0.076938;0.076548;0.076429;0.078466;0.076575;0.076845;0.076823;0.07679;0.076146;0.075856;0.076209;0.077123;0.077045;0.076657;0.077387;0.07632;0.077776;0.076613;0.07603;0.076093;0.076247;0.076141;0.076046;0.076684;0.076348;0.076579;0.076571;0.076342;0.077691;0.077465;0.076632;0.076784;0.076972;0.076229;0.076255;0.076074;0.076092;0.076492;0.075858;0.076192;0.076221;0.076172;0.078396;0.076997;0.07699;0.077187;0.077209;0.076587;0.076705;0.077023;0.077399;0.076527;0.077246;0.076588;0.076786;0.078499;0.078656;0.077076;0.076912;0.076839;0.077308;0.077181;0.077;0.076724;0.076921;0.076887;0.077142;0.076734;0.078608;0.078032;0.078192;0.077783;0.076783;0.076618;0.076768;0.076995;0.076751;0.077266;0.076764;0.076636;0.076625;0.077302;0.076805;0.076451;0.077451;0.077377;0.077088;0.076846;0.076983;0.076983;0.076575;0.076793;0.076324;0.076015;0.077902;0.076613;0.07648;0.076382;0.076647;0.076852;0.07654;0.07668;0.076458;0.07653;0.07647;0.076481;0.076949;0.077488;0.076247;0.075907;0.076482;0.076196;0.076472;0.076303;0.076183;0.076635;0.076488;0.076636;0.076264;0.075892;0.077906;0.077399;0.076451;0.076843;0.07689;0.077268;0.077269;0.077545;0.077416;0.077261;0.077243;0.077444;0.077292;0.078374;0.077745;0.077038;0.076894;0.077456;0.077743;0.077529;0.077878;0.077343;0.076969;0.076882;0.077176;0.076903;0.077213;0.076341;0.07652;0.076524;0.076384;0.0762;0.076418;0.076356;0.077075;0.076445;0.076555;0.076042;0.076147;0.078038;0.077528;0.077499;0.077318;0.077366;0.077152;0.07736;0.076938;0.076975;0.078201;0.077197;0.077286;0.077386;0.077569;0.076268;0.076807;0.077187;0.076803;0.07643;0.076898;0.076488;0.076613;0.076662;0.077893;0.076351;0.076795;0.077645;0.076743;0.076719;0.076866;0.076009;0.076392;0.076052;0.076683;0.076561;0.076409;0.076759;0.078048;0.076644;0.078103;0.076743;0.077187;0.076656;0.076591;0.076312;0.077193;0.079242;0.077697;0.076298;0.076391;0.076065;0.07717;0.078775;0.077179;0.077563;0.077625;0.077611;0.077643;0.077357;0.076829;0.077185;0.076941;0.077451;0.077153;0.078591;0.080084;0.078074;0.077959;0.077758;0.077669;0.077911;0.077905;0.077805;0.077537;0.078016;0.077503;0.077776;0.078977;0.076988;0.077654;0.076433;0.076103;0.076234;0.076395;0.076054;0.076078;0.076454;0.076523;0.075938;0.075668;0.07686;0.077036;0.076575;0.079373;0.080977;0.080383;0.076169;0.076465;0.076699;0.079865;0.079077;0.07658;0.078561;0.079987;0.076796;0.077138;0.076865;0.077389;0.07787;0.077137;0.076989;0.076517;0.076896;0.077274;0.076525;0.076639;0.078713;0.07708;0.081279;0.080999;0.077413;0.0768;0.07834;0.077055;0.076957;0.077134;0.076544;0.076528;0.076815;0.078256;0.076862;0.07704;0.077033;0.076794;0.077214;0.077074;0.078265;0.077064;0.077236;0.077112;0.077109;0.077155;0.077426;0.076655;0.076709;0.076333;0.076066;0.076751;0.076475;0.0765;0.077208;0.076166;0.076603;0.076591;0.076208;0.078172;0.077213;0.077316;0.077802;0.077659;0.077208;0.077784;0.077417;0.077456;0.078123;0.077001;0.077152;0.078093;0.078619;0.077628;0.07792;0.07768;0.077684;0.077282;0.077521;0.077545;0.077808;0.078898;0.083718;0.081265;0.07769;0.0783;0.07676;0.076664;0.076345;0.076357;0.07682;0.076748;0.076532;0.076387;0.076384;0.076181;0.077228;0.076577;0.077579;0.076689;0.076684;0.076725;0.076479;0.076906;0.076267;0.076549;0.077193;0.07679;0.07664;0.076674;0.078179;0.077575;0.077332;0.076972;0.077159;0.077116;0.076936;0.076494;0.076862;0.077188;0.077024;0.077052;0.07747;0.076932;0.077452;0.077332;0.076389;0.076243;0.076471;0.076256;0.076397;0.076617;0.076682;0.076756;0.076179;0.076176;0.078779;0.081849;0.077511;0.077166;0.076826;0.076932;0.076389;0.077778;0.077181;0.077373;0.077201;0.077138;0.0771;0.07818;0.076532;0.076371;0.081112;0.076561;0.076396;0.075766;0.07651;0.076672;0.076133;0.075966;0.076106;0.075886;0.076352;0.078268;0.076505;0.076739;0.077666;0.076944;0.07684;0.076921;0.077005;0.076587;0.076398;0.076477;0.076332;0.076804;0.078373;0.077094;0.077501;0.077084;0.077817;0.077473;0.077091;0.076763;0.077176;0.0766;0.07705;0.077133;0.0779;0.077388;0.077661;0.077178;0.077214;0.076418;0.07822;0.076586;0.076873;0.076518;0.07716;0.076872;0.076519;0.077522;0.077083;0.076752;0.076265;0.076485;0.07622;0.076251;0.077353;0.076752;0.07658;0.076415;0.076195;0.076347;0.077291;0.077379;0.07638;0.076442;0.076045;0.076967;0.0763;0.07581;0.07786;0.076551;0.076298;0.076851;0.076804;0.076508;0.07821;0.076612;0.076377;0.076082;0.076523;0.076354;0.076682;0.076475;0.076989;0.076327;0.076228;0.076306;0.076212;0.077709;0.076989;0.077077;0.07713;0.077438;0.076696;0.077063;0.076639;0.077248;0.078546;0.077408;0.077162;0.076844;0.077649;0.076767;0.076394;0.076514;0.076811;0.077673;0.080681;0.078908;0.07643;0.076959;0.078281;0.08047;0.078263;0.077224;0.077425;0.076763;0.076976;0.077228;0.07681;0.076933;0.076702;0.076701;0.076916;0.077202;0.077153;0.078066;0.076491;0.077197;0.076677;0.076755;0.077192;0.076918;0.076548;0.076816;0.076708;0.076287;0.07662;0.077292;0.078069;0.077089;0.076458;0.0764;0.076546;0.076831;0.076944;0.076621;0.076799;0.076719;0.076938;0.076378;0.076265;0.077307;0.077914;0.077374;0.076972;0.077228;0.076866;0.076271;0.076657;0.077068;0.077036;0.07697;0.07666;0.077019;0.077625;0.076871;0.078463;0.077626;0.077378;0.076903;0.077047;0.077313;0.076694;0.076784;0.077002;0.077375;0.076721;0.078194;0.077325;0.076565;0.07676;0.077286;0.076913;0.077047;0.077805;0.076848;0.076973;0.077144;0.076965;0.076827;0.077308;0.077435;0.077145;0.076855;0.076957;0.077578;0.076894;0.077367;0.076445;0.077044;0.077123;0.076874;0.077228;0.078152;0.076855;0.076813;0.076973;0.077094;0.077909;0.077345;0.078661;0.080102;0.080521;0.079647;0.076225;0.0765;0.08566;0.080835;0.078133;0.077711;0.077782;0.077689;0.078121;0.077804;0.077515;0.077568;0.078636;0.078182;0.078152;0.078265;0.077467;0.077881;0.077968;0.077395;0.077242;0.077496;0.077839;0.077862;0.077739;0.077064;0.077538;0.077886;0.079153;0.077838;0.078063;0.077906;0.07821;0.077968;0.07759;0.077805;0.079247;0.079157;0.07799;0.078113;0.078445;0.07796;0.077699;0.077687;0.077205;0.077148;0.077154;0.076973;0.077206;0.076769;0.076952;0.078249;0.077259;0.07846;0.077525;0.077044;0.077607;0.077927;0.07755;0.077677;0.077585;0.077496;0.078011;0.077601;0.077249;0.078919;0.079587;0.076958;0.076471;0.077018;0.07672;0.077052;0.080175;0.08144;0.077649;0.077065;0.076476;0.076889;0.076231;0.078634;0.07689;0.077004;0.076289;0.076513;0.076274;0.076745;0.077045;0.076214;0.076681;0.076114;0.076016;0.07574;0.077867;0.078078;0.077418;0.077724;0.077745;0.077462;0.077757;0.077916;0.07802;0.078048;0.077376;0.07769;0.077474;0.078856;0.076994;0.077032;0.077488;0.077051;0.07701;0.076767;0.076804;0.077013;0.07709;0.076854;0.076756;0.076585;0.078142;0.077114;0.076648;0.078011;0.077471;0.076708;0.076663;0.077067;0.076388;0.076725;0.076616;0.077175;0.076287;0.078258;0.077333;0.077447;0.077151;0.076781;0.077556;0.077233;0.076701;0.077245;0.076905;0.07708;0.077613;0.077645;0.078265;0.076824;0.076875;0.076893;0.07671;0.076958;0.078644;0.076822;0.0768;0.076706;0.076483;0.078075;0.079668;0.078166;0.076923;0.077659;0.076832;0.076812;0.076919;0.076719;0.077111;0.07688;0.076739;0.076495;0.076457;0.076211;0.078127;0.078137;0.077333;0.077869;0.077672;0.078107;0.077613;0.078613;0.079195;0.078369;0.079402;0.082101;0.082221;0.081255;0.079718;0.081275;0.081301;0.078598;0.079716;0.08187;0.07946;0.080918;0.082142;0.080069;0.081275;0.082491;0.076435;0.076412;0.079042;0.080977;0.080161;0.076539;0.076879;0.076326;0.076746;0.076539;0.077916;0.077036;0.078777;0.076989;0.076437;0.077038;0.076697;0.076834;0.076987;0.076672;0.077488;0.076776;0.077329;0.076658;0.077739;0.078382;0.076476;0.076478;0.076791;0.076823;0.076592;0.076773;0.076355;0.076463;0.076414;0.076547;0.076327;0.076831;0.080335;0.077368;0.077212;0.077132;0.077048;0.077207;0.077098;0.077253;0.076873;0.07678;0.076788;0.077682;0.076408;0.078371;0.077493;0.076983;0.077106;0.077189;0.077264;0.077635;0.077144;0.076849;0.076989;0.077376;0.077154;0.076854;0.078517;0.077203;0.078042;0.077305;0.07731;0.077318;0.076968;0.077146;0.077239;0.07714;0.077926;0.077233;0.077775;0.077184;0.076801;0.076789;0.077787;0.077061;0.07949;0.078976;0.076698;0.07722;0.076683;0.07694;0.07735;0.077537;0.076914;0.076289;0.076305;0.077183;0.077208;0.076872;0.076669;0.076828;0.07672;0.076477;0.076618;0.07693;0.0772;0.076689;0.076705;0.076622;0.076701;0.076837;0.077279;0.07617;0.077455;0.07716;0.077129;0.076652;0.076833;0.077939;0.078575;0.07813;0.078168;0.077731;0.078806;0.078984;0.078396;0.07811;0.07838;0.077773;0.078257;0.077869;0.078969;0.077604;0.077134;0.076803;0.076482;0.076431;0.076352;0.077319;0.076518;0.07651;0.076475;0.075947;0.076949;0.077375;0.07707;0.076728;0.076931;0.076808;0.080835;0.077907;0.076316;0.077124;0.078092;0.080657;0.076597;0.076598;0.078395;0.078931;0.081167;0.076954;0.079052;0.081496;0.079362;0.078799;0.082137;0.078085;0.078708;0.080912;0.078328;0.078025;0.076426;0.076274;0.076215;0.076608;0.075847;0.076639;0.076671;0.076177;0.076656;0.076189;0.076071;0.075989;0.078345;0.076983;0.076452;0.076928;0.076903;0.076798;0.076555;0.07672;0.076518;0.076736;0.077211;0.076713;0.076283;0.078357;0.076809;0.077812;0.077062;0.077316;0.077942;0.077625;0.077008;0.077089;0.077409;0.077882;0.077584;0.077463;0.077657;0.077047;0.077124;0.076616;0.076964;0.077014;0.076769;0.076668;0.076812;0.076715;0.076608;0.07758;0.076889;0.077786;0.076942;0.076311;0.076716;0.076385;0.076239;0.076442;0.076765;0.076257;0.076159;0.076323;0.076712;0.077074;0.078629;0.076932;0.076574;0.076011;0.077042;0.076814;0.07683;0.076754;0.077353;0.076776;0.076384;0.076846;0.076968;0.078286;0.076102;0.076595;0.076767;0.076705;0.076641;0.077141;0.077169;0.076622;0.07718;0.077161;0.078034;0.076758;0.079359;0.079074;0.077401;0.077198;0.077139;0.077603;0.077264;0.076909;0.077181;0.077036;0.07705;0.07692;0.077251;0.079301;0.078466;0.07942;0.078186;0.078179;0.07796;0.077658;0.077875;0.078643;0.078899;0.078437;0.078291;0.078909;0.07847;0.07827;0.079743;0.078859;0.078165;0.07799;0.078243;0.078397;0.078312;0.07793;0.078763;0.078002;0.0785;0.077528;0.076968;0.077273;0.078222;0.077455;0.077219;0.077848;0.07728;0.07757;0.076802;0.076991;0.077304;0.079104;0.078225;0.07849;0.077341;0.077202;0.078499;0.077522;0.07759;0.077294;0.077305;0.07714;0.078051;0.077652;0.078594;0.077197;0.076861;0.076526;0.076932;0.076808;0.078184;0.076962;0.077086;0.077025;0.076686;0.076359;0.076242;0.07842;0.07784;0.078194;0.078051;0.077488;0.078072;0.0774;0.078865;0.0783;0.078817;0.078191;0.081621;0.0844;0.079322;0.077788;0.077555;0.077013;0.077744;0.077711;0.077553;0.077565;0.078618;0.07706;0.077946;0.077743;0.077818;0.076961;0.07688;0.077217;0.077319;0.076795;0.076363;0.07659;0.077135;0.076684;0.07768;0.07698;0.076545;0.077419;0.07708;0.07662;0.07726;0.076866;0.076859;0.076877;0.076757;0.076526;0.076286;0.076707;0.077251;0.077024;0.077318;0.077211;0.077474;0.077076;0.076872;0.076964;0.077555;0.077241;0.077581;0.077306;0.077178;0.077722;0.077101;0.078183;0.077265;0.077538;0.077374;0.077719;0.077567;0.077027;0.076855;0.077027;0.077245;0.077413;0.077591;0.078178;0.078932;0.076481;0.076284;0.076466;0.076081;0.076554;0.077021;0.076496;0.076002;0.076226;0.076962;0.076439;0.076449;0.079315;0.082375;0.082483;0.081323;0.0777;0.076968;0.077269;0.077126;0.076972;0.076968;0.076719;0.07662;0.076721;0.078438;0.076753;0.076282;0.076762;0.076809;0.077312;0.076813;0.07651;0.077233;0.076885;0.076699;0.076444;0.076831;0.078341;0.077328;0.077541;0.076798;0.076895;0.076688;0.076383;0.077053;0.077067;0.076699;0.076601;0.076366;0.076512;0.077988;0.076387;0.076653;0.076669;0.076372;0.076243;0.075994;0.076164;0.076156;0.076086;0.076039;0.076469;0.076483;0.077353;0.07689;0.076339;0.07684;0.077582;0.076534;0.076171;0.076487;0.076631;0.076518;0.076136;0.076418;0.07694;0.07731;0.076161;0.076343;0.076969;0.077478;0.076799;0.076793;0.076408;0.076771;0.076708;0.076891;0.077034;0.077138;0.078639;0.07692;0.076912;0.077469;0.076807;0.077408;0.076843;0.076787;0.07715;0.077106;0.076746;0.076724;0.076738;0.077907;0.077355;0.077183;0.077001;0.07638;0.077094;0.078479;0.077323;0.077086;0.077136;0.077257;0.076625;0.076803;0.078141;0.076383;0.076832;0.076615;0.076847;0.076894;0.076505;0.077162;0.076727;0.076525;0.077602;0.076264;0.07631;0.078301;0.077463;0.077948;0.077607;0.078004;0.077827;0.077538;0.077897;0.07901;0.077595;0.076683;0.076817;0.077293;0.078671;0.077458;0.077818;0.077505;0.077923;0.077603;0.077422;0.07786;0.077553;0.07827;0.076996;0.076708;0.076842;0.077211;0.076572;0.076278;0.076313;0.076681;0.076514;0.076279;0.076255;0.07649;0.076044;0.07709;0.076097;0.076119;0.078077;0.077176;0.07636;0.076743;0.077049;0.076646;0.076396;0.077221;0.076847;0.076832;0.076747;0.078;0.076753;0.077877;0.076446;0.076673;0.076432;0.07639;0.075924;0.076279;0.076229;0.076298;0.076065;0.076843;0.076468;0.077262;0.078243;0.076945;0.076609;0.076593;0.077413;0.077211;0.076258;0.076529;0.076991;0.076094;0.077438;0.076524;0.076464;0.079266;0.077747;0.077821;0.077436;0.077627;0.077063;0.07719;0.077307;0.077311;0.077145;0.077777;0.077725;0.07744;0.078511;0.080449;0.078416;0.076262;0.076445;0.076601;0.076731;0.077006;0.07691;0.077047;0.077117;0.077157;0.077324;0.078355;0.0764;0.076485;0.076683;0.076762;0.076443;0.076508;0.076023;0.076232;0.076038;0.076265;0.076219;0.075954;0.077729;0.077047;0.077131;0.077604;0.077783;0.076863;0.076752;0.077433;0.076579;0.076702;0.076715;0.077314;0.076462;0.077593;0.076522;0.076444;0.076771;0.076786;0.076787;0.07633;0.076569;0.076333;0.076069;0.076661;0.076285;0.076358;0.078009;0.077628;0.076679;0.076654;0.077399;0.077347;0.078685;0.077191;0.077242;0.07684;0.07703;0.076795;0.076604;0.078211;0.077849;0.077354;0.077887;0.077605;0.076948;0.077883;0.078621;0.077071;0.077424;0.077715;0.07732;0.077361;0.077613;0.07696;0.077243;0.077446;0.077289;0.076935;0.076825;0.076716;0.07731;0.07636;0.07664;0.077056;0.07796;0.077456;0.076866;0.076673;0.076436;0.076683;0.077027;0.077276;0.077283;0.076533;0.077374;0.07727;0.077243;0.077966;0.077014;0.076665;0.076987;0.076925;0.076769;0.076379;0.076342;0.076223;0.076089;0.07641;0.076082;0.076808;0.076258;0.07866;0.078175;0.077785;0.077745;0.078341;0.077513;0.077286;0.077944;0.077933;0.0776;0.077635;0.077927;0.079487;0.077113;0.077152;0.077211;0.076821;0.076651;0.076805;0.076917;0.076447;0.076862;0.076547;0.076536;0.076596;0.077832;0.078144;0.076995;0.076823;0.076598;0.076711;0.076646;0.076545;0.07674;0.076408;0.076383;0.076765;0.076477;0.078191;0.076586;0.077134;0.076692;0.076456;0.076616;0.076716;0.076735;0.076357;0.076636;0.076732;0.076451;0.07693;0.077601;0.077132;0.077003;0.076777;0.077778;0.077221;0.077075;0.077165;0.076974;0.077402;0.076999;0.076649;0.076412;0.077841;0.076836;0.077007;0.076876;0.076902;0.077753;0.076537;0.077136;0.077131;0.077;0.076655;0.0769;0.076572;0.078236;0.077509;0.07633;0.076336;0.076691;0.076943;0.077573;0.076399;0.078924;0.077543;0.076499;0.076499;0.076362;0.077219;0.077702;0.077149;0.077588;0.077877;0.077094;0.077193;0.078114;0.07735;0.077291;0.077217;0.077042;0.077744;0.078121;0.078257;0.077077;0.077802;0.077766;0.078245;0.078066;0.078462;0.077805;0.07874;0.077517;0.077614;0.077792;0.078692;0.077867;0.07773;0.077417;0.077059;0.077471;0.077201;0.077474;0.078582;0.077856;0.077614;0.077427;0.077604;0.078719;0.077718;0.077081;0.077407;0.077108;0.077261;0.076626;0.07724;0.077104;0.077495;0.077216;0.077211;0.077019;0.078116;0.076155;0.07635;0.076815;0.076536;0.076559;0.076486;0.076761;0.076374;0.076601;0.077117;0.076439;0.076468;0.077843;0.077426;0.077287;0.076942;0.077471;0.076763;0.077277;0.076817;0.076727;0.076935;0.077763;0.077777;0.077656;0.078306;0.077525;0.076823;0.077698;0.077256;0.077087;0.077531;0.077364;0.077361;0.07681;0.077181;0.077296;0.077775;0.078516;0.077577;0.077695;0.07744;0.077548;0.077174;0.077452;0.077412;0.077907;0.0775;0.077249;0.077025;0.07725;0.079324;0.07644;0.076599;0.076438;0.076202;0.077053;0.076209;0.076219;0.076218;0.075882;0.076746;0.076743;0.076289;0.078056;0.078053;0.077261;0.076983;0.077125;0.077184;0.077523;0.07764;0.077085;0.077276;0.077622;0.077301;0.076621;0.077456;0.076501;0.077145;0.076732;0.076744;0.076991;0.076127;0.075975;0.076546;0.076358;0.076369;0.076671;0.076394;0.077898;0.076145;0.077009;0.077155;0.076461;0.076404;0.076775;0.076945;0.076761;0.076903;0.077176;0.07721;0.076813;0.077613;0.076744;0.076546;0.076514;0.077691;0.07715;0.077038;0.076647;0.076583;0.076514;0.076522;0.07718;0.076911;0.07866;0.07716;0.077891;0.077088;0.077615;0.0784;0.077226;0.07679;0.077461;0.07667;0.077044;0.077188;0.076652;0.077814;0.077022;0.07745;0.077436;0.077278;0.077394;0.077722;0.078527;0.076998;0.07732;0.077195;0.077153;0.077797;0.076863;0.076707;0.076537;0.076275;0.07648;0.076133;0.076711;0.076175;0.077802;0.076252;0.075946;0.076055;0.076095;0.079015;0.077245;0.07747;0.077645;0.077267;0.077658;0.077629;0.077311;0.076907;0.078153;0.077438;0.07723;0.078409;0.077248;0.077378;0.077302;0.077399;0.077025;0.077701;0.077168;0.077842;0.077503;0.076912;0.07763;0.076982;0.078247;0.076332;0.075986;0.076854;0.076549;0.076627;0.07626;0.076589;0.076382;0.076745;0.076444;0.076798;0.077996;0.077524;0.076584;0.076343;0.075931;0.078076;0.080746;0.080665;0.076577;0.076337;0.076447;0.076354;0.075894;0.076613;0.078362;0.078199;0.077833;0.077068;0.077846;0.077472;0.078078;0.077285;0.077829;0.07802;0.077318;0.077593;0.077281;0.078885;0.077508;0.077085;0.077417;0.077184;0.077175;0.077338;0.076827;0.07761;0.077331;0.077628;0.077342;0.077743;0.078597;0.079949;0.079002;0.078094;0.076262;0.077023;0.076856;0.076252;0.07712;0.076614;0.076153;0.076495;0.076407;0.078291;0.077183;0.076612;0.076974;0.077632;0.076855;0.076637;0.076741;0.076993;0.077085;0.076814;0.07669;0.07675;0.078341;0.07701;0.076376;0.077663;0.078082;0.077343;0.077477;0.077046;0.07732;0.077122;0.077063;0.077507;0.077091;0.078381;0.077544;0.077699;0.078143;0.077179;0.077297;0.078116;0.076751;0.076942;0.077291;0.076949;0.076925;0.07682;0.078779;0.076984;0.077176;0.077293;0.077157;0.077327;0.077157;0.077393;0.077093;0.077184;0.077225;0.077226;0.077006;0.077848;0.076754;0.077361;0.077475;0.077282;0.077116;0.077267;0.077136;0.078062;0.077447;0.077367;0.077389;0.07729;0.079226;0.077867;0.077645;0.076939;0.077942;0.077605;0.077442;0.077501;0.077939;0.077532;0.077001;0.077836;0.077313;0.07803;0.076726;0.077026;0.076569;0.076375;0.076739;0.076795;0.076425;0.076627;0.077437;0.076781;0.077085;0.077152;0.078028;0.077423;0.077865;0.077262;0.077825;0.07691;0.077408;0.077226;0.077188;0.07711;0.078353;0.077233;0.078489;0.077684;0.077598;0.077378;0.07755;0.077051;0.077408;0.077231;0.077457;0.080873;0.081793;0.081289;0.082177;0.084321;0.079917;0.076775;0.076456;0.077121;0.076295;0.076692;0.076954;0.076421;0.076515;0.076661;0.076674;0.076777;0.078853;0.077898;0.077931;0.077946;0.077458;0.077603;0.077869;0.077659;0.078065;0.077326;0.077698;0.07801;0.077637;0.078743;0.078686;0.077951;0.077675;0.07783;0.076829;0.078822;0.081522;0.081378;0.081531;0.078108;0.077144;0.077232;0.078537;0.076847;0.078043;0.077307;0.077516;0.077467;0.080535;0.07707;0.077218;0.07745;0.076872;0.077103;0.078536;0.080124;0.081539;0.079388;0.077163;0.07669;0.077269;0.077239;0.077544;0.077119;0.077056;0.0771;0.077373;0.07861;0.077704;0.076597;0.076868;0.077007;0.077373;0.077258;0.077357;0.077026;0.076661;0.076917;0.076891;0.077114;0.077619;0.076603;0.076805;0.076218;0.076898;0.076463;0.077115;0.076376;0.076575;0.076475;0.076701;0.076357;0.076253;0.077113;0.077123;0.077668;0.077423;0.077265;0.077747;0.07769;0.078743;0.077419;0.077997;0.079045;0.082771;0.081871;0.082741;0.082565;0.081998;0.077309;0.077269;0.077023;0.080765;0.078278;0.077359;0.077826;0.077692;0.077409;0.077229;0.079156;0.08105;0.080715;0.076162;0.076356;0.075933;0.076237;0.076489;0.078827;0.080689;0.079792;0.076135;0.076964;0.076629;0.076574;0.076434;0.076052;0.076153;0.076013;0.075889;0.076139;0.075793;0.07624;0.075986;0.076907;0.075956;0.078275;0.077268;0.076867;0.07691;0.077022;0.076476;0.077516;0.077615;0.076958;0.077183;0.077567;0.078327;0.077276;0.077915;0.077173;0.077232;0.077063;0.077396;0.07716;0.077246;0.077055;0.076887;0.077356;0.07719;0.076825;0.078517;0.076714;0.076189;0.076531;0.076081;0.076488;0.07589;0.076206;0.076412;0.076525;0.076141;0.075969;0.076053;0.076157;0.083333;0.07762;0.077183;0.077886;0.077774;0.077147;0.077537;0.0777;0.077714;0.077924;0.078187;0.07731;0.078227;0.077441;0.078352;0.077453;0.07736;0.077809;0.078808;0.078637;0.078673;0.07833;0.078007;0.078064;0.07833;0.083466;0.077116;0.076788;0.077193;0.076343;0.076643;0.076678;0.075987;0.07682;0.076916;0.076682;0.076637;0.076614;0.078268;0.077752;0.077655;0.077296;0.078752;0.077525;0.077862;0.077526;0.077744;0.077982;0.076784;0.076978;0.077277;0.078919;0.07844;0.078536;0.07828;0.07756;0.0788;0.078199;0.078114;0.078436;0.078441;0.078353;0.078258;0.078055;0.079449;0.078188;0.077629;0.077344;0.077633;0.076957;0.078306;0.077188;0.077313;0.077388;0.077559;0.077408;0.077378;0.079522;0.078085;0.078429;0.078133;0.077868;0.07751;0.077687;0.078596;0.077815;0.077151;0.077962;0.077537;0.078616;0.077043;0.07685;0.076692;0.076478;0.076675;0.076333;0.076696;0.077349;0.077268;0.076314;0.076394;0.076483;0.077645;0.076606;0.076653;0.076261;0.076537;0.076043;0.076843;0.07647;0.076889;0.077196;0.077027;0.076872;0.076457;0.077811;0.076674;0.07656;0.076643;0.0768;0.076567;0.076829;0.076759;0.076859;0.076406;0.076766;0.077391;0.077191;0.077386;0.077971;0.078173;0.077997;0.078152;0.078211;0.077337;0.077784;0.07786;0.077559;0.077236;0.078722;0.077629;0.078923;0.077954;0.07783;0.078136;0.078343;0.077269;0.077276;0.076905;0.077667;0.077438;0.077382;0.077357;0.078421;0.078258;0.07754;0.077306;0.07726;0.077391;0.077622;0.077125;0.078199;0.077495;0.077381;0.078133;0.077895;0.077263;0.079724;0.077085;0.076635;0.076579;0.07651;0.07674;0.076124;0.076996;0.076595;0.077157;0.077113;0.077387;0.077405;0.078112;0.078434;0.07693;0.076842;0.076639;0.076801;0.076825;0.077064;0.077245;0.077217;0.076977;0.076666;0.076531;0.077918;0.077171;0.078003;0.078079;0.077266;0.076899;0.077259;0.076626;0.076978;0.077002;0.076785;0.077144;0.077293;0.079399;0.077109;0.077833;0.07778;0.07973;0.077429;0.077947;0.077647;0.077853;0.077273;0.077486;0.077773;0.077401;0.078826;0.077665;0.077641;0.078118;0.078624;0.078311;0.077724;0.077611;0.077712;0.077912;0.077909;0.077717;0.077612;0.078677;0.07719;0.076883;0.077052;0.076374;0.077467;0.077147;0.076416;0.077121;0.077342;0.076901;0.077398;0.077081;0.079323;0.077064;0.077835;0.077434;0.078021;0.077615;0.079326;0.077875;0.077414;0.077048;0.077898;0.077297;0.077662;0.077026;0.07736;0.076927;0.076738;0.077116;0.076901;0.076805;0.078503;0.076469;0.076929;0.076709;0.077467;0.078104;0.078303;0.077286;0.078087;0.077876;0.077511;0.077812;0.077508;0.077996;0.078428;0.076917;0.076862;0.078367;0.078023;0.07634;0.076193;0.076226;0.076065;0.076401;0.076449;0.076576;0.076731;0.076932;0.078397;0.077052;0.076989;0.07788;0.07747;0.076307;0.07693;0.07636;0.076462;0.076364;0.076498;0.076303;0.076605;0.076913;0.078162;0.076441;0.077319;0.078013;0.077654;0.077867;0.077424;0.077502;0.077686;0.077659;0.077643;0.077607;0.078021;0.07835;0.079721;0.078705;0.076916;0.076815;0.076452;0.076531;0.076893;0.076952;0.0763;0.076742;0.07611;0.076806;0.076788;0.076293;0.079192;0.077214;0.076904;0.076588;0.076482;0.07678;0.075947;0.076932;0.076595;0.076422;0.076632;0.076515;0.076352;0.077762;0.076986;0.076721;0.076352;0.076422;0.076243;0.075918;0.076297;0.076459;0.075982;0.076031;0.076295;0.076012;0.077491;0.076863;0.076373;0.077379;0.076506;0.076056;0.076684;0.07647;0.076318;0.076843;0.076264;0.076377;0.076647;0.077825;0.077386;0.076946;0.076782;0.078588;0.077257;0.076949;0.077738;0.076564;0.077093;0.077216;0.07712;0.077064;0.078052;0.077796;0.077089;0.07745;0.077675;0.078272;0.077365;0.077079;0.077217;0.076906;0.077264;0.077457;0.076954;0.078506;0.077435;0.077038;0.076181;0.077142;0.077139;0.077439;0.077907;0.076645;0.077099;0.07749;0.077275;0.076375;0.077966;0.077308;0.07688;0.076943;0.076947;0.077355;0.076943;0.077125;0.078126;0.077086;0.077316;0.076759;0.076943;0.0782;0.076702;0.076241;0.076917;0.077004;0.076328;0.07696;0.076568;0.076784;0.077741;0.076553;0.076335;0.076257;0.077975;0.076549;0.07665;0.076579;0.076358;0.076778;0.07666;0.076796;0.076908;0.076256;0.076891;0.076879;0.07609;0.077717;0.076635;0.076831;0.076956;0.07732;0.076568;0.077009;0.077069;0.076921;0.07638;0.076572;0.077293;0.076252;0.077717;0.078084;0.07796;0.077921;0.07784;0.077507;0.077816;0.07799;0.077979;0.077622;0.078214;0.077593;0.078996;0.078607;0.077651;0.077031;0.077215;0.07705;0.077081;0.076905;0.077102;0.076821;0.077057;0.077623;0.076724;0.07736;0.078056;0.077855;0.076763;0.076855;0.076969;0.076546;0.076516;0.07652;0.076713;0.07664;0.076419;0.076264;0.076856;0.077849;0.076487;0.077923;0.076729;0.076785;0.076528;0.076897;0.076852;0.077013;0.076676;0.07704;0.077288;0.076415;0.078098;0.077231;0.076448;0.077997;0.076823;0.076991;0.076552;0.076609;0.076248;0.076656;0.076739;0.077153;0.076822;0.078835;0.077173;0.077252;0.077843;0.079211;0.078431;0.07786;0.078096;0.078054;0.077744;0.077359;0.077957;0.077673;0.079097;0.078058;0.077147;0.077928;0.078026;0.078628;0.077024;0.077189;0.07648;0.077134;0.077356;0.076343;0.076828;0.077328;0.076525;0.075815;0.076191;0.076217;0.076579;0.078058;0.076567;0.076357;0.076175;0.0768;0.076299;0.07649;0.07875;0.076984;0.077218;0.077211;0.077155;0.076946;0.077435;0.077324;0.077326;0.077041;0.077327;0.077227;0.078475;0.077991;0.077424;0.077494;0.076829;0.077134;0.076932;0.077037;0.076871;0.077659;0.077369;0.077407;0.076817;0.077948;0.077994;0.077611;0.077645;0.07725;0.077505;0.077664;0.077386;0.077738;0.077273;0.078572;0.077251;0.077396;0.07863;0.078082;0.077878;0.077898;0.078287;0.078413;0.077733;0.077604;0.077884;0.078073;0.077282;0.078811;0.077748;0.079116;0.076374;0.076521;0.076176;0.076578;0.076332;0.07553;0.075926;0.076194;0.076589;0.075961;0.0756;0.076693;0.077722;0.077751;0.077468;0.077814;0.077773;0.077903;0.077806;0.07758;0.077372;0.077792;0.077646;0.077085;0.077428;0.079405;0.076719;0.076369;0.076579;0.076855;0.076525;0.079672;0.077681;0.077255;0.077202;0.077065;0.076238;0.076849;0.078604;0.078767;0.077492;0.077567;0.077848;0.07732;0.077189;0.077192;0.077073;0.077926;0.077823;0.077129;0.076998;0.078556;0.077182;0.077781;0.076905;0.077248;0.077215;0.077038;0.077576;0.077209;0.077129;0.076745;0.077436;0.07736;0.078683;0.077166;0.077712;0.077384;0.076844;0.077643;0.077572;0.077249;0.077164;0.077637;0.077521;0.077744;0.077304;0.078918;0.077571;0.07741;0.07968;0.077648;0.077614;0.077877;0.077219;0.077006;0.077524;0.07693;0.076912;0.078154;0.078415;0.077798;0.076953;0.077131;0.077729;0.077193;0.077209;0.077528;0.077114;0.077609;0.077323;0.076558;0.077111;0.078016;0.076373;0.076546;0.076772;0.076031;0.076914;0.076767;0.076819;0.076586;0.076736;0.07646;0.076582;0.07633;0.081715;0.081826;0.077908;0.077792;0.077546;0.077617;0.078513;0.077813;0.077763;0.077997;0.077512;0.077332;0.078637;0.077188;0.076815;0.076143;0.076745;0.076778;0.076924;0.076334;0.078056;0.076552;0.076723;0.077083;0.076502;0.077322;0.077567;0.076942;0.076864;0.07674;0.07766;0.07661;0.076625;0.076801;0.077607;0.076989;0.077389;0.076993;0.077621;0.078008;0.07754;0.077088;0.077142;0.077575;0.077038;0.077435;0.077404;0.077057;0.078105;0.07724;0.077257;0.078555;0.077088;0.076729;0.07729;0.077382;0.077265;0.077318;0.07705;0.076944;0.077171;0.077297;0.078015;0.077189;0.078299;0.078101;0.078014;0.07761;0.077653;0.077412;0.077978;0.077291;0.077204;0.077365;0.077912;0.077985;0.077442;0.077913;0.076681;0.076714;0.076238;0.076499;0.076551;0.076468;0.076846;0.076151;0.076551;0.075966;0.076737;0.07758;0.077746;0.076574;0.076729;0.076385;0.076903;0.076088;0.076774;0.076985;0.076722;0.07654;0.07677;0.076714;0.076862;0.079467;0.076944;0.077018;0.076892;0.077106;0.076825;0.077025;0.076498;0.076524;0.076598;0.076702;0.076351;0.076938;0.130893;0.078164;0.078157;0.078494;0.077835;0.079647;0.07882;0.078574;0.077875;0.077739;0.077402;0.077807;0.079448;0.078183;0.079093;0.077623;0.077625;0.077645;0.077649;0.077572;0.077677;0.077419;0.077421;0.077651;0.07746;0.078772;0.077486;0.077425;0.078833;0.076753;0.077465;0.077586;0.077303;0.076825;0.077352;0.077348;0.076979;0.077483;0.078169;0.076816;0.076973;0.077171;0.077308;0.077218;0.076323;0.076233;0.076554;0.076746;0.076839;0.076364;0.076492;0.078;0.076472;0.076132;0.076474;0.076995;0.077287;0.076621;0.076603;0.076763;0.077234;0.076441;0.076491;0.076667;0.077919;0.077519;0.077064;0.076786;0.077194;0.07692;0.077537;0.077166;0.076858;0.076704;0.076715;0.076783;0.076973;0.07725;0.076554;0.076469;0.076543;0.07636;0.076958;0.076384;0.077345;0.076628;0.076887;0.077019;0.076666;0.076579;0.078002;0.077045;0.07704;0.07697;0.07688;0.076588;0.076488;0.077055;0.077174;0.076446;0.076554;0.076831;0.076478;0.077756;0.077223;0.076241;0.077176;0.076569;0.076668;0.076741;0.07687;0.07681;0.078016;0.076899;0.076155;0.076901;0.07881;0.076367;0.076537;0.076567;0.075968;0.076103;0.076749;0.076893;0.076287;0.076536;0.077572;0.076731;0.076364;0.078483;0.076726;0.076654;0.075982;0.076317;0.076254;0.075932;0.077086;0.076451;0.076113;0.076478;0.076855;0.076533;0.080787;0.077012;0.076932;0.076623;0.076742;0.077492;0.077394;0.077022;0.077113;0.076743;0.076878;0.07672;0.077361;0.077973;0.076445;0.076473;0.07715;0.076668;0.076811;0.077136;0.076693;0.077151;0.077229;0.076838;0.076595;0.076795;0.079248;0.078023;0.077593;0.07696;0.078042;0.077912;0.07754;0.078136;0.077665;0.077015;0.077636;0.076813;0.077439;0.078046;0.077756;0.07626;0.077123;0.076839;0.076807;0.076325,0.183685;0.083879;0.083623;0.083721;0.084924;0.08251;0.083417;0.083393;0.083486;0.08286;0.083065;0.083538;0.083332;0.084043;0.081398;0.082019;0.084814;0.082679;0.081529;0.081418;0.081467;0.081706;0.081156;0.081574;0.082018;0.081867;0.08316;0.081581;0.081869;0.081728;0.082434;0.081475;0.08189;0.08136;0.081344;0.081766;0.081664;0.081718;0.083524;0.085636;0.084904;0.081304;0.0816;0.082382;0.081896;0.081654;0.081171;0.081316;0.081712;0.081562;0.084524;0.084565;0.082432;0.082707;0.08219;0.086031;0.087744;0.085912;0.08708;0.086946;0.087041;0.086317;0.088151;0.086053;0.086132;0.081998;0.081173;0.081481;0.081751;0.082224;0.08198;0.081854;0.08166;0.083687;0.084219;0.086872;0.086439;0.082813;0.08224;0.08322;0.082041;0.081999;0.082718;0.083965;0.085853;0.081962;0.083702;0.084571;0.083864;0.082153;0.082889;0.08262;0.082766;0.082856;0.082216;0.082483;0.083974;0.082088;0.084412;0.082801;0.082487;0.082966;0.082849;0.082691;0.083152;0.083939;0.082515;0.082984;0.082218;0.084403;0.083301;0.080819;0.081638;0.081964;0.081497;0.08171;0.081679;0.081962;0.083206;0.081924;0.081416;0.087473;0.090816;0.086964;0.083742;0.082703;0.081959;0.082101;0.081447;0.081831;0.082267;0.081841;0.082167;0.082065;0.084026;0.081702;0.080969;0.080956;0.081968;0.08176;0.08172;0.081891;0.081485;0.082047;0.080841;0.08154;0.083479;0.082667;0.083691;0.082152;0.082838;0.082927;0.083148;0.082833;0.082249;0.081099;0.082496;0.082624;0.083753;0.082349;0.083271;0.082565;0.082647;0.082407;0.082515;0.082886;0.082181;0.08229;0.082666;0.082329;0.082807;0.08232;0.08183;0.082754;0.081959;0.081566;0.081897;0.081966;0.081825;0.081678;0.082325;0.081521;0.082817;0.08625;0.083718;0.081594;0.082481;0.081739;0.081891;0.082198;0.082109;0.081878;0.082099;0.080526;0.082578;0.082984;0.082313;0.082287;0.082022;0.08363;0.081739;0.081746;0.080672;0.081775;0.081815;0.081709;0.082047;0.083141;0.081595;0.081201;0.080975;0.080807;0.082265;0.08107;0.081134;0.081738;0.080596;0.081589;0.081796;0.083023;0.081651;0.081864;0.081623;0.080819;0.081242;0.083133;0.082254;0.081555;0.082456;0.081807;0.081995;0.082669;0.082159;0.081674;0.082013;0.081586;0.081082;0.08176;0.082663;0.081417;0.081701;0.081213;0.08019;0.082254;0.081781;0.081882;0.081902;0.081254;0.081127;0.081287;0.081383;0.082735;0.081675;0.081724;0.080684;0.081539;0.083029;0.081486;0.08072;0.081522;0.080999;0.080562;0.081084;0.08121;0.082353;0.080732;0.08141;0.081716;0.082477;0.080782;0.081895;0.08206;0.082338;0.08233;0.082445;0.083022;0.086926;0.088747;0.087726;0.090564;0.090615;0.084476;0.08295;0.083409;0.083862;0.089104;0.083587;0.082222;0.088091;0.087396;0.089134;0.088708;0.085794;0.086005;0.086024;0.085918;0.08241;0.081622;0.084449;0.084819;0.081303;0.08326;0.082863;0.084688;0.085357;0.08767;0.083946;0.082895;0.082678;0.082585;0.082886;0.082396;0.08106;0.082365;0.081753;0.082932;0.08732;0.085759;0.084254;0.081654;0.082261;0.08236;0.080848;0.082251;0.081954;0.081407;0.081329;0.082404;0.081983;0.087051;0.085174;0.083648;0.081359;0.081155;0.080456;0.081098;0.081293;0.080706;0.080078;0.081751;0.084451;0.086889;0.08367;0.082504;0.081706;0.082438;0.082247;0.081633;0.082492;0.082194;0.082238;0.082182;0.084563;0.085909;0.082266;0.081541;0.081494;0.081265;0.081731;0.08163;0.082222;0.081279;0.081167;0.080479;0.082783;0.081306;0.08141;0.081203;0.082238;0.081604;0.081953;0.082087;0.081795;0.082246;0.080239;0.08172;0.0827;0.081736;0.082957;0.082292;0.082844;0.083693;0.082652;0.082722;0.082453;0.082379;0.081937;0.082374;0.083495;0.082119;0.082199;0.081552;0.081669;0.081608;0.082205;0.081846;0.081287;0.082327;0.08175;0.081767;0.082967;0.081864;0.080936;0.081388;0.081356;0.081151;0.081708;0.082353;0.081936;0.082142;0.081834;0.081819;0.081074;0.082173;0.082402;0.082399;0.082088;0.081806;0.082253;0.082688;0.083495;0.082394;0.082236;0.082547;0.082247;0.082915;0.081261;0.081353;0.081915;0.081671;0.081449;0.081271;0.081154;0.081706;0.080953;0.081705;0.081223;0.083144;0.081781;0.081784;0.081198;0.081677;0.081919;0.081879;0.08172;0.083182;0.081911;0.082029;0.081443;0.082845;0.08148;0.08198;0.082016;0.081916;0.082343;0.080827;0.081927;0.081749;0.082522;0.081584;0.081101;0.085944;0.082444;0.081516;0.081518;0.08139;0.081292;0.081589;0.080783;0.081062;0.080617;0.08217;0.080993;0.081008;0.082496;0.08125;0.081496;0.08119;0.080248;0.081235;0.081219;0.080792;0.081249;0.081519;0.081664;0.081578;0.082437;0.081944;0.082175;0.081999;0.081746;0.082224;0.081862;0.082109;0.081592;0.081857;0.082026;0.081706;0.083217;0.081016;0.081443;0.081838;0.081908;0.081913;0.081289;0.081304;0.082003;0.081446;0.081812;0.081222;0.083711;0.080716;0.08111;0.081024;0.081188;0.081041;0.08108;0.080872;0.080972;0.081758;0.08135;0.081082;0.081537;0.082924;0.081356;0.08184;0.08164;0.080944;0.08132;0.081003;0.081551;0.081749;0.081534;0.081562;0.08153;0.082192;0.082596;0.082419;0.082082;0.082303;0.082141;0.081586;0.081748;0.081617;0.082269;0.082037;0.081798;0.082905;0.082153;0.081479;0.081552;0.081655;0.081536;0.081667;0.08145;0.081498;0.081333;0.081197;0.081772;0.081875;0.082275;0.082456;0.08214;0.0817;0.081651;0.081881;0.081749;0.081351;0.080527;0.081769;0.081678;0.082059;0.08286;0.081973;0.082764;0.082013;0.082142;0.080784;0.08131;0.081741;0.08232;0.08176;0.081469;0.08132;0.083085;0.081471;0.082023;0.082858;0.081589;0.081925;0.081593;0.081525;0.080966;0.081587;0.081612;0.082024;0.081981;0.082028;0.081644;0.081911;0.083091;0.081415;0.081196;0.0817;0.081722;0.082152;0.081606;0.081853;0.08273;0.081429;0.081854;0.081764;0.081468;0.082014;0.081283;0.081151;0.081691;0.080928;0.080761;0.080854;0.082514;0.08238;0.081592;0.080611;0.081565;0.080381;0.082259;0.082124;0.081836;0.080669;0.080805;0.081497;0.08206;0.083167;0.082289;0.082129;0.082465;0.081586;0.081929;0.082313;0.081588;0.082199;0.081784;0.081923;0.081554;0.083357;0.081672;0.082387;0.081572;0.082053;0.081453;0.082016;0.08156;0.081133;0.082312;0.08116;0.081532;0.083094;0.082294;0.082229;0.082691;0.081944;0.081051;0.081863;0.08221;0.08264;0.082123;0.081554;0.082151;0.082264;0.082529;0.081952;0.082025;0.082304;0.081208;0.08183;0.081813;0.082044;0.082932;0.082334;0.082231;0.083293;0.082539;0.082172;0.081987;0.08214;0.081672;0.082484;0.082363;0.082012;0.082571;0.082393;0.082118;0.082332;0.082753;0.082687;0.082686;0.082467;0.082665;0.082786;0.082194;0.082508;0.082637;0.083006;0.082966;0.082567;0.083869;0.082443;0.08265;0.082105;0.082011;0.082275;0.0829;0.081955;0.081849;0.082719;0.082563;0.082757;0.083411;0.082212;0.081847;0.081272;0.081694;0.08224;0.082045;0.081968;0.082103;0.081825;0.081923;0.081418;0.08454;0.082707;0.081981;0.081538;0.081731;0.082343;0.08164;0.082057;0.081711;0.082298;0.081561;0.081459;0.082681;0.083506;0.082369;0.082089;0.082338;0.082886;0.082917;0.081978;0.082438;0.081966;0.082154;0.082814;0.08268;0.081647;0.081836;0.081306;0.080887;0.081685;0.08143;0.081487;0.081584;0.08144;0.08041;0.080656;0.08195;0.084392;0.081414;0.082863;0.082247;0.08245;0.082715;0.082671;0.082516;0.082965;0.082561;0.082175;0.081856;0.082589;0.081602;0.082036;0.080744;0.081555;0.081691;0.081517;0.082015;0.082018;0.081747;0.081951;0.082108;0.084014;0.082978;0.082782;0.083157;0.083011;0.081706;0.082872;0.082924;0.081888;0.082027;0.082447;0.082441;0.082643;0.081995;0.081773;0.081815;0.082417;0.081512;0.081791;0.081755;0.082025;0.081634;0.081826;0.081262;0.082294;0.08119;0.082149;0.081081;0.081594;0.082251;0.082018;0.081926;0.0836;0.081992;0.083852;0.085518;0.084724;0.084789;0.082277;0.081374;0.081642;0.080764;0.082385;0.080817;0.081562;0.081732;0.082447;0.086121;0.087294;0.085146;0.086245;0.086557;0.083581;0.081639;0.081713;0.082415;0.082335;0.081943;0.081621;0.081818;0.083013;0.081881;0.082169;0.082052;0.081173;0.081502;0.081591;0.081888;0.081564;0.082598;0.080974;0.084535;0.086238;0.083929;0.081155;0.08182;0.081559;0.080492;0.080933;0.080065;0.081587;0.080637;0.082383;0.082012;0.081478;0.083125;0.082176;0.081063;0.081988;0.081508;0.08239;0.081641;0.081409;0.082252;0.081522;0.082825;0.080575;0.082321;0.080998;0.081193;0.081234;0.081341;0.081938;0.081592;0.081769;0.081198;0.081639;0.082092;0.082145;0.082436;0.081573;0.082326;0.082015;0.082025;0.081518;0.081919;0.081612;0.081484;0.081931;0.082222;0.081755;0.084037;0.082098;0.081263;0.08018;0.080354;0.081095;0.081169;0.081399;0.081808;0.081473;0.081763;0.080657;0.081341;0.083298;0.081282;0.080367;0.081508;0.081578;0.082132;0.081436;0.081504;0.081197;0.081232;0.081504;0.081716;0.082662;0.08241;0.081727;0.080886;0.0812;0.081201;0.080808;0.080865;0.080944;0.081494;0.081659;0.080936;0.081953;0.08233;0.082388;0.082104;0.081878;0.081628;0.082096;0.082053;0.082123;0.081634;0.081755;0.082069;0.08213;0.082489;0.082422;0.082659;0.082326;0.081868;0.081061;0.081708;0.081422;0.081386;0.081151;0.081504;0.081179;0.082794;0.080763;0.081456;0.082221;0.081174;0.081304;0.081481;0.081035;0.081271;0.081193;0.082057;0.08081;0.082695;0.081859;0.082942;0.083889;0.082349;0.081866;0.081317;0.081875;0.080743;0.081454;0.08006;0.080954;0.083123;0.082389;0.081335;0.08149;0.082392;0.082538;0.081384;0.082275;0.081503;0.080693;0.081744;0.081768;0.082993;0.082394;0.082455;0.081771;0.082388;0.081648;0.082388;0.082327;0.082163;0.082034;0.081596;0.081688;0.082058;0.082888;0.081565;0.081594;0.082053;0.081578;0.081891;0.082278;0.082086;0.081073;0.082025;0.082351;0.081788;0.08282;0.081817;0.082503;0.080759;0.08158;0.081856;0.081988;0.082224;0.081697;0.081529;0.081404;0.081554;0.082068;0.081303;0.081398;0.081735;0.081513;0.081656;0.080823;0.081844;0.083045;0.084676;0.081798;0.081569;0.08274;0.082105;0.082564;0.082014;0.082701;0.082293;0.082873;0.082405;0.08239;0.083265;0.082636;0.082142;0.083028;0.08171;0.080996;0.081414;0.081335;0.081562;0.08116;0.080629;0.081349;0.081315;0.08067;0.0813;0.080522;0.08279;0.081638;0.082328;0.082384;0.082399;0.081855;0.081984;0.082589;0.082444;0.082424;0.082708;0.081665;0.082644;0.081699;0.081704;0.081751;0.081598;0.082265;0.080622;0.081898;0.08172;0.080506;0.081812;0.082002;0.086398;0.082146;0.081388;0.082303;0.082348;0.082326;0.081945;0.08242;0.081978;0.081916;0.082407;0.083171;0.083617;0.081901;0.081841;0.081502;0.080972;0.081581;0.081733;0.081746;0.082249;0.082668;0.081405;0.085341;0.083056;0.082141;0.082087;0.081712;0.082123;0.081208;0.08175;0.081932;0.080454;0.081822;0.081549;0.081877;0.083169;0.082833;0.080635;0.081459;0.082049;0.08163;0.081674;0.081752;0.081869;0.081774;0.081428;0.081678;0.081737;0.083631;0.083209;0.082405;0.082109;0.082369;0.081798;0.081641;0.082189;0.08165;0.08246;0.08191;0.082404;0.083157;0.081846;0.082555;0.082396;0.08116;0.082272;0.081406;0.082493;0.082523;0.082487;0.082316;0.081447;0.083708;0.081776;0.082128;0.082934;0.081789;0.08166;0.081662;0.08177;0.081342;0.081911;0.081742;0.081867;0.082764;0.081491;0.081856;0.081802;0.082173;0.08175;0.080895;0.081999;0.081295;0.081754;0.080277;0.081402;0.082333;0.081294;0.081684;0.082227;0.08141;0.082379;0.08174;0.081768;0.08155;0.082491;0.081389;0.080455;0.081169;0.083159;0.081447;0.08114;0.081559;0.081524;0.082409;0.081865;0.081276;0.081813;0.080946;0.081278;0.081714;0.082485;0.081251;0.081641;0.081689;0.081273;0.081325;0.081641;0.081385;0.081064;0.081502;0.081139;0.081139;0.082187;0.08163;0.081115;0.081198;0.081882;0.081775;0.081469;0.082011;0.082519;0.081446;0.081466;0.080757;0.082675;0.080656;0.081925;0.081477;0.080793;0.081586;0.080659;0.08106;0.08152;0.08219;0.081253;0.081683;0.081709;0.082455;0.081558;0.081482;0.081385;0.080794;0.0804;0.080874;0.081337;0.081091;0.081749;0.081439;0.08166;0.082864;0.0819;0.081663;0.081433;0.081667;0.082111;0.082327;0.081662;0.08197;0.081591;0.082374;0.081736;0.083075;0.081856;0.081248;0.081645;0.081638;0.081804;0.080818;0.081625;0.081184;0.08106;0.081656;0.081676;0.082316;0.081606;0.08094;0.081381;0.081293;0.081629;0.08096;0.081404;0.080989;0.081068;0.081663;0.081859;0.081793;0.082742;0.081358;0.08201;0.081852;0.081649;0.080973;0.081725;0.081178;0.082165;0.081749;0.08193;0.081587;0.083492;0.081907;0.081423;0.081963;0.081893;0.080778;0.080727;0.081602;0.08119;0.081226;0.081463;0.081585;0.082542;0.082722;0.082282;0.081978;0.080881;0.081735;0.081712;0.081549;0.080682;0.080952;0.081523;0.081381;0.082215;0.08215;0.083076;0.082317;0.082034;0.081707;0.08174;0.082172;0.08191;0.081837;0.082554;0.081726;0.081846;0.082412;0.081328;0.082036;0.081306;0.081543;0.081346;0.081544;0.080445;0.081215;0.081192;0.081244;0.081451;0.095261;0.082345;0.082639;0.083032;0.08268;0.082024;0.082746;0.083069;0.082321;0.082692;0.081939;0.082834;0.083221;0.081061;0.081958;0.081739;0.082407;0.081679;0.08123;0.08175;0.081664;0.08109;0.081619;0.081927;0.082953;0.086741;0.086611;0.084151;0.086631;0.085664;0.080989;0.082233;0.082183;0.081228;0.081749;0.082072;0.083301;0.081222;0.08164;0.081506;0.081707;0.081803;0.082607;0.080898;0.081709;0.081424;0.081402;0.081195;0.082204;0.082104;0.081572;0.081661;0.081991;0.081948;0.081904;0.082649;0.08205;0.081823;0.081789;0.081358;0.082709;0.081489;0.081176;0.080642;0.081045;0.080467;0.080099;0.081148;0.081898;0.080372;0.08013;0.080806;0.080455;0.083098;0.083086;0.082918;0.083157;0.0827;0.08227;0.082506;0.082994;0.083751;0.08287;0.082757;0.082594;0.083413;0.081578;0.082201;0.0824;0.080945;0.081071;0.081519;0.081619;0.081793;0.083646;0.081791;0.08233;0.083099;0.082432;0.082735;0.082715;0.082561;0.08223;0.082472;0.082326;0.082485;0.082189;0.083373;0.082917;0.083045;0.081296;0.081681;0.081367;0.081575;0.081307;0.081741;0.081526;0.081065;0.080366;0.081388;0.081347;0.082333;0.081633;0.081655;0.081573;0.081584;0.081285;0.081704;0.08179;0.081745;0.081177;0.081096;0.081931;0.082112;0.085248;0.081403;0.081315;0.081384;0.081266;0.081466;0.08022;0.080735;0.08114;0.081946;0.081497;0.081408;0.083101;0.081581;0.08149;0.081247;0.081032;0.08071;0.081139;0.081084;0.081784;0.081519;0.08138;0.081521;0.082711;0.081753;0.081954;0.081254;0.081098;0.08172;0.081734;0.08148;0.082183;0.081765;0.081761;0.081416;0.082048;0.082113;0.082232;0.082019;0.083705;0.081623;0.081509;0.081608;0.081158;0.081112;0.081647;0.081479;0.080961;0.082456;0.082062;0.082555;0.081745;0.081457;0.081249;0.081872;0.080779;0.081476;0.081145;0.080749;0.081626;0.083281;0.080718;0.081804;0.082421;0.081935;0.081257;0.082047;0.080389;0.081517;0.081817;0.081537;0.081438;0.082255;0.08135;0.081299;0.081682;0.08221;0.081551;0.081866;0.082003;0.081632;0.080881;0.081484;0.081627;0.081461;0.081183;0.081076;0.081023;0.080961;0.082433;0.080701;0.081559;0.081096;0.080537;0.081243;0.081286;0.080248;0.082462;0.081129;0.081314;0.081155;0.081682;0.082088;0.081785;0.081185;0.081238;0.081326;0.080859;0.081125;0.082292;0.081998;0.082929;0.082254;0.082045;0.082653;0.082883;0.081758;0.082374;0.081793;0.082724;0.082148;0.083738;0.082797;0.082089;0.082515;0.082361;0.082359;0.08251;0.083021;0.082165;0.082733;0.082492;0.082281;0.084205;0.082113;0.081513;0.081287;0.080875;0.081747;0.081747;0.081823;0.082758;0.081592;0.081451;0.081461;0.082505;0.081544;0.08158;0.081874;0.08165;0.081268;0.081606;0.081315;0.082063;0.08198;0.081379;0.081355;0.081186;0.082981;0.08098;0.08096;0.081814;0.081053;0.080368;0.081287;0.081328;0.081509;0.081045;0.082188;0.081262;0.083454;0.082064;0.080557;0.081924;0.081573;0.081219;0.080918;0.081741;0.081898;0.08148;0.082216;0.081943;0.082598;0.08128;0.081186;0.081662;0.07981;0.081138;0.080381;0.081576;0.081376;0.081412;0.081466;0.081214;0.080698;0.082874;0.08074;0.080746;0.081443;0.079533;0.081522;0.081136;0.08145;0.081302;0.08173;0.080846;0.082261;0.083167;0.082686;0.081576;0.081728;0.081257;0.082604;0.081322;0.081735;0.081996;0.081781;0.080777;0.082153;0.083516;0.081524;0.080211;0.081569;0.081316;0.08096;0.081251;0.081442;0.081405;0.081147;0.081156;0.081228;0.082479;0.08366;0.085871;0.08353;0.080934;0.081679;0.080945;0.082417;0.081791;0.081704;0.081556;0.081563;0.082221;0.082032;0.082738;0.083056;0.082826;0.082179;0.081866;0.082084;0.082248;0.082283;0.081888;0.082436;0.082306;0.083399;0.081373;0.082271;0.081647;0.081582;0.08144;0.080542;0.081238;0.081216;0.081192;0.081764;0.080904;0.0834;0.082177;0.082666;0.083217;0.082448;0.08205;0.081949;0.081501;0.08196;0.081666;0.081741;0.081797;0.083426;0.081981;0.082589;0.082552;0.083246;0.081302;0.081842;0.082244;0.082541;0.082583;0.082197;0.081711;0.082866;0.081379;0.081539;0.080946;0.080978;0.082052;0.081524;0.080548;0.080506;0.081132;0.081565;0.081313;0.081901;0.081571;0.081236;0.0812;0.081801;0.081744;0.082292;0.082466;0.08102;0.081388;0.081391;0.08122;0.081513;0.082163;0.082034;0.082049;0.081697;0.081069;0.082231;0.08347;0.081489;0.081983;0.082015;0.081502;0.081582;0.083804;0.082555;0.082324;0.082021;0.082363;0.082107;0.081847;0.083374;0.081508;0.082601;0.082321;0.083193;0.083486;0.082741;0.08244;0.082893;0.081763;0.082391;0.081932;0.082668;0.08281;0.080909;0.081513;0.082463;0.082912;0.080659;0.08129;0.081652;0.081757;0.08199;0.081112;0.08087;0.081731;0.081767;0.081704;0.081261;0.080769;0.081899;0.082362;0.082113;0.081307;0.081553;0.081647;0.081339;0.082034;0.082282;0.082889;0.082149;0.081438;0.082636;0.081316;0.081915;0.081404;0.081383;0.082156;0.082026;0.081575;0.081508;0.081928;0.083396;0.081869;0.082844;0.081954;0.081349;0.081369;0.081386;0.080747;0.081351;0.081903;0.081559;0.081423;0.080897;0.082057;0.082993;0.082241;0.081882;0.082467;0.082059;0.082095;0.081572;0.082209;0.081885;0.082486;0.082288;0.081727;0.083657;0.081695;0.081411;0.081568;0.081317;0.081514;0.081604;0.081281;0.081892;0.080983;0.08157;0.081627;0.081812;0.083409;0.081688;0.080946;0.081683;0.082612;0.08167;0.082676;0.082138;0.080929;0.082049;0.081976;0.082734;0.083353;0.081789;0.081889;0.081443;0.082004;0.082029;0.081937;0.082236;0.081659;0.082228;0.0816;0.08188;0.082783;0.081439;0.081261;0.081717;0.081388;0.080558;0.081297;0.080801;0.081627;0.081316;0.081265;0.081193;0.082903;0.082276;0.081907;0.083331;0.082194;0.081961;0.081643;0.082105;0.082153;0.082163;0.081966;0.08137;0.082409;0.082661;0.082595;0.083055;0.083118;0.082733;0.082197;0.08252;0.082029;0.082116;0.082325;0.082156;0.082481;0.081764;0.082283;0.08207;0.081735;0.083283;0.08245;0.081022;0.082318;0.081927;0.082237;0.082141;0.081885;0.082732;0.081304;0.08145;0.080707;0.081134;0.081944;0.081328;0.079938;0.081143;0.08059;0.081237;0.081348;0.083032;0.082342;0.082426;0.082122;0.083395;0.082426;0.083172;0.08211;0.081726;0.082194;0.081539;0.081974;0.083276;0.081555;0.081237;0.080182;0.080538;0.081551;0.080985;0.081649;0.081278;0.081065;0.081414;0.08105;0.082106;0.081545;0.080871;0.081244;0.081624;0.081327;0.081481;0.081086;0.080925;0.08104;0.082996;0.085464;0.085941;0.086824;0.08644;0.082229;0.082133;0.081494;0.081047;0.081545;0.081446;0.081978;0.080732;0.081501;0.081836;0.083177;0.081175;0.081456;0.081144;0.080757;0.081255;0.081639;0.081532;0.080898;0.082037;0.080856;0.080861;0.082859;0.081378;0.081417;0.08141;0.081343;0.08073;0.080979;0.081305;0.081417;0.081367;0.081731;0.081565;0.082072;0.081937;0.081618;0.081584;0.081906;0.082087;0.082331;0.08162;0.08211;0.081393;0.081774;0.083029;0.082427;0.083919;0.083116;0.081932;0.080832;0.081717;0.081563;0.080716;0.080888;0.079764;0.081432;0.082059;0.082522;0.082389;0.081519;0.081446;0.081527;0.081325;0.080912;0.080707;0.080554;0.080581;0.081312;0.080947;0.081147;0.082197;0.084459;0.08173;0.084519;0.081206;0.081177;0.080827;0.081776;0.081045;0.080919;0.081164;0.081002;0.082463;0.081499;0.079572;0.081355;0.081232;0.081425;0.081379;0.08085;0.08133;0.080485;0.081437;0.081067;0.102096;0.081436;0.0817;0.08041;0.080477;0.081214;0.081182;0.081264;0.081259;0.080851;0.080802;0.080792;0.08125;0.083106;0.082262;0.081681;0.081844;0.081246;0.082337;0.0825;0.081984;0.082245;0.081929;0.08167;0.0818;0.08299;0.082023;0.081785;0.082402;0.081312;0.081841;0.082241;0.08193;0.08118;0.081175;0.080868;0.081806;0.082774;0.080732;0.082142;0.082179;0.082303;0.080949;0.081998;0.08191;0.08145;0.081579;0.081912;0.082005;0.082749;0.081216;0.081423;0.081435;0.081399;0.082164;0.081831;0.081142;0.081507;0.081474;0.081406;0.081982;0.082547;0.081;0.081286;0.081769;0.08147;0.081;0.081698;0.081166;0.08065;0.081119;0.080843;0.0818;0.081189;0.081912;0.082149;0.080768;0.081577;0.080817;0.081243;0.081971;0.080911;0.081569;0.081498;0.081318;0.081911;0.081986;0.081749;0.081604;0.081281;0.080838;0.081984;0.081857;0.081656;0.081817;0.081637;0.081496;0.081592;0.082623;0.080879;0.082025;0.08112;0.080915;0.080773;0.08112;0.080757;0.080984;0.081917;0.081403;0.081168;0.080974;0.081971;0.081327;0.081945;0.081217;0.081355;0.081355;0.080421;0.081892;0.082139;0.082166;0.081954;0.081504;0.082691;0.08219;0.080671;0.081415;0.080976;0.080692;0.080994;0.081315;0.081066;0.081458;0.081876;0.081528;0.083039;0.081336;0.08158;0.081966;0.082181;0.081864;0.081682;0.081476;0.081695;0.082078;0.081511;0.082048;0.082445;0.081887;0.080701;0.080542;0.081597;0.081107;0.081567;0.081261;0.081189;0.081116;0.081023;0.079901;0.082111;0.082357;0.081698;0.081424;0.081311;0.081298;0.081015;0.081106;0.080404;0.081109;0.081698;0.081637;0.081117;0.083777;0.081917;0.081439;0.081752;0.080879;0.081301;0.08152;0.081066;0.081237;0.081078;0.082043;0.080688;0.082654;0.082396;0.081888;0.082099;0.081371;0.081657;0.082227;0.081435;0.081922;0.080873;0.0823;0.082066;0.082417;0.081878;0.082224;0.08148;0.082292;0.081936;0.081283;0.081815;0.082137;0.081096;0.081875;0.081456;0.081741;0.084629;0.083762;0.083487;0.081681;0.083379;0.082836;0.082818;0.083756;0.083539;0.08361;0.083621;0.083235;0.083038;0.081887;0.081718;0.082769;0.081678;0.08227;0.081465;0.081201;0.081928;0.081156;0.08174;0.082478;0.082403;0.081464;0.081266;0.081385;0.082696;0.081781;0.081551;0.08159;0.081448;0.082574;0.081819;0.081404;0.081991;0.081911;0.082103;0.080808;0.081506;0.081661;0.082088;0.08251;0.0817;0.081515;0.081881;0.081618;0.082869;0.08115;0.081049;0.08147;0.081666;0.081473;0.082119;0.08154;0.081094;0.081616;0.081014;0.081681;0.082273;0.081827;0.085049;0.085318;0.081071;0.080892;0.081771;0.081485;0.081431;0.080904;0.080992;0.081137;0.081366;0.083546;0.082532;0.082555;0.083059;0.082454;0.082625;0.081567;0.083042;0.081992;0.082381;0.082332;0.081982;0.083075;0.081372;0.08181;0.080541;0.081322;0.081376;0.081168;0.081574;0.082031;0.081637;0.082097;0.081621;0.082702;0.082314;0.082086;0.081795;0.081956;0.081874;0.082167;0.081616;0.081718;0.082623;0.081351;0.081129;0.083492;0.081542;0.08174;0.081528;0.081137;0.081395;0.081488;0.081021;0.086004;0.085562;0.087104;0.085359;0.087432;0.086163;0.086863;0.084814;0.086458;0.08548;0.085288;0.086213;0.081988;0.081591;0.086424;0.085014;0.088992;0.08561;0.082845;0.081817;0.081958;0.086295;0.086852;0.085341;0.086229;0.086179;0.086059;0.086089;0.087751;0.086411;0.085301;0.081932;0.082183;0.083562;0.085363;0.081787;0.084086;0.085221;0.086203;0.086665;0.087896;0.086182;0.087024;0.087364;0.086926;0.086583;0.085642;0.086314;0.086176;0.086349;0.086955;0.089129;0.087188;0.086654;0.085678;0.086297;0.085654;0.086201;0.086279;0.085982;0.085492;0.086288;0.086086;0.088882;0.086611;0.085963;0.085239;0.085789;0.086489;0.085868;0.086458;0.085614;0.086002;0.086283;0.088049;0.086128;0.086367;0.087206;0.086466;0.087132;0.086624;0.086639;0.086181;0.086102;0.086374;0.086713;0.088713;0.086021;0.086397;0.086342;0.086004;0.086328;0.086563;0.087066;0.086428;0.085811;0.08597;0.088104;0.087437;0.086593;0.086895;0.088002;0.086351;0.08694;0.087143;0.086615;0.08653;0.08626;0.0869;0.088018;0.086739;0.086553;0.086299;0.087259;0.085462;0.086728;0.086431;0.086156;0.086876;0.085324;0.088136;0.08575;0.086405;0.086509;0.086166;0.086392;0.087472;0.085949;0.085799;0.085915;0.085548;0.086076;0.087391;0.086298;0.086269;0.086813;0.085583;0.086113;0.086375;0.086034;0.08629;0.086139;0.085786;0.08768;0.086511;0.0869;0.086838;0.086248;0.085236;0.086046;0.087203;0.086413;0.08614;0.086225;0.085902;0.088927;0.08618;0.08613;0.085906;0.085917;0.086651;0.085918;0.087026;0.086723;0.086446;0.086018;0.086545;0.088297;0.086332;0.085732;0.086504;0.086258;0.08677;0.087055;0.085935;0.086393;0.086398;0.086374;0.089083;0.086669;0.086253;0.08663;0.085757;0.086335;0.086474;0.086149;0.087098;0.087598;0.087521;0.086882;0.087286;0.085629;0.086442;0.085485;0.085701;0.08643;0.085337;0.085725;0.084813;0.086554;0.0859;0.087393;0.085606;0.086148;0.08594;0.086593;0.085963;0.086465;0.08621;0.086604;0.086286;0.086842;0.086583;0.087927;0.086717;0.086468;0.086289;0.086928;0.086742;0.086997;0.085596;0.086777;0.086748;0.086902;0.089006;0.085979;0.08564;0.086768;0.085707;0.086413;0.086551;0.086081;0.08608;0.084731;0.085444;0.085751;0.089433;0.087506;0.087217;0.087169;0.087579;0.086967;0.087334;0.086595;0.086089;0.086802;0.08692;0.088222;0.085367;0.086751;0.086111;0.086505;0.08628;0.085598;0.085769;0.08578;0.08562;0.085644;0.085318;0.090166;0.086905;0.088134;0.086344;0.086624;0.08614;0.086608;0.085192;0.08647;0.086766;0.086695;0.085676;0.087728;0.086169;0.086757;0.085328;0.080329;0.081634;0.081685;0.081293;0.082238;0.082098;0.082204;0.081977;0.082814;0.08478;0.085472;0.08481;0.081878;0.08203;0.081548;0.081863;0.081775;0.081589;0.081804;0.08158;0.085049;0.086809;0.085469;0.082231;0.083889;0.082064;0.081095;0.082079;0.082385;0.081596;0.081837;0.082071;0.08518;0.086378;0.08565;0.080726;0.082313;0.082738;0.081905;0.081937;0.086207;0.085656;0.085861;0.085154;0.08661;0.085609;0.085951;0.08347;0.081159;0.08138;0.081848;0.081317;0.081239;0.081325;0.080872;0.081043;0.085154;0.086717;0.083979;0.081798;0.081942;0.0814;0.081464;0.082456;0.080995;0.081805;0.081823;0.081498;0.08286;0.083149;0.086619;0.084765;0.082175;0.0821;0.081615;0.081438;0.082096;0.081372;0.081884;0.081029;0.082701;0.086556;0.086224;0.083872;0.081725;0.081859;0.082505;0.084695;0.081823;0.083795;0.081693;0.08235;0.08344;0.085774;0.085589;0.085672;0.081659;0.081454;0.085079;0.080703;0.080986;0.085262;0.086546;0.085997;0.088655;0.086455;0.086706;0.084226;0.081084;0.081397;0.081825;0.081991;0.081714;0.081905;0.081665;0.08309;0.083125;0.081361;0.085465;0.085799;0.085498;0.081652;0.081595;0.081696;0.081664;0.081643;0.081378;0.082309;0.085449;0.085375;0.086229;0.085862;0.082201;0.082101;0.081436;0.080517;0.081693;0.08199;0.0822;0.082175;0.085;0.087762;0.086627;0.082759;0.082235;0.081314;0.082302;0.081765;0.082337;0.081331;0.082454;0.081583;0.084211;0.087018;0.088609;0.084722;0.082064;0.081982;0.081509;0.081456;0.080824;0.081513;0.081349;0.081688;0.089381;0.085584;0.08551;0.082882;0.081586;0.081321;0.08081;0.080547;0.080854;0.081152;0.081083;0.081405;0.083094;0.086087;0.087009;0.086842;0.084102;0.081589;0.082124;0.082222;0.082052;0.081624;0.081846;0.082367;0.082806;0.085219;0.085739;0.083471;0.082001;0.08237;0.0818;0.081921;0.081757;0.081772;0.081561;0.082096;0.083178;0.082119;0.085614;0.086512;0.082045;0.081171;0.082778;0.082312;0.082144;0.082201;0.082425;0.081674;0.083339;0.081615;0.085344;0.086164;0.086945;0.082596;0.081678;0.081976;0.081491;0.081049;0.081635;0.081568;0.082957;0.084843;0.08562;0.085425;0.081735;0.082015;0.081483;0.082917;0.082119;0.083131;0.082053;0.082218;0.083029;0.08526;0.086317;0.083994;0.081433;0.081546;0.081403;0.081875;0.082425;0.081311;0.08266;0.081751;0.083024;0.081266;0.085855;0.085635;0.081506;0.081081;0.080297;0.08166;0.081762;0.081458;0.081493;0.082646;0.082536;0.082122;0.086383;0.086364;0.083289;0.082745;0.082433;0.08233;0.082445;0.082707;0.082728;0.083082;0.085304;0.085037;0.086215;0.082547;0.082196;0.081641;0.081922;0.08198;0.081703;0.081722;0.081511;0.081048;0.082341;0.086022;0.085619;0.083802;0.081191;0.080797;0.081543;0.082319;0.081642;0.08183;0.081737;0.08183;0.080589;0.083897;0.086121;0.086385;0.083743;0.081992;0.081232;0.08224;0.081663;0.081186;0.082235;0.08206;0.081403;0.082753;0.084542;0.086509;0.08328;0.082576;0.082466;0.081713;0.081976;0.082437;0.081294;0.082417;0.081768;0.083966;0.081907;0.086774;0.086777;0.083807;0.082319;0.082217;0.082864;0.082451;0.082407;0.082256;0.082216;0.084148;0.085918;0.083818;0.082216;0.081355;0.081571;0.081433;0.081758;0.081838;0.081814;0.082083;0.081544;0.084264;0.083283;0.08244;0.082454;0.08336;0.082002;0.081975;0.081721;0.081956;0.082131;0.082031;0.081535;0.083967;0.084882;0.085864;0.081777;0.081939;0.082887;0.082027;0.082189;0.082084;0.080771;0.081613;0.082179;0.083953;0.083421;0.084825;0.081974;0.082322;0.081865;0.083751;0.082466;0.082332;0.08141;0.081578;0.081541;0.083422;0.082047;0.081514;0.081178;0.082219;0.081762;0.081801;0.081506;0.08137;0.082103;0.081778;0.082056;0.081716;0.083015;0.081126;0.081277;0.081536;0.081436;0.080686;0.080719;0.08215;0.081431;0.081088;0.081386;0.08133;0.083417;0.081207;0.081187;0.082585;0.081531;0.081333;0.081687;0.0814;0.082491;0.080385;0.081926;0.081917;0.082853;0.083275;0.083419;0.080795;0.081837;0.081646;0.081336;0.081699;0.08152;0.082353;0.08224;0.085041;0.083751;0.087033;0.082714;0.082563;0.081198;0.081905;0.082796;0.082196;0.080447;0.081968;0.083611;0.082331;0.083153;0.085614;0.086885;0.083389;0.082812;0.082259;0.082554;0.081126;0.082413;0.081504;0.082392;0.083257;0.083456;0.083799;0.08645;0.082543;0.081599;0.081478;0.081077;0.08163;0.08147;0.080977;0.080949;0.081406;0.083338;0.081876;0.080572;0.081551;0.080981;0.081317;0.081505;0.080563;0.08079;0.08186;0.081521;0.081097;0.081384;0.08537;0.085079;0.086725;0.083126;0.081939;0.081768;0.081621;0.081353;0.081999;0.081753;0.081777;0.081952;0.083223;0.082205;0.08149;0.081674;0.081657;0.08176;0.081754;0.081686;0.08175;0.081706;0.081613;0.081061;0.0833;0.084688;0.086682;0.082785;0.081652;0.081273;0.08239;0.081929;0.082031;0.081429;0.081941;0.082132;0.08229;0.080793;0.081512;0.083074;0.08067;0.081727;0.081643;0.0816;0.081965;0.081596;0.081584;0.081909;0.08256;0.082246;0.081286;0.082041;0.082394;0.081593;0.081476;0.080687;0.081311;0.081562;0.081392;0.080724;0.081635;0.083796;0.082305;0.082316;0.081824;0.082593;0.081124;0.082309;0.081827;0.08187;0.081987;0.081992;0.082011;0.082568;0.081453;0.080951;0.081236;0.081166;0.082719;0.081607;0.081553;0.081011;0.081253;0.081529;0.081068;0.082963;0.082255;0.082896;0.082587;0.081999;0.082273;0.083016;0.081852;0.081762;0.082211;0.081135;0.08209;0.083225;0.081953;0.081694;0.082142;0.080831;0.081724;0.081611;0.083124;0.081514;0.080727;0.082053;0.082401;0.082618;0.081486;0.081135;0.081167;0.081611;0.082024;0.081399;0.081167;0.081654;0.081378;0.081054;0.081306;0.081045;0.083301;0.081945;0.081452;0.081405;0.08181;0.082229;0.081111;0.081871;0.082007;0.080757;0.081898;0.081706;0.08238;0.080634;0.081584;0.08163;0.081389;0.08082;0.082214;0.082336;0.081176;0.081139;0.080909;0.081557;0.083351;0.081812;0.080715;0.08113;0.081001;0.081802;0.081334;0.081689;0.081529;0.081699;0.082363;0.081437;0.082346;0.082045;0.081078;0.081041;0.081161;0.081172;0.081304;0.081356;0.081367;0.081473;0.081474;0.081966;0.081176;0.08312;0.081942;0.081447;0.082217;0.081456;0.081941;0.081587;0.081798;0.081242;0.081678;0.081976;0.082317;0.082653;0.081354;0.081208;0.0816;0.081706;0.081838;0.08147;0.081555;0.081425;0.081341;0.081327;0.081575;0.082307;0.082055;0.080999;0.081724;0.082144;0.081554;0.08166;0.081509;0.081705;0.081568;0.081543;0.081675;0.082467;0.082904;0.081729;0.081794;0.082217;0.081848;0.081916;0.082331;0.081992;0.081566;0.081883;0.081688;0.081518;0.082609;0.081897;0.082091;0.081464;0.081053;0.081527;0.081553;0.08159;0.081882;0.081351;0.081764;0.081943;0.082967;0.080847;0.081993;0.081972;0.081345;0.081082;0.08206;0.081323;0.081789;0.081714;0.08147;0.080397;0.082577;0.081395;0.081827;0.082411;0.081453;0.082141;0.081733;0.080615;0.081896;0.081247;0.081481;0.081574;0.082184;0.081837;0.081577;0.081078;0.082457;0.081719;0.080931;0.081012;0.081283;0.081666;0.081816;0.081998;0.081621;0.083511;0.082614;0.082068;0.082288;0.082283;0.082169;0.082278;0.081828;0.08175;0.081586;0.082084;0.081953;0.083555;0.081809;0.082467;0.082553;0.081666;0.082743;0.082082;0.082514;0.081593;0.081816;0.082095;0.082049;0.083467;0.081757;0.081392;0.081611;0.081633;0.081744;0.08246;0.081073;0.081141;0.081523;0.081456;0.08138;0.082905;0.081099;0.081147;0.082414;0.082478;0.081678;0.081844;0.082925;0.082194;0.082093;0.082468;0.08652;0.085194;0.081663;0.081585;0.081168;0.08185;0.080625;0.080846;0.081308;0.082203;0.079773;0.080973;0.08108;0.082914;0.081612;0.081227;0.080899;0.081669;0.08168;0.081221;0.081055;0.081019;0.081783;0.080722;0.081171;0.081233;0.083342;0.085277;0.086172;0.08461;0.081664;0.081384;0.081618;0.081603;0.081775;0.082207;0.081224;0.081704;0.087874;0.085676;0.081696;0.081732;0.081861;0.081604;0.081788;0.081663;0.081703;0.081927;0.082321;0.08151;0.082833;0.081762;0.080643;0.081645;0.081107;0.081323;0.08118;0.081596;0.081917;0.081022;0.081223;0.082384;0.083;0.081632;0.081427;0.081294;0.081225;0.081222;0.081555;0.081864;0.080615;0.080263;0.080997;0.081028;0.083225;0.081531;0.081533;0.080963;0.081145;0.081479;0.081291;0.081296;0.080603;0.081646;0.081063;0.081223;0.081318;0.08338;0.081606;0.081425;0.081288;0.081489;0.08169;0.081784;0.081327;0.081912;0.081562;0.081904;0.081667;0.082686;0.081458;0.081567;0.082345;0.082187;0.081936;0.08189;0.082457;0.082044;0.081972;0.082622;0.082021;0.083579;0.08216;0.083125;0.082124;0.082172;0.082204;0.082234;0.080963;0.081842;0.082193;0.081482;0.081964;0.083029;0.081543;0.081193;0.083051;0.081946;0.081991;0.082279;0.082277;0.081743;0.082067;0.081722;0.080743;0.082709;0.082835;0.081849;0.081944;0.082977;0.082119;0.08215;0.081564;0.081753;0.081092;0.081532;0.081482;0.081711;0.11043;0.081051;0.081292;0.082428;0.081665;0.081475;0.081583;0.081576;0.081914;0.081463;0.081756;0.08108;0.083453;0.082404;0.081889;0.080981;0.082867;0.082122;0.082274;0.081789;0.082264;0.082283;0.082009;0.082016;0.082775;0.081552;0.082086;0.081813;0.082126;0.082249;0.081488;0.082145;0.081711;0.081486;0.0821;0.082149;0.082285;0.082054;0.081735;0.082167;0.081662;0.08194;0.082478;0.081719;0.080089;0.081945;0.08102;0.081267;0.082369;0.081723;0.081952;0.082294;0.081541;0.08145;0.081658;0.082853;0.081753;0.081548;0.081587;0.08058;0.082074;0.081807;0.081189;0.081682;0.080497;0.081642;0.082001;0.081474;0.081959;0.081742;0.081407;0.081688;0.081834;0.083573;0.082057;0.081494;0.081908;0.082009;0.081908;0.081852;0.082054;0.083472;0.083296;0.083185;0.081837;0.084113;0.082964;0.082516;0.082211;0.082094;0.082356;0.082902;0.082745;0.081897;0.083003;0.08256;0.082569;0.083386;0.085743;0.083394;0.081169;0.081171;0.08173;0.081761;0.081617;0.0821;0.082447;0.081946;0.081554;0.082624;0.081358;0.081609;0.081719;0.081143;0.081471;0.081167;0.081272;0.081213;0.081392;0.081766;0.082467;0.082505;0.082297;0.082016;0.081211;0.080843;0.081892;0.082147;0.082157;0.08157;0.081548;0.081255;0.081459;0.082149;0.083898;0.082623;0.081825;0.082822;0.082691;0.08285;0.083366;0.08254;0.083053;0.082416;0.082541;0.083001;0.083659;0.081529;0.081676;0.081578;0.081527;0.081402;0.081847;0.081883;0.081364;0.081204;0.082026;0.08121;0.082555;0.082672;0.081081;0.082086;0.082592;0.082225;0.08225;0.081413;0.082507;0.081964;0.081854;0.081768;0.083092;0.081475;0.0811;0.080932;0.08132;0.081844;0.080593;0.081826;0.081317;0.081419;0.080723;0.081483;0.08237;0.081579;0.081495;0.081954;0.080448;0.0808;0.081828;0.081148;0.081569;0.081379;0.081057;0.080427;0.081155;0.084651;0.081983;0.082065;0.083315;0.08241;0.082259;0.08186;0.082763;0.082606;0.081712;0.082119;0.082277;0.082399;0.081591;0.081584;0.082056;0.082892;0.082322;0.082312;0.082006;0.08195;0.081932;0.082072;0.081476;0.082538;0.081144;0.081686;0.082125;0.081612;0.080666;0.081843;0.081579;0.081188;0.0821;0.081303;0.081565;0.082487;0.081954;0.081777;0.081962;0.08147;0.082389;0.083059;0.081647;0.080374;0.081291;0.082117;0.08057;0.082507;0.081648;0.08074;0.080864;0.081166;0.08122;0.081486;0.082161;0.081107;0.081163;0.08157;0.080802;0.081651;0.083058;0.081864;0.081328;0.08173;0.082015;0.0818;0.08202;0.081711;0.082476;0.081716;0.081571;0.081895;0.083031;0.081961;0.082253;0.08225;0.081947;0.082392;0.081706;0.081221;0.081768;0.081475;0.081219;0.081697;0.082867;0.082279;0.081871;0.081522;0.08181;0.082095;0.081927;0.08172;0.081168;0.08216;0.082053;0.081744;0.082525;0.08176;0.081995;0.0816;0.081762;0.0817;0.081386;0.081749;0.082055;0.08214;0.081593;0.081691;0.081507;0.082307;0.081594;0.08084;0.081506;0.081771;0.081499;0.081305;0.081432;0.081928;0.081779;0.081798;0.08194;0.083798;0.082099;0.082301;0.082176;0.081248;0.08193;0.081804;0.081455;0.081932;0.081592;0.081578;0.081239;0.083672;0.081635;0.082763;0.082345;0.081372;0.081892;0.08224;0.082584;0.081442;0.082022;0.081837;0.081048;0.082804;0.082399;0.082489;0.082413;0.082134;0.08248;0.081695;0.082171;0.081344;0.081452;0.081715;0.081348;0.081919;0.081897;0.082116;0.082371;0.082168;0.08194;0.082347;0.082452;0.081351;0.081499;0.082775;0.081973;0.081184;0.08303;0.081785;0.082271;0.081733;0.081311;0.082115;0.08138;0.08121;0.081713;0.081321;0.081699;0.082115;0.083484;0.083256;0.082609;0.083448;0.082224;0.081063;0.08177;0.082621;0.081557;0.082026;0.081643;0.081368;0.083416;0.082741;0.082024;0.082266;0.083085;0.081701;0.082025;0.082135;0.0818;0.081405;0.081486;0.081986;0.083775;0.081872;0.081419;0.081618;0.082145;0.081351;0.081822;0.081438;0.081737;0.081929;0.081277;0.081769;0.083131;0.084711;0.086093;0.083907;0.081764;0.082196;0.080951;0.081807;0.081366;0.081573;0.082795;0.081861;0.083749;0.083792;0.086338;0.082054;0.080696;0.08165;0.082578;0.081133;0.082042;0.081296;0.081772;0.081377;0.083211;0.081728;0.08119;0.080846;0.080458;0.081534;0.082017;0.082569;0.081419;0.081639;0.080593;0.081257;0.081417;0.084345;0.086381;0.086055;0.084429;0.081595;0.081799;0.081262;0.082679;0.081428;0.081945;0.081833;0.082461;0.083091;0.082137;0.082599;0.081661;0.082616;0.082554;0.085482;0.086133;0.082649;0.081682;0.082113;0.08175;0.082892;0.082151;0.081922;0.082413;0.08113;0.081449;0.081584;0.081761;0.08181;0.081804;0.082004;0.081538;0.082932;0.082011;0.081624;0.080903;0.081944;0.081425;0.08163;0.081431;0.08187;0.081681;0.082868;0.081416;0.082843;0.081979;0.081497;0.082333;0.082169;0.082483;0.082021;0.082996;0.0826;0.082595;0.082108;0.083032;0.083216;0.081824;0.081664;0.081619;0.081905;0.081387;0.080992;0.081463;0.082162;0.082253;0.081368;0.081752;0.082948;0.082095;0.082481;0.082504;0.082033;0.080985;0.081813;0.08151;0.081113;0.081425;0.081154;0.080543;0.081314;0.083069;0.081591;0.081214;0.081176;0.081246;0.08104;0.081688;0.081973;0.081633;0.081546;0.081447;0.082386;0.083432;0.083067;0.081436;0.082433;0.082179;0.081298;0.081979;0.081978;0.082158;0.082179;0.081889;0.081689;0.083356;0.082716;0.083093;0.08238;0.082601;0.082114;0.082785;0.081893;0.08217;0.08209;0.082512;0.082506;0.083848;0.081396;0.080531;0.082098;0.081675;0.08123;0.080274;0.081143;0.080807;0.080824;0.0818;0.08185;0.081089;0.082541;0.081293;0.08069;0.082091;0.081535;0.081441;0.081678;0.081872;0.08182;0.08173;0.082;0.081737;0.081985;0.081519;0.080311;0.080655;0.081305;0.080688;0.081116;0.08086;0.081429;0.080528;0.081499;0.080822;0.082564;0.080735;0.081302;0.081148;0.081154;0.081349;0.081252;0.08153;0.081299;0.081587;0.081517;0.081795;0.082935;0.081344;0.081601;0.081233;0.081232;0.080744;0.082138;0.080672;0.081136;0.081758;0.081248;0.081339;0.081323;0.082725;0.082221;0.081726;0.08195;0.080755;0.082309;0.081815;0.081713;0.081806;0.081725;0.082302;0.082298;0.083679;0.081117;0.081834;0.081564;0.08182;0.081052;0.081761;0.082123;0.081449;0.081083;0.081865;0.081988;0.082614;0.081518;0.081257;0.082049;0.084038;0.081444;0.08154;0.081403;0.081477;0.081285;0.081761;0.081328;0.082451;0.082042;0.082269;0.082338;0.081671;0.082521;0.082099;0.082424;0.082126;0.08317;0.081509;0.082084;0.081957;0.081643;0.082364;0.081207;0.08145;0.080698;0.081908;0.082247;0.081789;0.081916;0.083019;0.081247;0.081746;0.0846;0.082635;0.083208;0.08232;0.08223;0.083124;0.082475;0.082823;0.082216;0.083243;0.083736;0.082946;0.083029;0.082394;0.082549;0.082668;0.082321;0.082947;0.08282;0.082679;0.08233;0.080855;0.082098;0.082317;0.083811;0.085815;0.086887;0.081939;0.081863;0.082584;0.083091;0.082029;0.082318;0.082846;0.082568;0.081688;0.084482;0.081594;0.081049;0.081049;0.081192;0.081426;0.081228;0.080676;0.080466;0.081045;0.08155;0.08134;0.082223;0.082435;0.081946;0.081623;0.082144;0.081737;0.081018;0.081384;0.080749;0.081572;0.081685;0.082326;0.081767;0.082064;0.082157;0.081801;0.082063;0.082107;0.082296;0.081427;0.080881;0.080778;0.081634;0.081366;0.081631;0.082657;0.081842;0.082767;0.081101;0.081405;0.081045;0.082412;0.081761;0.081675;0.081227;0.081405;0.081331;0.091917;0.082551;0.082368;0.082957;0.081853;0.082473;0.08115;0.082124;0.082396;0.082242;0.082307;0.082392;0.083224;0.081655;0.081839;0.081952;0.082202;0.08167;0.08068;0.081188;0.080963;0.081633;0.081603;0.082023;0.082159;0.082279;0.08224;0.082614;0.082889;0.082642;0.082815;0.081903;0.082146;0.082364;0.081568;0.081813;0.083294;0.082008;0.082032;0.081185;0.081666;0.081669;0.082003;0.081942;0.081695;0.080829;0.082191;0.081004;0.081789;0.083389;0.081891;0.08182;0.081755;0.082072;0.082769;0.081888;0.08162;0.082315;0.081702;0.082344;0.082021;0.082541;0.080117;0.081139;0.081349;0.08192;0.081734;0.081841;0.081598;0.081813;0.081403;0.081294;0.081812;0.082271;0.080953;0.081615;0.081901;0.081492;0.081361;0.081576;0.082212;0.081271;0.081854;0.080716;0.080954;0.083006;0.081971;0.083002;0.082575;0.082605;0.082206;0.081351;0.082499;0.083315;0.08228;0.082216;0.082314;0.08271;0.082004;0.081551;0.081947;0.081649;0.081789;0.081414;0.082371;0.08142;0.082497;0.081222;0.081586;0.08193;0.083;0.082045;0.082321;0.080806;0.081919;0.082022;0.08074;0.081654;0.081665;0.082643;0.082802;0.081522;0.082793;0.081435;0.08167;0.080751;0.081589;0.081384;0.081459;0.081652;0.081737;0.081445;0.082074;0.08164;0.083057;0.08212;0.08118;0.081255;0.080862;0.081047;0.081311;0.081962;0.081734;0.081507;0.081435;0.081858;0.083092;0.082514;0.082822;0.082664;0.081316;0.081982;0.083022;0.083059;0.082746;0.082473;0.082391;0.081901;0.084994;0.08231;0.081842;0.080921;0.081332;0.08162;0.081816;0.08137;0.081278;0.081705;0.081369;0.081489;0.081186;0.083999;0.081504;0.081608;0.081572;0.081729;0.081767;0.081898;0.081374;0.081118;0.081599;0.081821;0.080991;0.082039;0.083602;0.082016;0.081892;0.081695;0.081777;0.082222;0.08144;0.081647;0.082398;0.081791;0.082345;0.08292;0.081984;0.083268;0.082423;0.082224;0.082682;0.082369;0.082207;0.082449;0.082376;0.082063;0.081865;0.083075;0.081212;0.081464;0.081746;0.081227;0.081038;0.08082;0.081502;0.081176;0.081497;0.081474;0.081369;0.082333;0.081104;0.080909;0.081003;0.081582;0.080708;0.081319;0.080776;0.081116;0.081244;0.081124;0.080756;0.081146;0.082447;0.083084;0.082701;0.082907;0.083947;0.083161;0.082406;0.082335;0.082581;0.082887;0.082223;0.082552;0.082408;0.081994;0.081638;0.080733;0.081605;0.082154;0.081959;0.08225;0.082019;0.080933;0.08072;0.081392;0.082914;0.081919;0.081771;0.081846;0.081971;0.081984;0.082769;0.081065;0.081865;0.081849;0.081786;0.08248;0.082175;0.082155;0.082229;0.082433;0.082465;0.08535;0.081477;0.082834;0.082365;0.081989;0.082486;0.081988;0.084464;0.082353;0.081691;0.08167;0.081839;0.082047;0.082418;0.081945;0.082638;0.082203;0.082144;0.082569;0.083256;0.08208;0.081507;0.081717;0.080758;0.081472;0.082576;0.082114;0.08211;0.081349;0.081775;0.082348;0.082432;0.082807;0.08226;0.082002;0.081937;0.082095;0.081072;0.081962;0.082051;0.081515;0.082209;0.081029;0.081722;0.083156;0.081362;0.081708;0.0814;0.081289;0.081491;0.081099;0.081206;0.082032;0.082058;0.082096;0.081186;0.082902;0.082395;0.080758;0.082039;0.082753;0.082714;0.082099;0.082537;0.081631;0.081837;0.081683;0.084103;0.083091;0.082453;0.082426;0.081627;0.082274;0.082685;0.082563;0.081503;0.081711;0.082201;0.081574;0.082454;0.084037;0.081709;0.081832;0.081463;0.081853;0.081749;0.081045;0.08249;0.08134;0.082778;0.081018;0.082069;0.082154;0.082273;0.08131;0.081456;0.08174;0.081391;0.081872;0.081278;0.081882;0.081425;0.081164;0.082035;0.081172;0.082271;0.082056;0.081954;0.081174;0.080942;0.081184;0.081155;0.081467;0.081119;0.081292;0.080426;0.081354;0.083058;0.083337;0.084124;0.082632;0.083041;0.082195;0.082357;0.082527;0.082857;0.082511;0.082415;0.083469;0.083099;0.082929;0.0832;0.082764;0.083843;0.082955;0.08314;0.082691;0.082771;0.082644;0.08242;0.08223;0.08391;0.082055;0.082166;0.081937;0.08213;0.081131;0.081462;0.081615;0.082145;0.081039;0.081687;0.081946;0.081338;0.081956;0.081053;0.080935;0.081297;0.079757;0.080706;0.082015;0.081705;0.081955;0.082045;0.081896;0.08173;0.083943;0.083154;0.083699;0.083501;0.083329;0.083898;0.083089;0.083374;0.083891;0.083167;0.083991;0.084126;0.083069;0.081885;0.081609;0.081054;0.081448;0.081388;0.082637;0.081656;0.081767;0.080775;0.081376;0.080439;0.083566;0.081724;0.082362;0.081925;0.082005;0.081653;0.081838;0.082813;0.081276;0.080958;0.080845;0.080887;0.082849;0.082063;0.082089;0.081575;0.082095;0.081682;0.081383;0.081376;0.082861;0.082414;0.081027;0.082217;0.082734;0.081617;0.081496;0.081887;0.08234;0.081927;0.081999;0.081222;0.081265;0.082093;0.081464;0.081932;0.081952;0.082453;0.081673;0.081496;0.082368;0.081299;0.081432;0.081031;0.080568;0.081212;0.082397;0.081332;0.081878;0.08277;0.08173;0.082232;0.082232;0.08254;0.082008;0.082098;0.082691;0.082217;0.082516;0.083326;0.082032;0.08378;0.081905;0.082102;0.081312;0.080613;0.081906;0.082058;0.081238;0.081876;0.081917;0.082267;0.082281;0.083208;0.082073;0.08257;0.082031;0.082039;0.082283;0.081176;0.082072;0.082724;0.082224;0.082459;0.082186;0.08346;0.081715;0.081235;0.081225;0.081402;0.081987;0.081809;0.081306;0.080054;0.081217;0.081828;0.081307;0.080947;0.084049;0.081812;0.081188;0.081605;0.082138;0.081724;0.081692;0.081946;0.081148;0.082153;0.08229;0.081462;0.083932;0.083398;0.082333;0.082503;0.082818;0.082423;0.082959;0.083063;0.082188;0.082782;0.082679;0.08271;0.082922;0.081735;0.08321;0.081642;0.081916;0.082315;0.082082;0.082322;0.081776;0.082015;0.082576;0.082774;0.083884;0.082187;0.081782;0.083425;0.081701;0.082874;0.082146;0.081384;0.082636;0.082131;0.082205;0.082332;0.082759;0.082317;0.082176;0.081931;0.083204;0.08258;0.08261;0.082728;0.082482;0.082352;0.08238;0.082675;0.08378;0.082543;0.081758;0.082111;0.081615;0.082654;0.081827;0.080959;0.081639;0.081993;0.081585;0.08212;0.083033;0.081194;0.082593;0.082367;0.082715;0.081707;0.083162;0.082659;0.082069;0.081846;0.082057;0.082508;0.082644;0.082487;0.08071;0.081323;0.081507;0.081083;0.081655;0.082711;0.081627;0.082099;0.080638;0.081428;0.082025;0.083335;0.081826;0.081133;0.081098;0.081595;0.081696;0.080294;0.082145;0.081067;0.081491;0.081765;0.082126;0.083821;0.085223;0.086042;0.084456;0.081457;0.081998;0.081481;0.081692;0.082966;0.08214;0.081409;0.082513;0.084131;0.081926;0.081889;0.081711;0.081642;0.080609;0.082265;0.082051;0.081844;0.082407;0.081693;0.081581;0.08206;0.081854;0.081555;0.081007;0.080588;0.08125;0.081089;0.081575;0.081195;0.08154;0.082058;0.08126;0.080671;0.082441;0.081759;0.08141;0.082098;0.081221;0.081244;0.081906;0.080873;0.081231;0.082282;0.0824;0.081774;0.08311;0.080871;0.086199;0.083206;0.081805;0.081231;0.080845;0.081224;0.081117;0.08188;0.0818;0.082074;0.083125;0.08374;0.087028;0.082264;0.081939;0.084322;0.086939;0.082451;0.082699;0.08276;0.082736;0.082978;0.089286;0.085373;0.082587;0.082039;0.081638;0.082402;0.082835;0.082171;0.082328;0.083287;0.082917;0.082456;0.084154;0.082622;0.082945;0.083097;0.082355;0.081694;0.081546;0.080851;0.081561;0.081241;0.081697;0.080906;0.081461;0.082422;0.08244;0.082752;0.08432;0.08404;0.083526;0.082968;0.082196;0.082087;0.082475;0.081051;0.083486;0.08204;0.08532;0.08519;0.080925;0.081441;0.079959;0.081411;0.081471;0.081054;0.08113;0.081294;0.081663;0.083608;0.081406;0.081931;0.081642;0.084422;0.085967;0.085707;0.08129;0.081748;0.081441;0.081583;0.081935;0.083267;0.081257;0.080687;0.081992;0.081527;0.081502;0.081187;0.080834;0.080455;0.081267;0.081604;0.080762;0.082526;0.081735;0.081031;0.081152;0.081779;0.082742;0.083175;0.08158;0.08253;0.082817;0.082905;0.08146;0.082243;0.082237;0.08214;0.081172;0.081384;0.081749;0.082237;0.081783;0.08211;0.082163;0.082167;0.082475;0.083188;0.08136;0.081473;0.081777;0.08112;0.08131;0.081911;0.081977;0.080547;0.080899;0.081195;0.081395;0.081609;0.082473;0.082247;0.081875;0.081834;0.081623;0.081083;0.082133;0.082587;0.081837;0.081892;0.08305;0.087235;0.087275;0.082417;0.082347;0.080972;0.082473;0.08267;0.082354;0.081872;0.083;0.082181;0.080831;0.082244;0.084691;0.086543;0.082457;0.081715;0.082033;0.081851;0.081953;0.081173;0.081359;0.081442;0.08128;0.080615;0.083894;0.085956;0.083617;0.080913;0.081606;0.081301;0.081582;0.081616;0.081636;0.082377;0.081087;0.080707;0.082757;0.082201;0.082472;0.082192;0.081686;0.08196;0.081827;0.082601;0.0827;0.081943;0.083226;0.08652;0.086957;0.083717;0.081149;0.081966;0.081397;0.080892;0.081625;0.081249;0.081318;0.081128;0.08162;0.082726;0.083647;0.082008;0.081579;0.081336;0.081902;0.081378;0.08145;0.081471;0.081283;0.081476;0.081637;0.081426;0.082362;0.083402;0.082509;0.081792;0.082263;0.08233;0.082119;0.081958;0.08267;0.082523;0.082337;0.083243;0.082454;0.083675;0.081072;0.080827;0.081354;0.08165;0.08203;0.081421;0.081176;0.081781;0.081162;0.08162;0.081616;0.082401;0.082244;0.081937;0.08135;0.08134;0.081244;0.081396;0.081505;0.081621;0.081753;0.08188;0.081778;0.082855;0.082228;0.083147;0.081742;0.081534;0.081648;0.081337;0.08137;0.081455;0.08132;0.081752;0.081028;0.082258;0.082081;0.081482;0.08166;0.08161;0.081037;0.081732;0.08192;0.080978;0.0807;0.080581;0.080595;0.081006;0.082684;0.081818;0.081448;0.082684;0.081609;0.081745;0.081548;0.081386;0.081508;0.082007;0.081726;0.081015;0.082127;0.081723;0.081624;0.081715;0.082143;0.082159;0.081609;0.0817;0.081937;0.081469;0.08164;0.081312;0.08346;0.081901;0.082063;0.081683;0.082347;0.083398;0.081376;0.081675;0.081336;0.081463;0.081452;0.081488;0.082537;0.08139;0.081568;0.080748;0.083218;0.085802;0.082568;0.081265;0.081786;0.080903;0.081174;0.080458;0.081445;0.082777;0.082047;0.081596;0.081817;0.081468;0.08093;0.082592;0.082561;0.084418;0.08181;0.082096;0.081568;0.083091;0.082293;0.081865;0.081576;0.081324;0.082298;0.081888;0.083166;0.082071;0.082459;0.081839;0.082024;0.082468;0.082392;0.081545;0.081608;0.082187;0.081548;0.081955;0.08108;0.082905;0.081566;0.081779;0.081935;0.082802;0.081951;0.081502;0.081461;0.081069;0.081176;0.081538;0.081465;0.0811;0.082487;0.08004;0.081152;0.082153;0.08189;0.082328;0.082069;0.081997;0.082451;0.082032;0.082266;0.081256;0.0818;0.083105;0.08212;0.082341;0.082464;0.082007;0.081879;0.081902;0.082051;0.08236;0.082421;0.081634;0.08084;0.081074;0.081769;0.081434;0.083188;0.081222;0.0814;0.081411;0.081143;0.081484;0.080993;0.081239;0.081045;0.081202;0.081298;0.082264;0.082491;0.081935;0.081891;0.081756;0.082325;0.082493;0.081457;0.080847;0.081655;0.08163;0.081925;0.082166;0.084515;0.082401;0.082089;0.081769;0.08189;0.081307;0.081554;0.080729;0.08182;0.081427;0.082135;0.081675;0.082829;0.081974;0.081279;0.081199;0.080905;0.080389;0.081257;0.081243;0.081405;0.08021;0.080727;0.081482;0.081302;0.082757;0.082219;0.082267;0.080644;0.081785;0.081361;0.081731;0.081517;0.081456;0.080711;0.081128;0.081041;0.083179;0.08153;0.083016;0.081761;0.081711;0.082209;0.081786;0.081453;0.0819;0.082422;0.081485;0.081553;0.08307;0.082363;0.081635;0.081733;0.081317;0.08119;0.081746;0.081451;0.081665;0.081361;0.081685;0.081673;0.082116;0.081555;0.081003;0.081459;0.082092;0.081573;0.081117;0.081184;0.081592;0.081354;0.080811;0.081123;0.080191;0.083456;0.081902;0.081671;0.082289;0.082341;0.081937;0.081548;0.082037;0.081861;0.082372;0.082528;0.082181;0.083456;0.082981;0.08236;0.082996;0.082098;0.083991;0.083404;0.082831;0.082438;0.08271;0.082249;0.081819;0.082959;0.081536;0.080677;0.081488;0.081727;0.081876;0.082943;0.082136;0.082423;0.080437;0.0827;0.082261;0.083522;0.081851;0.081479;0.081667;0.081957;0.081081;0.081481;0.082376;0.08197;0.082047;0.081336;0.080592;0.083107;0.081148;0.081718;0.081357;0.081489;0.081371;0.081571;0.08095;0.081891;0.082511;0.081661;0.081463;0.081804;0.083295;0.081804;0.081442;0.082032;0.081414;0.081062;0.083068;0.085848;0.081555;0.082372;0.081273;0.08147;0.083402;0.080338;0.081512;0.08139;0.081223;0.081176;0.082452;0.080881;0.080954;0.082081;0.082413;0.080454;0.082691;0.081308;0.080956;0.080736;0.081901;0.081303;0.081414;0.080707;0.081632;0.081493;0.081594;0.081593;0.082602;0.081693;0.08173;0.081435;0.081313;0.081798;0.081829;0.082157;0.081892;0.081073;0.08163;0.08126;0.082497;0.083796;0.082932;0.083235;0.082776;0.083286;0.082843;0.083109;0.082498;0.083145;0.08295;0.08231;0.083512;0.083736;0.082373;0.081803;0.081927;0.081205;0.081735;0.082224;0.081684;0.080907;0.081242;0.081955;0.080896;0.082638;0.082716;0.081471;0.081744;0.082004;0.081624;0.081932;0.081251;0.081606;0.081521;0.081422;0.081772;0.082752;0.082161;0.082201;0.082569;0.081813;0.082358;0.08176;0.082209;0.082042;0.081942;0.081649;0.081849;0.082706;0.081611;0.081267;0.08047;0.082512;0.081718;0.081827;0.081174;0.081938;0.082016;0.081614;0.081604;0.082382;0.081518;0.081634;0.081479;0.081821;0.08241;0.081256;0.081621;0.080307;0.081379;0.081023;0.080776;0.081677;0.082892;0.082451;0.082744;0.082492;0.081619;0.081982;0.082264;0.08083;0.081932;0.081876;0.081424;0.08227;0.083178;0.081327;0.081329;0.081984;0.081464;0.081241;0.082455;0.08164;0.081342;0.082055;0.081456;0.080922;0.082644;0.081376;0.081565;0.081971;0.081014;0.081491;0.081833;0.082391;0.081235;0.08164;0.081703;0.081849;0.081816;0.082089;0.0812;0.081188;0.081732;0.081482;0.08166;0.080777;0.08229;0.081488;0.085659;0.08188;0.081625;0.082762;0.081746;0.081613;0.08137;0.081171;0.080231;0.081275;0.082278;0.082364;0.082811;0.082521;0.082992;0.083067;0.081227;0.081626;0.081547;0.081528;0.080855;0.081575;0.081352;0.08185;0.082046;0.082064;0.082081;0.082908;0.082253;0.081415;0.082375;0.08228;0.082012;0.081975;0.082324;0.081861;0.082321;0.083069;0.081729;0.083275;0.081775;0.082338;0.081919;0.082;0.082131;0.081839;0.08196;0.081467;0.081894;0.081996;0.08189;0.081855;0.0815;0.082522;0.08075;0.081727;0.081724;0.082003;0.081289;0.081987;0.080571;0.081699;0.081436;0.081679;0.082058;0.081669;0.085177;0.08207;0.081762;0.0822;0.081468;0.081619;0.08162;0.082155;0.081175;0.08131;0.084248;0.080865;0.081391;0.082504;0.081556;0.082051;0.08213;0.081516;0.083679;0.082393;0.081612;0.081314;0.083205;0.082535;0.082107;0.081869;0.083924;0.083075;0.082023;0.082378;0.082293;0.082609;0.082625;0.082033;0.084228;0.081793;0.081639;0.081819;0.08109;0.081111;0.081767;0.081921;0.082446;0.081232;0.08183;0.081764;0.102177;0.081917;0.082006;0.082245;0.081648;0.081445;0.081274;0.080952;0.081623;0.081229;0.08124;0.081537;0.082195;0.08189;0.081872;0.081859;0.082282;0.081415;0.082129;0.082632;0.081848;0.082104;0.081829;0.081891;0.083595;0.08165;0.081258;0.081444;0.081598;0.081801;0.081351;0.081753;0.081555;0.081289;0.080631;0.081375;0.081313;0.082252;0.081731;0.081843;0.081618;0.082266;0.08262;0.080887;0.08213;0.081202;0.081931;0.081394;0.081127;0.083337;0.083659;0.082891;0.082886;0.082933;0.08195;0.083477;0.082535;0.082661;0.081559;0.083367;0.082244;0.083521;0.082054;0.082296;0.081585;0.081399;0.082262;0.08176;0.083363;0.082326;0.081168;0.081525;0.082054;0.083778;0.08219;0.081964;0.081725;0.081281;0.082297;0.081399;0.081758;0.083175;0.081713;0.081903;0.081942;0.083187;0.081821;0.082221;0.082032;0.081769;0.082184;0.081762;0.082026;0.081673;0.081984;0.082194;0.081318;0.082205;0.083914;0.082189;0.081798;0.082495;0.082128;0.082353;0.082832;0.08253;0.082311;0.082613;0.082557;0.081827;0.082933;0.08156;0.082156;0.081722;0.081619;0.080757;0.079899;0.081676;0.081167;0.081149;0.082085;0.081154;0.083573;0.082683;0.082139;0.08238;0.082389;0.082206;0.081636;0.082492;0.081649;0.081775;0.0823;0.082707;0.087615;0.082557;0.082771;0.082139;0.082305;0.081743;0.081793;0.0818;0.08199;0.081886;0.082475;0.082489;0.083994;0.081218;0.081443;0.081767;0.081176;0.081579;0.081842;0.081668;0.081605;0.081661;0.08162;0.081778;0.082459;0.082467;0.081662;0.082201;0.081653;0.081682;0.08124;0.081271;0.081132;0.08085;0.081947;0.081107;0.08194;0.08283;0.082213;0.081633;0.081352;0.081326;0.082079;0.080938;0.081935;0.082351;0.081846;0.082219;0.081008;0.083039;0.082926;0.082903;0.082167;0.081648;0.082721;0.082307;0.082032;0.082331;0.082465;0.081601;0.081878;0.083244;0.082278;0.082053;0.081878;0.080587;0.081907;0.081136;0.081707;0.081869;0.081462;0.081601;0.082071;0.082794;0.082192;0.081553;0.081553;0.082546;0.081699;0.081554;0.081715;0.081724;0.083821;0.080713;0.081751;0.082528;0.082097;0.081326;0.081255;0.081084;0.082609;0.081857;0.081987;0.081652;0.081753;0.081332;0.081253;0.080399;0.083501;0.082673;0.082235;0.082388;0.082066;0.082164;0.081664;0.081406;0.082034;0.082138;0.081809;0.08179;0.083377;0.081732;0.080637;0.081215;0.081221;0.081407;0.082051;0.080989;0.081484;0.081142;0.081058;0.081356;0.083025;0.082091;0.082191;0.082721;0.082356;0.082055;0.082184;0.083016;0.082143;0.081799;0.08186;0.081575;0.083679;0.081706;0.081723;0.08146;0.081012;0.081367;0.081566;0.081089;0.082443;0.081856;0.081988;0.080856;0.08184;0.08654;0.086918;0.082651;0.081618;0.081661;0.082246;0.08393;0.080961;0.081818;0.082191;0.082209;0.082396;0.082971;0.081254;0.080645;0.081181;0.081765;0.081171;0.080993;0.080862;0.081391;0.081547;0.081548;0.080893;0.082856;0.081058;0.082264;0.081992;0.081827;0.081853;0.081942;0.081786;0.081594;0.081753;0.082732;0.081651;0.083385;0.08253;0.082756;0.082894;0.082478;0.082505;0.082433;0.082272;0.082772;0.082713;0.082412;0.082883;0.082577;0.081559;0.080792;0.081559;0.081728;0.081911;0.081561;0.081569;0.081569;0.081355;0.081853;0.081783;0.083204;0.081607;0.081182;0.081864;0.08155;0.081011;0.081266;0.081767;0.081999;0.081777;0.081553;0.080826;0.081352;0.083722;0.083098;0.08199;0.082119;0.082669;0.082143;0.08187;0.082319;0.081508;0.08228;0.082535;0.081062;0.082566;0.082282;0.082052;0.081142;0.082087;0.082351;0.08244;0.081812;0.082896;0.082032;0.08265;0.0816;0.082962;0.082017;0.081236;0.082012;0.081625;0.081464;0.081499;0.081679;0.081253;0.08126;0.081748;0.081768;0.082905;0.08152;0.083155;0.082813;0.08248;0.082848;0.082854;0.082503;0.083197;0.082394;0.083192;0.082553;0.083247;0.082294;0.0816;0.082513;0.081208;0.082134;0.081905;0.081863;0.082023;0.081712;0.081386;0.081724;0.082904;0.081634;0.081393;0.081755;0.08221;0.08163;0.08151;0.080826;0.081633;0.081611;0.081676;0.081363;0.080469;0.083258;0.082947;0.083108;0.082047;0.083502;0.08285;0.082462;0.082699;0.082635;0.082248;0.082724;0.081938;0.083462;0.082318;0.082698;0.082779;0.082136;0.083291;0.082867;0.082237;0.082401;0.082203;0.081469;0.083039;0.083062;0.081656;0.081851;0.082176;0.082209;0.082167;0.082854;0.081513;0.082213;0.082609;0.081843;0.08232;0.082933;0.082017;0.081629;0.082208;0.080343;0.081681;0.081082;0.082382;0.081556;0.081373;0.081621;0.081585;0.081721;0.082493;0.081896;0.08223;0.082344;0.08308;0.08378;0.082309;0.082837;0.08203;0.082333;0.081691;0.082401;0.081419;0.080942;0.081332;0.081184;0.081638;0.080391;0.080965;0.081211;0.082222;0.080991;0.081159;0.081447;0.082319;0.081223;0.081451;0.081558;0.081787;0.082028;0.081732;0.081737;0.082059;0.082461;0.081384;0.081645;0.082519;0.08118;0.081978;0.081879;0.082143;0.082218;0.081917;0.081185;0.081479;0.081195;0.082246;0.081597;0.082575;0.081222;0.082554;0.081931;0.081886;0.082142;0.081833;0.081646;0.081787;0.082226;0.082543;0.082218;0.08176;0.081288;0.082313;0.081683;0.082089;0.082611;0.082233;0.08203;0.080901;0.081689;0.081017;0.081778;0.082388;0.082855;0.081735;0.082352;0.08147;0.081957;0.081853;0.082002;0.081342;0.081717;0.081597;0.081542;0.082498;0.083884;0.082217;0.081821;0.081715;0.081842;0.080843;0.080669;0.08137;0.081293;0.081749;0.081569;0.081657;0.083092;0.082787;0.081545;0.081458;0.081051;0.081365;0.082004;0.080611;0.081429;0.081676;0.08198;0.081596;0.082446;0.082048;0.082282;0.081005;0.081999;0.081908;0.082196;0.082239;0.081821;0.08093;0.082064;0.081218;0.081817;0.081644;0.081456;0.082351;0.081751;0.081348;0.08195;0.081438;0.081564;0.081112;0.081646;0.081449;0.081442;0.082426;0.08095;0.081117;0.081544;0.081036;0.081428;0.081018;0.08072;0.081179;0.080907;0.080657;0.081022;0.082676;0.081775;0.081859;0.081591;0.082483;0.081759;0.082514;0.081928;0.081912;0.081486;0.081488;0.081911;0.083018;0.080295;0.081938;0.081809;0.081551;0.082522;0.081458;0.08084;0.081068;0.081637;0.082103;0.081999;0.082321;0.0816;0.081929;0.081501;0.081651;0.081861;0.082455;0.082105;0.082014;0.082103;0.081828;0.082457;0.081976;0.083798;0.083357;0.082667;0.081189;0.081188;0.082081;0.082742;0.082309;0.081603;0.081875;0.081729;0.082255;0.085723;0.086595;0.08358;0.082473;0.082474;0.083162;0.083731;0.082431;0.082735;0.082075;0.083134;0.081719;0.083207;0.08198;0.082576;0.082124;0.082117;0.080828;0.081975;0.082805;0.08213;0.081525;0.081628;0.081817;0.08318;0.081845;0.081542;0.081635;0.082049;0.08193;0.081751;0.084261;0.086679;0.082669;0.081664;0.080943;0.083397;0.080976;0.081718;0.081884;0.081384;0.082037;0.081336;0.081877;0.081699;0.082199;0.081636;0.081364;0.082256;0.0817;0.081571;0.082028;0.081576;0.08111;0.081114;0.081686;0.081442;0.081297;0.082084;0.080778;0.080862;0.083211;0.082102;0.081193;0.080978;0.082587;0.082129;0.081795;0.081733;0.081625;0.081835;0.083019;0.081381;0.083502;0.081534;0.082009;0.081953;0.080965;0.081999;0.082161;0.081909;0.081333;0.082015;0.081101;0.082963;0.081713;0.081376;0.081122;0.081189;0.081769;0.08177;0.080625;0.08117;0.081758;0.081926;0.081572;0.081763;0.083552;0.082156;0.081176;0.082272;0.081799;0.081384;0.080245;0.08148;0.080006;0.080988;0.081341;0.081293;0.081582;0.09054;0.080815;0.081955;0.081689;0.081067;0.081714;0.08063;0.081137;0.081623;0.081694;0.081624;0.081439;0.082855;0.083622;0.082723;0.082558;0.081965;0.082082;0.082754;0.082163;0.082458;0.082753;0.082611;0.08287;0.081807;0.081442;0.082412;0.082716;0.081841;0.081658;0.08225;0.081653;0.081164;0.080437;0.081498;0.081399;0.082206;0.081563;0.082015;0.081956;0.083252;0.082341;0.082254;0.082235;0.082081;0.082061;0.082547;0.082034;0.082522;0.082529;0.082202;0.082343;0.081684;0.082736;0.081637;0.0813;0.081626;0.082038;0.081495;0.081797;0.082703;0.082117;0.081935;0.081355;0.081726;0.081512;0.0825;0.081572;0.081822;0.081509;0.081487;0.081691;0.081109;0.083501;0.080669;0.081375;0.08118;0.081271;0.082052;0.082059;0.08155;0.08153;0.081265;0.081947;0.081755;0.082063;0.081446;0.081053;0.081855;0.081273;0.081516;0.081637;0.081278;0.08133;0.081422;0.081128;0.081248;0.08271;0.080781;0.082269;0.081628;0.081814;0.082155;0.081985;0.081996;0.081737;0.081905;0.080692;0.08212;0.083167;0.082114;0.082765;0.082758;0.082319;0.082691;0.081264;0.082107;0.082206;0.082945;0.08227;0.082319;0.082631;0.082198;0.081721;0.08152;0.081747;0.082078;0.081917;0.08109;0.081074;0.081463;0.082342;0.081331;0.081339;0.082596;0.08136;0.081002;0.081908;0.081271;0.081063;0.082365;0.081862;0.08178;0.081516;0.08268;0.081388;0.082465;0.081812;0.082198;0.081801;0.081293;0.081673;0.081886;0.080275;0.081774;0.082329;0.081943;0.082457;0.082921;0.082237;0.081811;0.082029;0.081931;0.082281;0.081808;0.082732;0.081726;0.082737;0.082159;0.082132;0.084699;0.082028;0.082547;0.08223;0.081553;0.081989;0.082211;0.081732;0.082269;0.0823;0.082143;0.082604;0.082761;0.081745;0.081509;0.081496;0.081493;0.081175;0.082259;0.081832;0.081598;0.081912;0.081101;0.081135;0.082;0.083118;0.0823;0.081827;0.081671;0.081553;0.081594;0.081244;0.081898;0.081526;0.080304;0.080876;0.08125;0.082676;0.08259;0.082931;0.081752;0.082138;0.08212;0.081884;0.082249;0.081983;0.082199;0.082272;0.081742;0.083221;0.082352;0.081853;0.082582;0.082108;0.08123;0.081961;0.081722;0.081942;0.081523;0.081683;0.082261;0.082992;0.08216;0.082034;0.081419;0.082298;0.082063;0.0822;0.082729;0.082442;0.08153;0.082501;0.080899;0.080693;0.082866;0.080972;0.081939;0.08184;0.082951;0.082148;0.081825;0.081562;0.082369;0.082316;0.08168;0.081294;0.083434;0.082532;0.082619;0.082034;0.08199;0.083135;0.082195;0.082091;0.082131;0.082368;0.082095;0.081602;0.083711;0.082735;0.082872;0.082747;0.08268;0.08322;0.082904;0.083179;0.082596;0.082387;0.081803;0.083421;0.084271;0.083401;0.083387;0.087038;0.083822;0.08319;0.083225;0.084421;0.082747;0.082693;0.083112;0.082964;0.082515;0.081235;0.081589;0.081067;0.081396;0.081449;0.081182;0.080543;0.081985;0.080939;0.08115;0.081166;0.082678;0.082378;0.081715;0.081623;0.082006;0.081892;0.082296;0.080765;0.081563;0.083697;0.081943;0.082166;0.082906;0.082297;0.081965;0.081851;0.081818;0.081821;0.081111;0.081608;0.081884;0.081914;0.082963;0.082384;0.081376;0.082307;0.081929;0.082123;0.082098;0.082044;0.081343;0.080962;0.082472;0.081272;0.082214;0.082778;0.082717;0.08268;0.081875;0.082139;0.082047;0.081406;0.080567;0.081912;0.081758;0.081438;0.081599;0.081348;0.082505;0.083689;0.082815;0.082406;0.082791;0.082607;0.082316;0.082634;0.08257;0.082339;0.08244;0.082919;0.082394;0.084374;0.082784;0.082905;0.08371;0.083173;0.082731;0.08228;0.083123;0.082521;0.082848;0.08251;0.082774;0.083615;0.082358;0.081996;0.081915;0.081491;0.081839;0.082059;0.082091;0.082146;0.082312;0.081069;0.082228;0.083086;0.081948;0.082005;0.082547;0.082337;0.082708;0.082056;0.082544;0.081565;0.081708;0.081987;0.082197;0.083228;0.082169;0.082258;0.085069;0.086652;0.084964;0.082;0.082376;0.082195;0.08233;0.082176;0.081857;0.082714;0.082037;0.08114;0.082562;0.081242;0.081779;0.08152;0.082063;0.081432;0.08169;0.08115;0.080908;0.081048;0.082802;0.08145;0.082171;0.082783;0.081626;0.081792;0.081501;0.081901;0.081267;0.081764;0.081858;0.081803;0.082788;0.081771;0.080676;0.082307;0.082377;0.082232;0.081626;0.081257;0.082009;0.081253;0.082296;0.082174;0.082541;0.081848;0.081747;0.081007;0.080235;0.082315;0.081914;0.080949;0.08129;0.08171;0.081475;0.081095;0.082376;0.081653;0.082236;0.08161;0.082261;0.081384;0.082055;0.081521;0.081294;0.081947;0.081883;0.082106;0.081459;0.08304;0.082031;0.081957;0.082088;0.082072;0.082;0.082631;0.081826;0.081703;0.081555;0.081996;0.08158;0.082999;0.082379;0.082233;0.081927;0.081815;0.081762;0.08119;0.081623;0.081782;0.081999;0.081978;0.081899;0.08399;0.082577;0.082304;0.082166;0.081889;0.08186;0.081942;0.081791;0.083176;0.082328;0.083237;0.081071;0.083135;0.081278;0.081957;0.082452;0.082307;0.08201;0.082862;0.081523;0.081849;0.082534;0.082439;0.082119;0.083087;0.082652;0.082248;0.082395;0.083048;0.082855;0.081849;0.08274;0.082086;0.08221;0.082843;0.082543;0.083977;0.081771;0.081702;0.08167;0.081362;0.081751;0.081804;0.081456;0.081891;0.082277;0.081839;0.081988;0.081685;0.083897;0.081914;0.082289;0.082581;0.082851;0.083007;0.08314;0.083001;0.083258;0.08202;0.082393;0.08284;0.083369;0.081333;0.082216;0.082444;0.082488;0.082446;0.082374;0.082204;0.082186;0.082498;0.081818;0.081521;0.08361;0.081526;0.081697;0.08213;0.082072;0.081789;0.081439;0.081227;0.081298;0.081741;0.081302;0.080708;0.08275;0.082918;0.082249;0.08189;0.082726;0.081993;0.082664;0.082508;0.082138;0.082031;0.082593;0.08213;0.082621;0.081651;0.082143;0.081769;0.080787;0.081542;0.081866;0.080938;0.081763;0.08177;0.081725;0.081113;0.08345;0.082261;0.081473;0.083475;0.082443;0.082177;0.081829;0.082305;0.081891;0.082082;0.081943;0.081448;0.081557;0.082979;0.081407;0.08169;0.08269;0.081855;0.082024;0.082382;0.082022;0.081684;0.081762;0.082055;0.08165;0.082621;0.082279;0.081252;0.081678;0.082604;0.081331;0.081558;0.08158;0.081262;0.081384;0.081483;0.081864;0.082302;0.081694;0.081605;0.081661;0.0815;0.082625;0.082108;0.081804;0.081925;0.081561;0.081551;0.081477;0.082812;0.08057;0.081148;0.081977;0.081699;0.081717;0.082525;0.081291;0.081825;0.080855;0.081708;0.080401;0.083004;0.08193;0.082244;0.082173;0.081843;0.082002;0.081776;0.082367;0.081606;0.081169;0.086418;0.086964;0.084323;0.083461;0.08256;0.083598;0.082188;0.081963;0.082516;0.081674;0.082878;0.081858;0.082394;0.082588;0.083117;0.083367;0.082033;0.081819;0.081849;0.080854;0.081794;0.082291;0.081821;0.081514;0.0818;0.081832;0.081097;0.083175;0.082183;0.082453;0.082201;0.082927;0.082654;0.082738;0.082474;0.08227;0.082649;0.081432;0.082072;0.083372;0.082682;0.081703;0.082417;0.082438;0.082176;0.082026;0.08167;0.081984;0.082188;0.082151;0.083991;0.088144;0.084434;0.081729;0.081705;0.081411;0.081651;0.081716;0.081697;0.081963;0.081538;0.082075;0.081033;0.082792;0.082206;0.082578;0.082533;0.083004;0.082851;0.081533;0.08246;0.082469;0.081117;0.082305;0.08268;0.083824;0.082396;0.081959;0.082711;0.081973;0.082156;0.082324;0.081882;0.082664;0.082261;0.081931;0.082989;0.084149;0.08241;0.082131;0.082076;0.082184;0.08176;0.081811;0.081481;0.081759;0.082093;0.081637;0.082449;0.082223;0.256166;0.083085;0.081569;0.082799;0.081881;0.081514;0.082391;0.082274;0.081103;0.082401;0.083601;0.081929;0.081763;0.082695;0.081376;0.081815;0.081234;0.08229;0.081185;0.08223;0.082102;0.081811;0.083214;0.081401;0.081508;0.081883;0.082115;0.08187;0.081639;0.081211;0.082196;0.081791;0.081581;0.081161;0.082885;0.082065;0.080491;0.081715;0.081855;0.082599;0.081735;0.081812;0.081662;0.081535;0.082178;0.081314;0.082861;0.082141;0.081292;0.081737;0.081283;0.080711;0.081154;0.08153;0.081537;0.08206;0.081506;0.08176;0.081777;0.083035;0.081239;0.082479;0.082138;0.082336;0.082256;0.081809;0.08108;0.082152;0.082158;0.082271;0.082161;0.086633;0.082289;0.081839;0.081836;0.080429;0.08162;0.082378;0.081242;0.081631;0.082233;0.08176;0.081191;0.083284;0.082524;0.082799;0.082869;0.082142;0.082525;0.082062;0.083236;0.083191;0.086908;0.083776;0.082495;0.08382;0.083555;0.08235;0.082549;0.082993;0.082967;0.082465;0.083308;0.082935;0.082928;0.082849;0.083243;0.083456;0.082252;0.081959;0.082099;0.081865;0.082522;0.081743;0.082239;0.082325;0.082498;0.082335;0.082767;0.082928;0.081436;0.081797;0.080882;0.08187;0.08116;0.080241;0.081627;0.081338;0.081436;0.081865;0.081322;0.082676;0.082113;0.082445;0.081463;0.082108;0.081465;0.082171;0.081903;0.0818;0.081748;0.08177;0.082599;0.081618;0.082866;0.081141;0.081683;0.081998;0.081241;0.08158;0.081514;0.081138;0.081826;0.081057;0.0812;0.082258;0.083255;0.081849;0.081109;0.081515;0.081706;0.081786;0.081655;0.081926;0.082249;0.082266;0.081765;0.082422;0.083346;0.081706;0.082879;0.082275;0.08222;0.081388;0.082097;0.082591;0.082381;0.08158;0.083052;0.081645;0.082521;0.082863;0.081653;0.08182;0.081688;0.082526;0.08083;0.081399;0.081004;0.08132;0.082263;0.082389;0.081524;0.081772;0.082789;0.081801;0.082303;0.082182;0.081719;0.082106;0.081924;0.081559;0.081253;0.081807;0.081449;0.082391;0.082483;0.083613;0.082054;0.081909;0.081836;0.081741;0.082144;0.081728;0.081865;0.081185;0.081215;0.083125;0.082038;0.081933;0.083525;0.082339;0.083026;0.082981;0.082178;0.081917;0.082879;0.083434;0.083024;0.084116;0.082311;0.081203;0.082556;0.082056;0.08218;0.081142;0.08215;0.082262;0.082041;0.081895;0.082146;0.083354;0.082094;0.082515;0.083043;0.083484;0.08285;0.082442;0.082713;0.082723;0.08263;0.082695;0.082539;0.083629;0.082228;0.082558;0.082672;0.082704;0.082977;0.082347;0.082022;0.081869;0.08261;0.082243;0.082597;0.083306;0.082508;0.081705;0.082158;0.082069;0.082546;0.083153;0.082555;0.082403;0.082263;0.082417;0.082499;0.083297;0.081876;0.081838;0.081767;0.081847;0.084397;0.082944;0.083083;0.081898;0.081387;0.081183;0.081809;0.081124;0.083296;0.082091;0.081599;0.08158;0.082171;0.08154;0.081641;0.082491;0.081581;0.081593;0.081804;0.080895;0.083474;0.081371;0.08228;0.081965;0.082343;0.082774;0.081576;0.082498;0.082632;0.082681;0.082495;0.082317;0.083277;0.082768;0.083255;0.083071;0.082841;0.082858;0.082267;0.082615;0.08259;0.082344;0.082724;0.082325;0.083192;0.081313;0.082021;0.080916;0.081874;0.081899;0.081823;0.082382;0.082165;0.082139;0.082834;0.082087;0.083541;0.082604;0.082507;0.082385;0.081996;0.081931;0.08297;0.083561;0.082529;0.083458;0.082981;0.084323;0.082047;0.083433;0.082741;0.082776;0.08766;0.087654;0.083636;0.082617;0.082535;0.082693;0.082732;0.083063;0.084553;0.082457;0.081131;0.082566;0.082642;0.082514;0.082259;0.081971;0.081662;0.081763;0.082357;0.082483;0.083486;0.082666;0.081872;0.081979;0.082144;0.082336;0.08222;0.082208;0.082553;0.081674;0.081898;0.081682;0.081968;0.083558;0.082961;0.081805;0.082143;0.081714;0.082043;0.081338;0.081704;0.08116;0.082013;0.082122;0.082251;0.083607;0.082615;0.082398;0.082447;0.082194;0.081329;0.081788;0.082343;0.081999;0.082455;0.082416;0.082464;0.083548;0.082952;0.083335;0.082054;0.082118;0.082475;0.082026;0.082025;0.08223;0.082668;0.082564;0.083096;0.084623;0.083402;0.083506;0.083182;0.084322;0.083634;0.083154;0.083326;0.083315;0.082156;0.081905;0.082156;0.083649;0.082814;0.082753;0.082921;0.08237;0.083209;0.082405;0.08302;0.08303;0.08244;0.082246;0.083176;0.083452;0.082031;0.081808;0.081186;0.082004;0.082101;0.082447;0.08148;0.081804;0.081502;0.08162;0.081956;0.082931;0.082598;0.08104;0.082427;0.082385;0.081931;0.081765;0.082741;0.082058;0.082063;0.08245;0.081683;0.082859;0.08192;0.081342;0.081404;0.080898;0.081697;0.080964;0.081261;0.082399;0.081364;0.081615;0.081433;0.082141;0.083618;0.082073;0.081154;0.081165;0.081368;0.081885;0.081935;0.082016;0.081775;0.082417;0.082248;0.082163;0.083923;0.082077;0.082366;0.081257;0.081207;0.082328;0.082578;0.082435;0.082356;0.082936;0.082796;0.082243;0.083152;0.083225;0.081142;0.082155;0.082486;0.082148;0.082231;0.08206;0.081749;0.081817;0.082567;0.081831;0.082714;0.082394;0.082899;0.082874;0.082874;0.082491;0.082656;0.082734;0.082202;0.08234;0.083218;0.084031;0.082918;0.081129;0.082057;0.082116;0.082021;0.082131;0.082647;0.081426;0.081727;0.081947;0.081996;0.082073;0.083855;0.082526;0.082833;0.081979;0.082362;0.081638;0.081841;0.08699;0.087153;0.0844;0.085059;0.082737;0.08416;0.082965;0.082352;0.0822;0.081373;0.081907;0.082203;0.082205;0.081192;0.082341;0.082395;0.082445;0.083853;0.082357;0.082636;0.082216;0.082191;0.081934;0.081735;0.082355;0.082449;0.08234;0.081991;0.082008;0.082589;0.082809;0.082318;0.082352;0.082231;0.08188;0.081574;0.081764;0.081922;0.082603;0.081909;0.082016;0.083896;0.082177;0.081654;0.082736;0.081174;0.081747;0.081898;0.082218;0.08205;0.081207;0.081919;0.081893;0.082438;0.08338;0.081575;0.081922;0.082721;0.082313;0.082168;0.082967;0.08217;0.081758;0.081584;0.081973;0.081688;0.083669;0.082422;0.082472;0.081901;0.081675;0.081785;0.081049;0.081554;0.081104;0.081239;0.082607;0.082386;0.083886;0.08231;0.082398;0.081574;0.082695;0.082539;0.081945;0.08211;0.082397;0.082108;0.082541;0.082346;0.082396;0.082597;0.081387;0.081386;0.081824;0.08167;0.08278;0.081951;0.081838;0.08188;0.081747;0.081469;0.08242;0.081994;0.082228;0.082298;0.08267;0.08188;0.082448;0.08278;0.082444;0.082525;0.082082;0.083101;0.082679;0.081676;0.081926;0.081921;0.081951;0.082026;0.083556;0.083243;0.08289;0.081839;0.081545;0.081281;0.081291;0.082981;0.082045;0.082011;0.082081;0.081857;0.08202;0.082516;0.081748;0.082597;0.081975;0.080778;0.082042;0.083371;0.082267;0.081698;0.081127;0.082294;0.081277;0.082187;0.081346;0.081695;0.082911;0.082395;0.081931;0.083237;0.081393;0.082733;0.081829;0.082507;0.082241;0.082642;0.082669;0.081307;0.082187;0.083487;0.08219;0.083848;0.081967;0.081569;0.081328;0.082085;0.082233;0.081525;0.082649;0.082595;0.081879;0.081766;0.082188;0.083247;0.081747;0.082135;0.081691;0.081179;0.081873;0.081847;0.08211;0.081991;0.081649;0.082559;0.081795;0.084254;0.082252;0.081933;0.081756;0.081919;0.08123;0.081031;0.08149;0.082143;0.08245;0.082148;0.082153;0.082252;0.085617;0.083309;0.082497;0.082718;0.082043;0.082659;0.083052;0.082718;0.083337;0.083321;0.083047;0.082506;0.083555;0.082226;0.081069;0.081749;0.081832;0.081541;0.081757;0.081778;0.081726;0.081518;0.08239;0.081465;0.088721;0.084909;0.084414;0.08219;0.081954;0.081811;0.082201;0.081755;0.081903;0.081724;0.081839;0.082021;0.084111;0.082479;0.082671;0.083715;0.081111;0.081465;0.082323;0.082412;0.082411;0.082842;0.082132;0.082309;0.083192;0.082074;0.08151;0.082228;0.081971;0.081976;0.081542;0.082319;0.0819;0.082084;0.082132;0.08191;0.082765;0.082934;0.082416;0.082594;0.082348;0.083294;0.08217;0.082312;0.082163;0.08291;0.082186;0.081589;0.083252;0.082798;0.081969;0.082294;0.081795;0.082283;0.082846;0.082104;0.081572;0.081887;0.081879;0.081676;0.08209;0.083363;0.082356;0.082602;0.082083;0.083186;0.083122;0.086818;0.087104;0.083525;0.082255;0.083283;0.084059;0.082672;0.081728;0.082556;0.082584;0.082311;0.082075;0.083122;0.08235;0.081668;0.082223;0.081989;0.082019;0.082361;0.082536;0.081886;0.082102;0.081312;0.081526;0.082365;0.082771;0.081665;0.081561;0.081827;0.081525;0.082299;0.082163;0.081941;0.081454;0.081804;0.081183;0.081947;0.082356;0.082999;0.080302;0.081064;0.081211;0.083572;0.082991;0.083247;0.083208;0.083464;0.08325;0.083456;0.0841;0.083565;0.085092;0.083532;0.080886;0.083506;0.081525;0.081969;0.081845;0.081541;0.081789;0.081795;0.08108;0.08119;0.08235;0.082143;0.082006;0.084887;0.082382;0.081744;0.081578;0.081964;0.081815;0.081363;0.081706;0.081243;0.082257;0.082055;0.082295;0.08285;0.081988;0.081515;0.080505;0.081742;0.080631;0.082055;0.081888;0.081821;0.081469;0.081424;0.081379;0.082637;0.082999;0.082204;0.081918;0.082455;0.08236;0.081792;0.082349;0.082929;0.083107;0.082926;0.082322;0.082316;0.083312;0.082275;0.081716;0.08255;0.081713;0.082168;0.081074;0.0818;0.0819;0.08196;0.082383;0.081878;0.083915;0.082971;0.082747;0.081745;0.082207;0.082016;0.082779;0.082283;0.082114;0.082041;0.082395;0.082171;0.082908;0.081776;0.082511;0.081583;0.081315;0.080843;0.081368;0.081216;0.081642;0.08211;0.081791;0.08201;0.082782;0.082158;0.081161;0.082291;0.08208;0.081547;0.082298;0.082324;0.081755;0.082275;0.082003;0.082279;0.082209;0.08247;0.081262;0.081704;0.082318;0.081694;0.081026;0.080939;0.081397;0.081864;0.081714;0.081208;0.082035;0.083325;0.082767;0.082052;0.082566;0.083465;0.081969;0.082969;0.082341;0.082803;0.082233;0.082352;0.082007;0.083239;0.08228;0.081732;0.082047;0.082485;0.081836;0.082124;0.081931;0.081477;0.081901;0.081914;0.081486;0.082854;0.081596;0.081637;0.08187;0.080701;0.081451;0.081815;0.080688;0.081279;0.085874;0.086453;0.086096;0.087844;0.084637;0.081718;0.0815;0.080818;0.081776;0.082363;0.081669;0.081435;0.081851;0.081288;0.081056;0.082775;0.08463;0.085897;0.084299;0.081047;0.08136;0.08167;0.082646;0.080769;0.082039;0.081575;0.081981;0.083221;0.082544;0.086452;0.083027;0.081557;0.082069;0.081214;0.081946;0.082525;0.081998;0.081409;0.08164;0.0824;0.085467;0.087073;0.081078;0.081668;0.081074;0.081625;0.081398;0.081637;0.08278;0.081775;0.080963;0.08148;0.082337;0.081517;0.081943;0.081859;0.081816;0.081673;0.081956;0.081249;0.082064;0.082968;0.081361;0.081952;0.083885;0.082838;0.082492;0.082431;0.082424;0.082545;0.082299;0.082343;0.082186;0.082338;0.083104;0.082026;0.082996;0.081147;0.082144;0.081664;0.082094;0.081164;0.082057;0.081946;0.081719;0.081269;0.082204;0.082989;0.082625;0.081732;0.081362;0.081474;0.0811;0.081599;0.081285;0.082057;0.081793;0.081905;0.081828;0.081734;0.084333;0.082259;0.081495;0.081626;0.081544;0.080831;0.081315;0.081692;0.08145;0.080836;0.081167;0.08141;0.080541;0.08364;0.082319;0.081348;0.082171;0.081892;0.082874;0.081732;0.081953;0.082004;0.082388;0.082097;0.082363;0.08314;0.083061;0.082082;0.081237;0.081892;0.081911;0.081045;0.081815;0.080785;0.08194;0.082146;0.081675;0.082413;0.08172;0.082508;0.081633;0.080343;0.081765;0.081548;0.080797;0.081319;0.081385;0.081876;0.081229;0.083335;0.082575;0.082082;0.083931;0.082604;0.082726;0.081318;0.082237;0.082571;0.08242;0.082301;0.082682;0.083117;0.082452;0.081941;0.082008;0.0828;0.082229;0.081615;0.08106;0.08127;0.082172;0.081279;0.082075;0.081479;0.082605;0.082251;0.081966;0.082165;0.082653;0.081207;0.081917;0.081709;0.080436;0.081979;0.081872;0.081615;0.083117;0.083453;0.082047;0.082395;0.082529;0.083573;0.083479;0.082065;0.081719;0.082363;0.082862;0.082408;0.083854;0.083046;0.081917;0.081721;0.082345;0.082185;0.08231;0.082104;0.082735;0.083197;0.082256;0.082608;0.083325;0.081363;0.081993;0.081483;0.081519;0.081704;0.081824;0.081391;0.081831;0.081015;0.081843;0.081558;0.082032;0.081253;0.081526;0.081032;0.081462;0.081929;0.08175;0.081131;0.082082;0.081696;0.081709;0.081672;0.082406;0.08238;0.082526;0.081992;0.081965;0.082336;0.081585;0.082459;0.082739;0.082861;0.082097;0.08144;0.081775;0.083043;0.082034;0.082043;0.080693;0.082405;0.081714;0.081267;0.081911;0.082017;0.081951;0.081683;0.081817;0.083051;0.082147;0.081019;0.081206;0.081594;0.081019;0.081265;0.082232;0.081751;0.08262;0.081977;0.081608;0.083252;0.082441;0.08158;0.080961;0.082188;0.082281;0.082406;0.081621;0.082438;0.08236;0.082384;0.083825;0.083814;0.082178;0.082108;0.082144;0.081796;0.081395;0.081729;0.081274;0.082623;0.084312;0.081786;0.082001;0.08306;0.082854;0.081;0.082166;0.081094;0.081867;0.081219;0.081355;0.081919;0.081193;0.080903;0.081417;0.080297;0.083314;0.083129;0.081562;0.082037;0.082226;0.082062;0.082607;0.081903;0.08246;0.082513;0.083505;0.08639;0.084089;0.082155;0.082623;0.082057;0.081874;0.08145;0.082073;0.08219;0.08181;0.0817;0.081872;0.081647;0.083554;0.082612;0.082099;0.08258;0.081979;0.081628;0.082071;0.081294;0.081936;0.081681;0.081949;0.080738;0.083209;0.080605;0.081947;0.080776;0.082169;0.08199;0.080945;0.081769;0.081241;0.081992;0.081658;0.082456;0.082762;0.081526;0.082006;0.08165;0.081765;0.082307;0.081976;0.081631;0.081761;0.082307;0.081259;0.081968;0.082448;0.082923;0.081802;0.081852;0.081741;0.082404;0.082025;0.080604;0.081807;0.081972;0.082346;0.081892;0.082241;0.083569;0.082546;0.081467;0.082068;0.082024;0.082642;0.081839;0.082206;0.08226;0.08099;0.08209;0.081513;0.08296;0.082321;0.082438;0.082571;0.082207;0.082493;0.082335;0.083144;0.082129;0.082706;0.083351;0.082438;0.083778;0.082276;0.081686;0.081614;0.08132;0.081358;0.08128;0.082144;0.087276;0.086365;0.084317;0.081608;0.085797;0.087415;0.08252;0.083422;0.08221;0.082457;0.082451;0.08271;0.08181;0.083552;0.083177;0.083009;0.081733;0.08174;0.082043;0.082061;0.081018;0.081878;0.081829;0.081837;0.081359;0.081859;0.081995;0.082122;0.08275;0.082033;0.082153;0.08188;0.0822;0.08246;0.081388;0.081961;0.081294;0.081192;0.081787;0.081768;0.083113;0.081456;0.081521;0.081985;0.082129;0.081575;0.080485;0.082078;0.08198;0.081495;0.081553;0.0819;0.081615;0.083457;0.082561;0.082829;0.082066;0.081226;0.082192;0.081821;0.081688;0.081822;0.082244;0.081983;0.082347;0.082713;0.082908;0.082086;0.081669;0.082053;0.082006;0.081559;0.081617;0.082118;0.081964;0.081357;0.081692;0.084192;0.082265;0.082679;0.082681;0.082105;0.08183;0.082334;0.081828;0.081957;0.08219;0.081723;0.081786;0.082681;0.082451;0.082736;0.082173;0.081434;0.082207;0.081309;0.082265;0.081169;0.081478;0.081934;0.082395;0.084598;0.085723;0.086341;0.085705;0.081466;0.081895;0.081666;0.081766;0.081813;0.082102;0.081383;0.081673;0.082678;0.082108;0.081431;0.082187;0.082677;0.081836;0.081319;0.085384;0.082193;0.081321;0.082376;0.081968;0.082777;0.081697;0.081392;0.081571;0.081147;0.082031;0.081248;0.08132;0.081858;0.080848;0.081655;0.081975;0.081243;0.083471;0.081353;0.082314;0.082013;0.08159;0.082741;0.081905;0.082572;0.082452;0.082227;0.08202;0.081864;0.082998;0.0805;0.082088;0.082398;0.081974;0.082277;0.083068;0.082266;0.081797;0.082238;0.081065;0.082314;0.083496;0.082141;0.081804;0.081869;0.081224;0.082169;0.081868;0.08591;0.085497;0.083886;0.086609;0.082946;0.08737;0.086324;0.082969;0.082563;0.082652;0.082851;0.083003;0.082853;0.083465;0.082718;0.082893;0.082635;0.08424;0.08528;0.086282;0.082598;0.08075;0.08215;0.082261;0.082283;0.08231;0.082924;0.082231;0.080952;0.088252;0.08466;0.082048;0.081462;0.081871;0.082478;0.082231;0.081876;0.081765;0.081847;0.082594;0.08138;0.08223;0.086084;0.085397;0.082323;0.083127;0.082965;0.083135;0.082414;0.082799;0.082766;0.082278;0.083643;0.083653;0.082687;0.081938;0.082764;0.082729;0.081078;0.082747;0.082196;0.081465;0.082704;0.082503;0.081861;0.084089;0.082081;0.082902;0.082808;0.08264;0.082041;0.082524;0.082669;0.082189;0.082764;0.082874;0.082252;0.083438;0.085268;0.086692;0.083704;0.086008;0.086589;0.082395;0.082002;0.082024;0.082635;0.082335;0.082204;0.082279;0.083829;0.08691;0.08248;0.081696;0.08171;0.082469;0.082043;0.081885;0.082368;0.081115;0.081219;0.082595;0.084567;0.085225;0.082795;0.081582;0.081674;0.08187;0.081037;0.081977;0.082008;0.081784;0.08192;0.08175;0.085609;0.087122;0.082576;0.081798;0.082517;0.082768;0.082684;0.081835;0.082269;0.081983;0.082641;0.081847;0.084469;0.087284;0.08414;0.083229;0.081857;0.081809;0.082103;0.082643;0.08161;0.081983;0.082408;0.081643;0.085831;0.086603;0.085361;0.081706;0.08224;0.082382;0.08229;0.082138;0.081738;0.081675;0.081869;0.082036;0.084181;0.081449;0.082227;0.081579;0.081377;0.081744;0.081291;0.081572;0.081959;0.082107;0.081997;0.081563;0.082863;0.081898;0.081343;0.082035;0.081974;0.080728;0.081668;0.082349;0.081817;0.081858;0.082235;0.081798;0.08296;0.081791;0.082001;0.082762;0.081125;0.081959;0.081619;0.082161;0.083172;0.081998;0.082299;0.082732;0.083194;0.083063;0.082787;0.081989;0.082452;0.082376;0.082526;0.083419;0.082262;0.083003;0.082812;0.082878;0.083263;0.082496;0.082446;0.082872;0.082785;0.081962;0.081976;0.082346;0.083112;0.082173;0.08274;0.082172;0.083397;0.081793;0.082438;0.081814;0.082097;0.082102;0.081897;0.082197;0.081892;0.081762;0.084792;0.082779;0.081962;0.082477;0.082355;0.082279;0.081532;0.082257;0.08212;0.08207;0.082372;0.08278;0.082174;0.082676;0.082421;0.08327;0.081975;0.082498;0.082616;0.082327;0.082011;0.082191;0.08265;0.082369;0.081969;0.082872;0.082977;0.083368;0.081903;0.08196;0.082313;0.082377;0.080742;0.082331;0.081681;0.081722;0.08187;0.081689;0.081472;0.084384;0.082292;0.081958;0.082428;0.081891;0.082061;0.08224;0.082042;0.082009;0.082569;0.081867;0.082194;0.083108;0.082954;0.082272;0.082111;0.081823;0.081926;0.082241;0.081768;0.082743;0.080987;0.081882;0.081555;0.082875;0.082075;0.082526;0.0821;0.081555;0.081593;0.081559;0.081274;0.081191;0.081477;0.081409;0.081287;0.080969;0.083309;0.082146;0.082401;0.082372;0.081209;0.082273;0.081518;0.081713;0.081451;0.081581;0.081641;0.081239;0.083823;0.082464;0.082583;0.08403;0.082737;0.08272;0.083213;0.082695;0.082401;0.082204;0.083132;0.082454;0.083865;0.082036;0.082386;0.081448;0.082587;0.080901;0.082342;0.080635;0.086528;0.081844;0.081038;0.081737;0.083347;0.082035;0.081887;0.082338;0.082488;0.082972;0.082347;0.081762;0.082023;0.081206;0.081376;0.082239;0.082769;0.082522;0.082155;0.081755;0.082656;0.082257;0.083428;0.08201;0.082316;0.082656;0.082079;0.082455;0.083012;0.082733;0.082434;0.082542;0.082668;0.082949;0.082383;0.082744;0.082421;0.082193;0.082178;0.082366;0.083238;0.081464;0.081956;0.08159;0.08198;0.081447;0.082193;0.080899;0.082426;0.081983;0.082012;0.081758;0.08177;0.082886;0.081874;0.081962;0.081562;0.0818;0.081835;0.081895;0.081912;0.082351;0.081558;0.081147;0.081254;0.082957;0.082193;0.082348;0.08251;0.082667;0.081876;0.082273;0.082122;0.081944;0.082509;0.082595;0.082285;0.083162;0.081769;0.08212;0.08168;0.081668;0.081752;0.082009;0.081985;0.080947;0.081257;0.082491;0.081912;0.082803;0.082327;0.081927;0.082091;0.081706;0.082818;0.08258;0.081973;0.081978;0.082459;0.082123;0.082856;0.082748;0.082311;0.082334;0.081876;0.081854;0.080874;0.081893;0.081665;0.081291;0.082022;0.082127;0.081555;0.082567;0.083247;0.082956;0.081994;0.082661;0.082652;0.08264;0.082445;0.082962;0.082592;0.082093;0.082794;0.082832;0.084336;0.082129;0.082022;0.081912;0.082499;0.08137;0.081452;0.082322;0.081609;0.081477;0.081675;0.081188;0.082991;0.083008;0.082439;0.082164;0.082581;0.082399;0.082347;0.081223;0.082627;0.08196;0.082285;0.082284;0.083415;0.082638;0.083427;0.08205;0.082547;0.082822;0.082635;0.083339;0.081995;0.082718;0.082368;0.082298;0.083531;0.08203;0.081976;0.082071;0.081949;0.081183;0.080548;0.082154;0.08252;0.082085;0.081902;0.082013;0.082757;0.081842;0.081298;0.082248;0.082311;0.081964;0.081849;0.081676;0.081557;0.081269;0.081983;0.08222;0.083204;0.082436;0.081442;0.081956;0.080749;0.081889;0.081745;0.081711;0.081548;0.082081;0.081586;0.081866;0.081147;0.082616;0.081973;0.082099;0.081465;0.081798;0.08166;0.082223;0.080727;0.082009;0.08194;0.082091;0.081714;0.082062;0.082507;0.082332;0.082049;0.081869;0.082186;0.083468;0.082172;0.082738;0.082663;0.082285;0.082652;0.083565;0.081836;0.081608;0.08152;0.08205;0.082364;0.081928;0.081792;0.082297;0.08179;0.081903;0.082278;0.08293;0.08135;0.081898;0.081936;0.081756;0.081727;0.082131;0.082395;0.082667;0.082145;0.081752;0.082209;0.082845;0.082139;0.080989;0.082275;0.082062;0.082492;0.082277;0.082681;0.081744;0.083487;0.086691;0.086766;0.088016;0.08495;0.0818;0.086958;0.084825;0.086827;0.085991;0.086392;0.081657;0.082788;0.084887;0.086382;0.08542;0.082034;0.081925;0.082426;0.080622;0.082318;0.082133;0.082349;0.082493;0.082362;0.083646;0.081616;0.082698;0.082522;0.082138;0.082483;0.082666;0.081636;0.08218;0.081279;0.082697;0.082184;0.08143;0.082593;0.08404;0.081483;0.082185;0.082097;0.081406;0.081391;0.081585;0.081657;0.081021;0.081402;0.081867;0.08193;0.080634;0.082496;0.08154;0.081621;0.081797;0.081873;0.082034;0.081816;0.081074;0.08244;0.082064;0.082111;0.08134;0.083349;0.083469;0.082808;0.082807;0.082631;0.082301;0.082279;0.081933;0.082223;0.082663;0.082811;0.082059;0.083334;0.082553;0.082712;0.082392;0.082398;0.082194;0.082817;0.082519;0.081321;0.082016;0.082856;0.082543;0.083443;0.082152;0.082289;0.082339;0.082145;0.082035;0.08202;0.082444;0.082241;0.082186;0.082956;0.081504;0.082908;0.081665;0.082612;0.082241;0.0827;0.081983;0.082291;0.081915;0.082291;0.081649;0.082041;0.081301;0.082905;0.082573;0.082209;0.085693;0.081639;0.082782;0.082353;0.082584;0.082229;0.082122;0.082275;0.082842;0.083108;0.0823;0.083046;0.083089;0.081607;0.082593;0.08314;0.081873;0.082253;0.08296;0.082585;0.081605;0.082449;0.082247;0.081899;0.082509;0.081437;0.082387;0.082032;0.08258;0.081119;0.081635;0.081725;0.082266;0.08158;0.083205;0.081801;0.081781;0.082118;0.08177;0.082136;0.081054;0.082457;0.081902;0.081772;0.082178;0.082219;0.083492;0.080908;0.082056;0.08216;0.081981;0.082092;0.08211;0.081815;0.082308;0.082566;0.082416;0.081381;0.082286;0.081172;0.081867;0.081413;0.081935;0.081837;0.082117;0.081818;0.081153;0.082705;0.081633;0.081656;0.082568;0.081999;0.082147;0.081969;0.081817;0.081546;0.082485;0.081122;0.082347;0.081633;0.082468;0.082137;0.08229;0.083218;0.081955;0.081829;0.081703;0.082864;0.082146;0.082652;0.082551;0.082759;0.08196;0.082944;0.082334;0.083243;0.081481;0.081913;0.082338;0.081652;0.081495;0.081682;0.082197;0.081924;0.080799;0.081885;0.082727;0.082513;0.082585;0.081762;0.081874;0.080874;0.081693;0.081775;0.081616;0.08192;0.081672;0.081564;0.081064;0.083364;0.081966;0.082083;0.081968;0.080903;0.08217;0.08165;0.08126;0.081314;0.081268;0.082074;0.081693;0.081819;0.082653;0.081781;0.081886;0.081381;0.081779;0.082409;0.082096;0.082159;0.081993;0.081929;0.081989;0.081897;0.082751;0.081953;0.082009;0.081199;0.081402;0.0817;0.081866;0.082223;0.08191;0.081485;0.081437;0.081917;0.083276;0.081659;0.082471;0.081343;0.081558;0.081385;0.082296;0.081625;0.080948;0.081419;0.08159;0.082557;0.082883;0.082077;0.083003;0.082676;0.082565;0.08262;0.082677;0.082063;0.08171;0.082449;0.082154;0.081915;0.08339;0.08162;0.081615;0.081486;0.081668;0.080737;0.08185;0.081394;0.081344;0.081253;0.081563;0.081356;0.082232;0.082294;0.081115;0.081277;0.082217;0.082368;0.081462;0.081966;0.081586;0.08173;0.081225;0.082376;0.081726;0.08281;0.082525;0.082268;0.082512;0.082029;0.082628;0.082235;0.081782;0.082079;0.082499;0.082656;0.081886;0.082452;0.082968;0.082691;0.082664;0.082258;0.082126;0.083538;0.082458;0.082856;0.082938;0.082561;0.082007;0.083777;0.082105;0.081961;0.082526;0.082274;0.082029;0.081846;0.081441;0.082122;0.081799;0.08198;0.081931;0.082966;0.082003;0.081788;0.081185;0.08222;0.08074;0.081579;0.082108;0.08242;0.081763;0.082145;0.082193;0.083671;0.082772;0.082774;0.081941;0.082969;0.082276;0.082952;0.082926;0.083577;0.081976;0.082222;0.082659;0.08398;0.081976;0.080918;0.081432;0.081273;0.081449;0.082311;0.081676;0.08184;0.081727;0.081192;0.081263;0.082234;0.082467;0.081984;0.082344;0.082057;0.082542;0.082267;0.081819;0.08222;0.082155;0.083129;0.082114;0.08109;0.083007;0.082912;0.082334;0.082003;0.082724;0.082413;0.082186;0.082155;0.082024;0.081799;0.083186;0.082476;0.083822;0.082104;0.081806;0.081762;0.082489;0.082239;0.085159;0.085952;0.084277;0.081053;0.08094;0.082727;0.083712;0.085734;0.084736;0.082432;0.081839;0.082205;0.082136;0.082412;0.081813;0.081929;0.082548;0.082315;0.084144;0.086764;0.082919;0.082179;0.081916;0.081802;0.081885;0.08177;0.082192;0.081921;0.081766;0.082222;0.082938;0.082735;0.081384;0.081772;0.081653;0.081019;0.081512;0.081266;0.081381;0.081593;0.081975;0.082074;0.082243;0.08233;0.08279;0.082382;0.082067;0.081671;0.082035;0.082049;0.081122;0.08191;0.081443;0.082224;0.083215;0.082193;0.081767;0.08196;0.081231;0.081871;0.081698;0.081972;0.081859;0.081332;0.08172;0.081838;0.082268;0.082903;0.082045;0.082302;0.083515;0.082427;0.081659;0.081967;0.08202;0.082468;0.082069;0.082198;0.0822;0.083259;0.082163;0.08175;0.081584;0.082221;0.080946;0.082127;0.081799;0.08102;0.081962;0.081427;0.081913;0.082672;0.082431;0.082447;0.082783;0.082346;0.083391;0.082793;0.08238;0.083027;0.082641;0.081811;0.08284;0.083477;0.081605;0.082133;0.08183;0.081788;0.082617;0.08226;0.082562;0.081701;0.082104;0.081951;0.082251;0.083055;0.082749;0.081998;0.082347;0.082258;0.082594;0.082132;0.082688;0.08182;0.081281;0.082781;0.082477;0.083246;0.08187;0.08196;0.081863;0.081919;0.081983;0.081654;0.08196;0.082626;0.081481;0.082483;0.081616;0.081615;0.082811;0.081405;0.081459;0.082239;0.081336;0.081702;0.08215;0.081747;0.081977;0.081;0.081751;0.081493;0.081925;0.08166;0.081267;0.081288;0.081273;0.0813;0.082187;0.081437;0.082171;0.082586;0.081576;0.081415;0.082948;0.080761;0.081548;0.081137;0.081384;0.082079;0.081604;0.081822;0.081618;0.081616;0.08236;0.081769;0.08283;0.081654;0.082109;0.081796;0.08268;0.082051;0.082062;0.081886;0.082354;0.08243;0.081408;0.082466;0.082173;0.081012;0.081607;0.082011;0.08165;0.081532;0.080419;0.085122;0.081343;0.08114;0.081121;0.081658;0.082077;0.08348;0.082208;0.082643;0.08186;0.080777;0.081151;0.081728;0.08177;0.081775;0.081597;0.081055;0.081884;0.083361;0.08114;0.081925;0.08147;0.08129;0.081428;0.081097;0.081113;0.081508;0.081288;0.081348;0.081468;0.082771;0.081784;0.081583;0.081478;0.08151;0.081491;0.08117;0.081513;0.081432;0.080823;0.080983;0.081428;0.082814;0.081519;0.082043;0.081604;0.081755;0.081416;0.082011;0.082002;0.081782;0.081571;0.081683;0.080936;0.081986;0.083263;0.08281;0.083506;0.083412;0.082226;0.082283;0.082589;0.082169;0.082384;0.082213;0.082566;0.082482;0.083356;0.081945;0.082173;0.082545;0.082021;0.082002;0.082001;0.082634;0.082203;0.08197;0.082425;0.082317;0.083936;0.082314;0.082769;0.082147;0.083126;0.082783;0.08246;0.082502;0.081505;0.082781;0.082574;0.082152;0.08326;0.081846;0.082128;0.081371;0.081398;0.082514;0.081407;0.081685;0.081702;0.082027;0.081822;0.081785;0.08272;0.081502;0.08271;0.082274;0.082138;0.082305;0.082972;0.082718;0.081868;0.082386;0.082017;0.08195;0.082543;0.082282;0.082253;0.082435;0.082361;0.081854;0.082033;0.082877;0.081807;0.081542;0.081935;0.080817;0.0831;0.082064;0.081661;0.081861;0.081455;0.081828;0.081704;0.081814;0.081902;0.081544;0.081701;0.081349;0.081725;0.083021;0.081313;0.081766;0.082404;0.082386;0.082277;0.082241;0.082621;0.08251;0.082409;0.082031;0.082186;0.082726;0.081832;0.080847;0.082063;0.081201;0.081622;0.08091;0.081886;0.081903;0.081754;0.081897;0.082721;0.08296;0.082068;0.08182;0.081321;0.08257;0.082275;0.082194;0.08204;0.081927;0.081881;0.08319;0.082231;0.083752;0.081947;0.081666;0.081882;0.081178;0.081479;0.08122;0.081575;0.081576;0.081057;0.081535;0.081926;0.08255;0.082448;0.082492;0.082853;0.085257;0.082784;0.082079;0.082656;0.082018;0.082435;0.082135;0.082415;0.083678;0.082435;0.081445;0.082115;0.082481;0.082305;0.081292;0.085166;0.082188;0.081595;0.082087;0.081981;0.081389;0.083962;0.082322;0.08151;0.082315;0.082181;0.081939;0.082207;0.081743;0.082252;0.082584;0.082127;0.08229;0.083023;0.082461;0.082285;0.081959;0.081901;0.081836;0.081811;0.080768;0.081802;0.082066;0.081885;0.082016;0.08368;0.082581;0.083271;0.081965;0.082756;0.082651;0.082796;0.082288;0.08228;0.082488;0.082831;0.081981;0.083211;0.081953;0.081385;0.082101;0.081703;0.081369;0.081926;0.080788;0.08208;0.081395;0.08102;0.080847;0.082356;0.082182;0.08184;0.081919;0.082518;0.082175;0.082067;0.082084;0.081927;0.082167;0.081064;0.081063;0.082067;0.083401;0.082093;0.081852;0.082089;0.082133;0.081786;0.081653;0.080354;0.082446;0.081767;0.081857;0.081546;0.082702;0.082523;0.082012;0.081375;0.08213;0.082758;0.081884;0.081431;0.082046;0.082272;0.0817;0.082203;0.083203;0.08228;0.082117;0.081822;0.082477;0.081922;0.082836;0.082458;0.08168;0.08176;0.081721;0.081313;0.083099;0.081582;0.081553;0.082138;0.082437;0.081624;0.08199;0.082514;0.081963;0.081293;0.081922;0.082391;0.08251;0.082581;0.082863;0.082462;0.081421;0.082638;0.082515;0.081813;0.082818;0.08221;0.082021;0.081738;0.083175;0.081596;0.081991;0.081117;0.081952;0.082148;0.082265;0.082058;0.080898;0.082846;0.081268;0.082133;0.081987;0.082665;0.082282;0.081819;0.082123;0.082122;0.081296;0.082143;0.081742;0.081119;0.082154;0.08233;0.081039;0.083553;0.082913;0.08289;0.082863;0.082392;0.082709;0.082508;0.082301;0.082665;0.082396;0.083811;0.082887;0.082729;0.08269;0.082312;0.081798;0.081989;0.082662;0.082847;0.082679;0.082249;0.081993;0.082635;0.082438;0.083604;0.081764;0.081689;0.081553;0.08152;0.081486;0.081444;0.081714;0.08172;0.081339;0.081633;0.081358;0.082945;0.082026;0.081942;0.081741;0.081608;0.081534;0.081502;0.08165;0.081773;0.081632;0.0822;0.08247;0.082193;0.08243;0.081659;0.080968;0.081935;0.08162;0.082164;0.081845;0.081868;0.081521;0.081379;0.081393;0.081245;0.083121;0.082393;0.080744;0.082038;0.081464;0.081226;0.081667;0.082036;0.081954;0.081755;0.08164;0.08164;0.08283;0.081679;0.082722;0.081536;0.081543;0.081529;0.081287;0.081357;0.081477;0.081795;0.080456;0.081898;0.083049;0.081589;0.081914;0.082608;0.081343;0.081708;0.082249;0.081867;0.081668;0.081084;0.081658;0.081348;0.082972;0.08152;0.082708;0.082168;0.082509;0.081536;0.081227;0.08162;0.081785;0.081613;0.081206;0.081715;0.081045;0.083182;0.081826;0.08164;0.081387;0.082631;0.081585;0.081764;0.08191;0.081392;0.08224;0.081942;0.081259;0.083135;0.081249;0.081795;0.081598;0.081962;0.082711;0.081645;0.082073;0.082002;0.08264;0.082604;0.082139;0.082979;0.082249;0.082493;0.082207;0.083017;0.08219;0.083148;0.081722;0.082231;0.08251;0.082717;0.082189;0.083323;0.080634;0.081745;0.080598;0.081635;0.081348;0.081825;0.082082;0.082438;0.081979;0.081681;0.081705;0.081574;0.081283;0.081818;0.081025;0.081414;0.081093;0.081158;0.081355;0.081555;0.082156;0.080961;0.082102;0.081436;0.083208;0.08249;0.082885;0.08229;0.082673;0.082444;0.082217;0.081371;0.081929;0.082963;0.082466;0.082226;0.083098;0.081775;0.081499;0.082608;0.082226;0.082406;0.082651;0.082251;0.081534;0.082076;0.082682;0.082031;0.083428;0.081819;0.081768;0.081853;0.081325;0.08198;0.081784;0.081965;0.082054;0.081724;0.081687;0.081279;0.08322;0.082399;0.082139;0.08189;0.08147;0.081105;0.081581;0.081036;0.081886;0.081515;0.081915;0.082294;0.083579;0.082196;0.081878;0.081905;0.08163;0.084523;0.082847;0.085672;0.085368;0.08238;0.082106;0.081861;0.082674;0.083669;0.081915;0.082699;0.082987;0.083017;0.082726;0.082559;0.082809;0.082895;0.082842;0.08275;0.083588;0.082633;0.083251;0.08252;0.083198;0.082732;0.082588;0.083215;0.081678;0.082522;0.082695;0.082589;0.083199;0.081758;0.081867;0.082357;0.081848;0.081185;0.081488;0.081588;0.081541;0.082024;0.082023;0.081637;0.081837;0.083541;0.082161;0.082695;0.0824;0.081782;0.082468;0.082226;0.082388;0.082531;0.081966;0.082378;0.082562;0.083336;0.082465;0.082665;0.082743;0.082344;0.082254;0.081514;0.081987;0.082965;0.08231;0.082355;0.081896;0.083587;0.081971;0.081553;0.081838;0.081101;0.082246;0.082043;0.082298;0.082027;0.082482;0.081558;0.081465;0.083549;0.081684;0.081826;0.081197;0.081246;0.081336;0.082434;0.081702;0.0815;0.081318;0.081093;0.081341;0.082747;0.082111;0.081782;0.081788;0.082066;0.08172;0.081293;0.081593;0.082087;0.081714;0.082416;0.081264;0.082636;0.087149;0.086287;0.086333;0.085062;0.081742;0.081903;0.082591;0.08274;0.080502;0.081766;0.081979;0.082021;0.084375;0.082879;0.0821;0.082368;0.082712;0.082128;0.082323;0.082604;0.084054;0.08235;0.082936;0.083555;0.082998;0.082845;0.08243;0.082369;0.082416;0.082902;0.08249;0.083194;0.083235;0.084145;0.083214;0.082983;0.084092;0.082453;0.082017;0.082026;0.082323;0.081456;0.081746;0.082126;0.08216;0.082151;0.082235;0.082092;0.083015;0.081246;0.08193;0.082569;0.082045;0.082578;0.082715;0.082109;0.082238;0.082719;0.082227;0.083704;0.083675;0.082797;0.082244;0.082534;0.08232;0.082437;0.082281;0.083089;0.082965;0.081475;0.08225;0.081866;0.083849;0.081262;0.081723;0.081112;0.080818;0.081297;0.081592;0.081646;0.081799;0.081452;0.080787;0.079768;0.082214;0.082896;0.081886;0.081383;0.082148;0.0817;0.081323;0.080924;0.082145;0.081653;0.081399;0.081708;0.081856;0.082728;0.082604;0.082316;0.081972;0.082189;0.081845;0.081849;0.081915;0.081817;0.081793;0.082076;0.081537;0.083336;0.08195;0.08217;0.082472;0.082002;0.08233;0.082154;0.081852;0.082253;0.082414;0.082403;0.082143;0.083382;0.082002;0.082241;0.082085;0.082074;0.082127;0.082675;0.081965;0.081695;0.081819;0.082244;0.081849;0.083484;0.080808;0.081731;0.081689;0.081214;0.081375;0.080758;0.081798;0.081418;0.082246;0.081331;0.081857;0.08209;0.08217;0.08245;0.081809;0.082062;0.08303;0.08265;0.081293;0.081951;0.082241;0.081774;0.082155;0.082485;0.081808;0.081785;0.081437;0.082496;0.081782;0.083108;0.082058;0.081441;0.082606;0.082317;0.082256;0.081942;0.083536;0.082063;0.082896;0.082657;0.082099;0.082396;0.082885;0.081758;0.081762;0.082562;0.082746;0.08265;0.082384;0.081898;0.081105;0.081024;0.081445;0.081424;0.081794;0.081047;0.081943;0.081456;0.081559;0.08186;0.082934;0.082658;0.082004;0.08104;0.081941;0.080906;0.081277;0.081278;0.0826;0.081685;0.081393;0.081526;0.082502;0.08125;0.082617;0.082709;0.082743;0.08266;0.082186;0.08274;0.082218;0.083691;0.081898;0.081778;0.084324;0.081363;0.082165;0.082079;0.082591;0.082288;0.081552;0.082778;0.08309;0.082608;0.082882;0.082119;0.082834;0.082331;0.081891;0.081921;0.081883;0.080611;0.081668;0.081771;0.081705;0.081158;0.081491;0.081528;0.081931;0.083165;0.081969;0.082026;0.081491;0.081662;0.081111;0.082056;0.08178;0.081395;0.082139;0.082403;0.082927;0.083529;0.081574;0.082063;0.081875;0.081356;0.081703;0.081308;0.082266;0.0816;0.081464;0.08173;0.082506;0.083446;0.081647;0.082613;0.082177;0.08165;0.082446;0.082073;0.081917;0.081609;0.081542;0.081977;0.081679;0.084054;0.082471;0.082567;0.08234;0.082735;0.082702;0.082848;0.082976;0.08203;0.082352;0.082184;0.081724;0.083718;0.082594;0.082145;0.082301;0.082295;0.082538;0.081316;0.082016;0.082089;0.082395;0.082696;0.082215;0.081048;0.082732;0.083462;0.082749;0.082598;0.082906;0.081853;0.082409;0.082072;0.081737;0.082164;0.082076;0.082139;0.082812;0.082443;0.082037;0.082218;0.081666;0.081729;0.081481;0.081441;0.081857;0.081859;0.080916;0.082126;0.08336;0.082128;0.08239;0.082761;0.082283;0.081871;0.082791;0.082611;0.082151;0.082453;0.082336;0.082419;0.082936;0.082304;0.082223;0.082812;0.083206;0.081771;0.081328;0.08208;0.082119;0.08218;0.081773;0.082165;0.082692;0.082363;0.082512;0.082095;0.082241;0.083459;0.082602;0.082493;0.082533;0.081538;0.08228;0.082577;0.084787;0.082414;0.082777;0.081664;0.082926;0.082372;0.082909;0.082544;0.082582;0.082468;0.08249;0.082441;0.082978;0.081532;0.081791;0.082407;0.081479;0.081306;0.081534;0.081961;0.081891;0.082545;0.081602;0.081425;0.081615;0.082781;0.081998;0.082679;0.082841;0.081982;0.082554;0.082432;0.083312;0.082429;0.082614;0.082926;0.082408;0.082364;0.081786;0.082117;0.081964;0.08235;0.082615;0.082502;0.082025;0.0829;0.082142;0.081569;0.080942;0.083949;0.082438;0.082241;0.082202;0.082013;0.082629;0.082293;0.082185;0.081749;0.082515;0.081786;0.08175;0.08323;0.081946;0.081714;0.081379;0.081591;0.081845;0.081842;0.081813;0.08132;0.081532;0.082442;0.08169;0.083031;0.082105;0.082049;0.083017;0.082842;0.08221;0.081999;0.081457;0.082779;0.08187;0.08212;0.083184;0.082858;0.081699;0.081336;0.081639;0.08161;0.081789;0.081426;0.082855;0.082834;0.082903;0.082991;0.082999;0.084199;0.082264;0.081305;0.081213;0.080959;0.081608;0.081615;0.08161;0.081857;0.081333;0.081519;0.08173;0.08165;0.084367;0.081918;0.082582;0.082657;0.082464;0.082569;0.082413;0.082246;0.082012;0.081975;0.082693;0.082024;0.083074;0.082593;0.082228;0.081769;0.081841;0.081557;0.082678;0.082417;0.082739;0.082538;0.082675;0.081902;0.084141;0.08311;0.084729;0.083409;0.082265;0.081739;0.081847;0.083038;0.082807;0.083184;0.083091;0.083157;0.083489;0.081821;0.081382;0.083116;0.081978;0.081322;0.081218;0.081104;0.081259;0.082358;0.08196;0.081514;0.08253;0.085247;0.085217;0.081543;0.082963;0.081977;0.081636;0.081963;0.082006;0.081513;0.081473;0.080681;0.082693;0.082144;0.082298;0.082531;0.08208;0.083261;0.08185;0.08191;0.082281;0.082008;0.082212;0.0821;0.082525;0.082167;0.082046;0.080398;0.081737;0.081622;0.082493;0.080967;0.081353;0.081493;0.081347;0.080716;0.081391;0.082431;0.082154;0.081896;0.081965;0.081755;0.08149;0.082918;0.081949;0.08139;0.081202;0.081565;0.081105;0.083198;0.081704;0.081539;0.084518;0.08578;0.085915;0.084451;0.082869;0.082165;0.08062;0.082094;0.081787;0.083926;0.082717;0.083433;0.083002;0.083064;0.082973;0.082802;0.081527;0.083371;0.082506;0.083686;0.082713;0.084237;0.081641;0.082699;0.081982;0.082543;0.081978;0.082181;0.081918;0.082479;0.082464;0.081848;0.082468;0.084019;0.082947;0.085953;0.083654;0.081317;0.081732;0.08223;0.081863;0.081756;0.082254;0.082552;0.081784;0.083228;0.08345;0.081959;0.08271;0.082925;0.082993;0.083184;0.082255;0.083283;0.083099;0.083192;0.08395;0.084126;0.082639;0.081751;0.082166;0.081426;0.081854;0.081974;0.081404;0.082008;0.080959;0.081925;0.081572;0.083639;0.082267;0.082563;0.083578;0.082547;0.082073;0.083049;0.082663;0.082604;0.083037;0.082309;0.082182;0.083025;0.08342;0.083006;0.082816;0.082712;0.082212;0.082456;0.083116;0.082046;0.082344;0.082327;0.082566;0.082114;0.085254;0.082915;0.082804;0.082739;0.08246;0.081882;0.082064;0.082977;0.083201;0.082545;0.082566;0.082685;0.08567;0.086729;0.085107;0.08642;0.083681;0.082448;0.081237;0.081657;0.081781;0.081821;0.081966;0.080924;0.082805;0.08167;0.082225;0.082227;0.081694;0.081532;0.081295;0.081809;0.082074;0.08172;0.081559;0.081639;0.082148;0.081624;0.081986;0.081474;0.081476;0.0816;0.081646;0.081627;0.080731;0.081574;0.081559;0.081287;0.083406;0.082128;0.082675;0.081021;0.081616;0.08253;0.081424;0.082376;0.081806;0.081968;0.082164;0.081774;0.082939;0.083038;0.082366;0.082609;0.082423;0.083417;0.083119;0.082407;0.08202;0.08291;0.082342;0.082297;0.083823;0.082158;0.081102;0.08112;0.081051;0.081635;0.082382;0.080907;0.081815;0.080374;0.08465;0.081456;0.081514;0.082816;0.082148;0.0813;0.082072;0.082364;0.0818;0.081547;0.081034;0.082041;0.082338;0.082115;0.081662;0.083826;0.08134;0.082453;0.081111;0.081549;0.081904;0.081456;0.081979;0.081551;0.081569;0.081008;0.08005;0.08332;0.083659;0.086318;0.08409;0.082081;0.08201;0.082056;0.082355;0.081554;0.081238;0.081262;0.082105;0.083702;0.082502;0.082797;0.086932;0.082652;0.082279;0.082644;0.081615;0.083116;0.082794;0.082876;0.081802;0.084184;0.083855;0.086324;0.085979;0.081406;0.082017;0.081676;0.082821;0.082213;0.083532;0.082939;0.081886;0.083834;0.083005;0.081866;0.08206;0.082977;0.082624;0.081944;0.081971;0.082282;0.082518;0.081494;0.082408;0.083325;0.081801;0.081091;0.081703;0.081882;0.081539;0.0837;0.08526;0.08602;0.082752;0.081503;0.086279;0.088736;0.087578;0.085884;0.087931;0.081726;0.081851;0.084985;0.087011;0.085175;0.082275;0.086761;0.086181;0.089318;0.08629;0.083486;0.082156;0.082482;0.081861;0.082151;0.081758;0.082038;0.082302;0.08255;0.081177;0.083578;0.086515;0.086389;0.086393;0.085263;0.082553;0.085133;0.086857;0.081827;0.081978;0.082102;0.082297;0.085598;0.084886;0.083325;0.081988;0.081648;0.0825;0.082374;0.082334;0.081926;0.081483;0.081855;0.08224;0.083801;0.085678;0.086623;0.082497;0.08228;0.081482;0.080818;0.082287;0.082175;0.081841;0.082449;0.081673;0.083014;0.082217;0.081943;0.082216;0.083091;0.082006;0.082483;0.082271;0.082018;0.081481;0.081316;0.081145;0.082864;0.08107;0.082068;0.081599;0.081644;0.082338;0.081242;0.081676;0.080481;0.081943;0.081238;0.080841;0.081737;0.083156;0.081518;0.080826;0.081168;0.081742;0.081986;0.081319;0.081969;0.081614;0.08183;0.081848;0.082044;0.088094;0.087409;0.084547;0.08353;0.082645;0.08297;0.082771;0.08266;0.082475;0.082942;0.083197;0.082875;0.084172;0.081653;0.082207;0.081872;0.082154;0.08222;0.082548;0.083285;0.081754;0.082488;0.082051;0.082164;0.084013;0.082425;0.082076;0.082375;0.082434;0.081898;0.082394;0.083377;0.08208;0.082427;0.08345;0.082976;0.08408;0.082489;0.082529;0.082207;0.082494;0.082216;0.082318;0.082769;0.082502;0.082147;0.082989;0.082083;0.083617;0.082869;0.082433;0.082584;0.082448;0.083266;0.083527;0.082341;0.082831;0.083287;0.082401;0.083056;0.08431;0.082664;0.081357;0.08197;0.081241;0.082684;0.081991;0.082079;0.082087;0.081293;0.083415;0.081838;0.082139;0.083952;0.086742;0.086312;0.082211;0.082679;0.082054;0.081776;0.081555;0.082017;0.081894;0.082852;0.083001;0.081358;0.0811;0.081552;0.080668;0.08136;0.081086;0.080927;0.081679;0.081804;0.081472;0.081326;0.081439;0.084587;0.086418;0.083509;0.082516;0.08215;0.081848;0.081863;0.08113;0.08133;0.081533;0.082394;0.082526;0.086317;0.087408,
