# FP64; exactly one untimed warmup solve; setup includes representation/storage preparation; solve includes a fresh factorization and primal solve on every repetition.
# All backends receive identical data. Validation and result conversion are untimed.
# CLQR, generalized Riccati, and both Laine implementations also recover duals inside timing. Primal-only backends report no solver-dual KKT measurement.
# Setup+solve includes representation construction and fresh workspace allocation; destruction is excluded.
# Missing dual/kernel measurements are nan, not inferred from other solvers.
# planted_dual_stationarity_inf audits each returned primal with the fixture's known optimal dual, not solver output.
# primal_error and dual_error_inf are absolute infinity-norm errors against the known planted optimum, in original coordinates.
# Samples are individually timed; sample-list columns retain chronological times in ms separated by semicolons. Timing quantiles are unavailable for a single sample.
# min_seconds=1; fixed_repeats=0 (0 means duration-based); each timing phase uses its own budget.
backend,family,N,n,m,mixed_rows,state_rows,seed,status,repeats,setup_ms,median_ms,p10_ms,p90_ms,primal_error,objective,relative_objective_error,kernel_ms,feasibility_inf,stationarity_inf,kkt_inf,setup_solve_ms,planted_dual_stationarity_inf,dual_error_inf,setup_solve_repeats,solve_samples_ms,setup_solve_samples_ms,kernel_samples_ms
clqr_cpu,horizon,64,8,4,1,2,20260907,ok,6174,0.191534,0.160247,0.158738,0.162999,8.34887714518e-14,-28.5913025171,1.63210687851e-17,nan,5.55111512313e-16,1.45505482663e-12,1.45505482663e-12,0.168515,8.49459391716e-14,1.45530809625e-12,5925,0.315611;0.263861;0.284668;0.26307;0.272536;0.252396;0.250858;0.249733;0.257443;0.254657;0.250504;0.249363;0.247913;0.251519;0.249258;0.249007;0.223458;0.216013;0.21958;0.216252;0.216297;0.217222;0.220386;0.217006;0.217124;0.217957;0.216525;0.220381;0.216136;0.217056;0.215952;0.218593;0.217747;0.217437;0.218098;0.214895;0.217928;0.216826;0.216337;0.217051;0.215596;0.218022;0.216485;0.21999;0.216726;0.223604;0.217854;0.216667;0.216789;0.21686;0.218363;0.21664;0.215588;0.217621;0.218057;0.216963;0.21606;0.216871;0.216518;0.220678;0.217187;0.216676;0.222019;0.219347;0.223529;0.220385;0.221524;0.223567;0.229696;0.221993;0.221326;0.222193;0.222273;0.222536;0.220645;0.218804;0.218582;0.221617;0.219212;0.218549;0.219172;0.21968;0.219674;0.217928;0.217822;0.2177;0.221068;0.221728;0.225618;0.219393;0.216994;0.220941;0.217729;0.217806;0.218487;0.220308;0.218604;0.218941;0.217169;0.218792;0.220711;0.217308;0.217724;0.216667;0.219603;0.218249;0.21865;0.219665;0.217078;0.219649;0.217412;0.217494;0.218273;0.219706;0.222746;0.216541;0.216093;0.215209;0.221034;0.216639;0.217595;0.218835;0.216888;0.220447;0.217778;0.217082;0.217428;0.219664;0.393134;0.172393;0.167523;0.166813;0.169841;0.164073;0.16543;0.166168;0.166837;0.258791;0.273506;0.167523;0.170077;0.171537;0.169884;0.175271;0.171629;0.172374;0.163746;0.162272;0.160769;0.180365;0.164522;0.169161;0.165746;0.16804;0.169591;0.185642;0.191561;0.188508;0.181819;0.188951;0.193778;0.190415;0.206327;0.166737;0.174349;0.176006;0.168491;0.161204;0.160535;0.161176;0.160764;0.162959;0.163032;0.159419;0.162085;0.158903;0.158323;0.15917;0.161302;0.160063;0.158906;0.158614;0.158678;0.158669;0.160184;0.159065;0.159232;0.158911;0.159631;0.167811;0.168842;0.166498;0.162722;0.159824;0.158073;0.159362;0.16115;0.162703;0.159989;0.161104;0.160352;0.159661;0.160158;0.163468;0.160229;0.159881;0.161574;0.160622;0.160757;0.163449;0.161252;0.161038;0.160461;0.161451;0.160908;0.1623;0.161934;0.159924;0.159121;0.159212;0.159778;0.16068;0.161031;0.159243;0.159372;0.158706;0.159888;0.160892;0.160247;0.159118;0.15921;0.160917;0.159031;0.160925;0.165767;0.16288;0.162216;0.161896;0.162719;0.16173;0.165273;0.160207;0.159838;0.160154;0.160677;0.159957;0.163646;0.164216;0.168658;0.16666;0.163778;0.164045;0.16734;0.164866;0.16385;0.163879;0.164408;0.164568;0.165765;0.166644;0.165259;0.161942;0.164055;0.163924;0.164539;0.162334;0.162408;0.162847;0.163428;0.161008;0.164001;0.161919;0.159085;0.160371;0.158248;0.159299;0.15839;0.164255;0.161748;0.162101;0.161125;0.160431;0.161377;0.164714;0.163643;0.160943;0.160744;0.16099;0.160363;0.16273;0.163664;0.161419;0.161419;0.160338;0.159986;0.161448;0.164043;0.162102;0.161575;0.161769;0.160842;0.16246;0.164931;0.164528;0.163335;0.164409;0.165206;0.165846;0.1614;0.161734;0.161664;0.160455;0.167532;0.170379;0.168414;0.171621;0.181559;0.174089;0.167888;0.17023;0.166467;0.165165;0.166903;0.165823;0.166233;0.170765;0.164747;0.163557;0.165248;0.162598;0.163244;0.167579;0.164343;0.160793;0.16016;0.159619;0.159237;0.160291;0.164845;0.160742;0.158829;0.158158;0.159546;0.158789;0.161197;0.162024;0.159079;0.15884;0.158764;0.158423;0.162494;0.164974;0.163205;0.16331;0.162202;0.162029;0.16333;0.163389;0.16253;0.161426;0.161124;0.16135;0.161779;0.163998;0.162132;0.162138;0.161278;0.161393;0.162589;0.159789;0.160255;0.162027;0.157912;0.158487;0.158281;0.162371;0.160548;0.160388;0.160579;0.158875;0.159071;0.163192;0.161825;0.161012;0.159732;0.160403;0.15961;0.160849;0.163305;0.16012;0.160068;0.16051;0.159449;0.162659;0.162727;0.160136;0.159782;0.159732;0.161115;0.160087;0.164261;0.162731;0.160202;0.159536;0.161064;0.160342;0.161839;0.161012;0.159166;0.159846;0.159426;0.159714;0.161792;0.163813;0.160999;0.162264;0.161897;0.161705;0.163585;0.1617;0.158756;0.158744;0.158604;0.159126;0.159665;0.161276;0.159568;0.160775;0.160901;0.158902;0.158972;0.163289;0.161778;0.161064;0.161819;0.163296;0.164256;0.164295;0.164339;0.163944;0.163533;0.162982;0.163522;0.165599;0.163415;0.163486;0.160355;0.159884;0.161006;0.162687;0.162983;0.161873;0.162606;0.161047;0.160525;0.162269;0.163759;0.161488;0.160423;0.160188;0.162308;0.165048;0.16192;0.159377;0.158689;0.160432;0.158527;0.159118;0.16375;0.162687;0.162835;0.162854;0.165348;0.162616;0.164848;0.163244;0.162494;0.163386;0.164002;0.1625;0.166264;0.164055;0.163628;0.164038;0.162736;0.165279;0.166877;0.16246;0.162686;0.162579;0.162401;0.163173;0.165286;0.163218;0.162815;0.163509;0.163802;0.163111;0.164846;0.162586;0.162854;0.163182;0.163044;0.163051;0.166021;0.164038;0.163666;0.164323;0.163623;0.163616;0.162871;0.16616;0.162538;0.163677;0.160905;0.16241;0.162351;0.166415;0.163029;0.160058;0.159558;0.16027;0.15957;0.161998;0.161256;0.160847;0.160122;0.160499;0.161374;0.163476;0.162645;0.160988;0.160016;0.159344;0.158604;0.162615;0.162474;0.161571;0.162641;0.161237;0.160591;0.165272;0.163348;0.161808;0.161258;0.161958;0.162392;0.165422;0.160893;0.160298;0.159736;0.16111;0.159971;0.159802;0.162834;0.159073;0.159028;0.160404;0.160194;0.160347;0.162015;0.160499;0.160609;0.160293;0.160103;0.161736;0.162008;0.160107;0.159624;0.159671;0.160135;0.159625;0.161573;0.161267;0.160907;0.16087;0.159853;0.161773;0.162232;0.162124;0.161472;0.160322;0.162517;0.161192;0.161124;0.162542;0.160478;0.160416;0.160224;0.160366;0.15988;0.163853;0.161993;0.161679;0.161464;0.161892;0.161454;0.163577;0.1593;0.159375;0.159279;0.159736;0.159919;0.160688;0.159784;0.161514;0.160565;0.160778;0.160774;0.159773;0.160083;0.159925;0.159137;0.158991;0.158973;0.159808;0.161413;0.160002;0.160592;0.159782;0.15921;0.159472;0.161335;0.15905;0.159673;0.160082;0.158169;0.159206;0.160361;0.160069;0.159104;0.160902;0.158379;0.160281;0.159662;0.162508;0.159405;0.160012;0.160636;0.160811;0.159752;0.162812;0.161655;0.159813;0.16027;0.16265;0.163275;0.164194;0.162056;0.159639;0.160117;0.160821;0.15938;0.160534;0.160417;0.160866;0.161089;0.160285;0.161026;0.160776;0.167072;0.160752;0.160294;0.160449;0.161277;0.160304;0.162239;0.161012;0.161718;0.160966;0.161571;0.163254;0.16142;0.160037;0.159218;0.159458;0.159422;0.158371;0.161223;0.158943;0.159939;0.158663;0.159274;0.159844;0.160721;0.161931;0.161284;0.160423;0.161463;0.160999;0.16059;0.162689;0.159718;0.159915;0.159987;0.159805;0.159811;0.161407;0.159782;0.159197;0.15874;0.159721;0.159879;0.16257;0.160813;0.16282;0.160907;0.160733;0.160253;0.161298;0.160647;0.160791;0.159151;0.159498;0.15932;0.160522;0.162067;0.161834;0.162394;0.161647;0.162075;0.160672;0.162962;0.162323;0.162031;0.161563;0.162373;0.161057;0.162738;0.160255;0.159021;0.15959;0.159741;0.159626;0.160925;0.161231;0.159122;0.15919;0.158546;0.158074;0.196672;0.163117;0.162484;0.161973;0.162394;0.161842;0.164595;0.161612;0.161994;0.16204;0.161922;0.160335;0.15943;0.162315;0.159049;0.159595;0.158043;0.160353;0.158612;0.163002;0.161626;0.159299;0.158943;0.159388;0.159878;0.162605;0.161871;0.16076;0.160269;0.161514;0.16036;0.162328;0.162273;0.162749;0.162983;0.162571;0.161786;0.164833;0.161749;0.162867;0.162001;0.162554;0.160834;0.159209;0.162303;0.161356;0.159399;0.159617;0.160007;0.161664;0.161609;0.162275;0.161113;0.158338;0.158437;0.159183;0.161262;0.160972;0.159142;0.15936;0.159974;0.158755;0.161282;0.163127;0.163744;0.162519;0.162777;0.162566;0.165146;0.161414;0.162257;0.161735;0.161385;0.161894;0.161062;0.165403;0.162115;0.162582;0.162355;0.16085;0.162224;0.16449;0.163208;0.164031;0.163004;0.163262;0.162671;0.164221;0.162932;0.162394;0.162104;0.161315;0.158937;0.160923;0.161996;0.159292;0.160023;0.158829;0.159336;0.160302;0.163325;0.162499;0.160825;0.161775;0.161064;0.163393;0.160829;0.159222;0.159211;0.160766;0.159873;0.158937;0.163111;0.16276;0.159901;0.160885;0.160897;0.159949;0.164094;0.161816;0.1609;0.16074;0.161086;0.160755;0.162892;0.16122;0.159285;0.159081;0.158917;0.159988;0.160604;0.159735;0.159828;0.159929;0.160081;0.159604;0.159952;0.163304;0.160633;0.160077;0.160573;0.159308;0.160134;0.164215;0.160392;0.158828;0.159356;0.16009;0.159676;0.162541;0.161065;0.161561;0.161436;0.160388;0.161594;0.162694;0.16125;0.158595;0.15969;0.160863;0.160147;0.160771;0.160606;0.159412;0.159263;0.159207;0.159297;0.159389;0.1607;0.158889;0.159217;0.159259;0.158416;0.158801;0.160917;0.161174;0.161184;0.161233;0.161495;0.162238;0.161969;0.161173;0.160636;0.161602;0.160584;0.161831;0.16165;0.158842;0.159527;0.159848;0.15924;0.15854;0.15892;0.162738;0.159937;0.159778;0.160629;0.159796;0.160231;0.162338;0.160788;0.161932;0.16177;0.162458;0.160381;0.1625;0.159576;0.160139;0.160245;0.159608;0.16024;0.161593;0.160389;0.160041;0.160348;0.161289;0.161705;0.159982;0.162834;0.161256;0.161424;0.160862;0.161201;0.162088;0.161824;0.159914;0.160331;0.160215;0.159981;0.161166;0.162978;0.160074;0.159917;0.160101;0.16103;0.160299;0.163334;0.164359;0.161834;0.162367;0.161641;0.162508;0.165424;0.165021;0.162132;0.161231;0.160763;0.16225;0.162828;0.16209;0.161073;0.160013;0.160007;0.160689;0.160254;0.161493;0.159282;0.159353;0.160026;0.159304;0.16017;0.163011;0.160584;0.161374;0.161523;0.161019;0.160827;0.162627;0.160006;0.161046;0.160024;0.160031;0.160189;0.160817;0.159591;0.160403;0.160105;0.159818;0.16021;0.159354;0.165264;0.160586;0.160894;0.160953;0.161211;0.162379;0.164367;0.161635;0.159724;0.160848;0.161159;0.161761;0.162886;0.160287;0.16074;0.160441;0.161545;0.161082;0.163073;0.162254;0.160041;0.159232;0.159658;0.160737;0.161189;0.161408;0.162275;0.162831;0.161976;0.161609;0.166773;0.163444;0.160652;0.160119;0.160891;0.160605;0.161825;0.161511;0.15922;0.158688;0.159011;0.159;0.15915;0.161339;0.159648;0.16034;0.15941;0.15957;0.158518;0.162273;0.161809;0.161668;0.161656;0.161121;0.160604;0.162022;0.16092;0.158864;0.159759;0.159418;0.1594;0.160383;0.161165;0.160364;0.159973;0.160075;0.159075;0.159151;0.161519;0.159756;0.16042;0.15989;0.159602;0.159916;0.161681;0.160275;0.16141;0.160207;0.16039;0.159518;0.160562;0.162305;0.160963;0.161409;0.160712;0.160719;0.159771;0.163741;0.163261;0.163257;0.163423;0.161439;0.161512;0.161639;0.159648;0.158922;0.159895;0.159907;0.159585;0.161638;0.160653;0.160732;0.160524;0.160694;0.159815;0.161367;0.160612;0.160237;0.159525;0.159935;0.159261;0.160536;0.160275;0.161078;0.160219;0.160075;0.160752;0.161254;0.165328;0.160981;0.160686;0.160663;0.161064;0.1622;0.177868;0.162643;0.162706;0.161287;0.162596;0.162028;0.164238;0.162427;0.159604;0.160348;0.158548;0.159058;0.160936;0.163207;0.161919;0.162425;0.161852;0.163111;0.166256;0.162749;0.161999;0.163133;0.162058;0.163059;0.164087;0.163722;0.163925;0.163757;0.164421;0.161081;0.163913;0.166291;0.16235;0.160721;0.162924;0.163076;0.159515;0.164399;0.162916;0.161927;0.162813;0.16261;0.163775;0.165359;0.164565;0.164443;0.163723;0.161032;0.162622;0.16513;0.163062;0.160743;0.161125;0.161871;0.161583;0.16501;0.163374;0.163446;0.164245;0.163381;0.163079;0.165736;0.162117;0.161786;0.161251;0.161934;0.161742;0.164926;0.162572;0.162309;0.162724;0.162765;0.165056;0.167001;0.16275;0.162648;0.161491;0.163295;0.163783;0.16393;0.16479;0.162966;0.162562;0.1635;0.163977;0.163115;0.165154;0.162246;0.162494;0.162148;0.163346;0.16268;0.165529;0.16248;0.161858;0.162838;0.162901;0.162424;0.164565;0.161605;0.162315;0.162273;0.162565;0.162591;0.165155;0.164375;0.163868;0.16323;0.163544;0.163697;0.166173;0.16263;0.16311;0.162703;0.163256;0.162447;0.165636;0.161905;0.162368;0.161755;0.161757;0.162164;0.164134;0.164118;0.16229;0.162231;0.163314;0.163461;0.161554;0.167815;0.163915;0.163247;0.164155;0.164045;0.163811;0.165712;0.163043;0.161932;0.163342;0.163014;0.162385;0.165315;0.164502;0.164158;0.164693;0.163308;0.16396;0.166414;0.165021;0.165341;0.164301;0.164755;0.165793;0.165876;0.162433;0.164434;0.163257;0.162851;0.162661;0.166629;0.162551;0.162184;0.16351;0.162891;0.16199;0.163733;0.1632;0.163071;0.163899;0.162247;0.163354;0.164686;0.16231;0.162455;0.162463;0.163241;0.162242;0.163844;0.163432;0.163388;0.163426;0.162964;0.162219;0.162467;0.164975;0.163575;0.163715;0.163217;0.163641;0.162268;0.164344;0.162863;0.162174;0.162275;0.162519;0.162009;0.16562;0.162739;0.163493;0.161903;0.162122;0.162527;0.164517;0.1634;0.163269;0.163134;0.163859;0.164394;0.165191;0.163166;0.162837;0.163062;0.164362;0.161841;0.166088;0.164044;0.163363;0.16305;0.16343;0.163926;0.165586;0.163114;0.15903;0.15874;0.158946;0.159073;0.158905;0.164072;0.163546;0.159506;0.160116;0.160561;0.161675;0.16373;0.1611;0.159843;0.159841;0.160078;0.160341;0.162387;0.163684;0.159729;0.161127;0.159843;0.160103;0.16204;0.161649;0.161609;0.159394;0.159898;0.159023;0.160995;0.162482;0.161766;0.159065;0.159935;0.159803;0.159753;0.162289;0.16199;0.161278;0.158938;0.159173;0.159103;0.161993;0.162247;0.160305;0.159642;0.159525;0.160961;0.164769;0.163159;0.160911;0.16046;0.160771;0.16004;0.161793;0.161501;0.161143;0.15904;0.159537;0.15939;0.160377;0.161401;0.161849;0.159288;0.160626;0.158739;0.159591;0.161234;0.161555;0.162249;0.161771;0.16157;0.161661;0.16378;0.161815;0.160835;0.158548;0.1585;0.159141;0.159848;0.161936;0.161364;0.158793;0.159025;0.160279;0.161906;0.161786;0.162741;0.159744;0.160057;0.15876;0.160865;0.162695;0.159637;0.158722;0.158727;0.159128;0.159331;0.162179;0.16192;0.161869;0.161793;0.159804;0.158663;0.162231;0.162602;0.160319;0.160307;0.159305;0.159232;0.160389;0.161992;0.160627;0.158745;0.15872;0.15869;0.158322;0.1618;0.160736;0.158608;0.158771;0.159268;0.159696;0.161182;0.163083;0.159516;0.160741;0.159598;0.159604;0.161592;0.161252;0.161007;0.159026;0.159283;0.159158;0.159662;0.160642;0.160111;0.16033;0.15883;0.159589;0.1596;0.162702;0.161081;0.158822;0.159041;0.159076;0.1602;0.161932;0.162904;0.161221;0.159684;0.160811;0.160246;0.162784;0.163329;0.15952;0.159738;0.160509;0.159943;0.160881;0.163329;0.160645;0.162147;0.161481;0.1631;0.174831;0.161705;0.158788;0.158185;0.157904;0.158199;0.158987;0.163431;0.162055;0.160509;0.160055;0.158767;0.159751;0.163619;0.161441;0.160139;0.159649;0.159583;0.159524;0.164645;0.165135;0.162904;0.162339;0.162152;0.162114;0.162634;0.163075;0.161392;0.160517;0.160702;0.159657;0.161724;0.164029;0.164391;0.160783;0.160082;0.160944;0.161415;0.163999;0.163061;0.1616;0.16154;0.162446;0.16215;0.162884;0.162676;0.161091;0.162229;0.160632;0.160191;0.162146;0.162697;0.161114;0.161218;0.159395;0.160253;0.161673;0.161188;0.159757;0.15901;0.160818;0.160253;0.160545;0.162122;0.158943;0.158346;0.159493;0.158478;0.159069;0.16074;0.160117;0.159054;0.159519;0.16052;0.160907;0.161697;0.162523;0.158941;0.158401;0.158335;0.159347;0.162168;0.161773;0.161009;0.159078;0.159313;0.159076;0.160381;0.161869;0.157851;0.158365;0.158074;0.157716;0.158501;0.161086;0.158993;0.158616;0.158375;0.158102;0.158381;0.162566;0.158761;0.158702;0.158748;0.159336;0.158731;0.160458;0.15831;0.158272;0.158643;0.158162;0.157897;0.159694;0.158854;0.160043;0.159423;0.159413;0.159604;0.158918;0.161322;0.160374;0.158543;0.158547;0.158649;0.15834;0.162119;0.161971;0.161087;0.160537;0.16031;0.160311;0.162335;0.162123;0.160751;0.161671;0.160812;0.15994;0.16169;0.160311;0.159957;0.161132;0.159937;0.161207;0.158921;0.160837;0.158357;0.159426;0.159771;0.159488;0.159999;0.160614;0.158843;0.158881;0.158631;0.160087;0.158395;0.160236;0.159637;0.159284;0.159795;0.158311;0.160321;0.160513;0.158069;0.158002;0.158394;0.157989;0.15792;0.158611;0.159866;0.158553;0.158715;0.158071;0.157669;0.159898;0.160287;0.160235;0.159713;0.159817;0.160226;0.160275;0.162178;0.162683;0.16126;0.160287;0.16134;0.160788;0.161803;0.162309;0.160134;0.160096;0.160643;0.159528;0.159271;0.163495;0.162394;0.159809;0.160058;0.160216;0.161258;0.161672;0.161715;0.158005;0.158702;0.157978;0.158545;0.161207;0.161782;0.160265;0.158274;0.158386;0.158338;0.160076;0.161027;0.158912;0.161664;0.161076;0.159439;0.159;0.160542;0.159057;0.15919;0.159601;0.158675;0.158979;0.161518;0.159796;0.159096;0.159452;0.159048;0.159122;0.160444;0.158548;0.15805;0.158393;0.159216;0.15784;0.157926;0.161919;0.161082;0.161189;0.160886;0.161895;0.163374;0.163834;0.160954;0.159537;0.160083;0.158953;0.161936;0.168119;0.162573;0.159634;0.162996;0.161925;0.163352;0.165288;0.162174;0.162479;0.164135;0.163759;0.162167;0.165111;0.163036;0.163005;0.163665;0.16359;0.163226;0.166243;0.163666;0.162941;0.163698;0.163223;0.162885;0.166328;0.164276;0.163013;0.163738;0.162986;0.162597;0.165889;0.162811;0.162037;0.162697;0.161847;0.161339;0.162626;0.166284;0.164324;0.163471;0.16469;0.157643;0.158824;0.160684;0.160989;0.160357;0.159127;0.159638;0.159634;0.165602;0.162566;0.160568;0.160687;0.160492;0.160725;0.162753;0.160003;0.159273;0.160466;0.162125;0.160836;0.161868;0.160527;0.161585;0.158656;0.158945;0.158423;0.158195;0.17105;0.159039;0.159933;0.160489;0.159879;0.159441;0.162217;0.159615;0.158514;0.158094;0.158815;0.158598;0.161528;0.159459;0.159462;0.158351;0.158588;0.15955;0.160054;0.15875;0.15891;0.159192;0.158602;0.159403;0.159324;0.1615;0.158855;0.160258;0.158515;0.158071;0.162018;0.160943;0.160576;0.159421;0.159123;0.159371;0.158936;0.161595;0.161252;0.162353;0.161399;0.162418;0.161198;0.162083;0.160225;0.161402;0.158166;0.159171;0.158431;0.159118;0.160908;0.16074;0.159026;0.159143;0.158923;0.158524;0.1612;0.159606;0.160149;0.158669;0.158344;0.159038;0.160541;0.160486;0.160181;0.1626;0.162771;0.162273;0.160387;0.159188;0.157985;0.158696;0.15815;0.158429;0.158376;0.160717;0.159319;0.159982;0.160533;0.159258;0.159234;0.200643;0.161258;0.159762;0.16051;0.160682;0.159347;0.161587;0.159099;0.157685;0.158731;0.160358;0.158955;0.160214;0.162126;0.159674;0.159024;0.159546;0.159899;0.160426;0.161478;0.160502;0.159466;0.159702;0.16004;0.159567;0.161299;0.158931;0.15912;0.158041;0.158381;0.159274;0.16171;0.162369;0.160461;0.16077;0.160285;0.160091;0.163001;0.159638;0.158977;0.159724;0.159285;0.16008;0.160343;0.160089;0.159113;0.158726;0.159277;0.159656;0.159887;0.161397;0.159824;0.159278;0.158892;0.160238;0.159769;0.160682;0.160626;0.159436;0.158813;0.159433;0.157913;0.159908;0.158814;0.15859;0.159576;0.159812;0.158999;0.159047;0.161634;0.159316;0.160067;0.159126;0.159493;0.160029;0.161704;0.159284;0.160248;0.1609;0.159581;0.158985;0.160891;0.15907;0.1592;0.159137;0.160149;0.159738;0.161085;0.162125;0.161;0.159005;0.158775;0.161013;0.160346;0.158862;0.158858;0.158852;0.157708;0.158936;0.159805;0.161114;0.158801;0.159029;0.158646;0.159639;0.159729;0.162131;0.159984;0.157881;0.15862;0.157567;0.158225;0.158457;0.160409;0.160068;0.160407;0.160472;0.160829;0.159998;0.161526;0.161965;0.160308;0.160078;0.160807;0.160414;0.162062;0.16432;0.16147;0.160817;0.160543;0.159812;0.161135;0.158534;0.159321;0.158961;0.158289;0.158701;0.160547;0.160703;0.160451;0.160903;0.159727;0.159447;0.161143;0.159223;0.158872;0.159393;0.161328;0.159734;0.159335;0.16117;0.159509;0.158915;0.160247;0.15923;0.159606;0.160883;0.158577;0.158215;0.158878;0.160016;0.158547;0.159146;0.161371;0.162071;0.160165;0.159587;0.160234;0.161075;0.159227;0.159733;0.15891;0.158799;0.159571;0.160396;0.161826;0.159469;0.158807;0.160152;0.159845;0.160029;0.163457;0.160274;0.161066;0.160195;0.160561;0.161227;0.16263;0.160349;0.159022;0.159348;0.159095;0.159641;0.160093;0.160521;0.159469;0.158762;0.15823;0.158629;0.159521;0.160036;0.160043;0.159039;0.159026;0.158694;0.159541;0.161942;0.159799;0.160318;0.159706;0.158676;0.16036;0.162717;0.162947;0.163491;0.163101;0.160697;0.159868;0.160607;0.160457;0.160619;0.158685;0.158353;0.157433;0.157563;0.161429;0.160321;0.159174;0.159967;0.159558;0.159621;0.162492;0.16083;0.16079;0.160776;0.161171;0.160358;0.16188;0.160147;0.159921;0.159229;0.161449;0.159562;0.162638;0.159534;0.159332;0.158689;0.15978;0.160101;0.159529;0.163449;0.160036;0.16014;0.159445;0.162971;0.161218;0.160522;0.159764;0.159484;0.159161;0.159572;0.15795;0.161421;0.159402;0.159204;0.160216;0.160245;0.159904;0.161075;0.16088;0.161137;0.160201;0.161004;0.160293;0.159932;0.163123;0.160207;0.160322;0.159159;0.160667;0.15991;0.160366;0.160513;0.158332;0.157861;0.158789;0.158531;0.160373;0.160573;0.158547;0.15877;0.158819;0.158019;0.15938;0.160971;0.159204;0.158752;0.159316;0.159219;0.15917;0.160677;0.15813;0.158568;0.157455;0.161168;0.160679;0.162059;0.160568;0.159676;0.160933;0.16069;0.16028;0.16216;0.159413;0.160399;0.159794;0.161593;0.159572;0.16194;0.160348;0.159938;0.159317;0.159707;0.160649;0.159067;0.16266;0.160127;0.161044;0.160408;0.162146;0.16089;0.161809;0.15965;0.160174;0.160489;0.159931;0.162412;0.160856;0.159101;0.159148;0.159826;0.159463;0.159594;0.161649;0.163281;0.159163;0.15962;0.158583;0.158343;0.159124;0.161265;0.159512;0.158929;0.158917;0.158871;0.158289;0.161654;0.158639;0.159207;0.158308;0.159508;0.159373;0.160712;0.162065;0.160676;0.159982;0.160109;0.160155;0.162557;0.159235;0.160071;0.158345;0.159054;0.158573;0.158215;0.160939;0.159583;0.160759;0.159133;0.159393;0.158664;0.159906;0.158883;0.158307;0.158806;0.159899;0.158803;0.159966;0.159579;0.160327;0.160615;0.161239;0.16004;0.161598;0.162663;0.16128;0.159449;0.16165;0.161188;0.161798;0.162575;0.161802;0.16143;0.16174;0.159468;0.158415;0.161831;0.161194;0.160299;0.159641;0.158862;0.161384;0.163467;0.160643;0.159749;0.160046;0.160029;0.159929;0.161272;0.162113;0.158109;0.158486;0.159125;0.158439;0.159196;0.161937;0.161062;0.160118;0.161316;0.160946;0.160502;0.163635;0.160025;0.16028;0.159908;0.160454;0.160358;0.159709;0.158886;0.157983;0.158166;0.159248;0.158753;0.159957;0.160249;0.158831;0.158828;0.159072;0.158534;0.158916;0.162172;0.160919;0.160244;0.160875;0.160504;0.161986;0.16232;0.16073;0.160899;0.160803;0.160504;0.160462;0.162239;0.159005;0.15821;0.159653;0.158295;0.158704;0.15919;0.160097;0.159377;0.159975;0.159698;0.159091;0.16083;0.161407;0.161349;0.161616;0.162154;0.161879;0.160873;0.160852;0.159324;0.15828;0.159113;0.160552;0.159005;0.160408;0.159036;0.15902;0.158956;0.160328;0.161866;0.161297;0.161009;0.160389;0.160152;0.158952;0.160325;0.162109;0.158055;0.158344;0.158092;0.157395;0.15824;0.15727;0.163888;0.161713;0.160016;0.160956;0.160981;0.161449;0.162686;0.159194;0.158687;0.158176;0.159346;0.158553;0.160473;0.162005;0.160922;0.160293;0.160056;0.159649;0.161239;0.158977;0.160962;0.158223;0.158298;0.158009;0.158218;0.160328;0.159114;0.159583;0.160464;0.159715;0.158782;0.160325;0.158904;0.1596;0.15867;0.158972;0.159729;0.159784;0.159528;0.159564;0.1598;0.16132;0.15903;0.15983;0.163623;0.160958;0.160722;0.16254;0.160192;0.160827;0.161751;0.159424;0.159349;0.159763;0.159791;0.159766;0.161405;0.160683;0.160953;0.160995;0.159865;0.161458;0.164307;0.158961;0.158961;0.160166;0.159033;0.159678;0.161945;0.158953;0.158819;0.158599;0.158138;0.158283;0.157996;0.163316;0.162611;0.160384;0.160513;0.159689;0.160293;0.161912;0.159066;0.16013;0.159129;0.159383;0.160571;0.161298;0.160074;0.159169;0.159319;0.1579;0.159373;0.162083;0.159271;0.15987;0.158633;0.158547;0.159254;0.15787;0.160409;0.160411;0.160181;0.159195;0.158953;0.158771;0.161071;0.161143;0.159966;0.160055;0.157784;0.15837;0.160853;0.15877;0.158747;0.160033;0.158807;0.159153;0.15899;0.160803;0.159833;0.161092;0.160212;0.161084;0.160119;0.160869;0.159244;0.159508;0.159709;0.159139;0.159199;0.160766;0.160427;0.161012;0.160438;0.160896;0.159608;0.161033;0.160567;0.160104;0.159753;0.160295;0.160662;0.159926;0.158803;0.159514;0.159538;0.159535;0.161004;0.159115;0.161805;0.161896;0.158867;0.158926;0.159775;0.161316;0.161941;0.160699;0.159693;0.1588;0.15898;0.158774;0.161483;0.163099;0.161195;0.160426;0.160844;0.16083;0.162243;0.161891;0.1612;0.158998;0.158269;0.158319;0.159448;0.164105;0.16188;0.160679;0.160668;0.160098;0.161426;0.161419;0.161057;0.159256;0.159716;0.158746;0.158823;0.160704;0.161275;0.162211;0.160707;0.160288;0.1608;0.161742;0.15999;0.159611;0.160285;0.159994;0.159309;0.159998;0.162435;0.159795;0.160468;0.161025;0.159707;0.159648;0.160644;0.159772;0.159336;0.162119;0.160067;0.15918;0.161788;0.160823;0.158901;0.158712;0.159175;0.158627;0.160573;0.162182;0.159988;0.160502;0.161381;0.162187;0.161078;0.161238;0.160136;0.160106;0.159783;0.160931;0.160151;0.162009;0.161234;0.160842;0.161146;0.161235;0.161961;0.161977;0.158735;0.158525;0.157888;0.158695;0.158282;0.160534;0.160757;0.16062;0.160964;0.160042;0.160051;0.161882;0.159041;0.158922;0.15944;0.157937;0.15907;0.158653;0.163683;0.159991;0.159125;0.159451;0.160335;0.159292;0.1616;0.161358;0.160818;0.160232;0.15981;0.160165;0.160875;0.159402;0.160608;0.158807;0.158472;0.159844;0.159943;0.161068;0.16046;0.162304;0.160526;0.160994;0.160277;0.162793;0.160915;0.159548;0.15984;0.15844;0.158552;0.161667;0.162339;0.160106;0.160499;0.159805;0.159613;0.166343;0.159413;0.158403;0.158858;0.159258;0.158748;0.160595;0.159005;0.159008;0.159617;0.15904;0.160357;0.159468;0.163074;0.161868;0.159817;0.159129;0.161054;0.16114;0.160612;0.158988;0.159237;0.158411;0.1587;0.159343;0.160309;0.159877;0.160892;0.159269;0.160487;0.159366;0.161853;0.162732;0.162373;0.15978;0.160247;0.15978;0.1599;0.162438;0.16008;0.159774;0.158871;0.16016;0.160176;0.160667;0.159628;0.15977;0.159868;0.160014;0.15955;0.161996;0.161711;0.159598;0.160142;0.16039;0.161101;0.161724;0.160966;0.161716;0.159388;0.159936;0.15934;0.159683;0.162455;0.160584;0.160253;0.159214;0.160353;0.15874;0.16193;0.161335;0.159694;0.159817;0.159619;0.160432;0.16115;0.16319;0.162569;0.161666;0.160806;0.160793;0.161241;0.159696;0.158786;0.159872;0.16025;0.15858;0.160547;0.158801;0.159016;0.159763;0.15888;0.160748;0.158472;0.160017;0.15939;0.160188;0.160054;0.15999;0.160137;0.160899;0.159727;0.159361;0.159841;0.158845;0.158454;0.1606;0.159324;0.159513;0.159373;0.15874;0.158845;0.160956;0.163971;0.161873;0.161069;0.160295;0.160259;0.161438;0.164072;0.161413;0.15926;0.1592;0.159682;0.159134;0.162203;0.161819;0.160636;0.160223;0.16075;0.160162;0.162073;0.162023;0.161256;0.161302;0.161216;0.161454;0.162943;0.160934;0.160354;0.161199;0.160365;0.16159;0.161255;0.161113;0.159865;0.161363;0.160402;0.160267;0.159755;0.162628;0.161021;0.162158;0.160261;0.161785;0.161044;0.162459;0.159532;0.159668;0.160183;0.159868;0.158918;0.160343;0.159799;0.160296;0.160942;0.163051;0.161216;0.162306;0.159151;0.158801;0.158073;0.158133;0.158696;0.158611;0.160978;0.159667;0.15879;0.159593;0.159854;0.159653;0.160431;0.159728;0.15943;0.15975;0.158714;0.160761;0.16138;0.159217;0.158243;0.158138;0.158752;0.157579;0.159165;0.16177;0.159357;0.160264;0.160306;0.159743;0.160134;0.16307;0.159686;0.160026;0.160018;0.159896;0.15965;0.161306;0.160556;0.160826;0.16057;0.161094;0.16163;0.163353;0.162665;0.162667;0.160337;0.159996;0.160275;0.161652;0.162174;0.159966;0.158012;0.159533;0.15939;0.159615;0.162486;0.160106;0.16091;0.161646;0.161472;0.161126;0.161684;0.161953;0.163601;0.159487;0.15904;0.16014;0.162076;0.160995;0.15966;0.160591;0.160119;0.160151;0.161222;0.160964;0.159963;0.158948;0.158441;0.158854;0.157981;0.161284;0.159522;0.159047;0.161037;0.160103;0.160372;0.161377;0.159852;0.159886;0.159155;0.160671;0.160161;0.161665;0.159463;0.159549;0.159199;0.159802;0.160316;0.159627;0.158943;0.158168;0.157891;0.158322;0.159577;0.160019;0.161278;0.160423;0.159852;0.159239;0.160132;0.160233;0.162743;0.16099;0.159826;0.160075;0.160179;0.159902;0.161431;0.161779;0.160264;0.162184;0.160952;0.160364;0.161621;0.159562;0.160877;0.160683;0.159227;0.159396;0.159094;0.160779;0.16158;0.160229;0.160453;0.159477;0.160173;0.16198;0.159927;0.162372;0.159827;0.159028;0.160112;0.161296;0.160601;0.161011;0.16078;0.160208;0.160801;0.161165;0.160266;0.160482;0.159645;0.161333;0.160381;0.161663;0.158741;0.159227;0.158467;0.1612;0.159173;0.159503;0.161066;0.159459;0.159665;0.1624;0.160076;0.159442;0.160601;0.159107;0.158755;0.158477;0.159046;0.160295;0.160452;0.15987;0.160537;0.160291;0.160357;0.160962;0.162989;0.159988;0.160182;0.160414;0.16059;0.160722;0.161499;0.162304;0.159903;0.159873;0.162169;0.162418;0.162706;0.164964;0.162912;0.164162;0.162462;0.162648;0.163303;0.165225;0.164187;0.164234;0.164283;0.164351;0.164253;0.164862;0.163213;0.161048;0.161689;0.162133;0.161507;0.161081;0.159619;0.159857;0.160005;0.159648;0.159243;0.159902;0.159937;0.160942;0.160355;0.159583;0.160012;0.159465;0.163106;0.160606;0.161113;0.161342;0.160349;0.160972;0.18058;0.159955;0.159941;0.160385;0.159885;0.159599;0.160748;0.160589;0.161241;0.160411;0.161163;0.161648;0.162218;0.160036;0.159704;0.159756;0.161133;0.160318;0.160662;0.160397;0.159507;0.159568;0.159683;0.160031;0.160469;0.162396;0.159504;0.159143;0.158731;0.158844;0.160686;0.159507;0.159415;0.15923;0.159131;0.158831;0.15935;0.160516;0.158496;0.158914;0.158861;0.158551;0.159305;0.159522;0.160682;0.159297;0.15919;0.159665;0.160053;0.159862;0.163429;0.160492;0.160523;0.161478;0.159909;0.159825;0.162633;0.16214;0.160677;0.160528;0.160085;0.159227;0.160651;0.158638;0.15963;0.158889;0.158758;0.158786;0.168619;0.162223;0.16196;0.160722;0.160586;0.16118;0.161828;0.161617;0.159819;0.161741;0.159467;0.159505;0.159421;0.160335;0.159207;0.159772;0.160582;0.160146;0.16049;0.16072;0.160302;0.159924;0.161105;0.16109;0.159696;0.16184;0.160089;0.159769;0.160046;0.161572;0.15918;0.160395;0.163109;0.162279;0.161808;0.160474;0.163038;0.160542;0.161694;0.161133;0.159841;0.159366;0.159401;0.159773;0.161462;0.15947;0.159944;0.160824;0.159907;0.161392;0.16236;0.160612;0.160285;0.160217;0.159859;0.159443;0.161995;0.15916;0.158941;0.158878;0.159261;0.159893;0.160547;0.162548;0.160253;0.159796;0.15982;0.159455;0.158758;0.161134;0.161012;0.160076;0.15981;0.161586;0.160511;0.162043;0.160643;0.158625;0.158948;0.158354;0.159489;0.1602;0.158989;0.160784;0.158813;0.159444;0.158867;0.158037;0.160373;0.160228;0.160984;0.160389;0.160406;0.160339;0.162175;0.160685;0.161094;0.162432;0.161366;0.161155;0.162599;0.160069;0.160519;0.162119;0.160488;0.160828;0.162181;0.160538;0.160397;0.160151;0.161156;0.160012;0.160715;0.160645;0.158495;0.15948;0.159448;0.160048;0.158409;0.161125;0.160393;0.160462;0.160492;0.160454;0.161109;0.162815;0.159411;0.159459;0.159077;0.158496;0.160813;0.160529;0.15961;0.159304;0.159712;0.159536;0.159841;0.160493;0.161193;0.159263;0.15969;0.160902;0.162101;0.159471;0.163576;0.159667;0.160384;0.159605;0.160384;0.158249;0.162071;0.160072;0.16068;0.160599;0.159811;0.160528;0.161648;0.161898;0.160598;0.159805;0.160463;0.161009;0.161816;0.158826;0.159779;0.15778;0.160346;0.158803;0.158925;0.160329;0.159676;0.160674;0.15999;0.159522;0.159333;0.161498;0.160838;0.159953;0.159967;0.160156;0.159746;0.162721;0.160364;0.159972;0.161536;0.159546;0.159795;0.160628;0.161166;0.160667;0.160497;0.160941;0.159609;0.160251;0.160925;0.158297;0.158651;0.1583;0.158974;0.158501;0.160388;0.157898;0.159313;0.159375;0.160533;0.159235;0.159997;0.159929;0.15939;0.158751;0.159533;0.160735;0.161131;0.158821;0.159598;0.159134;0.159495;0.160433;0.160729;0.160902;0.160483;0.161822;0.160864;0.160428;0.160407;0.161982;0.159413;0.158183;0.159146;0.15817;0.158058;0.161892;0.160399;0.161536;0.161448;0.160378;0.160502;0.162523;0.1624;0.161204;0.158868;0.159498;0.159157;0.160472;0.164776;0.162079;0.160578;0.159821;0.159783;0.159237;0.162354;0.164135;0.161297;0.160131;0.160466;0.160884;0.161811;0.162458;0.160622;0.159566;0.159234;0.158371;0.160781;0.162003;0.161764;0.159999;0.15965;0.159883;0.159617;0.162672;0.162689;0.160016;0.161462;0.16042;0.16098;0.163215;0.162426;0.160333;0.161677;0.160733;0.159461;0.161666;0.161488;0.161534;0.160401;0.161168;0.160449;0.16274;0.159554;0.159478;0.159714;0.159383;0.159576;0.161246;0.159528;0.159388;0.158764;0.158573;0.159325;0.159347;0.160773;0.158221;0.158992;0.15997;0.159986;0.159651;0.163073;0.161048;0.160648;0.160481;0.16025;0.160431;0.16361;0.161679;0.161318;0.160383;0.16111;0.161079;0.162733;0.161056;0.160296;0.160756;0.159919;0.160026;0.159658;0.161592;0.159306;0.159842;0.158829;0.15906;0.160183;0.173091;0.160538;0.158631;0.158395;0.158496;0.15892;0.16086;0.164379;0.161099;0.159991;0.160004;0.160271;0.161309;0.162786;0.163429;0.161585;0.162081;0.160396;0.162033;0.158486;0.158517;0.160573;0.158191;0.157943;0.157813;0.162425;0.161049;0.161156;0.161608;0.161273;0.161052;0.161865;0.160242;0.160387;0.160099;0.161688;0.161128;0.164517;0.160067;0.159818;0.160473;0.159858;0.160545;0.160933;0.16042;0.15959;0.158791;0.158946;0.159516;0.159986;0.160777;0.159225;0.158743;0.158406;0.157992;0.159748;0.160487;0.158712;0.159648;0.160537;0.160565;0.159996;0.162872;0.160877;0.159688;0.159728;0.158972;0.15959;0.160773;0.160919;0.159555;0.158688;0.157802;0.158024;0.156681;0.16218;0.162703;0.160849;0.160098;0.16068;0.160673;0.162208;0.1628;0.16127;0.161991;0.161265;0.161401;0.162214;0.159599;0.159538;0.159681;0.159724;0.159248;0.160529;0.159689;0.159202;0.159709;0.158794;0.158912;0.158996;0.160036;0.159271;0.15947;0.159195;0.160035;0.158587;0.159884;0.159417;0.158447;0.158285;0.159082;0.159193;0.160348;0.159088;0.15891;0.158171;0.159644;0.159112;0.159487;0.159048;0.158981;0.158865;0.159091;0.160375;0.157802;0.161985;0.158915;0.159569;0.159301;0.16006;0.159483;0.16092;0.157982;0.158033;0.158618;0.159373;0.159037;0.162781;0.16357;0.164045;0.161629;0.160411;0.15947;0.16168;0.160348;0.158391;0.158864;0.157527;0.158982;0.158735;0.161547;0.159397;0.15893;0.158868;0.159971;0.15938;0.163346;0.162379;0.16178;0.161297;0.160856;0.16155;0.162849;0.159614;0.160267;0.159146;0.159588;0.159113;0.160649;0.159069;0.158738;0.15878;0.158692;0.158673;0.158184;0.161596;0.160445;0.161643;0.159744;0.160107;0.160811;0.161926;0.159441;0.159398;0.160487;0.159636;0.159429;0.160215;0.158846;0.15977;0.158319;0.158646;0.159443;0.160492;0.159595;0.158769;0.15906;0.159318;0.16094;0.161639;0.160223;0.158423;0.160087;0.158982;0.158844;0.158259;0.162254;0.161964;0.160168;0.160467;0.160467;0.16082;0.162077;0.16168;0.159387;0.159365;0.159438;0.160133;0.16195;0.159097;0.158288;0.158644;0.157852;0.158474;0.158643;0.161526;0.158644;0.159812;0.159097;0.160279;0.158459;0.161172;0.157873;0.158866;0.157955;0.157419;0.158943;0.159478;0.160573;0.15896;0.159171;0.159898;0.159884;0.15944;0.160769;0.161938;0.160134;0.160655;0.16033;0.16074;0.160574;0.159289;0.160117;0.159976;0.159727;0.159666;0.161787;0.160835;0.16071;0.160852;0.16023;0.160174;0.161902;0.161431;0.161578;0.16215;0.160673;0.160745;0.162519;0.158915;0.159191;0.159026;0.159137;0.159243;0.158927;0.160845;0.158591;0.159035;0.160338;0.158376;0.158383;0.161325;0.160428;0.160825;0.16166;0.164253;0.160191;0.162771;0.158652;0.158766;0.159965;0.159062;0.160921;0.159882;0.160156;0.15945;0.159351;0.160258;0.159161;0.161287;0.161369;0.158774;0.158442;0.159043;0.158449;0.159474;0.162262;0.16028;0.159568;0.158811;0.159749;0.159904;0.161207;0.161319;0.159922;0.159848;0.160012;0.16037;0.16023;0.162035;0.159107;0.158697;0.158277;0.159068;0.158521;0.160579;0.159447;0.162282;0.162094;0.159232;0.159356;0.162626;0.160662;0.160716;0.16;0.160231;0.158987;0.159498;0.158631;0.159044;0.16013;0.158144;0.158928;0.159797;0.159482;0.159873;0.160297;0.159565;0.159907;0.159216;0.16252;0.159989;0.159534;0.161976;0.159453;0.159207;0.161949;0.159498;0.158999;0.159707;0.160254;0.159456;0.161182;0.160697;0.161375;0.161092;0.160344;0.162386;0.162318;0.158084;0.158049;0.157928;0.158027;0.158403;0.158434;0.163011;0.161063;0.161479;0.161472;0.160891;0.162706;0.16142;0.160241;0.160023;0.159517;0.159515;0.159521;0.163232;0.160148;0.159998;0.159232;0.159555;0.159158;0.160384;0.159566;0.15979;0.160065;0.159423;0.159956;0.160628;0.165731;0.158399;0.158789;0.158644;0.15913;0.157862;0.161006;0.161552;0.158793;0.159655;0.160067;0.160357;0.161224;0.159627;0.160904;0.15936;0.160389;0.159217;0.161664;0.161604;0.160933;0.159738;0.15921;0.158197;0.158167;0.160555;0.1594;0.159077;0.159532;0.158591;0.158338;0.161774;0.161393;0.160392;0.159841;0.160088;0.159427;0.161575;0.159139;0.159638;0.15921;0.159677;0.160009;0.160242;0.159862;0.158925;0.158607;0.15941;0.15922;0.160132;0.162345;0.160107;0.160034;0.15991;0.160549;0.161333;0.160908;0.158943;0.15995;0.158911;0.159308;0.158989;0.162421;0.159426;0.159609;0.162537;0.160848;0.159597;0.160456;0.160484;0.159961;0.160003;0.160067;0.159523;0.159838;0.160379;0.159037;0.157792;0.158621;0.158598;0.159047;0.160876;0.161079;0.161782;0.160415;0.160893;0.160746;0.161344;0.159527;0.160555;0.159888;0.159972;0.159182;0.160597;0.161672;0.16137;0.160929;0.160695;0.161325;0.160848;0.161129;0.159889;0.159799;0.160509;0.160071;0.159336;0.1611;0.159898;0.160638;0.162559;0.161021;0.160491;0.161743;0.159444;0.159321;0.159318;0.160332;0.159832;0.163137;0.160621;0.159074;0.158976;0.158916;0.160934;0.159552;0.157999;0.158092;0.15858;0.1585;0.158766;0.159457;0.162403;0.160249;0.159407;0.159352;0.159466;0.159999;0.162289;0.160262;0.159929;0.159012;0.159561;0.161785;0.165362;0.161076;0.161096;0.160646;0.160014;0.160747;0.162262;0.163161;0.160247;0.160043;0.160657;0.160766;0.160403;0.163402;0.161874;0.158919;0.159074;0.158787;0.158829;0.161128;0.160986;0.159205;0.159144;0.159293;0.158984;0.160733;0.161444;0.160323;0.158489;0.159013;0.159452;0.159917;0.15916;0.159836;0.15939;0.159804;0.15908;0.159267;0.162983;0.162325;0.162851;0.160604;0.161387;0.16103;0.162421;0.160978;0.16014;0.162332;0.160347;0.16105;0.161984;0.159584;0.161482;0.160755;0.162251;0.161141;0.162202;0.159532;0.159436;0.15987;0.159465;0.159152;0.16009;0.159639;0.160144;0.160208;0.159759;0.160895;0.159828;0.162887;0.161316;0.160548;0.159565;0.159641;0.161645;0.161885;0.159108;0.157696;0.158533;0.158558;0.158733;0.162616;0.15861;0.159387;0.159226;0.158789;0.159551;0.160032;0.161993;0.161602;0.158607;0.1593;0.159531;0.159915;0.161335;0.160815;0.159213;0.15904;0.158905;0.159018;0.161474;0.163205;0.159478;0.15903;0.158935;0.158475;0.16056;0.159267;0.162539;0.160144;0.159686;0.159116;0.16113;0.160947;0.161299;0.161354;0.160455;0.160965;0.161779;0.162143;0.160181;0.160355;0.160576;0.160517;0.160191;0.160696;0.159033;0.159694;0.16013;0.15967;0.159705;0.160611;0.159682;0.159523;0.160007;0.16256;0.160641;0.161641;0.158395;0.15758;0.159173;0.159666;0.159256;0.158253;0.163827;0.160913;0.161084;0.160884;0.160894;0.160655;0.165724;0.161658;0.159986;0.160047;0.159807;0.161631;0.162569;0.161846;0.160621;0.160142;0.160367;0.159154;0.162025;0.161947;0.161536;0.158931;0.160036;0.160792;0.162171;0.159828;0.159614;0.159699;0.1598;0.159219;0.159776;0.161549;0.160344;0.159683;0.158967;0.159844;0.161165;0.161146;0.162138;0.161015;0.16078;0.160546;0.161264;0.161464;0.160022;0.159929;0.159098;0.158653;0.158733;0.159866;0.158181;0.15816;0.158746;0.159408;0.158731;0.158707;0.16061;0.158834;0.158617;0.159673;0.16037;0.158501;0.161945;0.160458;0.160045;0.161271;0.160924;0.162305;0.163994;0.163005;0.160594;0.160034;0.159778;0.161717;0.161627;0.162238;0.161955;0.162785;0.16237;0.162411;0.164699;0.158736;0.158542;0.159321;0.158902;0.158866;0.159183;0.164365;0.162662;0.15995;0.159599;0.159929;0.15908;0.162605;0.158535;0.159244;0.159214;0.159186;0.159095;0.160006;0.160821;0.159186;0.158499;0.158119;0.158868;0.158593;0.160683;0.160756;0.159929;0.159133;0.159867;0.159485;0.17282;0.162076;0.162036;0.161647;0.1611;0.160328;0.162359;0.160519;0.162351;0.161088;0.160044;0.159622;0.162001;0.160318;0.160089;0.159063;0.158753;0.158896;0.160655;0.162123;0.161004;0.160244;0.160135;0.16;0.158893;0.161524;0.159488;0.159732;0.160939;0.160386;0.159976;0.161472;0.16053;0.161108;0.16046;0.162881;0.161284;0.16254;0.159923;0.159972;0.160192;0.159962;0.162299;0.161268;0.160451;0.160216;0.160892;0.160516;0.160587;0.16322;0.159863;0.160058;0.16035;0.159915;0.159601;0.158726;0.161087;0.159247;0.158486;0.159555;0.159936;0.160428;0.160394;0.160251;0.159556;0.160549;0.159465;0.16019;0.164146;0.159189;0.159493;0.159534;0.158909;0.159867;0.160811;0.160151;0.160909;0.159339;0.159995;0.160732;0.161096;0.161146;0.160616;0.161034;0.16031;0.159834;0.160363;0.16296;0.159873;0.161078;0.161075;0.161503;0.160875;0.162779;0.159663;0.158704;0.159744;0.158148;0.158349;0.159729;0.16123;0.160021;0.159525;0.161029;0.159128;0.159958;0.160517;0.158706;0.159145;0.159602;0.160631;0.158405;0.160053;0.159007;0.159001;0.158721;0.159352;0.160074;0.160656;0.159867;0.159305;0.158389;0.158161;0.159601;0.161353;0.160676;0.160374;0.158942;0.159151;0.15981;0.161013;0.162816;0.160124;0.159287;0.159667;0.1586;0.15907;0.163082;0.161606;0.160759;0.160237;0.160086;0.15903;0.161357;0.162417;0.160036;0.158418;0.15896;0.159049;0.161423;0.161834;0.15977;0.159511;0.159154;0.159805;0.158809;0.161843;0.159808;0.158305;0.159522;0.158637;0.159053;0.160339;0.159298;0.159889;0.158254;0.1591;0.158779;0.161097;0.159526;0.159605;0.158993;0.158778;0.158878;0.16044;0.159451;0.159066;0.159955;0.158963;0.158291;0.158855;0.160387;0.159146;0.158432;0.159862;0.158741;0.158838;0.160948;0.160351;0.160835;0.160002;0.161315;0.159199;0.160181;0.158618;0.159856;0.159384;0.159408;0.159929;0.160369;0.16065;0.15967;0.15855;0.159271;0.158642;0.15981;0.161121;0.161419;0.160032;0.160485;0.1602;0.160542;0.160748;0.160929;0.160025;0.159834;0.160299;0.161901;0.162047;0.162891;0.160751;0.159786;0.161269;0.159518;0.1628;0.160012;0.160368;0.160435;0.159428;0.159095;0.159038;0.161788;0.160332;0.159602;0.163312;0.162732;0.162737;0.162374;0.161396;0.160827;0.160295;0.160423;0.160427;0.161791;0.163011;0.15945;0.160316;0.159501;0.158858;0.160942;0.161067;0.160694;0.158921;0.1595;0.158923;0.159327;0.163008;0.158988;0.160414;0.159555;0.158718;0.1596;0.161261;0.159895;0.160339;0.159517;0.157769;0.157952;0.159322;0.161705;0.159574;0.159205;0.159031;0.159493;0.15926;0.159251;0.159993;0.16023;0.160222;0.158952;0.159173;0.160947;0.159059;0.159493;0.159422;0.160497;0.159025;0.161021;0.160019;0.159847;0.159955;0.159477;0.159859;0.161737;0.159135;0.159505;0.158577;0.159449;0.159686;0.163959;0.160826;0.160445;0.160201;0.160267;0.160759;0.159234;0.162089;0.16038;0.158876;0.159973;0.160369;0.160391;0.162991;0.160845;0.159437;0.160055;0.160157;0.160199;0.160861;0.160994;0.160616;0.160253;0.160411;0.160072;0.161007;0.159779;0.160714;0.159479;0.159436;0.161015;0.163124;0.162122;0.162108;0.161725;0.159363;0.158868;0.158913;0.162431;0.161884;0.160342;0.160086;0.15995;0.15938;0.16223;0.159951;0.159789;0.161914;0.1606;0.160704;0.161526;0.162253;0.159479;0.159476;0.159936;0.1609;0.161451;0.161816;0.159407;0.158773;0.158706;0.158777;0.157837;0.16103;0.159929;0.15939;0.160028;0.159641;0.160239;0.162466;0.158866;0.158268;0.159278;0.158019;0.15817;0.159581;0.159931;0.159674;0.159517;0.15939;0.159841;0.160741;0.158588;0.159551;0.158658;0.158691;0.158843;0.158211;0.164022;0.160215;0.159189;0.159956;0.160043;0.158864;0.161608;0.163125;0.161059;0.15982;0.159211;0.16049;0.168158;0.161967;0.160078;0.161067;0.160019;0.160416;0.160548;0.160626;0.159608;0.158374;0.157917;0.157763;0.158863;0.159657;0.158885;0.158734;0.158871;0.15881;0.158073;0.161211;0.161782;0.160107;0.158935;0.159356;0.159144;0.160429;0.159349;0.158777;0.159134;0.158717;0.158688;0.15943;0.159258;0.158814;0.158969;0.161189;0.158777;0.158973;0.160566;0.159857;0.158872;0.159577;0.159948;0.159233;0.160176;0.158964;0.159828;0.159298;0.159321;0.160134;0.160243;0.157846;0.157952;0.158285;0.158917;0.159435;0.159563;0.161805;0.161109;0.158814;0.158347;0.159058;0.158643;0.161908;0.157655;0.159086;0.159101;0.159272;0.159769;0.161908;0.160903;0.160148;0.159389;0.159871;0.158891;0.160983;0.160155;0.160934;0.159345;0.159387;0.159633;0.159742;0.160297;0.1588;0.159178;0.15828;0.158487;0.158699;0.160579;0.159944;0.161092;0.160357;0.159967;0.159719;0.160427;0.158725;0.159261;0.160451;0.15997;0.159182;0.159464;0.158556;0.158947;0.159606;0.161729;0.159536;0.159168;0.160899;0.158638;0.159017;0.158757;0.159675;0.159074;0.162355;0.160407;0.157582;0.158211;0.157943;0.159814;0.160197;0.161055;0.158854;0.158098;0.158417;0.159699;0.160082;0.16223;0.158812;0.158716;0.158674;0.158559;0.15992;0.161245;0.15931;0.159624;0.159018;0.159339;0.158834;0.164385;0.162901;0.160744;0.160308;0.159861;0.159733;0.161126;0.160321;0.160442;0.160063;0.159812;0.159483;0.16152;0.159132;0.15932;0.157943;0.158082;0.157905;0.158431;0.161631;0.16208;0.161223;0.160135;0.159693;0.159547;0.16114;0.159535;0.161622;0.159712;0.159389;0.159344;0.160812;0.159559;0.159195;0.159764;0.158785;0.157532;0.159385;0.159101;0.160337;0.158992;0.160575;0.158464;0.158339;0.159617;0.15865;0.15902;0.159207;0.159515;0.158999;0.160813;0.159309;0.159762;0.161615;0.159875;0.159281;0.160187;0.159171;0.158707;0.159192;0.159567;0.158809;0.161257;0.164514;0.16257;0.161565;0.161354;0.160041;0.159959;0.161345;0.160842;0.159223;0.159009;0.160184;0.159305;0.162083;0.158691;0.15903;0.159423;0.159237;0.158468;0.159733;0.161641;0.160379;0.157873;0.158271;0.157874;0.158519;0.160393;0.158602;0.158094;0.158198;0.1586;0.157423;0.16088;0.16133;0.161058;0.161289;0.159109;0.159285;0.159972;0.161885;0.160701;0.159797;0.158873;0.158784;0.159257;0.158154;0.159742;0.159989;0.158954;0.159107;0.159883;0.160355;0.159254;0.160823;0.15963;0.160346;0.159782;0.161632;0.159238;0.159145;0.160418;0.158734;0.158622;0.159948;0.158372;0.158274;0.15853;0.158985;0.158775;0.159496;0.158513;0.159486;0.158966;0.159614;0.159637;0.159306;0.159613;0.15813;0.158177;0.157894;0.158449;0.158062;0.159996;0.159802;0.158904;0.159507;0.159898;0.159241;0.160206;0.158349;0.158209;0.158444;0.158907;0.157923;0.16004;0.160167;0.158733;0.158505;0.159185;0.158552;0.159306;0.162345;0.160218;0.159493;0.158966;0.159468;0.159583;0.16079;0.161351;0.158667;0.159011;0.158943;0.158555;0.159997;0.159505;0.159255;0.15852;0.157873;0.158133;0.159636;0.159324;0.159205;0.159422;0.158578;0.157782;0.157679;0.160094;0.159064;0.158674;0.159594;0.158995;0.159681;0.159684;0.161011;0.159946;0.160218;0.159452;0.160048;0.162178;0.160157;0.160418;0.160878;0.161092;0.160292;0.160344;0.159807;0.158014;0.157938;0.157808;0.159526;0.158952;0.159941;0.159417;0.159333;0.158656;0.158592;0.158566;0.159267;0.159337;0.158569;0.15845;0.159733;0.159962;0.159359;0.159746;0.159638;0.158834;0.15807;0.15854;0.159578;0.160611;0.159074;0.159802;0.158983;0.15937;0.159813;0.161536;0.157908;0.158193;0.158719;0.158404;0.157744;0.159318;0.162867;0.159712;0.159991;0.160069;0.159847;0.160005;0.16346;0.161571;0.161004;0.160991;0.160935;0.160828;0.161617;0.160045;0.159698;0.159337;0.159175;0.15943;0.168372;0.158616;0.160204;0.158769;0.158844;0.158183;0.160086;0.158868;0.159669;0.159625;0.159446;0.159457;0.159517;0.161608;0.159971;0.159075;0.159905;0.159416;0.159911;0.161738;0.158828;0.159339;0.1598;0.1607;0.158195;0.15898;0.158371;0.157504;0.15905;0.157758;0.15842;0.159792;0.162261;0.160472;0.160327;0.160059;0.161159;0.160323;0.162748;0.159811;0.158901;0.159139;0.158715;0.160513;0.16244;0.159142;0.158938;0.159382;0.159288;0.159305;0.1625;0.159643;0.1587;0.159097;0.158688;0.159238;0.159717;0.15956;0.159014;0.158297;0.159101;0.158928;0.159205;0.160392;0.159864;0.158682;0.158928;0.158736;0.159233;0.161106;0.160735;0.16322;0.161238;0.16154;0.160195;0.163495;0.159235;0.159817;0.159785;0.159429;0.158316;0.161203;0.159076;0.158831;0.15914;0.159533;0.159655;0.158875;0.161795;0.15924;0.160293;0.159669;0.159984;0.15947;0.161275;0.158861;0.158995;0.160056;0.159902;0.160219;0.160944;0.158223;0.157919;0.158229;0.158547;0.160299;0.160468;0.158902;0.158812;0.158782;0.158734;0.159042;0.159693;0.160954;0.16003;0.159564;0.160376;0.15976;0.159962;0.162071;0.162573;0.158801;0.157981;0.159212;0.15931;0.160651;0.160327;0.161049;0.160539;0.160038;0.160506;0.161365;0.158588;0.158459;0.157551;0.158417;0.159429;0.158866;0.161595;0.161293;0.160034;0.160788;0.159982;0.159989;0.161474;0.162146;0.16059;0.160248;0.160061;0.160534;0.161972;0.161766;0.162354;0.161905;0.162977;0.162363;0.16238;0.159842;0.160774;0.159569;0.158373;0.158829;0.15859;0.160958;0.159068;0.16025;0.159041;0.159526;0.159543;0.160789;0.158845;0.158066;0.160071;0.159155;0.158671;0.160603;0.162105;0.161404;0.161085;0.16331;0.160728;0.161009;0.158035;0.15936;0.158691;0.159074;0.159787;0.158672;0.163564;0.158552;0.158323;0.158705;0.159481;0.159285;0.1614;0.160084;0.15999;0.158706;0.160332;0.161794;0.160923;0.158966;0.158932;0.158666;0.159103;0.158432;0.161532;0.160028;0.160682;0.160334;0.159924;0.160044;0.159613;0.16184;0.158641;0.15901;0.158057;0.158111;0.158238;0.165208;0.163366;0.15995;0.159267;0.160038;0.160252;0.163214;0.161187;0.158619;0.158793;0.158495;0.158414;0.159918;0.161443;0.161692;0.158955;0.158922;0.159688;0.158877;0.160856;0.158656;0.159524;0.158497;0.159114;0.159603;0.160824;0.160378;0.159239;0.159618;0.159364;0.158362;0.160097;0.161251;0.161296;0.162863;0.161366;0.161139;0.162834;0.15979;0.158252;0.157929;0.159039;0.158112;0.15912;0.160588;0.159889;0.158982;0.15948;0.159815;0.158341;0.159936;0.159839;0.159278;0.159457;0.160702;0.159308;0.16105;0.159897;0.158367;0.15958;0.158697;0.159175;0.160023;0.161135;0.159054;0.158494;0.159573;0.15919;0.159668;0.159971;0.157816;0.158929;0.158129;0.158045;0.158706;0.160921;0.161806;0.159189;0.157818;0.158267;0.159451;0.160878;0.158894;0.158578;0.159669;0.158782;0.159255;0.159084;0.161094;0.158905;0.159336;0.157869;0.159146;0.158604;0.161221;0.158519;0.159469;0.158553;0.159303;0.159243;0.159675;0.160591;0.16063;0.160176;0.160441;0.160042;0.162881;0.159203;0.159152;0.158568;0.158406;0.158459;0.1583;0.160529;0.160224;0.159249;0.159309;0.16124;0.158784;0.162041;0.160552;0.160237;0.160173;0.160646;0.160259;0.162407;0.161981;0.159896;0.159541;0.159603;0.159551;0.160459;0.163294;0.161492;0.161522;0.159439;0.159083;0.159452;0.162118;0.159808;0.159055;0.160116;0.159488;0.159425;0.162616;0.160271;0.161079;0.160318;0.160991;0.161508;0.161896;0.158672;0.158345;0.15848;0.160437;0.158691;0.160261;0.15902;0.15973;0.159766;0.159109;0.159997;0.158396;0.161063;0.159907;0.160415;0.159816;0.160402;0.161161;0.161109;0.159592;0.159549;0.159141;0.158912;0.160293;0.162154;0.15896;0.159546;0.158944;0.159277;0.159229;0.164778;0.158315;0.15833;0.157988;0.158032;0.157758;0.158178;0.16218;0.15871;0.157936;0.158511;0.158854;0.158222;0.160363;0.160922;0.15989;0.160357;0.159323;0.159794;0.161011;0.158567;0.160026;0.159426;0.160745;0.159285;0.160661;0.158164;0.158082;0.158359;0.157683;0.15912;0.158729;0.162706;0.162677;0.161347;0.159804;0.159288;0.160997;0.162908;0.161334;0.161011;0.161533;0.159824;0.159539;0.162373;0.160528;0.160571;0.16045;0.160982;0.159142;0.160116;0.159781;0.1587;0.158693;0.158852;0.15937;0.15908;0.161956;0.162389;0.160152;0.160049;0.160464;0.159166;0.160591;0.159648;0.158465;0.159042;0.159153;0.160394;0.159606;0.158655;0.159318;0.160261;0.15894;0.158877;0.160967;0.158706;0.159876;0.15981;0.159505;0.159818;0.161654;0.161502;0.159078;0.158904;0.159476;0.158687;0.159428;0.161901;0.158939;0.159152;0.158739;0.159038;0.158218;0.160494;0.159379;0.159734;0.158941;0.159682;0.159024;0.158999;0.158536;0.158418;0.158847;0.158771;0.158984;0.159425;0.160991;0.159895;0.159706;0.159181;0.159717;0.159092;0.160767;0.160734;0.161871;0.162153;0.160515;0.161825;0.162303;0.158839;0.159616;0.158942;0.158524;0.158668;0.160376;0.16015;0.159565;0.158438;0.160497;0.159482;0.158615;0.161882;0.161385;0.16108;0.16112;0.161604;0.160578;0.162464;0.15911;0.159209;0.159258;0.158962;0.161391;0.160381;0.157938;0.15836;0.158282;0.158315;0.160646;0.159635;0.158504;0.159366;0.158877;0.159495;0.158798;0.160934;0.16073;0.159256;0.158859;0.158267;0.159252;0.158344;0.160817;0.160941;0.160299;0.160782;0.16092;0.160081;0.161227;0.16221;0.160761;0.160755;0.159514;0.160519;0.161287;0.160183;0.158673;0.159161;0.159095;0.158001;0.158075;0.161581;0.162053;0.160972;0.160468;0.160896;0.160571;0.161559;0.160739;0.162114;0.161377;0.161493;0.160326;0.162488;0.158755;0.161022;0.159501;0.159446;0.160016;0.160301;0.161016;0.159386;0.16006;0.160319;0.160202;0.159211;0.162991;0.160276;0.16077;0.161716;0.159707;0.160378;0.161454;0.159283;0.159572;0.160496;0.15908;0.158691;0.16056;0.159464;0.15823;0.159608;0.159472;0.159062;0.160715;0.160218;0.160089;0.159583;0.158862;0.160457;0.158915;0.162345;0.159467;0.159231;0.159963;0.159584;0.161931;0.165438;0.160955;0.159558;0.158251;0.158718;0.160083;0.16074;0.162398;0.161423;0.160507;0.161283;0.161609;0.162472;0.160043;0.158984;0.159946;0.159484;0.159367;0.159459;0.162293;0.160219;0.160021;0.160443;0.160277;0.160129;0.161557;0.159855;0.158793;0.159029;0.160073;0.15881;0.160857;0.159199;0.159781;0.159497;0.160794;0.159496;0.160684;0.163261;0.162615;0.161512;0.161491;0.161104;0.162999;0.15994;0.159549;0.159774;0.159557;0.159195;0.15922;0.161336;0.159407;0.159634;0.159368;0.159066;0.158922;0.160995;0.162465;0.163286;0.164153;0.163909;0.162744;0.163308;0.160733;0.160255;0.159892;0.160891;0.159606;0.16104;0.160921;0.160168;0.160117;0.160246;0.160648;0.160415;0.162855;0.162588;0.162535;0.163143;0.163757;0.162329;0.162084;0.159465;0.15944;0.160009;0.159751;0.160757;0.161743;0.159445;0.159264;0.158515;0.15941;0.159774;0.160266;0.159016;0.159641;0.159706;0.160165;0.159776;0.15975;0.163408;0.161017;0.160794;0.160835;0.159673;0.160743;0.161444;0.158477;0.160145;0.159879;0.160099;0.159699;0.160679;0.159756;0.1586;0.158766;0.158814;0.159538;0.160898;0.159485;0.161234;0.160614;0.160419;0.159726;0.161912;0.160718;0.161231;0.160122;0.159663;0.160151;0.160062;0.161256;0.158898;0.15952;0.158777;0.158383;0.159322;0.161117;0.161761;0.161919;0.162758;0.162201;0.161041;0.162766;0.159966;0.161239;0.161295;0.160277;0.16048;0.161123;0.160339;0.161709;0.163468;0.161831;0.161649;0.160366;0.160334;0.159972;0.159665;0.159398;0.159587;0.160237;0.165676;0.159658;0.15943;0.160095;0.159663;0.159749;0.161308;0.16037;0.159533;0.158874;0.159773;0.160175;0.160221;0.160585;0.159896;0.159393;0.159486;0.158475;0.160031;0.162202;0.161049;0.161711;0.16014;0.160612;0.161492;0.162526;0.160253;0.158852;0.159112;0.159869;0.159519;0.162218;0.16386;0.161417;0.160343;0.160718;0.160456;0.161297;0.162027;0.159293;0.159384;0.15966;0.159272;0.160673;0.161615;0.162283;0.158973;0.159545;0.159717;0.159743;0.161934;0.159253;0.159191;0.158641;0.158057;0.158624;0.16092;0.159391;0.159432;0.16074;0.160455;0.158639;0.161557;0.160423;0.16115;0.160455;0.159679;0.160312;0.160704;0.160984;0.161538;0.159971;0.160768;0.160769;0.159708;0.163436;0.161499;0.161709;0.161628;0.162735;0.161604;0.163078;0.160051;0.159896;0.160642;0.160377;0.160608;0.161151;0.15945;0.159686;0.160123;0.159766;0.159458;0.160188;0.160036;0.159779;0.159537;0.159396;0.15984;0.161136;0.161087;0.159645;0.159459;0.159801;0.159969;0.159367;0.163754;0.160748;0.159393;0.158891;0.16003;0.160025;0.160862;0.161702;0.159217;0.16002;0.159565;0.159628;0.159484;0.160942;0.162106;0.16034;0.160513;0.160256;0.161408;0.160412;0.160679;0.162757;0.160259;0.160149;0.160744;0.161655;0.16061;0.160461;0.163027;0.161458;0.162253;0.16263;0.160773;0.160946;0.161525;0.160508;0.161495;0.161685;0.160953;0.160235;0.159026;0.160243;0.159151;0.160971;0.159069;0.158852;0.159008;0.159092;0.159901;0.158743;0.161218;0.159363;0.158819;0.160367;0.160544;0.160359;0.163124;0.161821;0.160432;0.160383;0.160312;0.16204;0.161906;0.162032;0.160093;0.159752;0.159491;0.158657;0.159727;0.16106;0.160638;0.159005;0.158285;0.15898;0.159333;0.161627;0.159955;0.159946;0.160217;0.160345;0.159928;0.163243;0.158781;0.158674;0.160058;0.159541;0.159279;0.161112;0.160732;0.159527;0.160384;0.159613;0.16022;0.161177;0.159484;0.161764;0.160878;0.160827;0.160387;0.161694;0.161548;0.16199;0.162873;0.160876;0.159105;0.160012;0.163242;0.163346;0.161629;0.163775;0.161357;0.162419;0.161969;0.15866;0.159162;0.157888;0.158077;0.158994;0.161734;0.160166;0.159267;0.159061;0.158985;0.159356;0.159907;0.159569;0.159701;0.159396;0.159663;0.159513;0.159586;0.16198;0.159905;0.158881;0.158904;0.158627;0.159527;0.160484;0.158732;0.159179;0.159695,0.360363;0.168871;0.169646;0.168715;0.168721;0.171029;0.17263;0.168722;0.168709;0.166231;0.166059;0.16954;0.168455;0.170227;0.17048;0.168572;0.168677;0.171749;0.168236;0.171104;0.169107;0.170401;0.168082;0.170942;0.168049;0.169155;0.168947;0.166443;0.166912;0.172363;0.169541;0.16841;0.169633;0.169578;0.169263;0.170135;0.168533;0.168271;0.170868;0.168984;0.167396;0.170861;0.167727;0.168445;0.169531;0.166768;0.1687;0.169359;0.169195;0.168511;0.167673;0.167258;0.167066;0.171367;0.169237;0.170462;0.169494;0.170147;0.171179;0.169882;0.168166;0.168609;0.168563;0.166924;0.167372;0.167006;0.167073;0.167211;0.166795;0.171635;0.169777;0.170307;0.168954;0.168665;0.169972;0.170328;0.170031;0.166616;0.166685;0.168479;0.167609;0.169187;0.173;0.17024;0.166375;0.171135;0.173111;0.171536;0.17449;0.170174;0.169635;0.168935;0.168073;0.166133;0.168687;0.166059;0.168644;0.166731;0.167527;0.165823;0.170837;0.173492;0.170361;0.17028;0.170377;0.170415;0.169159;0.171935;0.169469;0.171365;0.168465;0.16732;0.171541;0.169822;0.168982;0.169017;0.173965;0.167586;0.168335;0.16949;0.167527;0.167517;0.167458;0.169683;0.166205;0.165809;0.166745;0.166975;0.166095;0.17016;0.166872;0.168064;0.169165;0.167653;0.168728;0.168199;0.165753;0.16674;0.167175;0.166023;0.165594;0.22103;0.165941;0.168594;0.168573;0.166074;0.167027;0.167206;0.16642;0.169546;0.167257;0.16877;0.168072;0.1684;0.167369;0.167659;0.168797;0.168682;0.168668;0.170679;0.168961;0.167894;0.16875;0.170904;0.168357;0.170859;0.169671;0.167617;0.167629;0.167077;0.171621;0.169299;0.166191;0.167177;0.166793;0.168565;0.169158;0.170027;0.16833;0.169032;0.168609;0.165692;0.166682;0.171434;0.167778;0.166474;0.166547;0.165899;0.166943;0.171332;0.177135;0.166644;0.170909;0.167928;0.167639;0.16797;0.169068;0.166217;0.166834;0.166713;0.166034;0.172385;0.173065;0.170013;0.169048;0.168795;0.169228;0.169215;0.168879;0.169207;0.167643;0.167833;0.169403;0.1707;0.16939;0.168156;0.168979;0.168036;0.172647;0.170292;0.166995;0.168466;0.167464;0.167584;0.168508;0.169112;0.166384;0.168325;0.165564;0.165575;0.167904;0.169829;0.168007;0.170942;0.169128;0.167524;0.16824;0.16903;0.164609;0.16603;0.166786;0.16728;0.16899;0.17039;0.171294;0.168554;0.170353;0.170307;0.170737;0.167938;0.166793;0.169778;0.168789;0.167528;0.169937;0.171032;0.168757;0.172224;0.172112;0.171044;0.169071;0.166793;0.167179;0.166725;0.16745;0.168437;0.168323;0.168281;0.169599;0.167235;0.167608;0.169018;0.170459;0.167911;0.168529;0.16874;0.16883;0.16893;0.168768;0.168631;0.166266;0.168168;0.166554;0.169673;0.170423;0.171675;0.172116;0.173397;0.169173;0.169985;0.166929;0.166069;0.166156;0.166527;0.16876;0.167329;0.167133;0.165907;0.167161;0.165489;0.167539;0.167704;0.166714;0.171558;0.169372;0.167321;0.166348;0.167809;0.16553;0.167995;0.166122;0.167434;0.167433;0.16844;0.166285;0.167656;0.166867;0.16589;0.166577;0.169664;0.167722;0.167383;0.167104;0.167362;0.168108;0.168626;0.16964;0.167031;0.167835;0.16723;0.16676;0.169827;0.168398;0.167647;0.168228;0.166857;0.170238;0.170881;0.167432;0.169789;0.168065;0.169817;0.168865;0.169488;0.166141;0.167147;0.166711;0.167127;0.165626;0.169014;0.166355;0.167676;0.170552;0.168345;0.168259;0.169036;0.170516;0.169983;0.169907;0.168994;0.168313;0.171341;0.168777;0.167686;0.167381;0.167798;0.168883;0.172509;0.169671;0.167037;0.169975;0.170205;0.17435;0.177154;0.169295;0.166283;0.167542;0.165871;0.169087;0.170242;0.168826;0.167193;0.167514;0.166829;0.167956;0.166799;0.165339;0.167287;0.168883;0.167365;0.16856;0.173707;0.169689;0.169525;0.175215;0.169841;0.172051;0.171621;0.170393;0.171018;0.169715;0.169239;0.169932;0.165326;0.168493;0.167518;0.167885;0.166244;0.167179;0.167105;0.16744;0.166259;0.166089;0.166857;0.168298;0.168743;0.166405;0.168329;0.166506;0.166028;0.167848;0.16727;0.167717;0.167422;0.168319;0.16567;0.170112;0.169416;0.169476;0.172085;0.16827;0.168575;0.17007;0.165934;0.16857;0.167176;0.167735;0.165887;0.170626;0.170523;0.170598;0.169716;0.17101;0.167951;0.169512;0.167799;0.169036;0.16729;0.171038;0.16682;0.171109;0.166426;0.167072;0.167746;0.16982;0.166405;0.169779;0.169068;0.169639;0.167286;0.168691;0.168167;0.16977;0.165624;0.167993;0.167784;0.16596;0.166452;0.167995;0.16747;0.168455;0.167707;0.169443;0.170594;0.166233;0.166661;0.166307;0.16758;0.165253;0.166878;0.167062;0.166577;0.168897;0.168575;0.167825;0.167203;0.168529;0.166911;0.166555;0.166023;0.168464;0.168207;0.169006;0.169599;0.168781;0.166854;0.167925;0.169757;0.169108;0.16788;0.167885;0.167911;0.168369;0.168768;0.171516;0.173163;0.167733;0.167905;0.167432;0.171352;0.171889;0.17259;0.170534;0.170356;0.169768;0.17014;0.17391;0.169236;0.171173;0.168953;0.168678;0.185371;0.167174;0.167373;0.167763;0.166878;0.16964;0.169183;0.168302;0.167463;0.167517;0.171925;0.172465;0.172032;0.167029;0.168944;0.166764;0.16841;0.168814;0.170185;0.169576;0.170369;0.168132;0.171647;0.169413;0.17004;0.166806;0.169135;0.167493;0.16869;0.170645;0.166925;0.166887;0.168486;0.166931;0.167466;0.170874;0.167989;0.168079;0.16654;0.166455;0.165708;0.168348;0.170152;0.168386;0.16819;0.169418;0.167254;0.171065;0.168582;0.171783;0.169447;0.16903;0.168473;0.16978;0.170098;0.169672;0.171309;0.172378;0.171391;0.171722;0.16879;0.168748;0.167489;0.166822;0.167931;0.168717;0.170251;0.169703;0.167273;0.170658;0.168242;0.172419;0.17065;0.171892;0.170876;0.170644;0.17141;0.169848;0.16902;0.170212;0.169566;0.170236;0.167843;0.168962;0.169182;0.168293;0.169663;0.168797;0.169606;0.168702;0.169419;0.168747;0.166934;0.167141;0.167983;0.16984;0.167322;0.167684;0.169544;0.168376;0.171162;0.165778;0.167395;0.167695;0.167185;0.167956;0.166736;0.169187;0.168787;0.168607;0.169647;0.167907;0.168643;0.169936;0.167673;0.168691;0.167399;0.167464;0.16993;0.168688;0.169987;0.169197;0.16728;0.169156;0.170221;0.167786;0.167646;0.167396;0.166129;0.168311;0.170354;0.16759;0.169763;0.168718;0.171255;0.16927;0.171076;0.166938;0.166859;0.168678;0.167651;0.167183;0.169366;0.169567;0.16922;0.169611;0.169671;0.169196;0.172164;0.168383;0.167363;0.169791;0.168405;0.167985;0.171532;0.167569;0.167062;0.169203;0.169773;0.167175;0.16924;0.166315;0.168351;0.166663;0.166387;0.168212;0.169298;0.168279;0.169459;0.169378;0.168994;0.168643;0.168017;0.171614;0.167612;0.167501;0.168698;0.171293;0.167789;0.167416;0.168044;0.167937;0.167746;0.170597;0.168688;0.168869;0.169431;0.168056;0.168439;0.167773;0.169647;0.167157;0.168193;0.166478;0.167789;0.168856;0.167614;0.166738;0.168415;0.167735;0.168375;0.169995;0.168096;0.168116;0.169166;0.169151;0.168126;0.168398;0.170249;0.170761;0.171745;0.17148;0.172175;0.172949;0.168402;0.168675;0.168365;0.168476;0.168722;0.170216;0.166387;0.167011;0.167898;0.168004;0.168722;0.171937;0.168708;0.170619;0.168836;0.167134;0.170741;0.169471;0.170905;0.168315;0.168124;0.168345;0.169921;0.169523;0.170433;0.169451;0.168088;0.170341;0.168151;0.168825;0.168335;0.168784;0.16862;0.169293;0.169793;0.16953;0.169062;0.168188;0.166535;0.168507;0.170096;0.167485;0.167326;0.16859;0.168452;0.167869;0.167518;0.170105;0.170778;0.170144;0.166948;0.166866;0.169455;0.169528;0.167407;0.168233;0.167519;0.168146;0.170379;0.166974;0.170083;0.167818;0.167376;0.167418;0.173906;0.169262;0.16873;0.169522;0.168805;0.167409;0.168048;0.167854;0.167909;0.169357;0.169637;0.16852;0.169678;0.167705;0.16659;0.169101;0.168229;0.166806;0.167777;0.170064;0.168778;0.170545;0.168338;0.169077;0.169492;0.168384;0.167895;0.168216;0.170682;0.168755;0.170539;0.16879;0.169098;0.168231;0.167202;0.16729;0.169823;0.168181;0.167678;0.166692;0.167453;0.169924;0.168574;0.168558;0.168826;0.169187;0.17095;0.171818;0.172349;0.171785;0.169666;0.171704;0.17103;0.170574;0.169137;0.168029;0.168539;0.166873;0.166112;0.168764;0.169238;0.169778;0.165963;0.166023;0.167686;0.166696;0.170002;0.170702;0.168372;0.169929;0.168976;0.170731;0.167725;0.167674;0.167939;0.169259;0.167592;0.168842;0.168375;0.170222;0.168342;0.167283;0.168742;0.170374;0.16751;0.167969;0.168237;0.168404;0.16842;0.169947;0.166308;0.166311;0.169282;0.167536;0.16851;0.169873;0.165922;0.167157;0.1668;0.167034;0.16693;0.203637;0.167738;0.168943;0.169349;0.167763;0.166832;0.170612;0.171683;0.169681;0.169466;0.169519;0.169155;0.168215;0.166892;0.167104;0.167723;0.168318;0.169362;0.166034;0.166826;0.167346;0.166692;0.168645;0.167868;0.16717;0.168175;0.166197;0.168211;0.167946;0.168843;0.167847;0.168434;0.166567;0.167482;0.168294;0.168201;0.16972;0.169627;0.16842;0.170896;0.170105;0.170429;0.168887;0.167661;0.166303;0.166472;0.166592;0.169438;0.171996;0.172316;0.170726;0.17013;0.169587;0.17057;0.169316;0.166464;0.166583;0.167031;0.16631;0.170718;0.172766;0.167883;0.167403;0.167179;0.166757;0.176968;0.168046;0.167882;0.166501;0.166346;0.166238;0.169959;0.170893;0.168061;0.16916;0.167227;0.167231;0.171996;0.168567;0.16844;0.167512;0.1687;0.166946;0.171212;0.167851;0.165715;0.16717;0.166192;0.165962;0.172317;0.171568;0.169298;0.169688;0.168742;0.169093;0.172116;0.168028;0.168043;0.170389;0.168403;0.168792;0.169389;0.168466;0.170311;0.169548;0.17104;0.170888;0.173743;0.170855;0.169096;0.169142;0.170655;0.169976;0.169792;0.171084;0.167973;0.168734;0.17031;0.171613;0.167369;0.166174;0.167006;0.166452;0.168595;0.170351;0.168828;0.168673;0.1668;0.166597;0.16892;0.170387;0.168932;0.168329;0.16564;0.166756;0.16742;0.168704;0.167672;0.16804;0.167755;0.170041;0.168408;0.168987;0.166943;0.165593;0.167754;0.165521;0.16611;0.169547;0.167985;0.168374;0.168574;0.169024;0.167995;0.171807;0.169268;0.168996;0.167095;0.166724;0.167851;0.16993;0.167864;0.166325;0.167384;0.165339;0.167545;0.168512;0.166022;0.167617;0.167955;0.168006;0.166714;0.170453;0.167701;0.167635;0.168021;0.168502;0.168952;0.170744;0.165309;0.166622;0.16762;0.167289;0.1684;0.167938;0.167568;0.167988;0.166613;0.167908;0.165366;0.169484;0.167066;0.168024;0.170204;0.170833;0.170628;0.167211;0.168586;0.168488;0.169746;0.165685;0.16736;0.167903;0.167487;0.166925;0.167542;0.170469;0.171598;0.171832;0.165812;0.165519;0.167282;0.170487;0.166793;0.167149;0.169731;0.169433;0.16905;0.16892;0.170354;0.168267;0.167367;0.167743;0.166916;0.165991;0.169913;0.168752;0.167771;0.168936;0.168055;0.167802;0.170988;0.168945;0.169138;0.167564;0.169394;0.171175;0.170263;0.167518;0.168935;0.168125;0.166948;0.166568;0.169854;0.167604;0.167186;0.166;0.167058;0.167215;0.167491;0.165785;0.168178;0.166482;0.167209;0.165122;0.169911;0.17412;0.173236;0.169958;0.170606;0.167623;0.170866;0.167733;0.169119;0.167334;0.169773;0.169139;0.171183;0.16878;0.167888;0.167366;0.170012;0.168862;0.170893;0.168443;0.169508;0.168789;0.169063;0.168152;0.171018;0.168512;0.168587;0.167745;0.166855;0.170399;0.16816;0.167505;0.168759;0.167687;0.16854;0.16784;0.168557;0.168141;0.168358;0.168409;0.170151;0.169528;0.168369;0.167729;0.166796;0.168774;0.170789;0.16935;0.167396;0.165913;0.167844;0.169143;0.169345;0.168412;0.168516;0.170439;0.168027;0.169203;0.16862;0.170967;0.171182;0.169454;0.1697;0.16742;0.165601;0.169226;0.166544;0.169097;0.167533;0.167562;0.167298;0.169409;0.169412;0.167351;0.167258;0.167836;0.167741;0.172832;0.170192;0.169696;0.170404;0.168427;0.168831;0.171181;0.169152;0.169353;0.169571;0.169637;0.169501;0.170123;0.169446;0.169733;0.169278;0.168729;0.16794;0.173114;0.168676;0.1677;0.168137;0.169577;0.166616;0.170032;0.170156;0.16676;0.167852;0.169054;0.169388;0.169141;0.170226;0.169237;0.169466;0.167872;0.169147;0.168939;0.170453;0.171362;0.170327;0.170967;0.172747;0.169072;0.17161;0.170182;0.168606;0.172377;0.180228;0.170392;0.170069;0.171643;0.171681;0.172634;0.174521;0.170747;0.170593;0.171632;0.171703;0.170974;0.172274;0.169939;0.170225;0.17033;0.170777;0.171213;0.176046;0.171576;0.171108;0.170041;0.171385;0.173073;0.170826;0.170123;0.169655;0.169635;0.170998;0.171935;0.16931;0.16895;0.169546;0.16996;0.17039;0.172174;0.168962;0.168353;0.168709;0.169362;0.168305;0.17045;0.1681;0.169192;0.168391;0.168463;0.168397;0.171132;0.169635;0.168773;0.17093;0.170549;0.168809;0.172712;0.170561;0.169176;0.169968;0.170958;0.170351;0.172057;0.170104;0.17043;0.170149;0.169829;0.169669;0.172929;0.168808;0.172157;0.171931;0.170968;0.170514;0.171326;0.17085;0.171821;0.169586;0.169152;0.171274;0.17451;0.174125;0.173197;0.174918;0.174635;0.175916;0.169882;0.171856;0.170248;0.170042;0.172001;0.172752;0.171049;0.172018;0.171745;0.17107;0.172612;0.171642;0.168582;0.170232;0.170684;0.171092;0.16986;0.171466;0.170619;0.170971;0.172399;0.170925;0.172994;0.171791;0.17221;0.17303;0.175788;0.172749;0.177001;0.174038;0.170386;0.173152;0.172084;0.173746;0.172926;0.171098;0.168526;0.168572;0.170792;0.168217;0.171193;0.168376;0.166549;0.167557;0.166973;0.166651;0.17008;0.170878;0.167078;0.168397;0.167133;0.170349;0.173027;0.171466;0.168912;0.169005;0.168794;0.168237;0.170146;0.169467;0.167196;0.167563;0.170415;0.172598;0.172288;0.169985;0.169783;0.17097;0.169539;0.171063;0.172186;0.167842;0.168702;0.169596;0.167236;0.168346;0.170477;0.169344;0.168228;0.165828;0.166852;0.169896;0.172364;0.16884;0.168622;0.168005;0.166678;0.169489;0.172728;0.173462;0.168162;0.169595;0.169144;0.174389;0.171049;0.168893;0.167778;0.167031;0.169635;0.171322;0.170045;0.168435;0.167274;0.167173;0.167084;0.172711;0.170793;0.167365;0.169997;0.168559;0.167015;0.169695;0.17255;0.169569;0.168973;0.167796;0.167429;0.16912;0.168271;0.167095;0.168692;0.168433;0.166672;0.174202;0.171496;0.169695;0.168767;0.170302;0.171789;0.17184;0.168445;0.169369;0.168221;0.170662;0.16804;0.169639;0.16939;0.167438;0.168786;0.166609;0.170182;0.172359;0.169229;0.170028;0.167611;0.167932;0.171376;0.16987;0.169491;0.168901;0.167289;0.168077;0.170754;0.168674;0.165963;0.166189;0.166635;0.166437;0.172481;0.173552;0.169259;0.169335;0.168632;0.169643;0.170261;0.170347;0.166875;0.166997;0.167131;0.168384;0.174446;0.168206;0.166976;0.167655;0.167316;0.168481;0.171257;0.170114;0.168084;0.168821;0.167087;0.1667;0.173718;0.169716;0.171001;0.168142;0.170033;0.169664;0.170792;0.168324;0.1682;0.168107;0.166645;0.168713;0.17024;0.170177;0.169173;0.167814;0.167488;0.169197;0.170323;0.167263;0.169149;0.168906;0.168182;0.169555;0.171381;0.170953;0.169621;0.17134;0.168175;0.170323;0.170526;0.169703;0.167288;0.168807;0.168338;0.170736;0.169524;0.167838;0.167336;0.168606;0.167475;0.170577;0.167486;0.168824;0.169594;0.167628;0.167221;0.169026;0.168602;0.166617;0.167932;0.165789;0.168457;0.169136;0.168747;0.168045;0.168924;0.169102;0.168682;0.172137;0.167061;0.166892;0.16701;0.167711;0.16816;0.170583;0.169137;0.17054;0.16646;0.167388;0.166868;0.17073;0.168701;0.168541;0.1679;0.167219;0.165962;0.170493;0.169522;0.169034;0.168616;0.166837;0.167;0.167134;0.165557;0.167689;0.166291;0.167377;0.165734;0.169353;0.168407;0.168501;0.168004;0.168102;0.165355;0.169839;0.168019;0.167603;0.166329;0.168433;0.167819;0.169952;0.169325;0.166289;0.166762;0.16684;0.168317;0.167793;0.166711;0.168073;0.16913;0.166786;0.175811;0.166695;0.166852;0.167965;0.166617;0.167968;0.168959;0.167641;0.167517;0.168968;0.167721;0.167588;0.169649;0.167161;0.167374;0.167779;0.166644;0.169544;0.16986;0.16808;0.165785;0.1665;0.166394;0.168302;0.168603;0.166532;0.168001;0.167483;0.167158;0.168769;0.169613;0.165436;0.166578;0.166263;0.167835;0.166326;0.171258;0.171179;0.171901;0.169258;0.169281;0.169185;0.172829;0.169518;0.170502;0.169978;0.168135;0.167425;0.17059;0.169792;0.16712;0.166866;0.169727;0.16734;0.172414;0.168654;0.168174;0.167405;0.168214;0.165498;0.172621;0.172991;0.169913;0.16836;0.169186;0.168366;0.171611;0.17027;0.168658;0.166274;0.167471;0.167481;0.171263;0.168537;0.170261;0.170851;0.168148;0.168852;0.169449;0.167893;0.170297;0.168317;0.169839;0.169188;0.168515;0.166917;0.168633;0.169069;0.166975;0.168039;0.168152;0.16724;0.168526;0.167875;0.169039;0.169622;0.169757;0.17019;0.167435;0.170914;0.170541;0.170732;0.168819;0.167774;0.165241;0.168693;0.1674;0.170731;0.168991;0.166887;0.168883;0.169205;0.167901;0.170714;0.167593;0.168754;0.167854;0.168296;0.17049;0.171923;0.16947;0.167897;0.168942;0.168083;0.170215;0.169651;0.16813;0.168007;0.168074;0.167494;0.168563;0.16952;0.167854;0.167902;0.17079;0.167031;0.167849;0.168821;0.168475;0.16815;0.16848;0.168028;0.170168;0.170007;0.168366;0.168486;0.168475;0.168134;0.169487;0.168477;0.166228;0.167051;0.168695;0.167996;0.165926;0.173513;0.169253;0.168651;0.169722;0.17079;0.170586;0.169015;0.170284;0.1704;0.16969;0.170134;0.168498;0.169086;0.168886;0.169573;0.170264;0.169359;0.169496;0.17074;0.172481;0.171732;0.171096;0.16968;0.172587;0.167852;0.16755;0.168717;0.167893;0.168249;0.17161;0.166758;0.16805;0.169511;0.169561;0.170122;0.170125;0.167024;0.168205;0.171086;0.168098;0.170001;0.169408;0.168651;0.166629;0.168028;0.168965;0.167378;0.169523;0.167847;0.166718;0.166731;0.168078;0.169352;0.169436;0.166509;0.168764;0.169353;0.169789;0.168998;0.171158;0.168205;0.169442;0.167735;0.167202;0.169758;0.172231;0.170006;0.168415;0.169625;0.168575;0.171753;0.166458;0.168103;0.166798;0.166781;0.16978;0.169519;0.173512;0.169852;0.171052;0.169902;0.170678;0.171585;0.167537;0.167024;0.168745;0.167473;0.167718;0.168241;0.170516;0.166592;0.167126;0.167671;0.167345;0.169202;0.17071;0.16821;0.169634;0.171278;0.171078;0.173319;0.17263;0.170212;0.169711;0.168584;0.170792;0.170697;0.171088;0.170436;0.168646;0.167818;0.168125;0.171374;0.168357;0.170242;0.1706;0.168473;0.168097;0.171242;0.168392;0.169145;0.16843;0.167988;0.167607;0.168958;0.167564;0.166937;0.168788;0.167231;0.16766;0.169687;0.169143;0.169283;0.168648;0.168751;0.169093;0.168444;0.169267;0.167126;0.167771;0.166973;0.167801;0.165723;0.166584;0.165433;0.167098;0.166627;0.169455;0.166052;0.166347;0.168019;0.165839;0.168684;0.1679;0.166388;0.167;0.168693;0.166933;0.167415;0.172222;0.171087;0.168361;0.165788;0.165324;0.167655;0.169264;0.166569;0.16761;0.166835;0.167591;0.167657;0.170472;0.166119;0.166465;0.167788;0.167007;0.165738;0.167397;0.169773;0.167242;0.166558;0.1669;0.167567;0.170865;0.168623;0.167979;0.168311;0.168275;0.165711;0.167719;0.167665;0.166525;0.168941;0.167041;0.166598;0.168471;0.169494;0.17172;0.169564;0.168699;0.171203;0.171662;0.167117;0.167948;0.168964;0.166249;0.166407;0.170878;0.167588;0.166981;0.166978;0.168405;0.168519;0.170453;0.168548;0.168317;0.169797;0.168935;0.167164;0.170433;0.166661;0.167179;0.166431;0.166198;0.16673;0.18939;0.167263;0.166453;0.168379;0.167237;0.167081;0.168222;0.167734;0.168182;0.16706;0.169426;0.167517;0.169116;0.170441;0.171203;0.170618;0.170817;0.169782;0.166663;0.168065;0.167054;0.167683;0.169855;0.171069;0.171805;0.168588;0.168121;0.168462;0.169815;0.173228;0.170106;0.171498;0.168097;0.168785;0.166937;0.170016;0.169307;0.170565;0.169294;0.169938;0.169879;0.170434;0.167134;0.168635;0.167834;0.167577;0.167211;0.17074;0.168243;0.167372;0.167904;0.16846;0.168167;0.169923;0.168238;0.168837;0.16819;0.169204;0.168615;0.169656;0.167299;0.166814;0.16803;0.168052;0.168472;0.168889;0.168474;0.170856;0.170087;0.169825;0.166348;0.169989;0.166775;0.167769;0.165526;0.165595;0.166286;0.171753;0.167939;0.169839;0.170894;0.170118;0.168509;0.169163;0.168821;0.16845;0.17061;0.168734;0.168601;0.168182;0.167077;0.16809;0.168843;0.16773;0.169278;0.165862;0.168119;0.167501;0.168442;0.169546;0.170579;0.16932;0.166498;0.168588;0.167313;0.167446;0.169383;0.170236;0.168824;0.167477;0.166493;0.169891;0.170813;0.167583;0.16643;0.168148;0.170562;0.168215;0.169311;0.16712;0.166216;0.166976;0.16696;0.166541;0.17086;0.170517;0.170283;0.16837;0.169484;0.168663;0.172276;0.168515;0.16738;0.168386;0.169809;0.16841;0.173481;0.170038;0.169327;0.167636;0.16784;0.16965;0.169897;0.168142;0.166744;0.165901;0.166767;0.166409;0.170234;0.167292;0.165437;0.166661;0.166761;0.166043;0.170322;0.169164;0.167622;0.168753;0.16737;0.1682;0.169502;0.168194;0.16686;0.168944;0.169495;0.168918;0.169209;0.168956;0.170176;0.16823;0.167761;0.168045;0.168503;0.169126;0.170037;0.16794;0.168183;0.167579;0.170125;0.167857;0.167781;0.169779;0.168936;0.168548;0.167164;0.16726;0.168572;0.170378;0.167992;0.169574;0.167411;0.166727;0.168938;0.168798;0.16689;0.167643;0.168801;0.168795;0.168114;0.168848;0.166494;0.168955;0.16683;0.167403;0.169883;0.166508;0.167936;0.169525;0.170275;0.168095;0.167531;0.167463;0.169089;0.171077;0.172253;0.172276;0.171311;0.168089;0.17036;0.170399;0.169524;0.170197;0.168747;0.168589;0.168863;0.170872;0.168232;0.167218;0.1682;0.167356;0.167477;0.170443;0.170341;0.170768;0.170803;0.1708;0.169057;0.170118;0.167295;0.168863;0.168096;0.16806;0.16873;0.170119;0.170836;0.167385;0.169599;0.167717;0.168068;0.168936;0.16836;0.167253;0.167577;0.166241;0.167025;0.172699;0.173585;0.170357;0.170166;0.167522;0.170214;0.168225;0.166851;0.168687;0.168782;0.169067;0.171168;0.171081;0.167965;0.168094;0.168234;0.167032;0.168157;0.168412;0.16722;0.167986;0.168583;0.167123;0.168755;0.168492;0.169707;0.168546;0.168271;0.168672;0.168274;0.166357;0.165681;0.16877;0.167853;0.168534;0.170237;0.169525;0.170359;0.168905;0.169408;0.169656;0.170672;0.168276;0.168182;0.167085;0.168939;0.169771;0.170362;0.168077;0.16855;0.166747;0.167329;0.168633;0.168929;0.167347;0.167909;0.169506;0.167379;0.168409;0.168448;0.168134;0.168203;0.166011;0.167057;0.168148;0.168886;0.169316;0.169185;0.166849;0.167111;0.168059;0.169562;0.16745;0.166949;0.169073;0.167093;0.169265;0.170604;0.167239;0.169338;0.168271;0.168104;0.169498;0.172283;0.169812;0.168745;0.168911;0.170373;0.171425;0.168926;0.17221;0.16921;0.166746;0.169012;0.16952;0.167853;0.169451;0.166762;0.168025;0.165916;0.167548;0.167044;0.169072;0.167618;0.165575;0.166877;0.169679;0.169772;0.168434;0.17239;0.17088;0.167062;0.167611;0.168114;0.169769;0.168729;0.16916;0.167682;0.170218;0.169758;0.169667;0.169797;0.169249;0.168099;0.178213;0.167122;0.167809;0.168853;0.166521;0.167295;0.168217;0.168694;0.168149;0.169299;0.167228;0.168258;0.168163;0.1671;0.167211;0.166627;0.167832;0.166761;0.169293;0.168807;0.168324;0.167135;0.165598;0.169435;0.16831;0.16908;0.168694;0.167269;0.16944;0.168863;0.167747;0.167571;0.167166;0.166926;0.166384;0.166798;0.168897;0.168412;0.168529;0.167875;0.168488;0.168686;0.170622;0.167853;0.168436;0.170575;0.170491;0.171938;0.170489;0.168625;0.167768;0.170156;0.169638;0.169305;0.168198;0.169046;0.168381;0.170199;0.168723;0.168361;0.169089;0.16647;0.166987;0.166864;0.168192;0.169125;0.166912;0.167843;0.166652;0.166787;0.16679;0.170677;0.170234;0.169523;0.166921;0.168643;0.168642;0.17155;0.165928;0.169395;0.166425;0.16955;0.168231;0.170307;0.168512;0.167751;0.168756;0.166681;0.1665;0.169048;0.167267;0.167282;0.167577;0.166916;0.167106;0.169568;0.166787;0.167417;0.169915;0.168475;0.167795;0.169113;0.167361;0.168786;0.168068;0.168724;0.166758;0.167888;0.166617;0.169312;0.168789;0.16729;0.167272;0.170413;0.170425;0.169476;0.171214;0.169511;0.168412;0.172331;0.168991;0.169342;0.169559;0.170787;0.168909;0.17031;0.170626;0.168674;0.166741;0.169396;0.168138;0.171252;0.169528;0.169097;0.166883;0.168143;0.170083;0.168999;0.168842;0.167293;0.165823;0.16854;0.167827;0.166003;0.167418;0.169886;0.167784;0.167345;0.168969;0.167061;0.1672;0.167314;0.166128;0.168822;0.169359;0.167588;0.168161;0.166829;0.166781;0.16823;0.16894;0.172091;0.170841;0.16913;0.168642;0.167864;0.168504;0.167847;0.16724;0.167158;0.167048;0.168279;0.167783;0.167192;0.167442;0.168522;0.166485;0.167326;0.167994;0.16709;0.168576;0.167784;0.168425;0.168693;0.169308;0.168309;0.168525;0.167289;0.167917;0.167653;0.169957;0.16872;0.16906;0.168706;0.169098;0.168282;0.172102;0.170696;0.168213;0.169546;0.170935;0.16872;0.168883;0.168852;0.168242;0.169157;0.167214;0.166966;0.172124;0.169562;0.169635;0.16919;0.170572;0.169298;0.172158;0.167596;0.167754;0.168184;0.167667;0.169257;0.169227;0.166586;0.167567;0.167325;0.167148;0.167334;0.169997;0.166761;0.169415;0.167748;0.169214;0.170163;0.166887;0.166554;0.168097;0.167849;0.167141;0.169596;0.16809;0.167665;0.168447;0.166556;0.168038;0.169105;0.16792;0.16809;0.166705;0.167023;0.166414;0.167615;0.168341;0.169995;0.168676;0.168878;0.167705;0.169143;0.16942;0.167739;0.168153;0.168428;0.167209;0.172197;0.17199;0.170971;0.170111;0.170232;0.17001;0.170848;0.16978;0.166528;0.166496;0.166821;0.167045;0.167474;0.169397;0.167535;0.167906;0.166755;0.16759;0.168707;0.170933;0.167982;0.169469;0.167605;0.166851;0.171733;0.167759;0.168884;0.165825;0.167904;0.166938;0.171095;0.170851;0.167549;0.169147;0.169369;0.168152;0.172188;0.166473;0.166289;0.166274;0.166644;0.166416;0.170414;0.169044;0.167096;0.170105;0.167902;0.165927;0.171603;0.172969;0.170246;0.168128;0.168834;0.168509;0.173845;0.168617;0.167588;0.167562;0.167439;0.167436;0.17003;0.168565;0.168114;0.167223;0.169303;0.16958;0.169833;0.170287;0.168374;0.168428;0.16995;0.168982;0.16761;0.167957;0.168539;0.167896;0.166223;0.169305;0.168921;0.168343;0.167507;0.168068;0.168396;0.169309;0.166751;0.168462;0.166856;0.168069;0.166926;0.169094;0.17048;0.167462;0.167728;0.170463;0.168686;0.172173;0.172408;0.168802;0.168217;0.166613;0.168657;0.169234;0.169493;0.169236;0.169431;0.170538;0.169817;0.168554;0.169457;0.16803;0.167517;0.168934;0.167357;0.169151;0.165307;0.169786;0.166679;0.167932;0.167018;0.178636;0.168405;0.169986;0.169651;0.170099;0.167514;0.168075;0.167749;0.169894;0.167325;0.167111;0.168515;0.169054;0.168914;0.167956;0.16816;0.169391;0.170879;0.16641;0.167116;0.167552;0.169924;0.167559;0.170809;0.170472;0.170063;0.168324;0.168658;0.169031;0.170042;0.168774;0.167713;0.168819;0.16767;0.167097;0.169314;0.169952;0.169544;0.168784;0.17107;0.168483;0.16976;0.167707;0.169033;0.167084;0.166563;0.169361;0.171339;0.167823;0.167085;0.167074;0.167059;0.168231;0.172619;0.168461;0.169048;0.168457;0.169373;0.169038;0.169982;0.167774;0.167484;0.166838;0.16851;0.165776;0.168771;0.168341;0.168647;0.16811;0.167147;0.169932;0.170625;0.167761;0.168599;0.168136;0.167066;0.166859;0.169849;0.168904;0.170447;0.168858;0.167648;0.165198;0.16892;0.167182;0.167083;0.168222;0.166903;0.167958;0.168689;0.167295;0.170752;0.167259;0.170102;0.168402;0.169581;0.167982;0.166596;0.171168;0.170334;0.168813;0.170063;0.166688;0.168408;0.167402;0.168991;0.167821;0.168709;0.167949;0.169757;0.169574;0.168692;0.170565;0.169014;0.171265;0.171009;0.171965;0.168883;0.171656;0.168148;0.169369;0.167204;0.166947;0.16781;0.170296;0.169481;0.169572;0.169772;0.167505;0.170077;0.169938;0.166377;0.165685;0.167898;0.167341;0.168653;0.168777;0.169934;0.172278;0.169885;0.170905;0.169916;0.173453;0.169513;0.170156;0.168678;0.168969;0.168331;0.170252;0.167165;0.16691;0.167269;0.166792;0.166509;0.167898;0.166085;0.167978;0.168196;0.167898;0.168109;0.169146;0.166872;0.166109;0.168572;0.166091;0.168871;0.170052;0.170864;0.169634;0.168279;0.166254;0.17009;0.170495;0.170737;0.171117;0.170339;0.169419;0.170008;0.167344;0.169937;0.168168;0.168851;0.168534;0.171395;0.16708;0.168381;0.168682;0.168777;0.168958;0.168055;0.168232;0.169128;0.167139;0.168085;0.166833;0.167848;0.168519;0.167583;0.168662;0.168639;0.168095;0.168793;0.16698;0.169477;0.167891;0.172477;0.171765;0.177142;0.168801;0.168819;0.167587;0.169023;0.167499;0.170203;0.167765;0.168816;0.167046;0.168276;0.168724;0.170674;0.166814;0.167601;0.169447;0.168098;0.171592;0.173108;0.171194;0.169495;0.169677;0.16919;0.170044;0.172968;0.168864;0.168198;0.168934;0.168887;0.169143;0.171632;0.171271;0.168318;0.167972;0.166751;0.170437;0.172099;0.168725;0.169662;0.168772;0.168405;0.1709;0.169514;0.16869;0.167628;0.166977;0.166505;0.167748;0.170762;0.168842;0.172041;0.168907;0.171322;0.172353;0.171626;0.167925;0.167898;0.168831;0.16714;0.169211;0.16967;0.169748;0.170335;0.170233;0.169363;0.169677;0.168834;0.16864;0.170053;0.168939;0.1675;0.169378;0.165367;0.170115;0.167506;0.16912;0.166201;0.167652;0.167801;0.168002;0.169683;0.167509;0.167735;0.170058;0.167251;0.168303;0.16829;0.167743;0.165739;0.16963;0.16716;0.16589;0.169889;0.16796;0.167119;0.168882;0.167748;0.169094;0.169275;0.169469;0.166143;0.168438;0.166254;0.16859;0.167862;0.168737;0.166079;0.168519;0.168533;0.168819;0.168563;0.168595;0.166741;0.169496;0.17091;0.171603;0.169888;0.170932;0.173111;0.169351;0.169987;0.168821;0.168013;0.167864;0.170945;0.167315;0.168483;0.168621;0.16673;0.166658;0.169777;0.172287;0.170522;0.169828;0.170481;0.170682;0.17136;0.167681;0.168141;0.168933;0.169701;0.16976;0.168411;0.167395;0.166434;0.166609;0.168629;0.166856;0.169259;0.171786;0.169835;0.167119;0.167118;0.168987;0.169762;0.171865;0.16978;0.17053;0.169767;0.16907;0.171892;0.168674;0.168728;0.166205;0.168424;0.168711;0.169746;0.168951;0.169563;0.168529;0.167224;0.167093;0.187754;0.167204;0.167674;0.166465;0.168417;0.167734;0.168186;0.168897;0.167748;0.168205;0.168368;0.168645;0.167558;0.167642;0.167015;0.167831;0.167992;0.16858;0.16863;0.166546;0.166602;0.166726;0.166733;0.168868;0.166963;0.168749;0.16973;0.168614;0.167601;0.169717;0.168197;0.166774;0.16592;0.166166;0.166247;0.166287;0.167921;0.167207;0.166634;0.166832;0.165857;0.169904;0.17004;0.167247;0.167211;0.16716;0.166517;0.168799;0.167561;0.167339;0.167531;0.166764;0.167938;0.171406;0.16879;0.169206;0.167296;0.169166;0.169798;0.169144;0.169716;0.168379;0.16832;0.168086;0.169435;0.17097;0.167931;0.165905;0.168669;0.168803;0.164719;0.169606;0.174072;0.167495;0.168429;0.167836;0.16845;0.170788;0.169635;0.169212;0.169399;0.167944;0.169177;0.170398;0.169063;0.169922;0.168994;0.168264;0.168073;0.169589;0.166433;0.166927;0.165563;0.166163;0.164805;0.170301;0.168255;0.168787;0.172528;0.170683;0.17268;0.170841;0.170824;0.168711;0.169031;0.168247;0.168196;0.167634;0.165395;0.167721;0.16719;0.167235;0.171661;0.166794;0.166721;0.166767;0.168665;0.16699;0.167817;0.16653;0.165462;0.167583;0.167521;0.168954;0.166854;0.16745;0.167107;0.167948;0.167732;0.165055;0.166917;0.168867;0.165224;0.167183;0.166124;0.165231;0.167603;0.165847;0.168142;0.166651;0.166009;0.166465;0.166872;0.168423;0.166521;0.166217;0.169257;0.167111;0.169659;0.166845;0.170046;0.16804;0.166826;0.168961;0.170853;0.167497;0.165501;0.167197;0.167776;0.165865;0.167985;0.168165;0.169667;0.166846;0.16713;0.167586;0.167182;0.17012;0.169337;0.165426;0.166434;0.168628;0.168791;0.169793;0.16844;0.167602;0.166496;0.167175;0.169306;0.170654;0.167479;0.167223;0.166606;0.165625;0.167645;0.170327;0.169625;0.170249;0.168448;0.168547;0.169507;0.166309;0.167271;0.167407;0.167433;0.167665;0.169783;0.167215;0.166946;0.166183;0.168611;0.167;0.171245;0.168882;0.165113;0.167956;0.170485;0.166483;0.16827;0.169889;0.168453;0.167833;0.170167;0.168367;0.170838;0.166081;0.166892;0.166509;0.167656;0.167688;0.168769;0.167697;0.16825;0.166636;0.166706;0.166218;0.167755;0.167725;0.168176;0.168457;0.165866;0.166447;0.169346;0.167904;0.167788;0.166051;0.167816;0.167789;0.16886;0.166497;0.167245;0.167029;0.168131;0.166196;0.168703;0.16717;0.166111;0.168911;0.16598;0.167375;0.172073;0.166092;0.16632;0.1682;0.16657;0.168022;0.170052;0.166911;0.167792;0.168961;0.169237;0.169033;0.171181;0.169588;0.165598;0.167738;0.165778;0.166632;0.170042;0.171556;0.16832;0.1689;0.168038;0.171551;0.167214;0.168002;0.168529;0.167711;0.165864;0.169035;0.167394;0.166746;0.167193;0.167031;0.16572;0.167665;0.166894;0.167625;0.168403;0.167336;0.167252;0.167304;0.168605;0.16633;0.168724;0.168322;0.169707;0.169944;0.165022;0.165735;0.168308;0.167207;0.167425;0.168965;0.167333;0.165706;0.166899;0.168532;0.165252;0.167063;0.168913;0.168556;0.167821;0.168979;0.167987;0.169006;0.168076;0.169961;0.167104;0.166764;0.168154;0.169877;0.168114;0.168066;0.168026;0.168235;0.168621;0.168046;0.165488;0.166127;0.166696;0.166854;0.166656;0.170446;0.167187;0.166465;0.16758;0.167713;0.167714;0.17037;0.16761;0.166695;0.168072;0.165919;0.167542;0.168569;0.170286;0.170553;0.167311;0.167539;0.166964;0.168676;0.167517;0.168097;0.168646;0.168366;0.166443;0.170049;0.167683;0.168082;0.166729;0.167208;0.167695;0.17178;0.170464;0.170559;0.169132;0.169649;0.171732;0.167798;0.166835;0.167542;0.166979;0.167748;0.16846;0.168907;0.168008;0.167882;0.168576;0.168673;0.166432;0.330993;0.168096;0.169926;0.168248;0.168055;0.171991;0.171017;0.170897;0.16886;0.171186;0.169705;0.169176;0.168;0.169109;0.168861;0.170873;0.170337;0.166191;0.16667;0.166302;0.165733;0.167425;0.166764;0.166614;0.16864;0.167742;0.166185;0.165842;0.17134;0.168869;0.167765;0.16939;0.168344;0.168417;0.170483;0.168557;0.168741;0.167198;0.169062;0.16729;0.171314;0.169892;0.16735;0.167575;0.168232;0.166909;0.168841;0.171876;0.168788;0.167776;0.16958;0.168757;0.168183;0.167046;0.165685;0.166538;0.167485;0.167761;0.167253;0.168965;0.167955;0.168005;0.167474;0.167048;0.168662;0.166703;0.171111;0.170955;0.171656;0.169427;0.168789;0.166869;0.169891;0.167107;0.167875;0.168398;0.170769;0.169222;0.168535;0.16876;0.167966;0.168652;0.170757;0.168305;0.166842;0.1669;0.167957;0.166982;0.170388;0.170967;0.166541;0.170077;0.167257;0.167306;0.170173;0.168184;0.16797;0.170574;0.169211;0.171831;0.166382;0.167238;0.16653;0.168241;0.167119;0.169718;0.16611;0.16772;0.168361;0.16732;0.168025;0.167369;0.16618;0.166065;0.167365;0.16562;0.16579;0.168302;0.167834;0.165393;0.167841;0.167189;0.166997;0.167435;0.166548;0.16709;0.167664;0.166804;0.166767;0.169804;0.168072;0.167102;0.167507;0.166759;0.168477;0.170885;0.167845;0.169284;0.169291;0.167465;0.168118;0.169099;0.165622;0.166727;0.167486;0.166563;0.166761;0.167704;0.167989;0.167933;0.167864;0.166892;0.168181;0.168561;0.167172;0.166929;0.166559;0.166111;0.166634;0.168308;0.165288;0.167144;0.166354;0.168097;0.166976;0.168813;0.170163;0.169483;0.167969;0.170563;0.167783;0.168975;0.168654;0.168199;0.171053;0.167326;0.167577;0.168706;0.169167;0.169052;0.168531;0.16923;0.168002;0.170181;0.168431;0.168744;0.16875;0.167385;0.168588;0.170651;0.168632;0.167981;0.166363;0.171577;0.169658;0.170141;0.169303;0.168472;0.169487;0.171454;0.16925;0.168326;0.166851;0.166501;0.167631;0.16846;0.168414;0.170593;0.168148;0.168638;0.16968;0.170339;0.173309;0.168652;0.167612;0.168255;0.168305;0.167942;0.168236;0.168181;0.167411;0.167215;0.167664;0.166905;0.170695;0.166213;0.167158;0.166656;0.165638;0.168694;0.168034;0.166007;0.16647;0.166718;0.166161;0.168028;0.169917;0.170607;0.166816;0.167944;0.168143;0.165789;0.16835;0.166816;0.165914;0.164846;0.167172;0.16508;0.167341;0.168085;0.167625;0.16768;0.167265;0.165477;0.166016;0.166672;0.166924;0.167524;0.167884;0.167573;0.169324;0.167944;0.17035;0.168642;0.167205;0.167498;0.171625;0.168709;0.169633;0.167589;0.169373;0.169318;0.16862;0.168426;0.168116;0.167102;0.167346;0.16785;0.168374;0.168745;0.167242;0.167335;0.166873;0.168259;0.168604;0.166917;0.165689;0.166044;0.167933;0.166972;0.167837;0.165431;0.168122;0.166341;0.167977;0.166755;0.168569;0.166857;0.168178;0.166878;0.168492;0.167199;0.168515;0.167469;0.167786;0.167307;0.167698;0.168754;0.169967;0.166443;0.166514;0.166962;0.168596;0.168512;0.168485;0.169895;0.169827;0.168633;0.168754;0.169998;0.168177;0.168512;0.166749;0.165353;0.166602;0.168362;0.169443;0.166858;0.166804;0.166072;0.165262;0.166106;0.170846;0.168636;0.167639;0.168122;0.165428;0.168428;0.168625;0.167679;0.167535;0.165796;0.167145;0.166904;0.169517;0.167142;0.168957;0.168919;0.168253;0.16788;0.166657;0.169638;0.16678;0.164952;0.167363;0.167028;0.167506;0.167981;0.166654;0.167578;0.167704;0.167014;0.169046;0.166966;0.169521;0.167962;0.166046;0.16721;0.168029;0.165702;0.167915;0.167874;0.167474;0.168637;0.167947;0.166312;0.167144;0.167361;0.167643;0.167516;0.170714;0.168139;0.165545;0.165238;0.165828;0.168407;0.167291;0.167311;0.169035;0.167144;0.167696;0.16987;0.166674;0.166667;0.167118;0.16666;0.168003;0.168982;0.165752;0.166583;0.167613;0.165348;0.167001;0.168941;0.16743;0.166946;0.167015;0.16765;0.166734;0.170583;0.168603;0.168069;0.166582;0.167114;0.166903;0.168576;0.168031;0.167398;0.168913;0.168472;0.168458;0.171351;0.167081;0.166093;0.165633;0.166852;0.167515;0.167832;0.167842;0.167143;0.167607;0.16682;0.16948;0.168964;0.168485;0.167781;0.167214;0.168066;0.166956;0.170491;0.168095;0.166059;0.168005;0.165351;0.164476;0.169077;0.167606;0.168296;0.167973;0.168229;0.16783;0.170816;0.166975;0.167349;0.166591;0.167333;0.166295;0.168136;0.168057;0.169742;0.171161;0.167564;0.16961;0.168446;0.167481;0.166632;0.167974;0.166694;0.165538;0.170016;0.167449;0.168378;0.167409;0.167963;0.16883;0.168247;0.167531;0.167866;0.167901;0.167206;0.166409;0.168083;0.16739;0.166009;0.168017;0.166551;0.166628;0.173832;0.170929;0.168065;0.169254;0.169466;0.168748;0.169518;0.166834;0.167341;0.168303;0.17037;0.168109;0.171767;0.168885;0.170286;0.169107;0.170956;0.17117;0.166696;0.168268;0.169194;0.170364;0.168256;0.169472;0.169799;0.169223;0.168232;0.167034;0.166645;0.168016;0.167588;0.166993;0.166857;0.168366;0.167229;0.171067;0.168502;0.168488;0.16966;0.169355;0.167918;0.168754;0.167963;0.169161;0.168353;0.167261;0.167868;0.168436;0.171455;0.165987;0.166687;0.165388;0.167512;0.169156;0.168111;0.168894;0.168354;0.167511;0.166003;0.170367;0.167639;0.167373;0.166096;0.169088;0.167036;0.169307;0.169032;0.170028;0.167791;0.166301;0.168275;0.170899;0.166286;0.167002;0.16658;0.168238;0.168737;0.168427;0.166903;0.167859;0.169848;0.168828;0.167638;0.169672;0.168093;0.170373;0.169895;0.168735;0.169365;0.171489;0.167701;0.166327;0.167727;0.169153;0.169189;0.169777;0.168145;0.166904;0.16899;0.167063;0.165591;0.170161;0.167935;0.16895;0.167346;0.167485;0.166145;0.168751;0.168151;0.169319;0.167774;0.167324;0.170168;0.166743;0.166535;0.167363;0.167171;0.166389;0.170634;0.166857;0.167959;0.169497;0.166357;0.168124;0.170893;0.166854;0.168461;0.165813;0.165841;0.165759;0.169237;0.170764;0.168418;0.169778;0.167845;0.16883;0.170707;0.170841;0.168485;0.170292;0.169082;0.169315;0.169969;0.169579;0.168674;0.166894;0.166027;0.168768;0.169962;0.170828;0.171387;0.170291;0.168492;0.170081;0.172584;0.170965;0.169158;0.168144;0.168403;0.167878;0.168425;0.16898;0.166321;0.168285;0.166312;0.166683;0.169334;0.168732;0.170274;0.168886;0.167827;0.167567;0.170541;0.167135;0.16776;0.168311;0.170291;0.169307;0.168494;0.167377;0.166586;0.168395;0.168497;0.169243;0.168823;0.167447;0.166601;0.169357;0.167174;0.168344;0.169108;0.166038;0.167111;0.166;0.16743;0.167573;0.168443;0.166984;0.166219;0.169106;0.167857;0.170082;0.169425;0.171232;0.167223;0.171088;0.171002;0.175186;0.170001;0.169905;0.16797;0.169515;0.169552;0.172608;0.169025;0.169964;0.169172;0.169982;0.169522;0.174089;0.169504;0.169366;0.170589;0.170474;0.169223;0.171694;0.170264;0.171703;0.170049;0.169359;0.171676;0.172027;0.171208;0.170751;0.168665;0.167954;0.167864;0.173004;0.170388;0.17025;0.169693;0.169289;0.169883;0.17193;0.17103;0.170064;0.171078;0.171457;0.172364;0.169346;0.171176;0.169912;0.167643;0.169271;0.170755;0.170256;0.171386;0.171065;0.171151;0.170743;0.172801;0.168866;0.170081;0.169628;0.168518;0.169409;0.171125;0.172351;0.170544;0.171369;0.17184;0.170387;0.172015;0.169314;0.168106;0.16917;0.169407;0.169206;0.172532;0.170907;0.168416;0.169385;0.170656;0.169083;0.17219;0.169698;0.16852;0.169789;0.170745;0.1702;0.172116;0.168822;0.170781;0.168868;0.170909;0.170524;0.168709;0.168854;0.169013;0.16833;0.169402;0.171212;0.168867;0.169023;0.169709;0.169514;0.169909;0.172498;0.170741;0.170498;0.1706;0.170498;0.17201;0.17386;0.169513;0.171524;0.171698;0.172905;0.170883;0.174376;0.170254;0.169721;0.169046;0.169126;0.168691;0.172104;0.172439;0.169303;0.170035;0.170579;0.170392;0.172696;0.171529;0.169113;0.170278;0.168295;0.17097;0.169463;0.170233;0.169884;0.169713;0.169184;0.171717;0.170113;0.170801;0.170085;0.169895;0.170148;0.172681;0.17122;0.17043;0.17209;0.170299;0.169772;0.174447;0.172437;0.17297;0.171697;0.172153;0.171332;0.172596;0.171192;0.170479;0.171981;0.171698;0.170421;0.173225;0.172311;0.171877;0.172175;0.171174;0.174062;0.17063;0.170487;0.169541;0.170854;0.171616;0.171532;0.171993;0.172827;0.172627;0.170212;0.170868;0.173597;0.171814;0.172192;0.173405;0.172974;0.172968;0.172744;0.170441;0.170204;0.170532;0.169828;0.171493;0.174537;0.172351;0.169712;0.171138;0.167547;0.169958;0.173655;0.169147;0.166866;0.169047;0.167536;0.167884;0.173145;0.172966;0.169426;0.168147;0.170643;0.170315;0.169092;0.171047;0.167208;0.167319;0.168988;0.17061;0.171644;0.167979;0.166104;0.166795;0.168395;0.169716;0.171216;0.16851;0.167325;0.168708;0.168459;0.168932;0.168441;0.167483;0.166786;0.167951;0.166422;0.168063;0.17006;0.169674;0.166694;0.167831;0.166958;0.17253;0.168836;0.171867;0.166565;0.167687;0.166529;0.170938;0.171598;0.170618;0.169306;0.169056;0.167047;0.170235;0.170271;0.16925;0.167617;0.16875;0.167651;0.169284;0.169841;0.167138;0.16954;0.167336;0.169207;0.17003;0.171179;0.169016;0.168719;0.167721;0.167589;0.171001;0.170365;0.16912;0.16747;0.166674;0.169269;0.17472;0.172336;0.1706;0.170777;0.16981;0.172001;0.170591;0.168677;0.169095;0.169209;0.168995;0.168617;0.171598;0.171059;0.169528;0.169218;0.17039;0.171648;0.17286;0.169919;0.168969;0.170513;0.168809;0.171268;0.171097;0.170228;0.168757;0.168857;0.168023;0.171397;0.165534;0.16793;0.165254;0.16654;0.16555;0.169707;0.16929;0.167431;0.168046;0.166323;0.168896;0.17148;0.172451;0.167253;0.168175;0.167902;0.168649;0.170999;0.170861;0.170655;0.170976;0.170695;0.170379;0.171622;0.171753;0.169226;0.167079;0.167298;0.166816;0.169681;0.16881;0.169893;0.168987;0.166851;0.172122;0.168711;0.168163;0.168323;0.167359;0.168028;0.169546;0.170304;0.167673;0.167991;0.16795;0.170146;0.169204;0.171513;0.167218;0.169074;0.168176;0.166934;0.168741;0.173112;0.169265;0.168052;0.169665;0.168318;0.17117;0.170662;0.168893;0.167273;0.168528;0.169158;0.169116;0.169658;0.167105;0.166923;0.168293;0.167808;0.169867;0.169777;0.167146;0.166936;0.166416;0.16877;0.171475;0.172442;0.169676;0.170545;0.170843;0.173708;0.170231;0.168078;0.168146;0.167585;0.168394;0.16931;0.17249;0.170415;0.168689;0.167352;0.168103;0.168971;0.171232;0.169309;0.169674;0.169426;0.168564;0.171826;0.170177;0.170766;0.167195;0.166338;0.165829;0.168123;0.168227;0.170213;0.169307;0.169086;0.167899;0.169792;0.1718;0.171256;0.169301;0.166473;0.167627;0.16944;0.172168;0.171231;0.168364;0.169018;0.169782;0.170167;0.170733;0.168835;0.167564;0.168664;0.168238;0.169048;0.171667;0.169479;0.168624;0.16711;0.167792;0.168312;0.170351;0.166646;0.168881;0.166855;0.165737;0.171658;0.170361;0.167842;0.170009;0.171105;0.168168;0.168917;0.167114;0.168091;0.166937;0.168738;0.168244;0.170187;0.168517;0.166257;0.1675;0.169544;0.169078;0.168542;0.167083;0.166664;0.166208;0.169764;0.167707;0.1701;0.170946;0.169144;0.169308;0.168488;0.169981;0.171079;0.168202;0.168566;0.167621;0.166674;0.169135;0.166937;0.166292;0.16699;0.168155;0.170197;0.171949;0.173582;0.174678;0.170929;0.170762;0.167164;0.169231;0.169254;0.165202;0.165687;0.166145;0.165788;0.166563;0.171293;0.168424;0.165784;0.166533;0.165986;0.168682;0.170142;0.1696;0.168963;0.168675;0.169544;0.170976;0.168254;0.167664;0.167556;0.16692;0.166551;0.171152;0.173065;0.173367;0.17067;0.170577;0.169242;0.170332;0.1711;0.166653;0.168046;0.165999;0.167568;0.171792;0.169487;0.166412;0.167121;0.167868;0.166812;0.170836;0.170574;0.171402;0.172158;0.169971;0.168594;0.17433;0.169759;0.171915;0.170371;0.173541;0.171558;0.168348;0.167207;0.166451;0.165657;0.168451;0.169784;0.166731;0.167305;0.168619;0.167916;0.166653;0.169947;0.170783;0.168062;0.167817;0.16903;0.168949;0.171351;0.16964;0.168254;0.168189;0.167166;0.167512;0.171397;0.167144;0.16731;0.167134;0.168541;0.166639;0.170947;0.167881;0.166621;0.166885;0.167263;0.168905;0.170654;0.167045;0.167385;0.168996;0.169134;0.168878;0.168419;0.170586;0.168314;0.166806;0.169113;0.167638;0.169816;0.166838;0.169905;0.167021;0.166548;0.166553;0.168063;0.166709;0.166607;0.167196;0.16779;0.16675;0.171808;0.17101;0.168403;0.16997;0.16773;0.168497;0.171512;0.167353;0.166952;0.17;0.170142;0.171314;0.169851;0.166691;0.169512;0.167171;0.169859;0.170392;0.170102;0.167163;0.169185;0.169315;0.167291;0.167478;0.167992;0.168644;0.169357;0.167997;0.167166;0.169547;0.167169;0.168401;0.168996;0.168991;0.167756;0.169063;0.167093;0.167892;0.166617;0.168048;0.167883;0.170707;0.171087;0.167702;0.168822;0.168728;0.168822;0.170298;0.1667;0.168216;0.165949;0.167284;0.1661;0.169687;0.168472;0.166667;0.168488;0.16736;0.167715;0.170699;0.171565;0.171672;0.17247;0.171409;0.167219;0.170084;0.168713;0.169279;0.168294;0.170801;0.170401;0.16982;0.167207;0.167108;0.164669;0.166949;0.167381;0.170095;0.169132;0.167212;0.16543;0.167429;0.165913;0.167253;0.167745;0.168968;0.166806;0.166759;0.166084;0.169933;0.167787;0.166813;0.16909;0.16853;0.167083;0.168597;0.168417;0.16691;0.167637;0.166004;0.167357;0.169672;0.167499;0.166468;0.167786;0.166835;0.169147;0.168801;0.172156;0.169974;0.167635;0.168191;0.167511;0.170253;0.170351;0.168776;0.170503;0.171026;0.16725;0.171699;0.167846;0.168842;0.165683;0.16662;0.168844;0.170563;0.170291;0.166046;0.167092;0.167383;0.169809;0.166496;0.16907;0.168117;0.166874;0.167266;0.170584;0.166795;0.165922;0.167022;0.169042;0.169279;0.169064;0.168414;0.167505;0.166028;0.167792;0.166136;0.171142;0.170123;0.167744;0.16697;0.165912;0.166573;0.167008;0.169466;0.171287;0.168534;0.170652;0.167485;0.171806;0.168334;0.167841;0.168177;0.168021;0.168089;0.16939;0.165773;0.167558;0.166398;0.166472;0.16522;0.16848;0.16755;0.169986;0.16918;0.168141;0.168688;0.168788;0.17368;0.170735;0.170326;0.171062;0.16766;0.171988;0.168791;0.170007;0.169512;0.169254;0.169916;0.169165;0.169195;0.168569;0.168364;0.167628;0.169051;0.17098;0.167464;0.166875;0.168561;0.167095;0.166404;0.171259;0.169332;0.168267;0.170741;0.170459;0.169661;0.169526;0.168603;0.167611;0.167175;0.168709;0.173579;0.171482;0.170389;0.169815;0.168743;0.169925;0.187583;0.167772;0.167157;0.16689;0.167097;0.166274;0.169565;0.168585;0.16658;0.166276;0.167012;0.167773;0.16997;0.169572;0.170214;0.168431;0.169369;0.167881;0.170678;0.169813;0.16702;0.166402;0.167521;0.168877;0.170115;0.167743;0.169828;0.169228;0.170022;0.168167;0.168945;0.168855;0.168982;0.167159;0.166548;0.168387;0.169659;0.168986;0.16859;0.169228;0.167235;0.167307;0.169401;0.167633;0.166684;0.167111;0.167468;0.166359;0.169691;0.168104;0.168532;0.168159;0.167549;0.16855;0.168403;0.166952;0.166088;0.167839;0.168333;0.169553;0.171043;0.169596;0.167338;0.16789;0.167232;0.167368;0.169464;0.168054;0.167633;0.169245;0.169445;0.169494;0.170499;0.171017;0.171099;0.169146;0.169816;0.170461;0.168933;0.168186;0.166909;0.167626;0.168911;0.169876;0.168412;0.167796;0.167358;0.167087;0.168734;0.16954;0.166548;0.166649;0.167111;0.168147;0.167643;0.170166;0.167955;0.168605;0.166497;0.16702;0.168682;0.169129;0.169289;0.168471;0.169005;0.167764;0.169758;0.170386;0.168273;0.169395;0.167861;0.168517;0.170546;0.170574;0.168264;0.168188;0.168077;0.166664;0.166597;0.170236;0.168865;0.167259;0.166618;0.166617;0.166448;0.169711;0.168748;0.169231;0.169372;0.169018;0.168674;0.171073;0.16811;0.169434;0.168774;0.168394;0.169051;0.172566;0.170716;0.169576;0.169557;0.169246;0.169901;0.167646;0.167624;0.169743;0.16781;0.166455;0.167822;0.171599;0.169357;0.16881;0.168775;0.171982;0.172148;0.168562;0.166656;0.167412;0.168355;0.168292;0.168651;0.165447;0.166036;0.165742;0.16596;0.169305;0.168226;0.168499;0.168967;0.16703;0.167856;0.169586;0.167707;0.16689;0.166885;0.174602;0.168855;0.169439;0.171478;0.17253;0.169657;0.170648;0.170212;0.170743;0.171329;0.171209;0.167822;0.167062;0.165643;0.166996;0.170917;0.169367;0.167106;0.167839;0.168668;0.167568;0.172969;0.167907;0.166363;0.166028;0.165654;0.166979;0.167642;0.170119;0.167723;0.166011;0.165835;0.165992;0.171591;0.172388;0.16753;0.167568;0.169388;0.167601;0.169994;0.16809;0.16824;0.167179;0.165887;0.167897;0.16821;0.168441;0.169083;0.164925;0.168698;0.16719;0.169089;0.168228;0.166202;0.165642;0.165678;0.16774;0.170744;0.168795;0.169852;0.170877;0.168386;0.168282;0.169998;0.171601;0.170506;0.16992;0.170814;0.172398;0.171315;0.167713;0.169282;0.170413;0.167412;0.170017;0.1715;0.170084;0.16778;0.167702;0.167909;0.169959;0.166329;0.168261;0.165753;0.16764;0.16662;0.168093;0.168854;0.16741;0.16719;0.166205;0.168978;0.169446;0.166858;0.167833;0.166683;0.16615;0.168354;0.169501;0.169928;0.169632;0.1703;0.167038;0.171122;0.172626;0.167819;0.169923;0.169163;0.169908;0.168483;0.171652;0.167999;0.169929;0.169687;0.168075;0.169524;0.170202;0.16605;0.167736;0.169996;0.168091;0.167426;0.167883;0.166404;0.1658;0.167729;0.165481;0.167131;0.167284;0.167978;0.167003;0.167229;0.167493;0.166888;0.170396;0.168976;0.16822;0.166974;0.167039;0.167424;0.169881;0.167679;0.168949;0.170303;0.169382;0.166939;0.169329;0.167342;0.166569;0.170778;0.168714;0.166989;0.168013;0.16783;0.166521;0.167905;0.165922;0.166507;0.170225;0.166462;0.168172;0.170446;0.168996;0.168611;0.167714;0.166145;0.167802;0.165353;0.168606;0.169334;0.166613;0.166562;0.169085;0.167104;0.16833;0.169033;0.169478;0.168868;0.168073;0.168515;0.168263;0.169702;0.167198;0.166386;0.167942;0.166157;0.165854;0.168534;0.170734;0.170062;0.171146;0.171599;0.16892;0.171228;0.168537;0.168875;0.170749;0.1701;0.170923;0.171863;0.169241;0.166998;0.16908;0.168308;0.167942;0.168585;0.166383;0.166209;0.167682;0.16618;0.168277;0.170141;0.167032;0.167854;0.166284;0.166033;0.167509;0.169353;0.168905;0.167627;0.169263;0.167848;0.16819;0.168172;0.16754;0.166287;0.168312;0.168607;0.167774;0.170631;0.169937;0.170558;0.169762;0.169011;0.168784;0.169769;0.169332;0.168054;0.169246;0.167901;0.16898;0.172076;0.170944;0.17042;0.17077;0.170989;0.170626;0.166538;0.167757;0.166135;0.168336;0.165675;0.168797;0.168212;0.165973;0.165608;0.167455;0.167714;0.16811;0.166874;0.168751;0.166455;0.167215;0.166206;0.168044;0.167137;0.165804;0.167149;0.168911;0.170094;0.170713;0.172471;0.169553;0.167953;0.169375;0.169086;0.169435;0.170661;0.16807;0.168595;0.168905;0.170311;0.170389;0.171788;0.169745;0.172076;0.16961;0.172194;0.172149;0.169881;0.165979;0.165738;0.166069;0.165992;0.169109;0.172356;0.168633;0.168496;0.169388;0.170499;0.173237;0.167765;0.166956;0.169082;0.168019;0.16747;0.170459;0.167944;0.16636;0.167027;0.166587;0.168421;0.171219;0.169636;0.16857;0.16829;0.16728;0.167925;0.168251;0.168431;0.167384;0.167574;0.168036;0.165897;0.170299;0.167785;0.170489;0.168718;0.171621;0.170595;0.166748;0.166889;0.166767;0.165916;0.168803;0.167565;0.16946;0.168984;0.167633;0.169102;0.166716;0.169963;0.169178;0.168086;0.168362;0.169586;0.167361;0.169687;0.169789;0.169513;0.167432;0.170389;0.168049;0.172603;0.169817;0.16908;0.16933;0.170852;0.169487;0.17071;0.168118;0.169416;0.168227;0.16787;0.17018;0.170773;0.168366;0.170106;0.169216;0.168396;0.168988;0.170948;0.170686;0.169478;0.167061;0.166781;0.166499;0.170507;0.171911;0.170548;0.169902;0.171575;0.169035;0.170186;0.168846;0.166477;0.166765;0.168815;0.168334;0.170334;0.169055;0.168165;0.169132;0.167352;0.169008;0.169817;0.168514;0.167956;0.168669;0.167526;0.167107;0.16965;0.169034;0.166866;0.167778;0.166917;0.167422;0.168413;0.16967;0.170267;0.169402;0.168106;0.168683;0.168099;0.167919;0.168233;0.167753;0.167874;0.170338;0.169352;0.167884;0.168729;0.169883;0.169456;0.171147;0.167377;0.167245;0.16822;0.168873;0.166709;0.170201;0.168108;0.167692;0.166308;0.167944;0.167417;0.169917;0.170474;0.171674;0.168711;0.172184;0.171397;0.170564;0.170124;0.16692;0.169048;0.168922;0.169672;0.169406;0.167917;0.168014;0.168976;0.167347;0.166774;0.167468;0.168302;0.168902;0.16884;0.167792;0.170315;0.169014;0.16762;0.167929;0.167944;0.167686;0.169512;0.171155;0.167893;0.168193;0.166855;0.167237;0.170695;0.170759;0.171023;0.168261;0.171046;0.167536;0.16779;0.174068;0.171459;0.169445;0.169658;0.170793;0.17189;0.171543;0.170675;0.166852;0.169698;0.17035;0.168712;0.172245;0.16893;0.167902;0.167337;0.167249;0.171241;0.170348;0.170216;0.168943;0.170402;0.169687;0.169009;0.168275;0.168132;0.165586;0.167813;0.165923;0.168455;0.171084;0.170173;0.168923;0.16901;0.167849;0.169219;0.167693;0.16685;0.169564;0.167775;0.167984;0.168979;0.168166;0.168884;0.167324;0.165947;0.16717;0.170257;0.169361;0.166435;0.170048;0.16856;0.167421;0.16921;0.169107;0.168341;0.168122;0.170381;0.169039;0.168995;0.166416;0.16655;0.167776;0.170194;0.16644;0.171714;0.168498;0.169278;0.168244;0.170742;0.169859;0.167918;0.166836;0.166662;0.166749;0.16591;0.168796;0.172097;0.169986;0.167026;0.166813;0.167542;0.167965;0.168414;0.168714;0.168438;0.170534;0.168634;0.170713;0.168509;0.168514;0.167589;0.166683;0.167455;0.170222;0.170966;0.167842;0.168484;0.167071;0.166439;0.167854;0.170813;0.167815;0.169008;0.166506;0.167026;0.188071;0.168904;0.167567;0.166923;0.168541;0.166889;0.16955;0.167379;0.169503;0.16973;0.166668;0.167778;0.168272;0.16774;0.167865;0.168667;0.168477;0.169135;0.169796;0.168195;0.169641;0.170648;0.168624;0.168131;0.170971;0.166838;0.169732;0.168714;0.167192;0.169823;0.168582;0.16712;0.16616;0.168512;0.167226;0.169082;0.168347;0.167082;0.167317;0.169111;0.167795;0.168725;0.170304;0.166261;0.166565;0.167964;0.168867;0.167891;0.168876;0.169208;0.167664;0.167822;0.167621;0.16923;0.169236;0.167649;0.170083;0.169689;0.171933;0.171239;0.166153;0.168978;0.167806;0.168543;0.167724;0.170083;0.167817;0.169153;0.169603;0.169119;0.167953;0.170592;0.167768;0.169244;0.168056;0.16792;0.166292;0.169179;0.169351;0.168776;0.166773;0.166432;0.168434;0.169796;0.168765;0.167671;0.168342;0.170019;0.16837;0.169526;0.168118;0.167865;0.168198;0.165834;0.166225;0.172603,
