# FP64; exactly one untimed warmup solve; setup includes representation/storage preparation; solve includes a fresh factorization and primal solve on every repetition.
# All backends receive identical data. Validation and result conversion are untimed.
# CLQR, generalized Riccati, and both Laine implementations also recover duals inside timing. Primal-only backends report no solver-dual KKT measurement.
# Setup+solve includes representation construction and fresh workspace allocation; destruction is excluded.
# Missing dual/kernel measurements are nan, not inferred from other solvers.
# planted_dual_stationarity_inf audits each returned primal with the fixture's known optimal dual, not solver output.
# primal_error and dual_error_inf are absolute infinity-norm errors against the known planted optimum, in original coordinates.
# Samples are individually timed; sample-list columns retain chronological times in ms separated by semicolons. Timing quantiles are unavailable for a single sample.
# min_seconds=1; fixed_repeats=0 (0 means duration-based); each timing phase uses its own budget.
backend,family,N,n,m,mixed_rows,state_rows,seed,status,repeats,setup_ms,median_ms,p10_ms,p90_ms,primal_error,objective,relative_objective_error,kernel_ms,feasibility_inf,stationarity_inf,kkt_inf,setup_solve_ms,planted_dual_stationarity_inf,dual_error_inf,setup_solve_repeats,solve_samples_ms,setup_solve_samples_ms,kernel_samples_ms
gen_riccati,horizon,128,8,4,1,2,20260907,ok,11459,0.905805,0.086265,0.08545,0.087605,5.13478148889e-14,-60.0110312529,3.00630130386e-18,nan,2.77555756156e-15,4.57911486507e-13,4.57911486507e-13,0.137611,5.28119215026e-14,7.14095449439e-13,5691,0.144381;0.140576;0.142429;0.141587;0.141343;0.140744;0.144416;0.140872;0.140345;0.140726;0.140065;0.139757;0.13976;0.14566;0.139967;0.140041;0.141199;0.14061;0.140465;0.140455;0.144921;0.140427;0.141024;0.14056;0.139917;0.138328;0.124226;0.127202;0.12454;0.125035;0.125016;0.125017;0.124681;0.124669;0.124698;0.126442;0.124007;0.123608;0.12338;0.123478;0.123872;0.123193;0.123562;0.131182;0.12892;0.123218;0.123745;0.123663;0.124113;0.125376;0.123281;0.126134;0.123534;0.123443;0.123341;0.12359;0.123408;0.123291;0.124688;0.12851;0.126109;0.125172;0.124946;0.125155;0.124945;0.125063;0.125059;0.127085;0.123821;0.123158;0.123208;0.123113;0.123163;0.123249;0.123076;0.124576;0.12331;0.123277;0.123161;0.123316;0.12305;0.123263;0.122871;0.124245;0.124377;0.12344;0.123116;0.123199;0.122946;0.125542;0.123176;0.128448;0.124768;0.123646;0.123408;0.123357;0.123436;0.123459;0.123377;0.125267;0.123815;0.123351;0.123019;0.123194;0.12314;0.123065;0.123331;0.123049;0.125029;0.123487;0.123444;0.123848;0.123488;0.123224;0.123246;0.123152;0.125541;0.123447;0.123231;0.123404;0.123149;0.122949;0.123237;0.123233;0.125689;0.123601;0.123131;0.123089;0.123295;0.123712;0.123477;0.123549;0.124943;0.123126;0.123239;0.123238;0.123148;0.123331;0.123047;0.123042;0.125406;0.123588;0.123375;0.12756;0.123562;0.123619;0.123176;0.123307;0.124733;0.123535;0.123342;0.12316;0.123218;0.123263;0.123271;0.123328;0.124906;0.123592;0.123396;0.123377;0.123384;0.123581;0.123474;0.123504;0.12556;0.12332;0.123646;0.123545;0.123497;0.123248;0.123833;0.123542;0.125532;0.123371;0.123398;0.123455;0.123507;0.123393;0.123457;0.123406;0.124744;0.124516;0.124239;0.12341;0.123452;0.123423;0.12329;0.12364;0.124604;0.123947;0.123684;0.123522;0.123427;0.123208;0.12341;0.123315;0.124551;0.123863;0.123684;0.123456;0.123734;0.123857;0.124022;0.124045;0.124023;0.125356;0.123662;0.123713;0.123514;0.123524;0.123719;0.123413;0.123639;0.125254;0.333664;0.145124;0.135606;0.134034;0.135106;0.142006;0.136145;0.13465;0.134889;0.134535;0.135226;0.142596;0.15987;0.153285;0.152716;0.1558;0.151726;0.153948;0.168299;0.151821;0.15194;0.149375;0.084867;0.08568;0.086489;0.08548;0.08648;0.090695;0.085748;0.086469;0.085642;0.085255;0.085611;0.084952;0.085644;0.086377;0.086423;0.086409;0.085416;0.086947;0.085977;0.086569;0.087317;0.086294;0.08663;0.087182;0.086319;0.086671;0.086872;0.08867;0.087267;0.085371;0.084632;0.084969;0.085201;0.08524;0.084918;0.085746;0.08515;0.085305;0.085604;0.085593;0.087103;0.086098;0.086307;0.085585;0.086105;0.085846;0.085056;0.088452;0.086086;0.085614;0.086191;0.086171;0.088498;0.086407;0.087521;0.086014;0.086109;0.086232;0.086491;0.086107;0.086794;0.08575;0.086689;0.087282;0.086048;0.086275;0.086084;0.087076;0.085786;0.086595;0.0875;0.086936;0.08751;0.086572;0.085694;0.088397;0.08607;0.086622;0.085464;0.085672;0.086178;0.086288;0.086331;0.086506;0.086337;0.086548;0.087125;0.085581;0.08663;0.086321;0.085751;0.08631;0.086232;0.085594;0.085975;0.085738;0.085912;0.086555;0.087498;0.086565;0.086133;0.087051;0.086832;0.087174;0.086553;0.085921;0.086108;0.086039;0.086083;0.086468;0.085882;0.085619;0.085799;0.086042;0.085756;0.085714;0.085965;0.086124;0.086147;0.085788;0.086161;0.086884;0.085128;0.084915;0.085895;0.084802;0.086016;0.085704;0.085648;0.08657;0.086632;0.086299;0.085712;0.08782;0.085208;0.086345;0.085551;0.087353;0.085618;0.087617;0.086857;0.088291;0.086906;0.086893;0.090511;0.087723;0.085965;0.085907;0.086517;0.085875;0.087312;0.086344;0.086069;0.087834;0.08622;0.086488;0.086363;0.085334;0.0858;0.085873;0.086646;0.085449;0.08614;0.086302;0.085378;0.085844;0.088077;0.086295;0.086804;0.085735;0.085321;0.085761;0.085412;0.087593;0.085826;0.087111;0.086386;0.085663;0.085952;0.087599;0.085754;0.085082;0.085915;0.086447;0.086275;0.0866;0.086128;0.085356;0.086272;0.085797;0.086443;0.086064;0.086423;0.087187;0.085801;0.086483;0.086191;0.08603;0.086488;0.08595;0.086691;0.086638;0.086959;0.086389;0.086029;0.089107;0.086257;0.086926;0.086694;0.087029;0.086819;0.086256;0.08599;0.086135;0.086986;0.085943;0.086628;0.086057;0.086708;0.085419;0.085405;0.086933;0.085487;0.08701;0.086861;0.089556;0.086606;0.085963;0.085904;0.086674;0.086404;0.086237;0.085672;0.085878;0.086504;0.086326;0.085571;0.089987;0.086613;0.087662;0.08636;0.086193;0.086587;0.085997;0.085206;0.086536;0.085806;0.08597;0.087673;0.085508;0.085274;0.087195;0.086098;0.086565;0.087954;0.08561;0.084782;0.08603;0.084664;0.087139;0.086835;0.086036;0.086876;0.086389;0.086535;0.086319;0.086902;0.085724;0.085955;0.086204;0.085983;0.085163;0.086107;0.085569;0.086187;0.085652;0.085217;0.085023;0.085099;0.087102;0.085955;0.088001;0.085466;0.087221;0.086163;0.085898;0.086073;0.084859;0.086287;0.085614;0.085924;0.085659;0.085734;0.086802;0.085177;0.086825;0.085431;0.085964;0.086413;0.085677;0.085756;0.085865;0.086538;0.085689;0.086445;0.086104;0.086837;0.086824;0.086376;0.086919;0.08678;0.085477;0.08643;0.085492;0.08611;0.08608;0.086249;0.087161;0.086851;0.085657;0.08534;0.085783;0.085606;0.085506;0.086516;0.084928;0.085787;0.086142;0.086544;0.085534;0.087781;0.086598;0.086259;0.086129;0.086728;0.086298;0.087009;0.085666;0.086422;0.085587;0.085903;0.087642;0.085658;0.086903;0.085727;0.086806;0.086895;0.085785;0.086818;0.086177;0.086652;0.086099;0.086568;0.089789;0.085406;0.086823;0.085835;0.086808;0.085786;0.086132;0.085911;0.086423;0.086752;0.086404;0.086925;0.08654;0.085715;0.086412;0.085759;0.085921;0.086206;0.086585;0.08601;0.086545;0.085392;0.08617;0.087594;0.085563;0.086381;0.087217;0.086104;0.086471;0.088888;0.085757;0.086244;0.085892;0.086045;0.085554;0.086596;0.085749;0.085861;0.085909;0.085146;0.085148;0.085876;0.085611;0.086273;0.087014;0.086176;0.087146;0.086085;0.085464;0.087267;0.086015;0.08626;0.086842;0.086485;0.086453;0.085365;0.086275;0.086098;0.08783;0.0861;0.085859;0.085023;0.08612;0.085649;0.086893;0.086407;0.086702;0.086333;0.08768;0.086135;0.08615;0.085527;0.085663;0.085138;0.086329;0.085875;0.085206;0.085802;0.085445;0.08594;0.086089;0.086874;0.086386;0.085591;0.086602;0.085433;0.086149;0.085931;0.085714;0.085256;0.086147;0.086151;0.086231;0.087454;0.085954;0.085852;0.086056;0.086287;0.086372;0.085674;0.086406;0.086423;0.086636;0.086133;0.08717;0.084757;0.08567;0.086466;0.08606;0.085673;0.086711;0.08544;0.086352;0.087563;0.0865;0.086336;0.086587;0.085406;0.085223;0.08538;0.08555;0.085139;0.085353;0.085036;0.085337;0.085194;0.085508;0.087158;0.086053;0.085114;0.085758;0.085633;0.08528;0.085978;0.086069;0.086531;0.085364;0.086078;0.085744;0.087425;0.086136;0.086693;0.08695;0.086223;0.086847;0.086892;0.087746;0.086497;0.086513;0.086248;0.086089;0.087344;0.085314;0.086923;0.088046;0.087605;0.086186;0.087248;0.086036;0.0862;0.087119;0.087605;0.088108;0.086537;0.085607;0.085544;0.085275;0.085539;0.085345;0.086131;0.08594;0.088735;0.085781;0.086078;0.086929;0.084858;0.086362;0.086587;0.086756;0.086259;0.087126;0.086245;0.086897;0.085966;0.086366;0.088083;0.085499;0.086179;0.085289;0.085841;0.084985;0.086807;0.086634;0.085915;0.086002;0.085405;0.085301;0.086762;0.086689;0.085893;0.086153;0.086202;0.086696;0.087137;0.08708;0.086363;0.086125;0.085907;0.087927;0.086394;0.085821;0.084695;0.086141;0.085466;0.08548;0.085965;0.085234;0.085377;0.085512;0.085786;0.087524;0.086611;0.086677;0.086111;0.086699;0.086578;0.086489;0.087339;0.088611;0.086405;0.086826;0.086621;0.086886;0.0875;0.086831;0.085267;0.08567;0.085475;0.085821;0.085664;0.08609;0.086575;0.086496;0.088097;0.086533;0.085812;0.086364;0.087319;0.085683;0.087135;0.086748;0.090123;0.086576;0.0862;0.085167;0.087001;0.087234;0.086515;0.085508;0.086566;0.086516;0.086616;0.086794;0.086662;0.088324;0.086942;0.08888;0.086106;0.086084;0.086346;0.086598;0.086369;0.085749;0.089631;0.086108;0.085651;0.085891;0.086066;0.087597;0.087018;0.087592;0.086955;0.086733;0.086475;0.087666;0.086151;0.08666;0.087617;0.086332;0.087964;0.085655;0.088364;0.086129;0.085288;0.08626;0.08545;0.084825;0.084954;0.085711;0.085919;0.085606;0.087589;0.08688;0.086319;0.089393;0.086991;0.08693;0.085943;0.086058;0.086312;0.086296;0.0861;0.087362;0.08595;0.084923;0.085016;0.08541;0.085838;0.085952;0.085653;0.0849;0.085673;0.085381;0.08549;0.09071;0.086518;0.087606;0.085974;0.085409;0.0865;0.087716;0.087002;0.086194;0.086362;0.08546;0.085784;0.086688;0.086158;0.085551;0.085827;0.085224;0.085606;0.086543;0.085122;0.089975;0.086202;0.085608;0.08759;0.086907;0.085376;0.086653;0.085695;0.086263;0.086093;0.08675;0.086059;0.086038;0.085443;0.08643;0.098724;0.08551;0.086205;0.086537;0.087462;0.090828;0.086157;0.08636;0.085781;0.086384;0.086288;0.088488;0.086429;0.085704;0.086413;0.086191;0.086154;0.086301;0.086212;0.086537;0.090004;0.086421;0.086347;0.088352;0.08602;0.086137;0.085997;0.086165;0.085948;0.085919;0.086563;0.085748;0.086863;0.086496;0.087076;0.086033;0.085302;0.085526;0.086731;0.086761;0.085753;0.086147;0.085667;0.088866;0.085649;0.086517;0.087632;0.086079;0.085989;0.086238;0.086157;0.085881;0.086093;0.085874;0.086556;0.08596;0.085272;0.08613;0.087464;0.086614;0.086175;0.087304;0.085764;0.088818;0.086966;0.085513;0.086511;0.086395;0.086271;0.08711;0.085194;0.085949;0.085184;0.085542;0.086529;0.085314;0.0863;0.086595;0.086494;0.086802;0.087117;0.087735;0.086108;0.086016;0.087208;0.086092;0.086854;0.086302;0.087366;0.087168;0.086521;0.086503;0.087465;0.086445;0.088071;0.086143;0.085826;0.085943;0.089211;0.085227;0.085839;0.085817;0.08647;0.085959;0.087907;0.086406;0.085401;0.086968;0.085922;0.086719;0.086941;0.085539;0.086387;0.086863;0.087159;0.088048;0.086057;0.0858;0.086225;0.08646;0.086037;0.085819;0.08865;0.087229;0.086416;0.085783;0.086628;0.087566;0.086124;0.086683;0.086355;0.086672;0.085733;0.086286;0.085721;0.086702;0.086425;0.085766;0.087329;0.085526;0.085486;0.085066;0.084901;0.085074;0.08533;0.086817;0.086725;0.085908;0.085242;0.08567;0.086598;0.086722;0.08613;0.085948;0.085462;0.086256;0.086032;0.086939;0.086341;0.087174;0.086979;0.086133;0.087227;0.08681;0.086049;0.087328;0.08721;0.085786;0.086669;0.08658;0.086617;0.086114;0.08636;0.086691;0.086109;0.087745;0.087373;0.0869;0.086859;0.085833;0.086503;0.086507;0.086768;0.086429;0.087086;0.087906;0.085709;0.086455;0.086082;0.087613;0.086103;0.085835;0.085376;0.085976;0.086708;0.08556;0.087445;0.085979;0.086174;0.085719;0.086247;0.08583;0.086812;0.086031;0.086152;0.086477;0.08611;0.086501;0.087364;0.089095;0.086253;0.086868;0.087122;0.086607;0.085393;0.086928;0.087185;0.087223;0.085462;0.086532;0.086353;0.086872;0.086294;0.086708;0.08668;0.086994;0.086091;0.086667;0.085685;0.090232;0.086861;0.087899;0.086523;0.085867;0.085456;0.085165;0.08578;0.086087;0.086199;0.085867;0.086227;0.086362;0.086302;0.087147;0.087123;0.085502;0.086262;0.086234;0.086374;0.089754;0.085993;0.086445;0.086503;0.085862;0.086768;0.085541;0.085174;0.086784;0.086477;0.085696;0.086374;0.085715;0.085507;0.085499;0.085475;0.085827;0.086362;0.086244;0.08548;0.085739;0.085578;0.084804;0.086484;0.085855;0.086254;0.086624;0.086026;0.088893;0.086279;0.088084;0.086027;0.086393;0.086896;0.086933;0.085984;0.086634;0.086816;0.085899;0.087433;0.087482;0.08649;0.08633;0.087211;0.087349;0.086313;0.086971;0.08596;0.086075;0.085677;0.086379;0.086598;0.086829;0.086593;0.086564;0.086789;0.086775;0.086623;0.085653;0.087279;0.086062;0.086023;0.086597;0.087404;0.086213;0.086388;0.087155;0.085581;0.086197;0.086555;0.086575;0.086018;0.085407;0.086459;0.087399;0.084612;0.085675;0.086115;0.084719;0.085981;0.085787;0.086052;0.088172;0.08629;0.087134;0.086187;0.087032;0.086178;0.086182;0.086434;0.086519;0.087281;0.087797;0.086623;0.089577;0.087992;0.088302;0.086351;0.086543;0.08586;0.086096;0.086116;0.08584;0.085355;0.086194;0.08589;0.086333;0.085973;0.086462;0.086908;0.085567;0.086102;0.086284;0.085381;0.085892;0.085824;0.085208;0.085429;0.085088;0.085817;0.0857;0.087259;0.086364;0.087037;0.085886;0.085986;0.086251;0.085807;0.085559;0.085633;0.086135;0.085306;0.086295;0.086816;0.085965;0.087009;0.086414;0.086786;0.08664;0.086595;0.086196;0.086341;0.087086;0.085808;0.088061;0.087385;0.087597;0.086209;0.08769;0.086666;0.087247;0.087258;0.086185;0.086947;0.087035;0.087583;0.086251;0.086386;0.085836;0.086777;0.08654;0.086435;0.087372;0.08662;0.087631;0.086668;0.086287;0.087504;0.086331;0.086215;0.086916;0.0862;0.086142;0.085633;0.086096;0.086395;0.086665;0.085811;0.086241;0.088254;0.086564;0.086295;0.086117;0.086563;0.08724;0.08643;0.085734;0.085182;0.087235;0.086436;0.087911;0.085643;0.087359;0.086754;0.086088;0.08617;0.08644;0.085744;0.086311;0.08596;0.08589;0.087248;0.086779;0.086456;0.087005;0.086005;0.087343;0.08665;0.086738;0.086742;0.086828;0.086149;0.086682;0.089138;0.087208;0.08645;0.085866;0.085772;0.086337;0.086401;0.087134;0.086566;0.085841;0.08633;0.086058;0.086813;0.086147;0.0855;0.087136;0.087523;0.086145;0.085562;0.085805;0.085849;0.086028;0.085238;0.087132;0.086187;0.086078;0.086353;0.086076;0.085953;0.086276;0.08627;0.08487;0.086457;0.085908;0.086194;0.087417;0.087181;0.085054;0.086886;0.085586;0.08536;0.086245;0.086612;0.086402;0.085446;0.085935;0.085229;0.087292;0.085994;0.087224;0.086573;0.089533;0.086149;0.08628;0.086327;0.086151;0.086541;0.085824;0.087653;0.086852;0.085992;0.087403;0.087308;0.086373;0.086389;0.08797;0.089869;0.086302;0.08712;0.087133;0.088367;0.085873;0.087322;0.086786;0.086423;0.086748;0.086297;0.086609;0.087356;0.087256;0.08703;0.08837;0.085486;0.086729;0.086127;0.087139;0.089205;0.085814;0.086404;0.085534;0.085962;0.086366;0.086219;0.086572;0.08571;0.085789;0.085022;0.086362;0.085115;0.089431;0.085409;0.086113;0.085708;0.085952;0.087193;0.086855;0.086456;0.086256;0.086788;0.086742;0.086678;0.08636;0.086093;0.087196;0.085894;0.086251;0.086397;0.086302;0.086754;0.085733;0.085134;0.084763;0.085508;0.086981;0.085817;0.08581;0.086924;0.088164;0.086896;0.087299;0.08577;0.086502;0.08621;0.086171;0.086127;0.088037;0.085248;0.086554;0.086866;0.087648;0.085468;0.086279;0.086182;0.085744;0.086377;0.085728;0.085922;0.085789;0.086513;0.086545;0.089517;0.085955;0.085205;0.084866;0.086681;0.086302;0.0859;0.086327;0.086643;0.086358;0.085457;0.085517;0.087222;0.086823;0.085605;0.087847;0.087118;0.087066;0.086949;0.08591;0.086357;0.085656;0.085813;0.085931;0.086839;0.085536;0.085557;0.086242;0.085994;0.085261;0.085292;0.084701;0.085023;0.085873;0.085718;0.086052;0.085561;0.085077;0.086087;0.086093;0.086688;0.085811;0.086241;0.086514;0.085989;0.089262;0.086585;0.08669;0.086593;0.084804;0.086243;0.085515;0.08646;0.08504;0.086529;0.087321;0.086376;0.086209;0.085963;0.087681;0.086397;0.087183;0.086641;0.086619;0.086986;0.090058;0.086898;0.085726;0.086439;0.085619;0.087316;0.086412;0.08585;0.086016;0.08592;0.085425;0.085893;0.085984;0.086201;0.085946;0.087126;0.086404;0.08641;0.08584;0.086049;0.085982;0.085676;0.085497;0.08551;0.086215;0.085117;0.086348;0.085699;0.087864;0.086078;0.08606;0.086395;0.087035;0.085725;0.086683;0.087266;0.086355;0.086278;0.087568;0.086341;0.087392;0.085471;0.085753;0.08577;0.086299;0.085202;0.086125;0.086453;0.086112;0.085775;0.085439;0.087115;0.086104;0.08498;0.085343;0.085831;0.08621;0.087192;0.086068;0.085968;0.085438;0.085869;0.086743;0.093483;0.085518;0.085411;0.085631;0.085051;0.085365;0.086091;0.085524;0.08552;0.085564;0.086108;0.085303;0.08701;0.085962;0.08604;0.086671;0.085735;0.086537;0.085914;0.086864;0.085238;0.086755;0.085991;0.086586;0.088983;0.086626;0.085995;0.087429;0.086272;0.086984;0.08655;0.086732;0.086475;0.086484;0.087226;0.087564;0.086589;0.086136;0.086102;0.084869;0.085632;0.086157;0.086788;0.086943;0.086753;0.086459;0.087346;0.086084;0.086661;0.086156;0.085887;0.088012;0.08735;0.086241;0.087128;0.085226;0.08693;0.086106;0.086963;0.085319;0.085764;0.086155;0.086365;0.084932;0.086747;0.08525;0.085858;0.085115;0.086096;0.08692;0.084823;0.085392;0.085996;0.086459;0.08591;0.085957;0.086284;0.086449;0.086133;0.08603;0.086343;0.087662;0.085664;0.086434;0.08699;0.087482;0.08684;0.087559;0.085292;0.086636;0.086707;0.086069;0.086767;0.088088;0.087552;0.086187;0.08607;0.085921;0.086518;0.085918;0.085856;0.086962;0.086389;0.085838;0.087425;0.085544;0.086276;0.086076;0.086376;0.086258;0.086511;0.085696;0.086056;0.085892;0.08603;0.086707;0.087231;0.086068;0.085548;0.085896;0.084661;0.085758;0.085439;0.085309;0.086695;0.086248;0.085802;0.089213;0.085746;0.085581;0.085131;0.085601;0.085831;0.085998;0.086009;0.085811;0.085981;0.086325;0.085692;0.086838;0.086811;0.085201;0.086485;0.086834;0.086214;0.085915;0.085962;0.085453;0.086202;0.086059;0.086037;0.089624;0.087872;0.08618;0.086368;0.08747;0.086776;0.086874;0.086674;0.086746;0.087477;0.087035;0.087706;0.085907;0.086217;0.085818;0.085377;0.085903;0.08597;0.085829;0.085173;0.085199;0.085636;0.085626;0.086864;0.086014;0.087751;0.086676;0.086459;0.086131;0.085997;0.086119;0.086802;0.085546;0.085332;0.086654;0.086753;0.087137;0.087982;0.086809;0.086936;0.085989;0.086425;0.086707;0.085552;0.086281;0.085689;0.086334;0.086982;0.086406;0.086116;0.085907;0.086333;0.086517;0.085577;0.086506;0.08618;0.086662;0.087821;0.085517;0.085599;0.086079;0.086295;0.085802;0.085742;0.085403;0.086445;0.08662;0.085995;0.086494;0.087129;0.08535;0.08461;0.085568;0.08503;0.087443;0.085628;0.087512;0.086885;0.085894;0.086002;0.085138;0.086964;0.088368;0.086244;0.08648;0.085795;0.084984;0.085892;0.08702;0.086051;0.085554;0.086682;0.087876;0.085353;0.08771;0.085202;0.085065;0.085451;0.085671;0.085473;0.085695;0.085337;0.08555;0.08521;0.087479;0.086604;0.087142;0.086671;0.089177;0.086263;0.086786;0.08585;0.086655;0.087047;0.086731;0.087679;0.084973;0.085841;0.085655;0.086077;0.085767;0.087111;0.08539;0.085302;0.086146;0.085939;0.085463;0.087543;0.085298;0.084989;0.085181;0.084829;0.08531;0.084767;0.085735;0.085427;0.084732;0.08531;0.085094;0.086529;0.086691;0.086118;0.086111;0.085642;0.085777;0.085904;0.086241;0.08622;0.086162;0.08603;0.086997;0.086969;0.085749;0.086287;0.086523;0.086754;0.085346;0.085087;0.086384;0.085577;0.085873;0.085208;0.089136;0.085595;0.086047;0.086184;0.08685;0.08698;0.086483;0.08588;0.087941;0.087189;0.086906;0.086087;0.086025;0.087083;0.086399;0.086007;0.086233;0.08586;0.087777;0.086489;0.086686;0.087746;0.086452;0.087814;0.08695;0.086867;0.08617;0.087529;0.086318;0.085898;0.087579;0.088029;0.087907;0.085749;0.0857;0.086499;0.086195;0.085755;0.085842;0.085498;0.086274;0.085414;0.085111;0.085909;0.086144;0.085092;0.086785;0.086415;0.086035;0.08693;0.084677;0.085245;0.085647;0.085222;0.084912;0.085925;0.085174;0.084782;0.087212;0.085826;0.085502;0.085947;0.085929;0.084849;0.085429;0.085826;0.085709;0.085435;0.0855;0.087914;0.085887;0.085655;0.085818;0.086074;0.086088;0.086477;0.086268;0.085917;0.086154;0.08584;0.08602;0.086385;0.087025;0.08632;0.086837;0.086085;0.086471;0.08586;0.086462;0.086201;0.086849;0.085798;0.086773;0.089253;0.086853;0.086232;0.086207;0.086167;0.086983;0.086012;0.08644;0.087153;0.086162;0.086579;0.08813;0.085618;0.086285;0.085189;0.08539;0.086388;0.085936;0.085682;0.086024;0.086984;0.085686;0.085549;0.086417;0.085614;0.086971;0.085594;0.086877;0.087143;0.087259;0.088136;0.087453;0.087067;0.087237;0.088525;0.085567;0.085863;0.084967;0.085941;0.086426;0.086166;0.085473;0.087989;0.085919;0.08468;0.08532;0.086559;0.08585;0.086414;0.086566;0.086012;0.086047;0.086635;0.086262;0.08626;0.086016;0.085932;0.086301;0.087588;0.087756;0.087798;0.086782;0.088239;0.086345;0.085911;0.086648;0.086513;0.08669;0.086469;0.087279;0.086797;0.086675;0.086912;0.085979;0.085947;0.08615;0.086863;0.086077;0.08584;0.086027;0.086476;0.08759;0.087063;0.086167;0.087446;0.086457;0.086218;0.085686;0.086644;0.085087;0.085628;0.086695;0.088113;0.086761;0.086223;0.08546;0.086778;0.086627;0.085746;0.086582;0.088289;0.090001;0.086325;0.085494;0.086717;0.086273;0.085496;0.085414;0.085768;0.085292;0.085306;0.084766;0.085241;0.085233;0.08629;0.086826;0.086538;0.086525;0.086319;0.08518;0.085605;0.087423;0.08598;0.086392;0.086438;0.085523;0.085365;0.08677;0.086437;0.086615;0.087553;0.087118;0.086298;0.086211;0.086015;0.086574;0.086712;0.086746;0.085747;0.087332;0.085384;0.086636;0.085897;0.085947;0.08634;0.08658;0.085763;0.085227;0.087551;0.08527;0.089323;0.085032;0.085468;0.084591;0.086273;0.086134;0.085201;0.084909;0.084391;0.085595;0.086108;0.084822;0.087085;0.086582;0.085829;0.086573;0.086718;0.08582;0.085521;0.086747;0.088433;0.085936;0.086885;0.088759;0.086907;0.085906;0.086842;0.087079;0.086524;0.0859;0.086215;0.085725;0.086176;0.086443;0.085817;0.087377;0.084178;0.085356;0.085587;0.085417;0.08526;0.085929;0.084993;0.085488;0.086455;0.086856;0.086465;0.087179;0.086109;0.086699;0.085986;0.085941;0.086577;0.085686;0.086398;0.086675;0.086937;0.085622;0.086979;0.086848;0.0861;0.087328;0.087545;0.0857;0.086354;0.085918;0.085679;0.085454;0.086409;0.086288;0.086827;0.085978;0.086704;0.087113;0.08631;0.086054;0.086496;0.086494;0.086825;0.087082;0.087449;0.086091;0.085354;0.08574;0.086985;0.085878;0.085301;0.085569;0.086982;0.086009;0.08566;0.085309;0.084591;0.088037;0.086349;0.086172;0.085983;0.086359;0.086484;0.086194;0.086647;0.08593;0.086236;0.086137;0.087969;0.085481;0.087553;0.086646;0.086173;0.085433;0.087336;0.08608;0.085755;0.087237;0.086823;0.08613;0.087997;0.086044;0.086807;0.086329;0.086688;0.085678;0.085963;0.086085;0.085778;0.086454;0.086433;0.085794;0.087438;0.086315;0.086165;0.085946;0.085241;0.085679;0.08647;0.085175;0.085422;0.08624;0.086186;0.087002;0.086244;0.086111;0.08483;0.085775;0.08563;0.086241;0.086364;0.08654;0.085864;0.086889;0.087917;0.088091;0.087894;0.086035;0.085481;0.086159;0.086758;0.086744;0.085791;0.086881;0.086028;0.085788;0.087245;0.086308;0.086069;0.086054;0.086857;0.0882;0.085919;0.086539;0.086978;0.086279;0.085748;0.086102;0.087947;0.08621;0.086959;0.086718;0.086684;0.086599;0.086401;0.086199;0.085923;0.086933;0.086524;0.238591;0.088817;0.086115;0.08624;0.086644;0.087209;0.085992;0.085886;0.086551;0.086077;0.087148;0.086088;0.085184;0.086764;0.086377;0.086619;0.086584;0.086122;0.090172;0.086925;0.08586;0.086975;0.087445;0.086069;0.086253;0.086476;0.086131;0.086684;0.086575;0.085273;0.086163;0.086243;0.086545;0.087592;0.085913;0.085186;0.084963;0.086104;0.087091;0.08546;0.085323;0.086037;0.085889;0.085377;0.085601;0.088226;0.08606;0.085465;0.085368;0.085675;0.085054;0.084262;0.085438;0.086325;0.085699;0.084916;0.085092;0.087347;0.085048;0.086105;0.086687;0.086838;0.086285;0.085931;0.085449;0.087332;0.086031;0.085743;0.087199;0.085313;0.086212;0.086456;0.085939;0.085478;0.08574;0.086184;0.086228;0.086339;0.086686;0.085649;0.086724;0.085353;0.085915;0.085997;0.086379;0.087137;0.086703;0.086104;0.086158;0.086482;0.086104;0.087011;0.085967;0.086699;0.086663;0.08687;0.086188;0.086262;0.086085;0.085696;0.086513;0.08686;0.086066;0.087147;0.088133;0.086583;0.086965;0.087177;0.087214;0.087151;0.086646;0.087116;0.086121;0.086422;0.085603;0.086386;0.086381;0.086522;0.086397;0.086237;0.085813;0.085531;0.086411;0.086084;0.085587;0.085988;0.088034;0.085699;0.086473;0.086051;0.085688;0.086821;0.086181;0.085501;0.085145;0.086478;0.085941;0.085902;0.088819;0.085877;0.086364;0.086087;0.086347;0.086166;0.086394;0.086803;0.086642;0.086243;0.086965;0.086648;0.08601;0.086466;0.087136;0.086249;0.086039;0.088157;0.086512;0.08565;0.085796;0.086824;0.08661;0.086153;0.085755;0.086028;0.085199;0.08575;0.085228;0.088068;0.085348;0.085857;0.085952;0.085351;0.086332;0.086271;0.086262;0.086255;0.086838;0.085904;0.085363;0.08597;0.087305;0.085842;0.085941;0.086663;0.087819;0.087124;0.088134;0.085586;0.086297;0.08562;0.085547;0.086491;0.087668;0.086522;0.086111;0.086307;0.088522;0.087591;0.088332;0.086447;0.087249;0.086918;0.085767;0.086598;0.087811;0.085879;0.087563;0.087278;0.085632;0.086107;0.086354;0.085631;0.085438;0.085455;0.086161;0.085741;0.085242;0.085207;0.085662;0.086521;0.085896;0.086861;0.086219;0.087475;0.085825;0.086519;0.086288;0.08678;0.086985;0.086705;0.087603;0.087928;0.085804;0.086793;0.085857;0.087043;0.090512;0.086194;0.086636;0.086921;0.087069;0.085593;0.08797;0.086878;0.086875;0.086727;0.086217;0.086831;0.086904;0.086144;0.086274;0.088458;0.086548;0.086875;0.085654;0.08695;0.085696;0.08545;0.085833;0.085863;0.085817;0.085224;0.085964;0.086236;0.086245;0.08786;0.089104;0.087103;0.086461;0.085935;0.08558;0.085837;0.086614;0.085963;0.085703;0.084877;0.088226;0.087201;0.090072;0.085573;0.086637;0.086491;0.086094;0.086742;0.085926;0.086063;0.085827;0.086534;0.087668;0.085579;0.086914;0.086779;0.085576;0.087086;0.085877;0.088181;0.086465;0.086591;0.086566;0.086723;0.088281;0.087816;0.087383;0.086045;0.086463;0.085945;0.085792;0.085287;0.085636;0.085775;0.08797;0.087702;0.085196;0.086227;0.086488;0.086175;0.086216;0.086321;0.086457;0.086027;0.085739;0.086505;0.088499;0.086989;0.086185;0.086961;0.086811;0.08707;0.086371;0.086593;0.085268;0.085832;0.086775;0.085253;0.08725;0.086557;0.085929;0.085535;0.085689;0.086176;0.086408;0.086714;0.086888;0.086046;0.085712;0.085785;0.087189;0.086017;0.086646;0.085506;0.08584;0.085204;0.087732;0.0851;0.085471;0.08564;0.084874;0.08628;0.085225;0.084471;0.086215;0.085208;0.085943;0.086169;0.086019;0.085497;0.084688;0.085705;0.086399;0.089323;0.085484;0.085941;0.086188;0.085309;0.085556;0.085621;0.084341;0.085283;0.085758;0.08654;0.085846;0.086632;0.086882;0.087031;0.087153;0.086786;0.086651;0.086183;0.086537;0.086253;0.086607;0.085729;0.087419;0.086036;0.086074;0.085795;0.085742;0.086612;0.086665;0.086484;0.085687;0.086025;0.086514;0.086476;0.087302;0.085503;0.087269;0.086165;0.086493;0.08546;0.085857;0.086368;0.085693;0.085879;0.086075;0.087763;0.086201;0.085528;0.085922;0.086128;0.085871;0.086032;0.086939;0.084774;0.086174;0.08499;0.086082;0.087484;0.085783;0.086175;0.086889;0.087556;0.087591;0.086263;0.086427;0.08658;0.086839;0.0866;0.085999;0.086268;0.085918;0.085938;0.086306;0.08856;0.085481;0.085758;0.085918;0.086391;0.085898;0.08565;0.087001;0.085735;0.086819;0.08647;0.086331;0.085762;0.086918;0.086354;0.085846;0.08662;0.086287;0.087222;0.088612;0.087595;0.08825;0.089075;0.087216;0.086489;0.086394;0.086229;0.085947;0.086986;0.086075;0.088;0.087643;0.089823;0.08605;0.087368;0.08748;0.086358;0.086434;0.086349;0.087255;0.086484;0.085903;0.087391;0.085608;0.086933;0.085478;0.086465;0.086154;0.086422;0.086291;0.08628;0.085962;0.085304;0.086763;0.085445;0.085078;0.084779;0.085649;0.085225;0.085768;0.085885;0.085303;0.086181;0.086391;0.085788;0.087179;0.087191;0.086334;0.086608;0.088146;0.085851;0.086437;0.08691;0.08568;0.086764;0.086416;0.086716;0.087752;0.086886;0.085249;0.08586;0.086022;0.086727;0.085763;0.087054;0.086804;0.085754;0.086315;0.087428;0.086199;0.086285;0.085966;0.086426;0.086226;0.08671;0.086189;0.085857;0.086032;0.086081;0.087412;0.086849;0.085575;0.08535;0.085307;0.085325;0.085281;0.086714;0.085154;0.084809;0.085658;0.086243;0.086736;0.085482;0.085689;0.085611;0.08723;0.086113;0.084872;0.088273;0.086552;0.086039;0.086238;0.085527;0.087595;0.085716;0.085952;0.085566;0.08552;0.085058;0.085378;0.086195;0.08548;0.085912;0.086681;0.085912;0.087551;0.085363;0.085298;0.085892;0.086676;0.08664;0.086753;0.085628;0.086983;0.08679;0.086377;0.086629;0.085692;0.086332;0.086292;0.086452;0.085421;0.086739;0.085336;0.086006;0.086043;0.085764;0.087331;0.087176;0.085849;0.08649;0.086853;0.086196;0.086372;0.085719;0.08604;0.08796;0.08589;0.086257;0.087123;0.086028;0.085552;0.086081;0.086428;0.086239;0.086456;0.086209;0.085763;0.085406;0.086189;0.086659;0.087229;0.08586;0.086636;0.085846;0.08617;0.085928;0.086463;0.086297;0.086202;0.086381;0.085886;0.08724;0.08623;0.085951;0.086156;0.086442;0.085882;0.087805;0.088132;0.086463;0.086109;0.086698;0.087796;0.089495;0.0879;0.086133;0.086517;0.086127;0.085795;0.085887;0.085418;0.086303;0.086367;0.08626;0.085617;0.086448;0.086004;0.085394;0.085684;0.085604;0.085591;0.086085;0.086175;0.085863;0.085907;0.08572;0.086054;0.085418;0.085846;0.084742;0.086152;0.086714;0.085539;0.086097;0.086359;0.085811;0.086135;0.085833;0.086754;0.08568;0.086666;0.086253;0.085197;0.086614;0.085645;0.085839;0.085519;0.086053;0.085876;0.085992;0.087531;0.084962;0.085808;0.086173;0.08599;0.085555;0.085581;0.085459;0.085893;0.086048;0.085578;0.086608;0.085815;0.08676;0.08519;0.085411;0.086339;0.085401;0.085896;0.085957;0.085456;0.085723;0.086486;0.088314;0.085912;0.085795;0.086777;0.087508;0.085968;0.086465;0.085736;0.085518;0.087247;0.086483;0.087111;0.086722;0.085405;0.085758;0.085426;0.085377;0.085918;0.085108;0.085086;0.086346;0.086834;0.085664;0.109802;0.085578;0.086194;0.088188;0.086689;0.085412;0.087333;0.086132;0.086178;0.085693;0.085346;0.086813;0.085996;0.087205;0.087166;0.085702;0.088003;0.086419;0.089024;0.087669;0.08604;0.085806;0.086517;0.088567;0.087635;0.087024;0.086604;0.08686;0.085549;0.086293;0.085722;0.086476;0.08589;0.085421;0.087191;0.086386;0.085461;0.086177;0.087183;0.086218;0.085633;0.086124;0.087385;0.086281;0.085439;0.08672;0.086776;0.085637;0.085312;0.086318;0.086409;0.085738;0.085445;0.085576;0.085989;0.085905;0.086894;0.086159;0.087222;0.086125;0.086411;0.086046;0.085651;0.085922;0.085673;0.085712;0.085236;0.086418;0.085606;0.087481;0.086048;0.086081;0.086561;0.086123;0.086224;0.085968;0.087205;0.086014;0.085298;0.086209;0.085426;0.087802;0.085375;0.086323;0.086808;0.086425;0.085795;0.086404;0.085312;0.087938;0.08599;0.086462;0.0874;0.086192;0.085921;0.086392;0.085364;0.085905;0.085582;0.086432;0.085841;0.085283;0.086539;0.08547;0.086599;0.086653;0.085601;0.087205;0.08669;0.085721;0.0856;0.085951;0.086392;0.08631;0.085959;0.086988;0.087652;0.08648;0.085959;0.085713;0.086322;0.085871;0.086495;0.086247;0.086865;0.085989;0.086596;0.087345;0.085832;0.085771;0.085813;0.08608;0.085555;0.084791;0.086815;0.086501;0.08748;0.087201;0.088304;0.086799;0.086332;0.086447;0.08528;0.08585;0.085584;0.085514;0.087355;0.085507;0.085648;0.085234;0.087512;0.087192;0.087937;0.086358;0.086372;0.086123;0.085393;0.086576;0.086528;0.0875;0.086005;0.087917;0.088262;0.085402;0.085779;0.085147;0.085584;0.08555;0.085887;0.085655;0.085939;0.086076;0.085283;0.086492;0.086711;0.085876;0.086801;0.086311;0.085832;0.086593;0.087187;0.086265;0.086438;0.087056;0.086524;0.08861;0.086222;0.087064;0.087117;0.085662;0.085194;0.086385;0.085077;0.08579;0.085941;0.08598;0.085647;0.087405;0.085909;0.086334;0.085807;0.085426;0.086577;0.085571;0.086532;0.085948;0.085642;0.086077;0.086861;0.08589;0.086699;0.085538;0.086693;0.086344;0.086318;0.086251;0.086161;0.086436;0.086633;0.08567;0.087318;0.085996;0.086199;0.085633;0.085078;0.085524;0.085589;0.086352;0.085576;0.086536;0.08583;0.086786;0.08569;0.0852;0.085595;0.085358;0.086001;0.084601;0.084967;0.085014;0.08564;0.085401;0.085324;0.086806;0.085894;0.086053;0.085891;0.085902;0.086589;0.08716;0.08532;0.086179;0.085574;0.086157;0.086663;0.087289;0.085798;0.08704;0.085913;0.085771;0.086085;0.086676;0.086492;0.086495;0.086945;0.085986;0.086957;0.086286;0.086293;0.085036;0.085785;0.086862;0.086275;0.086893;0.08657;0.086806;0.08668;0.086019;0.087055;0.086684;0.086171;0.085419;0.086697;0.085545;0.08637;0.086541;0.086804;0.086967;0.086673;0.08756;0.086512;0.085854;0.085984;0.085866;0.085821;0.085415;0.085088;0.086173;0.086617;0.086762;0.085378;0.086211;0.085523;0.084955;0.086491;0.086034;0.086059;0.084412;0.086435;0.086066;0.085685;0.086815;0.086319;0.087096;0.086335;0.085587;0.085795;0.08661;0.085707;0.085901;0.085899;0.085702;0.085969;0.086358;0.087556;0.086875;0.085104;0.085853;0.085189;0.086885;0.084546;0.08511;0.085136;0.085906;0.085713;0.086461;0.087626;0.089673;0.086368;0.08645;0.08552;0.085945;0.085227;0.08646;0.086268;0.085865;0.085605;0.085887;0.087141;0.086157;0.086108;0.085321;0.086169;0.086077;0.085377;0.086769;0.086699;0.085969;0.086512;0.087396;0.086628;0.086941;0.086644;0.085572;0.087045;0.086759;0.086917;0.085761;0.086512;0.086777;0.086264;0.087448;0.086301;0.086465;0.088134;0.087335;0.086518;0.086082;0.086378;0.086068;0.086874;0.086754;0.087742;0.084927;0.085934;0.085813;0.085546;0.086354;0.085904;0.086248;0.086391;0.087647;0.085789;0.085741;0.087395;0.086995;0.087018;0.086842;0.086665;0.086753;0.086306;0.085909;0.086154;0.085986;0.08645;0.087558;0.08506;0.085633;0.087529;0.085162;0.085974;0.085596;0.086075;0.085959;0.086196;0.085346;0.085099;0.086937;0.086311;0.085424;0.086148;0.085506;0.087251;0.085912;0.085481;0.085298;0.086413;0.086537;0.087363;0.087043;0.086308;0.086327;0.087537;0.087253;0.085727;0.086654;0.086341;0.085799;0.086423;0.086855;0.087469;0.08726;0.08607;0.086234;0.085734;0.084655;0.085907;0.085487;0.085224;0.085117;0.085777;0.085654;0.086113;0.086713;0.085971;0.086019;0.086707;0.087104;0.085489;0.085034;0.085862;0.087018;0.087896;0.087547;0.086915;0.086057;0.085486;0.085731;0.087853;0.085835;0.085506;0.086376;0.08646;0.086058;0.085759;0.08779;0.085391;0.085665;0.086229;0.085949;0.08664;0.08538;0.085647;0.085662;0.086506;0.085995;0.085624;0.08788;0.088053;0.086421;0.085365;0.087511;0.085972;0.086081;0.087158;0.087435;0.085478;0.087016;0.088345;0.087866;0.087331;0.086256;0.086243;0.087395;0.086657;0.086783;0.086533;0.086491;0.086418;0.086501;0.088467;0.0852;0.085629;0.086149;0.086414;0.086076;0.085621;0.086503;0.086304;0.086122;0.085929;0.087491;0.087199;0.085851;0.086171;0.085232;0.08606;0.08595;0.086296;0.086107;0.085986;0.086953;0.086141;0.086929;0.086426;0.086587;0.085531;0.085351;0.085363;0.086497;0.085466;0.085352;0.085635;0.085972;0.086112;0.085748;0.085588;0.086915;0.086227;0.085986;0.086152;0.086242;0.08617;0.087274;0.085984;0.087298;0.087314;0.086507;0.086127;0.085985;0.085851;0.085698;0.086633;0.086354;0.085957;0.086679;0.086204;0.086307;0.086878;0.086459;0.08658;0.086511;0.085998;0.086829;0.086043;0.08556;0.085494;0.086055;0.085998;0.087716;0.08601;0.086107;0.086665;0.087153;0.087657;0.087061;0.086885;0.086914;0.087183;0.087142;0.086892;0.091676;0.086301;0.086771;0.085678;0.086065;0.085789;0.085819;0.086215;0.086011;0.085098;0.085466;0.087443;0.087744;0.08586;0.085308;0.085691;0.086263;0.086189;0.087062;0.0861;0.085927;0.08623;0.085862;0.087089;0.086882;0.088708;0.086685;0.086889;0.087417;0.08594;0.086015;0.0859;0.086504;0.086443;0.087318;0.085376;0.086125;0.086557;0.086868;0.087001;0.086584;0.087856;0.087069;0.086095;0.085815;0.087801;0.087113;0.086054;0.086149;0.086709;0.086708;0.085845;0.086255;0.085608;0.085839;0.087679;0.087194;0.088188;0.085206;0.087004;0.086284;0.086644;0.085966;0.086186;0.08665;0.085849;0.085277;0.086039;0.086187;0.08683;0.086878;0.087023;0.085656;0.087233;0.086852;0.086562;0.085696;0.086161;0.086987;0.086906;0.084892;0.08622;0.086249;0.086865;0.085707;0.085858;0.085732;0.086237;0.086052;0.087286;0.086546;0.086342;0.087776;0.086881;0.086526;0.0871;0.086301;0.086324;0.086751;0.085828;0.086331;0.085813;0.08662;0.086588;0.087032;0.086174;0.086277;0.085986;0.086836;0.085875;0.085105;0.086977;0.08596;0.086739;0.085859;0.087044;0.086186;0.086501;0.086057;0.086205;0.086401;0.086071;0.08678;0.085907;0.085202;0.086097;0.08669;0.087491;0.086449;0.085992;0.086219;0.085716;0.086308;0.086013;0.085928;0.086061;0.086453;0.088249;0.087722;0.086329;0.087594;0.086598;0.085825;0.085293;0.085147;0.085624;0.086159;0.085697;0.085932;0.085892;0.091426;0.085565;0.086132;0.087079;0.085078;0.086044;0.085764;0.086365;0.085543;0.086009;0.085862;0.086142;0.087339;0.086661;0.08629;0.085723;0.085924;0.085418;0.086087;0.086983;0.086065;0.085705;0.086345;0.087137;0.086776;0.086468;0.08641;0.087436;0.08653;0.086896;0.086178;0.085965;0.086817;0.085989;0.088013;0.086889;0.085911;0.086316;0.08751;0.086071;0.08628;0.086285;0.086752;0.086008;0.086531;0.086099;0.087716;0.085802;0.08627;0.085714;0.085963;0.087223;0.0854;0.086078;0.086113;0.086217;0.085919;0.086075;0.086881;0.085886;0.086559;0.085907;0.086141;0.086861;0.085468;0.086504;0.087426;0.086103;0.08631;0.086765;0.087899;0.085597;0.085683;0.086113;0.086557;0.086494;0.085834;0.086182;0.088094;0.086094;0.085908;0.08737;0.085719;0.086192;0.086491;0.086541;0.086942;0.085492;0.086928;0.086198;0.085867;0.087019;0.0873;0.088404;0.087371;0.088756;0.085276;0.085989;0.085366;0.085761;0.085861;0.086028;0.085599;0.086215;0.086906;0.08622;0.086597;0.086462;0.08673;0.086499;0.086982;0.086775;0.086811;0.086689;0.087261;0.086549;0.087264;0.086372;0.086565;0.085853;0.085688;0.085477;0.085915;0.086537;0.086174;0.086166;0.086723;0.08667;0.08583;0.085648;0.085033;0.084993;0.086273;0.086676;0.086561;0.086165;0.085761;0.085676;0.086143;0.087371;0.086756;0.085944;0.085846;0.086013;0.085963;0.086761;0.085927;0.085687;0.08588;0.086911;0.085961;0.087574;0.086763;0.086353;0.086577;0.086344;0.08618;0.088159;0.086265;0.085548;0.086215;0.086312;0.087215;0.085204;0.086077;0.086479;0.086019;0.08617;0.087199;0.085906;0.085938;0.08609;0.086855;0.086191;0.087039;0.085677;0.0854;0.085728;0.085296;0.085492;0.085705;0.08611;0.086279;0.085856;0.086004;0.086667;0.08663;0.087402;0.08428;0.085972;0.086052;0.086203;0.085872;0.084515;0.086026;0.085195;0.085152;0.086031;0.085502;0.086117;0.086316;0.085057;0.086001;0.085041;0.086763;0.085709;0.086379;0.085286;0.08628;0.086937;0.08676;0.085972;0.086124;0.086391;0.085896;0.085488;0.086635;0.08554;0.085937;0.085934;0.087712;0.087228;0.088059;0.087498;0.088215;0.086027;0.085716;0.08667;0.085485;0.084774;0.085637;0.086046;0.086134;0.08558;0.085502;0.085615;0.086665;0.08629;0.086027;0.086352;0.086119;0.085996;0.085686;0.087431;0.086003;0.085594;0.086329;0.086176;0.086366;0.086957;0.086533;0.087719;0.086455;0.086417;0.085824;0.086905;0.086081;0.085461;0.085697;0.086156;0.085238;0.086722;0.085701;0.08863;0.086998;0.086626;0.08761;0.086194;0.0855;0.08487;0.08579;0.085523;0.086612;0.085832;0.086639;0.085956;0.086026;0.08515;0.086715;0.086437;0.085015;0.08591;0.086694;0.085645;0.086031;0.088887;0.086041;0.086641;0.086521;0.086416;0.088985;0.086434;0.086718;0.085839;0.086233;0.08654;0.086623;0.086213;0.08725;0.087325;0.087474;0.08886;0.088599;0.08736;0.087381;0.086465;0.086333;0.086745;0.086702;0.086973;0.087518;0.086769;0.088599;0.085934;0.085348;0.086144;0.085516;0.086724;0.087295;0.086659;0.085807;0.086436;0.08631;0.087214;0.087743;0.085559;0.086369;0.087054;0.085832;0.086758;0.087;0.085856;0.085671;0.086713;0.086585;0.086295;0.086884;0.086067;0.086088;0.086679;0.086933;0.086261;0.085952;0.086945;0.088862;0.086315;0.086727;0.088272;0.085472;0.086469;0.087439;0.08643;0.08557;0.085768;0.086687;0.085604;0.086772;0.086425;0.085287;0.087772;0.085851;0.086185;0.086322;0.086552;0.086124;0.085505;0.086174;0.085947;0.086095;0.086224;0.087066;0.087032;0.085962;0.085471;0.086532;0.086317;0.086129;0.086527;0.086412;0.086279;0.085694;0.086584;0.086564;0.087549;0.085838;0.086029;0.086366;0.086409;0.086172;0.086398;0.086352;0.086723;0.08547;0.08772;0.085992;0.085616;0.087929;0.08621;0.085942;0.086157;0.086182;0.086471;0.085033;0.085806;0.086335;0.087447;0.086369;0.086103;0.085789;0.086142;0.085675;0.084869;0.085479;0.087429;0.085089;0.086371;0.086107;0.087325;0.086684;0.085696;0.086266;0.086742;0.087292;0.08528;0.085598;0.086677;0.086929;0.085832;0.086861;0.086485;0.087584;0.086049;0.086647;0.085524;0.087917;0.085994;0.086609;0.085767;0.086089;0.086705;0.08928;0.087554;0.087771;0.087158;0.086675;0.085655;0.086289;0.085302;0.086636;0.086308;0.086202;0.087182;0.087129;0.087862;0.08981;0.087958;0.088401;0.088034;0.088027;0.086883;0.08653;0.086273;0.087098;0.088191;0.087415;0.087356;0.086633;0.087019;0.086552;0.086646;0.08644;0.086266;0.085822;0.086859;0.088101;0.086472;0.086911;0.085583;0.087137;0.087312;0.085944;0.085956;0.086539;0.086133;0.085749;0.086248;0.087264;0.085649;0.086175;0.086104;0.086212;0.086266;0.086047;0.088441;0.085277;0.086567;0.085971;0.086611;0.085782;0.086421;0.085979;0.086476;0.086077;0.086263;0.085549;0.088112;0.086291;0.087327;0.087092;0.087116;0.086834;0.087472;0.08681;0.086734;0.087054;0.085783;0.086559;0.086036;0.08603;0.085686;0.088867;0.086247;0.08631;0.085967;0.086611;0.085573;0.085638;0.085317;0.085776;0.084961;0.085989;0.08568;0.095997;0.086941;0.086776;0.086405;0.086777;0.085869;0.085824;0.086852;0.086895;0.086293;0.087347;0.086207;0.087388;0.086862;0.085449;0.085988;0.085782;0.085836;0.086623;0.085552;0.085523;0.085645;0.085891;0.086522;0.085729;0.086344;0.086697;0.086423;0.086233;0.085376;0.086117;0.086939;0.086082;0.085365;0.086283;0.087977;0.086346;0.085956;0.086298;0.087666;0.086574;0.086272;0.086811;0.086622;0.086357;0.086354;0.08737;0.086176;0.08534;0.086066;0.085927;0.085391;0.086174;0.086319;0.0858;0.0858;0.085264;0.085641;0.086643;0.085761;0.085415;0.085413;0.08637;0.086437;0.086373;0.086376;0.085896;0.086017;0.085472;0.08569;0.087278;0.085615;0.085043;0.085875;0.085715;0.086151;0.086099;0.08598;0.08507;0.08452;0.08566;0.08725;0.086083;0.08649;0.086054;0.085601;0.0865;0.086605;0.085449;0.086328;0.088202;0.087382;0.08654;0.088257;0.085954;0.086368;0.087169;0.086983;0.086408;0.086103;0.087005;0.086592;0.086659;0.086541;0.087067;0.086325;0.086972;0.087416;0.086795;0.087348;0.08718;0.086416;0.086527;0.086875;0.087576;0.086868;0.087456;0.089578;0.086537;0.086525;0.085923;0.086327;0.088441;0.08667;0.087434;0.086418;0.086668;0.088032;0.086343;0.086444;0.085925;0.087236;0.086536;0.086224;0.086143;0.087161;0.086329;0.088527;0.086673;0.088984;0.087689;0.086717;0.086805;0.086433;0.086321;0.087532;0.085996;0.086272;0.086417;0.086417;0.087913;0.086024;0.087349;0.085899;0.085805;0.084669;0.085313;0.084976;0.08544;0.086582;0.086366;0.085494;0.085863;0.085366;0.085028;0.086461;0.0887;0.086581;0.085633;0.085288;0.086;0.085146;0.085809;0.08533;0.086414;0.087169;0.086355;0.085901;0.086096;0.086176;0.086022;0.086798;0.086326;0.086344;0.086601;0.08928;0.086697;0.085921;0.086447;0.086134;0.086062;0.086938;0.08606;0.086563;0.087442;0.087415;0.086858;0.087183;0.08623;0.086017;0.085964;0.084934;0.088259;0.085555;0.08564;0.085634;0.085979;0.085817;0.087168;0.086833;0.085993;0.085731;0.086982;0.085802;0.086433;0.085753;0.086558;0.085772;0.08659;0.087918;0.087362;0.086197;0.085044;0.085457;0.085498;0.084854;0.085656;0.085844;0.085849;0.08528;0.086217;0.086281;0.086431;0.086965;0.086444;0.086829;0.086546;0.086699;0.086062;0.086925;0.086183;0.086047;0.085799;0.088625;0.087174;0.086929;0.086608;0.085796;0.086148;0.085711;0.086248;0.088883;0.086352;0.087089;0.08602;0.08902;0.088521;0.086134;0.08612;0.086132;0.087041;0.086913;0.086391;0.08608;0.085891;0.087308;0.087308;0.087736;0.086591;0.085996;0.085984;0.085152;0.085271;0.086509;0.085777;0.084883;0.085592;0.086027;0.086906;0.088432;0.087026;0.087164;0.086839;0.086298;0.086626;0.086779;0.086984;0.086893;0.086635;0.087492;0.087313;0.085577;0.085438;0.086514;0.084765;0.085431;0.085197;0.0861;0.085083;0.086711;0.085264;0.086914;0.086297;0.086165;0.086875;0.088051;0.085697;0.087853;0.085986;0.085543;0.086175;0.086833;0.08772;0.085411;0.085418;0.085386;0.085763;0.086153;0.086182;0.085988;0.085909;0.085678;0.088085;0.085017;0.087576;0.087185;0.086664;0.085765;0.085836;0.086555;0.08602;0.085595;0.086508;0.085686;0.085836;0.088101;0.088316;0.086608;0.086284;0.085701;0.08638;0.087448;0.086767;0.086907;0.086094;0.086368;0.086756;0.087422;0.086041;0.086253;0.088344;0.086059;0.086036;0.087273;0.085919;0.086611;0.085562;0.085658;0.086387;0.087176;0.086966;0.085254;0.086923;0.085793;0.086793;0.086701;0.085909;0.08615;0.085948;0.086521;0.087737;0.08641;0.087031;0.085721;0.085803;0.086483;0.086178;0.085951;0.086059;0.08762;0.08625;0.085933;0.08873;0.087181;0.086257;0.085711;0.085738;0.085327;0.086469;0.085545;0.086202;0.088282;0.086197;0.08706;0.086302;0.086063;0.085823;0.085717;0.086015;0.085994;0.086033;0.08575;0.086154;0.086216;0.085319;0.086633;0.086251;0.086121;0.086559;0.086818;0.08681;0.086356;0.08483;0.085793;0.086113;0.086528;0.086028;0.086711;0.085451;0.085634;0.085586;0.085607;0.085384;0.085626;0.08601;0.085504;0.086594;0.086599;0.089162;0.086747;0.085691;0.087033;0.086533;0.086684;0.085825;0.086612;0.085629;0.085999;0.086004;0.086457;0.08688;0.085533;0.086595;0.085873;0.085675;0.085289;0.086187;0.086422;0.08647;0.086223;0.088048;0.08667;0.085942;0.086049;0.085737;0.085384;0.08598;0.084542;0.085279;0.084823;0.084984;0.085649;0.085614;0.088559;0.085636;0.08649;0.086831;0.086828;0.084994;0.08541;0.085657;0.086662;0.085652;0.086212;0.087041;0.089143;0.086586;0.085894;0.086823;0.08677;0.086417;0.086647;0.085855;0.08631;0.086628;0.085875;0.088119;0.085392;0.085593;0.086988;0.086015;0.086074;0.085942;0.086462;0.085588;0.086366;0.086068;0.087053;0.087383;0.086146;0.085891;0.086415;0.086704;0.087407;0.086138;0.086482;0.085931;0.085578;0.085936;0.087854;0.086364;0.087074;0.087406;0.085548;0.086271;0.085485;0.085602;0.085589;0.086035;0.085345;0.085006;0.086784;0.085986;0.086468;0.08755;0.085722;0.087121;0.085999;0.086246;0.086533;0.085925;0.086655;0.087661;0.086898;0.086889;0.087145;0.086622;0.086628;0.087988;0.087051;0.086053;0.086765;0.08628;0.087346;0.087878;0.085029;0.08553;0.085598;0.085757;0.085324;0.086142;0.085697;0.084605;0.085639;0.085371;0.086552;0.086309;0.086098;0.086639;0.085429;0.086513;0.085539;0.086866;0.08551;0.086036;0.085628;0.08636;0.087045;0.085725;0.086648;0.08715;0.088012;0.08707;0.087047;0.086554;0.088187;0.086535;0.087313;0.086488;0.087359;0.087396;0.087284;0.086832;0.086473;0.085436;0.085524;0.085895;0.08598;0.085974;0.085879;0.087116;0.086229;0.08629;0.085636;0.085011;0.086228;0.086084;0.087299;0.085703;0.08569;0.08511;0.085477;0.087025;0.086732;0.085937;0.086257;0.085481;0.085313;0.086154;0.086575;0.085754;0.085838;0.085642;0.085048;0.087942;0.087656;0.085323;0.085895;0.086607;0.086765;0.086401;0.086461;0.086593;0.086195;0.086358;0.087698;0.087068;0.087067;0.085608;0.087149;0.086488;0.086912;0.085789;0.086453;0.086114;0.087019;0.08625;0.086913;0.086826;0.086966;0.08705;0.08584;0.086097;0.086641;0.086383;0.086247;0.086505;0.086274;0.086861;0.087134;0.086865;0.086697;0.08561;0.086116;0.086164;0.086832;0.085649;0.086062;0.085196;0.086146;0.086881;0.085298;0.085834;0.086702;0.086336;0.087369;0.086193;0.085416;0.086636;0.085627;0.085621;0.086313;0.086084;0.086052;0.088197;0.086088;0.0864;0.086853;0.08802;0.086477;0.086379;0.086283;0.085952;0.087549;0.086344;0.087022;0.085421;0.086194;0.086508;0.085972;0.085888;0.085598;0.08588;0.08674;0.086131;0.087264;0.085739;0.085826;0.086505;0.08643;0.086436;0.086188;0.085537;0.08644;0.086861;0.086168;0.087965;0.086761;0.08586;0.086034;0.086127;0.08561;0.086667;0.086519;0.085449;0.085907;0.086688;0.085479;0.086925;0.085356;0.085002;0.0856;0.085843;0.085877;0.085858;0.085814;0.086823;0.085441;0.086838;0.087409;0.085438;0.086304;0.087064;0.085504;0.086313;0.085906;0.085898;0.085789;0.08661;0.086171;0.08585;0.087034;0.08643;0.087249;0.086294;0.086804;0.08679;0.087359;0.085811;0.087343;0.085693;0.086258;0.086987;0.085399;0.085587;0.085598;0.086174;0.085341;0.0866;0.085685;0.085343;0.085598;0.086193;0.086296;0.08766;0.086941;0.086249;0.086866;0.086882;0.086115;0.087983;0.085808;0.086218;0.085942;0.086194;0.086462;0.086523;0.085398;0.086494;0.08546;0.08562;0.085848;0.085322;0.086416;0.087212;0.086776;0.085736;0.087401;0.086337;0.085526;0.085816;0.086011;0.086045;0.085958;0.086568;0.087407;0.086333;0.088283;0.087588;0.089408;0.087736;0.087151;0.085623;0.086272;0.085994;0.086072;0.086554;0.086434;0.086112;0.087621;0.08802;0.087312;0.087974;0.086669;0.086054;0.08647;0.087007;0.086533;0.085524;0.085266;0.086192;0.087764;0.087079;0.086863;0.08726;0.087556;0.085542;0.085985;0.08766;0.085976;0.086189;0.085883;0.085724;0.085667;0.086634;0.086432;0.085991;0.085528;0.085841;0.086167;0.085748;0.086507;0.085814;0.085916;0.086198;0.086836;0.085862;0.087308;0.086199;0.086643;0.08568;0.086457;0.086002;0.086258;0.085824;0.086935;0.086122;0.087401;0.087768;0.087331;0.086989;0.08641;0.08617;0.087317;0.086505;0.085217;0.086299;0.08642;0.087284;0.086272;0.086722;0.086577;0.087294;0.088272;0.086628;0.086887;0.085757;0.085839;0.086257;0.086673;0.087381;0.08634;0.086406;0.086141;0.085895;0.085243;0.085387;0.085916;0.086029;0.085743;0.086082;0.087937;0.085878;0.086451;0.086863;0.088483;0.086194;0.08633;0.086375;0.08589;0.086603;0.086534;0.087446;0.086824;0.08618;0.085827;0.085533;0.086245;0.085723;0.08634;0.08621;0.08637;0.086415;0.085476;0.086689;0.086936;0.085849;0.084954;0.086537;0.084972;0.085741;0.085354;0.086229;0.085892;0.085403;0.08604;0.085591;0.089741;0.086145;0.085831;0.085113;0.085601;0.085553;0.085925;0.08561;0.085624;0.085625;0.084722;0.086285;0.086548;0.085587;0.085749;0.086117;0.085081;0.08568;0.086452;0.085368;0.085379;0.085436;0.097543;0.087446;0.089081;0.08864;0.086609;0.087222;0.087437;0.086711;0.085786;0.08694;0.085728;0.087301;0.088272;0.086779;0.085662;0.084998;0.085308;0.085148;0.085446;0.084825;0.085172;0.084922;0.086886;0.086674;0.087094;0.086861;0.08715;0.087016;0.08605;0.085819;0.085809;0.086106;0.08645;0.086076;0.08573;0.089854;0.086362;0.086917;0.086879;0.086549;0.086609;0.086256;0.085964;0.086514;0.08627;0.086832;0.086727;0.087464;0.087088;0.086721;0.085884;0.0853;0.08599;0.086791;0.08617;0.086027;0.0864;0.086654;0.086537;0.086717;0.087902;0.087538;0.086893;0.086261;0.085796;0.086275;0.08567;0.086608;0.085496;0.085916;0.086778;0.085945;0.086419;0.085441;0.088117;0.086012;0.085431;0.085773;0.08628;0.084822;0.086195;0.087206;0.087626;0.086588;0.086347;0.086466;0.08598;0.086076;0.086617;0.086129;0.087393;0.086418;0.086144;0.087229;0.08636;0.086032;0.086801;0.086409;0.086864;0.087226;0.085838;0.086352;0.086252;0.086112;0.087519;0.088767;0.087169;0.088248;0.086953;0.086048;0.086923;0.086896;0.086241;0.086775;0.086085;0.086089;0.087886;0.088795;0.088419;0.086343;0.08651;0.085839;0.085125;0.085194;0.086143;0.085956;0.086876;0.086983;0.087674;0.087807;0.086497;0.087027;0.086392;0.087046;0.086885;0.085956;0.086599;0.085519;0.086;0.087842;0.086049;0.085913;0.086075;0.085844;0.086125;0.08782;0.08902;0.087997;0.086699;0.085911;0.086088;0.08629;0.085541;0.086559;0.08633;0.085533;0.08576;0.086266;0.086221;0.086123;0.085936;0.085985;0.086598;0.086738;0.086488;0.086504;0.08693;0.086622;0.08658;0.086997;0.087334;0.086199;0.08648;0.087017;0.086191;0.085434;0.086196;0.085467;0.085417;0.087607;0.085709;0.085393;0.085547;0.085874;0.08583;0.087341;0.086493;0.086748;0.086323;0.086854;0.086565;0.086449;0.087628;0.086396;0.086511;0.087959;0.089242;0.087487;0.085895;0.086404;0.087032;0.087223;0.086383;0.086771;0.086244;0.086549;0.086253;0.086017;0.087933;0.085896;0.086967;0.086314;0.085559;0.085544;0.085181;0.086707;0.087163;0.087165;0.08613;0.086396;0.087144;0.086209;0.086387;0.085536;0.085128;0.085414;0.08528;0.086639;0.085341;0.086412;0.08562;0.089533;0.08597;0.08722;0.085878;0.087093;0.086821;0.085934;0.086636;0.086617;0.085856;0.08618;0.086514;0.087623;0.085819;0.085099;0.086092;0.086206;0.086341;0.086082;0.086075;0.087058;0.087701;0.085379;0.087091;0.086716;0.087022;0.086144;0.086223;0.086784;0.087317;0.086661;0.087078;0.086804;0.085789;0.086899;0.087268;0.086506;0.085536;0.086035;0.086023;0.086608;0.085953;0.086728;0.085922;0.08667;0.086585;0.086859;0.087678;0.086284;0.086028;0.086356;0.086174;0.086179;0.08627;0.085872;0.086712;0.086528;0.086512;0.087807;0.087366;0.085054;0.086079;0.085318;0.086125;0.086953;0.085058;0.085865;0.085554;0.086955;0.086469;0.087361;0.085455;0.086073;0.085856;0.086095;0.085368;0.085834;0.085341;0.086122;0.085671;0.086697;0.086494;0.08599;0.086017;0.086381;0.085534;0.086655;0.086293;0.085915;0.086148;0.086084;0.086041;0.086343;0.087193;0.085891;0.086549;0.086052;0.085218;0.086227;0.086698;0.085613;0.086211;0.087564;0.087763;0.086387;0.086705;0.086638;0.085809;0.086318;0.086627;0.085544;0.085823;0.087232;0.086202;0.087365;0.087004;0.086878;0.085381;0.085801;0.085971;0.086704;0.086514;0.086552;0.085882;0.085899;0.085791;0.085922;0.085987;0.08642;0.087345;0.085163;0.085934;0.084858;0.085982;0.08554;0.086075;0.085882;0.086515;0.085986;0.087452;0.08665;0.086617;0.085342;0.084965;0.085463;0.085301;0.086248;0.085306;0.085336;0.085191;0.085671;0.08616;0.086154;0.085486;0.085834;0.086001;0.086352;0.086737;0.085192;0.086489;0.085313;0.086591;0.086333;0.088823;0.086676;0.086897;0.085963;0.085959;0.086613;0.086808;0.086196;0.085966;0.085758;0.085938;0.087182;0.085904;0.085909;0.086048;0.085545;0.087683;0.086172;0.086623;0.086569;0.085992;0.086714;0.08622;0.086702;0.086255;0.08659;0.086035;0.086176;0.088004;0.086474;0.086156;0.086967;0.087192;0.08634;0.087397;0.084906;0.084597;0.085503;0.086211;0.084713;0.085877;0.084774;0.085217;0.087083;0.088224;0.087722;0.086719;0.085539;0.086161;0.086034;0.085861;0.085973;0.085786;0.086288;0.085872;0.085594;0.086086;0.085514;0.087405;0.087286;0.090128;0.087107;0.087933;0.086089;0.08678;0.087155;0.086603;0.086655;0.086653;0.087858;0.086288;0.085603;0.086196;0.086757;0.085646;0.085704;0.085375;0.085889;0.087745;0.086007;0.087747;0.086552;0.086217;0.085648;0.085668;0.085005;0.085302;0.085524;0.0865;0.086104;0.085959;0.086468;0.089042;0.085936;0.086455;0.08541;0.086334;0.086999;0.085523;0.086141;0.085377;0.086328;0.085957;0.08755;0.091818;0.088479;0.086667;0.087166;0.086582;0.085412;0.085693;0.087915;0.086616;0.086718;0.087354;0.087605;0.086589;0.086114;0.085291;0.084896;0.085705;0.086679;0.087481;0.087608;0.087176;0.086985;0.088411;0.089728;0.087584;0.087866;0.088063;0.086845;0.088101;0.088372;0.088473;0.089449;0.087919;0.08806;0.091324;0.087432;0.090547;0.089004;0.088407;0.088623;0.088143;0.088532;0.087553;0.087822;0.087424;0.090164;0.086524;0.086808;0.087776;0.086901;0.087445;0.088715;0.087607;0.087763;0.086652;0.088146;0.086809;0.089858;0.090297;0.087759;0.088155;0.087639;0.087124;0.087591;0.087439;0.087424;0.087534;0.088763;0.089425;0.087998;0.089817;0.087355;0.087869;0.087399;0.087042;0.087311;0.087625;0.087439;0.087004;0.087203;0.090363;0.087597;0.089709;0.087991;0.088118;0.088251;0.089253;0.087265;0.087663;0.087286;0.08873;0.089489;0.08735;0.086642;0.087639;0.088232;0.087902;0.087772;0.087104;0.087892;0.088191;0.087297;0.090234;0.088337;0.088726;0.087088;0.087637;0.088963;0.088216;0.087736;0.087674;0.087466;0.087544;0.088312;0.088435;0.086953;0.089929;0.087522;0.086981;0.086932;0.086381;0.087189;0.086927;0.088192;0.087016;0.089682;0.087728;0.088523;0.087366;0.088075;0.086943;0.087339;0.088412;0.087025;0.087517;0.087161;0.089235;0.086998;0.08666;0.087293;0.089508;0.087293;0.08744;0.088104;0.086945;0.087918;0.087289;0.086734;0.090269;0.087478;0.087669;0.087746;0.087221;0.087385;0.087619;0.087054;0.086877;0.088165;0.087947;0.089269;0.087103;0.086902;0.087612;0.087494;0.088933;0.086917;0.087694;0.087416;0.087021;0.087622;0.086326;0.089972;0.088258;0.087504;0.088312;0.087992;0.088612;0.088165;0.087544;0.088481;0.087496;0.090457;0.089936;0.086813;0.087177;0.087463;0.087995;0.087716;0.087778;0.088034;0.086965;0.086764;0.087639;0.087863;0.087154;0.088009;0.087354;0.087851;0.087617;0.087713;0.087513;0.087252;0.08806;0.088167;0.087918;0.088873;0.087315;0.087014;0.087188;0.087359;0.087778;0.087488;0.08743;0.087559;0.089019;0.088771;0.088785;0.088216;0.087795;0.087972;0.087243;0.088108;0.087871;0.08704;0.087573;0.087587;0.08771;0.089649;0.087254;0.087301;0.088017;0.088244;0.087674;0.087495;0.088912;0.087266;0.087308;0.088312;0.088285;0.091861;0.087904;0.087362;0.087907;0.088403;0.087076;0.08874;0.088245;0.088173;0.087661;0.087362;0.088883;0.089598;0.08761;0.088055;0.087073;0.087112;0.087921;0.087892;0.087605;0.087572;0.087186;0.087286;0.088864;0.086803;0.087328;0.087302;0.087484;0.087559;0.089751;0.087455;0.087059;0.087281;0.087775;0.088122;0.088028;0.087837;0.087195;0.087806;0.087632;0.087202;0.08901;0.088482;0.086991;0.088126;0.089051;0.087672;0.087123;0.087258;0.087116;0.087533;0.086684;0.087275;0.089735;0.087799;0.087389;0.086248;0.089062;0.087371;0.087362;0.087343;0.086195;0.085692;0.086481;0.087996;0.087509;0.087435;0.088234;0.089586;0.088105;0.08797;0.085897;0.086051;0.086528;0.087039;0.086781;0.086179;0.085741;0.08583;0.086192;0.091918;0.087377;0.087536;0.085495;0.08556;0.085504;0.086167;0.085885;0.085813;0.086277;0.086199;0.087052;0.086986;0.087203;0.087818;0.088438;0.086322;0.08586;0.08663;0.08681;0.086661;0.086595;0.088463;0.087065;0.086223;0.087045;0.086885;0.086216;0.085793;0.08596;0.086231;0.085141;0.086405;0.085704;0.086766;0.086929;0.086898;0.087959;0.087787;0.086535;0.086175;0.086331;0.086238;0.085693;0.087279;0.087337;0.090306;0.088311;0.087492;0.087005;0.086409;0.085561;0.086014;0.085742;0.085615;0.086336;0.085372;0.087202;0.08737;0.087705;0.086777;0.086176;0.086686;0.085805;0.086932;0.085623;0.087039;0.086725;0.08523;0.087931;0.087811;0.087367;0.085824;0.085876;0.086193;0.085781;0.086428;0.086289;0.087244;0.086396;0.087296;0.085922;0.08714;0.085967;0.085283;0.084992;0.085329;0.084695;0.0857;0.08596;0.085052;0.085528;0.086835;0.089304;0.08782;0.086332;0.085691;0.085895;0.085778;0.086105;0.086377;0.0862;0.085587;0.085644;0.0876;0.087431;0.087449;0.087116;0.085994;0.086047;0.085822;0.085588;0.086627;0.086801;0.08524;0.08735;0.087158;0.08682;0.085649;0.085358;0.086344;0.086018;0.086393;0.085644;0.085901;0.085704;0.085992;0.087398;0.086804;0.087821;0.087393;0.086576;0.085856;0.085494;0.086461;0.085649;0.086076;0.085735;0.087293;0.085736;0.087551;0.086822;0.086255;0.086182;0.086571;0.085571;0.086371;0.085674;0.085635;0.085586;0.086811;0.086355;0.088795;0.085993;0.08578;0.086525;0.08678;0.085643;0.086531;0.086647;0.086464;0.086714;0.091065;0.087638;0.087019;0.087118;0.086111;0.086917;0.085998;0.086394;0.086428;0.086588;0.086869;0.088047;0.087663;0.087406;0.08695;0.08628;0.085983;0.085573;0.085789;0.085584;0.087939;0.085811;0.08581;0.087563;0.086323;0.086029;0.086416;0.085025;0.085966;0.085676;0.086143;0.086981;0.085079;0.086288;0.08792;0.085992;0.086779;0.085884;0.085312;0.085209;0.085465;0.084635;0.087238;0.085475;0.085197;0.086276;0.088041;0.087742;0.087398;0.085935;0.086494;0.085298;0.087553;0.087604;0.086664;0.085913;0.086677;0.087255;0.08707;0.08733;0.085694;0.085964;0.085776;0.085689;0.085904;0.085287;0.086322;0.085376;0.085775;0.0873;0.088099;0.087963;0.08582;0.086163;0.0865;0.08633;0.085601;0.086089;0.086913;0.086608;0.087326;0.086493;0.087141;0.088009;0.087412;0.085245;0.086171;0.085767;0.086416;0.085768;0.085654;0.085588;0.086724;0.086746;0.086894;0.086163;0.086219;0.085837;0.085919;0.085577;0.084666;0.08742;0.085568;0.086131;0.088925;0.088135;0.087829;0.086111;0.086499;0.087069;0.086813;0.084903;0.085456;0.086203;0.085314;0.086537;0.08705;0.088019;0.087959;0.085968;0.085334;0.085814;0.086919;0.08514;0.086489;0.085676;0.086114;0.087551;0.08823;0.087942;0.087214;0.086593;0.086688;0.086298;0.085863;0.086713;0.086216;0.086586;0.086811;0.087741;0.087025;0.086872;0.086305;0.085526;0.086068;0.085798;0.08573;0.085448;0.086184;0.086185;0.089373;0.087945;0.087805;0.085822;0.086099;0.086088;0.086715;0.085689;0.086363;0.085798;0.085744;0.087057;0.086241;0.087863;0.088438;0.085883;0.086307;0.087014;0.086192;0.085153;0.085861;0.085884;0.086589;0.088228;0.088095;0.087619;0.086925;0.085947;0.086661;0.087954;0.086403;0.085531;0.086137;0.086223;0.088016;0.087358;0.087376;0.087994;0.087415;0.087173;0.086287;0.087904;0.086276;0.085871;0.086737;0.08665;0.088267;0.088307;0.08794;0.085809;0.085652;0.086381;0.087435;0.086595;0.086364;0.085545;0.086398;0.08711;0.087398;0.087914;0.087352;0.087047;0.086444;0.084972;0.085913;0.085561;0.08706;0.085743;0.085909;0.08705;0.087512;0.087947;0.086184;0.085424;0.085532;0.085624;0.086687;0.085858;0.086699;0.086157;0.087295;0.08732;0.087069;0.086786;0.085914;0.085826;0.085455;0.085854;0.085575;0.086121;0.085093;0.085961;0.086977;0.086757;0.087479;0.08679;0.08617;0.086021;0.086012;0.085381;0.086814;0.086208;0.08662;0.086076;0.087031;0.087764;0.086193;0.08557;0.085397;0.085191;0.085444;0.084653;0.08626;0.085582;0.085389;0.087409;0.087057;0.08712;0.086175;0.086004;0.084639;0.086575;0.086407;0.085384;0.08707;0.085846;0.087117;0.087864;0.087543;0.0861;0.086284;0.087451;0.086022;0.084789;0.08572;0.085922;0.085721;0.086272;0.085754;0.089289;0.087515;0.086905;0.085815;0.085128;0.085903;0.08574;0.088206;0.086915;0.085189;0.085927;0.087449;0.085502;0.086975;0.087226;0.085764;0.086554;0.085291;0.08616;0.085562;0.085962;0.085489;0.085301;0.088707;0.086994;0.086233;0.086639;0.086198;0.086066;0.085725;0.086788;0.086845;0.085723;0.086849;0.088716;0.08657;0.086516;0.085841;0.085798;0.085985;0.085556;0.086025;0.085664;0.085491;0.085289;0.085509;0.086963;0.086404;0.086371;0.08689;0.086492;0.085662;0.086201;0.085385;0.086155;0.086015;0.086126;0.08737;0.085532;0.087076;0.086074;0.087066;0.086602;0.08553;0.086027;0.08623;0.085317;0.085568;0.08535;0.087133;0.085413;0.086129;0.085482;0.087139;0.085058;0.084969;0.08544;0.085372;0.086121;0.085059;0.084999;0.086466;0.086635;0.085838;0.085337;0.086362;0.086504;0.087131;0.086303;0.086025;0.086203;0.086604;0.088748;0.086102;0.086561;0.085794;0.085079;0.085359;0.087694;0.086119;0.086425;0.086384;0.085775;0.086396;0.087283;0.08612;0.085381;0.085576;0.085457;0.085488;0.087509;0.085689;0.087113;0.085343;0.08567;0.087405;0.085119;0.085077;0.084938;0.085358;0.085875;0.08576;0.085739;0.085505;0.085235;0.0864;0.086777;0.086291;0.086824;0.087132;0.088535;0.087055;0.086389;0.086188;0.086487;0.086585;0.086138;0.086261;0.086742;0.087764;0.085281;0.086176;0.088661;0.086389;0.086072;0.085701;0.08583;0.085894;0.085513;0.085501;0.087211;0.087451;0.086851;0.086856;0.086459;0.085787;0.086513;0.088246;0.086607;0.086127;0.086444;0.08645;0.088323;0.087572;0.086949;0.08689;0.086629;0.08557;0.086234;0.087559;0.08598;0.086366;0.085478;0.0875;0.084231;0.085014;0.084895;0.085247;0.084334;0.085365;0.086213;0.085703;0.084746;0.085155;0.086201;0.086442;0.085694;0.08591;0.085273;0.085961;0.087185;0.086285;0.085529;0.08565;0.08599;0.086151;0.086167;0.08714;0.085734;0.086265;0.085629;0.085211;0.087605;0.085641;0.086261;0.086037;0.086024;0.086192;0.130454;0.085776;0.0867;0.086719;0.086799;0.085792;0.086509;0.085501;0.085718;0.085846;0.085639;0.087167;0.085527;0.08593;0.085926;0.085822;0.0863;0.085707;0.086002;0.085189;0.086039;0.086974;0.086032;0.088008;0.085824;0.085321;0.08491;0.087185;0.085981;0.085916;0.086279;0.086331;0.086437;0.086884;0.088454;0.08514;0.086232;0.085847;0.08742;0.086419;0.086139;0.086115;0.086036;0.086586;0.086734;0.08688;0.087345;0.086221;0.085335;0.085604;0.087059;0.087787;0.085743;0.085346;0.085617;0.084948;0.085701;0.087139;0.087653;0.086387;0.086502;0.08652;0.08651;0.085947;0.086446;0.085814;0.086977;0.085936;0.086036;0.087834;0.087051;0.086487;0.086895;0.086474;0.086251;0.085844;0.086951;0.086252;0.087159;0.086463;0.086914;0.088969;0.086144;0.08679;0.086078;0.087128;0.086506;0.08535;0.086456;0.086397;0.087029;0.0854;0.08723;0.086539;0.086629;0.08623;0.086794;0.086367;0.086859;0.087468;0.087457;0.086843;0.087305;0.087127;0.087339;0.087401;0.087759;0.088748;0.086065;0.086257;0.086782;0.085747;0.085763;0.086435;0.086981;0.088106;0.085484;0.086905;0.085063;0.086015;0.085452;0.085199;0.08492;0.086118;0.086978;0.086227;0.084765;0.095106;0.087492;0.086964;0.087216;0.085729;0.085968;0.086741;0.085108;0.085482;0.085866;0.085503;0.087483;0.085728;0.085944;0.084783;0.086108;0.084762;0.085435;0.086622;0.085808;0.08518;0.085303;0.08627;0.086669;0.085777;0.085484;0.086562;0.086939;0.084874;0.08624;0.086511;0.085502;0.086011;0.085552;0.086457;0.086359;0.087916;0.086296;0.08622;0.086149;0.086491;0.085111;0.085638;0.086106;0.085936;0.085616;0.087457;0.086249;0.085317;0.085527;0.08617;0.085673;0.086303;0.085835;0.08653;0.085811;0.086219;0.085959;0.088319;0.086575;0.087071;0.087472;0.086886;0.085851;0.086679;0.086402;0.086045;0.086542;0.086653;0.087959;0.085588;0.085085;0.08565;0.086055;0.085939;0.085533;0.085371;0.085119;0.085619;0.086093;0.086203;0.087008;0.085381;0.086034;0.086344;0.086702;0.086419;0.086177;0.08591;0.085493;0.088027;0.085742;0.085408;0.087246;0.086202;0.085414;0.085718;0.08531;0.085662;0.085582;0.084992;0.0868;0.086067;0.08521;0.088182;0.086201;0.086457;0.087311;0.087495;0.086604;0.085658;0.084973;0.084902;0.086487;0.085332;0.085543;0.087391;0.08678;0.086658;0.088132;0.087256;0.086169;0.088015;0.089129;0.088375;0.088297;0.086546;0.087825;0.086869;0.087378;0.087213;0.087994;0.086264;0.087048;0.087271;0.086642;0.086782;0.086679;0.085754;0.08782;0.08758;0.087004;0.087839;0.086487;0.086578;0.086112;0.087905;0.087867;0.088152;0.087174;0.088006;0.086765;0.086412;0.08658;0.086303;0.085033;0.087076;0.08677;0.086808;0.08669;0.08756;0.086259;0.087487;0.085772;0.086286;0.086283;0.085653;0.087355;0.086008;0.085983;0.086398;0.086509;0.086729;0.087801;0.085705;0.088189;0.087094;0.085869;0.085963;0.086505;0.086322;0.085907;0.087574;0.085949;0.086105;0.087325;0.086858;0.086161;0.086679;0.085851;0.086284;0.085916;0.086984;0.086782;0.0855;0.086753;0.086174;0.086923;0.085161;0.085795;0.086454;0.086108;0.085792;0.085308;0.086612;0.085561;0.085567;0.086601;0.086568;0.087149;0.085856;0.085251;0.085217;0.086286;0.088643;0.086765;0.085951;0.086069;0.0858;0.085708;0.087261;0.084923;0.085849;0.086235;0.08572;0.085976;0.087031;0.087479;0.086116;0.087024;0.085405;0.087227;0.086924;0.086669;0.086177;0.086802;0.086687;0.085886;0.087068;0.085817;0.085001;0.085388;0.086224;0.087556;0.086087;0.086262;0.085894;0.085862;0.087247;0.086822;0.085657;0.087237;0.086501;0.086181;0.086734;0.085472;0.087295;0.086282;0.086623;0.086081;0.086935;0.085777;0.085923;0.086258;0.086473;0.086859;0.087525;0.086548;0.086713;0.087089;0.086901;0.086592;0.085591;0.087044;0.085599;0.085812;0.085715;0.086343;0.087822;0.085975;0.085077;0.085406;0.085785;0.086094;0.085619;0.08606;0.085525;0.085653;0.085935;0.086393;0.087397;0.086076;0.087495;0.087819;0.086034;0.085849;0.085795;0.086982;0.085819;0.086181;0.087258;0.087981;0.087463;0.087038;0.085625;0.08634;0.086289;0.087373;0.086487;0.086956;0.08656;0.085953;0.087593;0.086161;0.086561;0.085958;0.085878;0.086394;0.085573;0.085543;0.086022;0.086295;0.085771;0.086769;0.08729;0.085737;0.085458;0.087582;0.086249;0.087479;0.086695;0.085354;0.086278;0.085672;0.087417;0.086122;0.086634;0.087226;0.086335;0.085801;0.08565;0.086176;0.08597;0.085644;0.085881;0.086846;0.08841;0.087262;0.086729;0.085962;0.085471;0.086026;0.086059;0.085529;0.085951;0.085903;0.086178;0.085858;0.086637;0.086325;0.085511;0.086997;0.085239;0.08582;0.085578;0.085941;0.085493;0.086288;0.085903;0.08491;0.087447;0.085833;0.086394;0.085154;0.086489;0.085376;0.085283;0.086103;0.087619;0.086317;0.085896;0.085682;0.087728;0.087354;0.087142;0.086132;0.086602;0.085664;0.086648;0.08563;0.08564;0.086507;0.086013;0.087314;0.08601;0.086457;0.086297;0.085699;0.085808;0.086196;0.088022;0.086231;0.086732;0.086012;0.086149;0.087297;0.085663;0.08664;0.086187;0.086204;0.085617;0.085139;0.087592;0.08633;0.084802;0.085577;0.086349;0.088424;0.086009;0.084678;0.08574;0.08614;0.085642;0.085301;0.085635;0.085314;0.085343;0.084675;0.087187;0.085629;0.086152;0.085121;0.0865;0.085356;0.086144;0.086262;0.085937;0.086345;0.086259;0.086659;0.087358;0.085795;0.085601;0.0875;0.08616;0.085654;0.086654;0.08555;0.085749;0.085749;0.085825;0.085612;0.087262;0.08547;0.085927;0.08634;0.085672;0.085747;0.085769;0.086191;0.086265;0.085247;0.086039;0.087007;0.086071;0.085471;0.085527;0.085737;0.086659;0.086348;0.086257;0.086081;0.085798;0.085621;0.085606;0.087212;0.086351;0.087048;0.085914;0.084926;0.085531;0.086014;0.085989;0.086428;0.085705;0.085995;0.087432;0.086003;0.085737;0.085681;0.084753;0.085728;0.085762;0.085072;0.086857;0.086102;0.08633;0.085865;0.087662;0.086102;0.085453;0.085746;0.086474;0.086097;0.085922;0.086233;0.08586;0.086456;0.085186;0.084669;0.086717;0.086347;0.085485;0.085749;0.086383;0.087175;0.085912;0.087001;0.085775;0.085504;0.085724;0.08672;0.086081;0.085781;0.086863;0.086145;0.085878;0.085884;0.085786;0.086065;0.088385;0.085646;0.086562;0.087192;0.08565;0.086418;0.086669;0.086008;0.085548;0.086246;0.085687;0.086539;0.085838;0.0856;0.086363;0.085934;0.085624;0.086511;0.087141;0.085676;0.085269;0.085492;0.086336;0.085914;0.085687;0.086352;0.08687;0.085599;0.085662;0.085789;0.085359;0.085448;0.086045;0.086176;0.086422;0.086945;0.08568;0.085571;0.087483;0.086014;0.084841;0.086536;0.085892;0.086007;0.086027;0.086572;0.086478;0.08585;0.08598;0.088118;0.085945;0.085816;0.08545;0.085522;0.086557;0.085807;0.08553;0.087171;0.086748;0.085806;0.08632;0.087027;0.086408;0.084838;0.085292;0.085956;0.086028;0.08557;0.085705;0.085917;0.086165;0.085784;0.085256;0.087558;0.087867;0.086319;0.086798;0.086348;0.085894;0.086159;0.085631;0.086085;0.085558;0.086611;0.104211;0.086047;0.085824;0.085597;0.086165;0.086078;0.086227;0.08676;0.086875;0.085842;0.085664;0.086236;0.087541;0.086574;0.08637;0.086469;0.086641;0.087295;0.08616;0.087159;0.08597;0.085592;0.086218;0.087981;0.085203;0.085316;0.085918;0.084471;0.086342;0.086571;0.085764;0.085414;0.085714;0.085149;0.086242;0.087352;0.085597;0.086459;0.086215;0.087065;0.086292;0.085475;0.085692;0.087051;0.088684;0.086284;0.086689;0.08603;0.085805;0.086231;0.085439;0.084761;0.085034;0.087625;0.085595;0.08608;0.086507;0.086712;0.087044;0.085797;0.085816;0.085426;0.085638;0.085043;0.085098;0.086355;0.086177;0.085317;0.085166;0.085177;0.087895;0.087762;0.085877;0.085833;0.086494;0.086892;0.085798;0.086576;0.088218;0.087166;0.08616;0.087481;0.085851;0.087379;0.086386;0.087072;0.085515;0.086963;0.086167;0.085661;0.08594;0.086162;0.086123;0.086147;0.084823;0.085585;0.085443;0.086993;0.085403;0.085584;0.085606;0.085241;0.08545;0.08605;0.086193;0.086286;0.086084;0.08792;0.086542;0.086668;0.086646;0.085522;0.086087;0.08632;0.086519;0.08703;0.086852;0.086779;0.086856;0.085111;0.086695;0.086606;0.087401;0.085914;0.087681;0.087125;0.085846;0.090429;0.086181;0.087546;0.087018;0.086602;0.085881;0.085894;0.087253;0.085775;0.086099;0.087416;0.086229;0.087425;0.085811;0.086097;0.087025;0.086158;0.086596;0.086548;0.08649;0.086016;0.086887;0.088981;0.088872;0.08937;0.087144;0.086706;0.086375;0.085945;0.086655;0.086265;0.086424;0.086722;0.086654;0.086256;0.088176;0.085805;0.086546;0.085362;0.086819;0.086685;0.08618;0.086429;0.085208;0.086398;0.085713;0.085795;0.087127;0.085889;0.08567;0.085939;0.086525;0.085382;0.086472;0.086665;0.086142;0.086012;0.086065;0.087771;0.086926;0.085885;0.086;0.086262;0.087002;0.086575;0.086204;0.086329;0.085458;0.085009;0.086726;0.088046;0.086414;0.086712;0.087266;0.087457;0.087847;0.08621;0.086461;0.085959;0.086354;0.085956;0.088326;0.086491;0.08606;0.085861;0.085434;0.085008;0.085667;0.085878;0.084994;0.08519;0.08506;0.085552;0.086994;0.085536;0.085649;0.08553;0.086417;0.086081;0.086408;0.085201;0.085735;0.086073;0.086608;0.087387;0.087963;0.088821;0.087764;0.087586;0.086609;0.086056;0.085298;0.085822;0.086016;0.085239;0.085612;0.088072;0.085493;0.08591;0.086546;0.086048;0.084953;0.085315;0.085483;0.08566;0.086103;0.086354;0.086125;0.087213;0.086832;0.086887;0.08543;0.086282;0.086405;0.086406;0.086251;0.086311;0.086216;0.08644;0.087766;0.085751;0.085823;0.086571;0.085868;0.085839;0.086886;0.086907;0.086065;0.087278;0.086431;0.087229;0.088259;0.086221;0.087621;0.086819;0.086582;0.086109;0.087257;0.086506;0.087164;0.085326;0.087713;0.087393;0.085997;0.0854;0.085175;0.086329;0.085818;0.085962;0.08589;0.086198;0.086304;0.086496;0.086391;0.087222;0.086104;0.086895;0.08586;0.087842;0.086929;0.086904;0.086877;0.086978;0.086556;0.086611;0.087625;0.085082;0.085263;0.085176;0.085946;0.088303;0.086777;0.085801;0.087029;0.085906;0.086443;0.085818;0.087572;0.085857;0.086258;0.086709;0.085709;0.085924;0.086343;0.086545;0.086169;0.086295;0.086451;0.086739;0.086659;0.086558;0.086345;0.085968;0.085644;0.08741;0.085784;0.086248;0.085976;0.085678;0.085234;0.087125;0.087232;0.086636;0.085591;0.085763;0.085831;0.086454;0.085864;0.085757;0.085459;0.086009;0.08594;0.08811;0.087304;0.085675;0.085873;0.085027;0.086156;0.086855;0.086429;0.087461;0.086545;0.086181;0.088299;0.087486;0.088232;0.085874;0.086182;0.085952;0.08609;0.087767;0.085475;0.085307;0.086021;0.086196;0.088113;0.088626;0.087497;0.088209;0.086555;0.086312;0.085471;0.087013;0.086893;0.086919;0.086875;0.087721;0.085548;0.087552;0.086029;0.085745;0.084919;0.086199;0.085456;0.085554;0.08491;0.085677;0.085515;0.08707;0.086633;0.086749;0.086121;0.086686;0.086201;0.085557;0.084905;0.085174;0.085169;0.085707;0.08622;0.088348;0.08586;0.086003;0.086005;0.085384;0.086197;0.085801;0.085431;0.086636;0.085719;0.086846;0.087985;0.086153;0.085756;0.0861;0.086878;0.085848;0.085812;0.085261;0.087392;0.086691;0.085456;0.08634;0.087291;0.087301;0.08704;0.086404;0.087453;0.086097;0.087063;0.086291;0.086542;0.086811;0.08628;0.088463;0.087456;0.087568;0.086027;0.085991;0.086204;0.085438;0.086516;0.086635;0.085863;0.086053;0.086745;0.087371;0.085651;0.085656;0.086034;0.085913;0.085611;0.085953;0.085997;0.087555;0.086062;0.085845;0.085735;0.086586;0.08634;0.085453;0.086717;0.085926;0.086237;0.085285;0.085866;0.08721;0.086939;0.086794;0.087968;0.085977;0.087736;0.0856;0.085474;0.086133;0.085751;0.085787;0.086165;0.086697;0.086862;0.085918;0.086751;0.085796;0.086653;0.08691;0.087037;0.085567;0.086472;0.086904;0.086425;0.086213;0.086542;0.087039;0.085162;0.08533;0.085962;0.085774;0.086603;0.085098;0.085371;0.085152;0.085424;0.085738;0.08636;0.086713;0.086277;0.085026;0.085507;0.085303;0.086374;0.085784;0.085956;0.085692;0.086308;0.086065;0.085349;0.087081;0.085863;0.085768;0.08534;0.085948;0.085498;0.085644;0.085376;0.086287;0.085701;0.085415;0.086988;0.086213;0.085669;0.085434;0.08657;0.085967;0.086889;0.085606;0.08572;0.086403;0.086302;0.086576;0.088842;0.086163;0.087526;0.086027;0.086383;0.085733;0.085321;0.08617;0.08586;0.085271;0.086347;0.087912;0.085654;0.086514;0.085697;0.085803;0.086606;0.08746;0.086688;0.087318;0.086157;0.087041;0.086341;0.088372;0.085128;0.085468;0.085448;0.08662;0.085599;0.08714;0.085533;0.085293;0.086232;0.085607;0.086941;0.087268;0.088683;0.087635;0.085561;0.086273;0.086071;0.08607;0.086085;0.086591;0.08613;0.086477;0.088231;0.087967;0.087952;0.088558;0.087495;0.084991;0.086619;0.086005;0.086385;0.086136;0.086348;0.088707;0.088354;0.08566;0.084977;0.086289;0.086249;0.085491;0.085507;0.085678;0.086007;0.085983;0.086499;0.087344;0.086945;0.085568;0.086482;0.085919;0.086517;0.087299;0.085921;0.085845;0.086088;0.085514;0.08842;0.085691;0.086225;0.085834;0.086109;0.086198;0.085777;0.085128;0.085402;0.086508;0.086232;0.086135;0.086741;0.08664;0.085708;0.085858;0.086417;0.088223;0.085986;0.086099;0.08616;0.086234;0.086975;0.086618;0.086249;0.086159;0.085143;0.0865;0.086124;0.086465;0.085309;0.086012;0.087922;0.08666;0.085947;0.087517;0.086412;0.085638;0.086133;0.085898;0.085707;0.08685;0.085733;0.086653;0.085796;0.085099;0.086334;0.087213;0.08634;0.086611;0.086834;0.085581;0.086519;0.086562;0.0862;0.086129;0.086609;0.086762;0.087333;0.086636;0.085006;0.085436;0.085939;0.086379;0.086048;0.085465;0.08602;0.085247;0.08584;0.085053;0.08721;0.087575;0.086257;0.085488;0.086217;0.086587;0.0863;0.087069;0.086315;0.086564;0.086488;0.086823;0.086036;0.085262;0.085215;0.085905;0.084861;0.085561;0.085543;0.084132;0.085389;0.085901;0.085597;0.086814;0.085607;0.08724;0.08545;0.085727;0.085662;0.086578;0.086613;0.085789;0.085691;0.086415;0.086762;0.0905;0.08646;0.084834;0.088052;0.086283;0.086665;0.086485;0.086918;0.086034;0.086515;0.086103;0.087056;0.086417;0.085556;0.086118;0.086444;0.086363;0.085104;0.086393;0.085646;0.08682;0.086032;0.087055;0.088101;0.087652;0.086459;0.086654;0.086916;0.08613;0.086272;0.085905;0.085639;0.085947;0.085956;0.086628;0.08644;0.085664;0.086962;0.086543;0.086122;0.08578;0.085914;0.086655;0.085312;0.086308;0.086148;0.087323;0.086541;0.08663;0.086959;0.08564;0.086894;0.085979;0.086017;0.085688;0.085849;0.086121;0.086151;0.088428;0.085797;0.086165;0.085646;0.086398;0.0863;0.085297;0.08616;0.086899;0.086242;0.087423;0.088401;0.085829;0.086451;0.088084;0.087854;0.08827;0.086601;0.086667;0.086021;0.085929;0.085089;0.085353;0.087536;0.08578;0.08626;0.085762;0.086931;0.087106;0.086511;0.086355;0.087097;0.086074;0.085832;0.087499;0.08631;0.085619;0.086608;0.086153;0.08522;0.085948;0.085972;0.085425;0.087736;0.087105;0.085105;0.086821;0.086622;0.086448;0.085858;0.085634;0.08619;0.08652;0.08603;0.085576;0.08575;0.086835;0.086061;0.087079;0.08598;0.086891;0.0869;0.085797;0.086617;0.086856;0.086266;0.085526;0.086874;0.086944;0.088161;0.088744;0.08705;0.086276;0.086088;0.087059;0.085918;0.085989;0.08666;0.086396;0.087989;0.086322;0.087684;0.088752;0.085426;0.085521;0.086496;0.085497;0.085948;0.085713;0.086317;0.08588;0.086463;0.087561;0.085408;0.085686;0.086014;0.0847;0.085876;0.086369;0.085689;0.08535;0.086556;0.086537;0.086115;0.087603;0.086753;0.08617;0.08619;0.085451;0.086037;0.085735;0.086255;0.085943;0.085889;0.086854;0.087459;0.08492;0.08571;0.085766;0.085013;0.086053;0.085558;0.085709;0.086093;0.085874;0.085479;0.085846;0.087666;0.086223;0.088137;0.086022;0.086294;0.085539;0.086612;0.086076;0.086818;0.086834;0.08644;0.086433;0.08729;0.086377;0.086698;0.086184;0.086072;0.086628;0.085632;0.086529;0.086909;0.085776;0.086314;0.087829;0.085424;0.085735;0.08533;0.085969;0.086047;0.086913;0.085876;0.087398;0.085385;0.086022;0.085108;0.088026;0.086134;0.085799;0.086192;0.085284;0.08625;0.085918;0.086371;0.086602;0.085707;0.086021;0.087518;0.086402;0.086031;0.087269;0.086768;0.085945;0.086331;0.085835;0.086617;0.086443;0.087021;0.086507;0.089392;0.085473;0.086293;0.08548;0.085502;0.085762;0.08614;0.08535;0.085789;0.086392;0.086726;0.086188;0.08788;0.086319;0.086223;0.086444;0.086362;0.086526;0.086211;0.08693;0.086454;0.086601;0.086519;0.08797;0.086171;0.086486;0.086094;0.086897;0.086264;0.086225;0.085937;0.085676;0.086213;0.087299;0.086113;0.086609;0.087238;0.086748;0.086144;0.086615;0.086523;0.086395;0.086792;0.086233;0.086711;0.086635;0.086976;0.086644;0.0871;0.087365;0.086344;0.087044;0.085938;0.085719;0.086409;0.085676;0.085678;0.085446;0.087299;0.085991;0.086076;0.087026;0.086098;0.086671;0.086482;0.085435;0.085942;0.08627;0.085642;0.085791;0.086126;0.086657;0.086844;0.086491;0.086471;0.086425;0.085721;0.085309;0.085118;0.085657;0.085879;0.087446;0.086164;0.086821;0.085722;0.084836;0.085595;0.08532;0.087398;0.086049;0.086042;0.086292;0.085752;0.087486;0.087353;0.08752;0.086933;0.087028;0.085841;0.086604;0.088841;0.086974;0.086883;0.086617;0.088748;0.087001;0.086712;0.087135;0.085931;0.085764;0.085946;0.086137;0.086512;0.086553;0.086567;0.085758;0.086825;0.08538;0.085382;0.085138;0.085394;0.084478;0.086133;0.085623;0.085193;0.086438;0.085762;0.08661;0.085933;0.085671;0.085865;0.085455;0.085959;0.085911;0.085716;0.085307;0.085496;0.087737;0.084508;0.086941;0.086803;0.086462;0.086264;0.086751;0.086082;0.087248;0.086701;0.086501;0.085883;0.087986;0.0862;0.08697;0.085567;0.086155;0.085353;0.085835;0.087087;0.086561;0.086262;0.0862;0.085474;0.08596;0.086583;0.086103;0.085869;0.085818;0.086836;0.086563;0.086016;0.086326;0.086585;0.086588;0.085293;0.086094;0.086992;0.086024;0.085468;0.085979;0.087079;0.08643;0.085813;0.087742;0.086205;0.086441;0.085674;0.087092;0.085882;0.08571;0.086073;0.085367;0.086331;0.086067;0.086047;0.086634;0.086678;0.085849;0.085328;0.086932;0.087089;0.08715;0.086516;0.086419;0.086185;0.086667;0.086776;0.086751;0.08609;0.086255;0.08704;0.086306;0.086318;0.085523;0.086667;0.087033;0.086068;0.086081;0.086488;0.086378;0.087769;0.085524;0.088177;0.085742;0.086226;0.086746;0.085089;0.085589;0.084977;0.085308;0.084748;0.085663;0.086317;0.085732;0.088552;0.086445;0.085723;0.087063;0.086412;0.085771;0.088369;0.087907;0.085897;0.085945;0.086761;0.087142;0.085698;0.085549;0.085869;0.085528;0.08546;0.084982;0.086448;0.086264;0.085472;0.085922;0.085607;0.087207;0.086359;0.085765;0.085526;0.085922;0.086398;0.085525;0.086912;0.08715;0.08554;0.085372;0.08718;0.086974;0.086866;0.08715;0.087104;0.087062;0.087016;0.086245;0.086274;0.086847;0.086568;0.086689;0.087788;0.087656;0.086006;0.085603;0.086284;0.086663;0.086239;0.086619;0.086097;0.086244;0.086051;0.085656;0.086387;0.085935;0.086045;0.087657;0.085929;0.084898;0.087707;0.086929;0.086207;0.085938;0.08709;0.087391;0.086346;0.086063;0.086424;0.086185;0.085177;0.085888;0.086993;0.087087;0.085931;0.086629;0.086515;0.087403;0.085644;0.086261;0.086366;0.08614;0.085076;0.086203;0.085711;0.086184;0.086066;0.087821;0.087093;0.086994;0.08676;0.085704;0.085171;0.086065;0.086616;0.086744;0.086325;0.086263;0.085658;0.087702;0.086731;0.086779;0.086636;0.085733;0.086102;0.08546;0.085441;0.086909;0.086627;0.086228;0.086468;0.087037;0.086159;0.086896;0.086667;0.087415;0.08709;0.086935;0.087287;0.086164;0.086123;0.085739;0.085814;0.087477;0.086757;0.087211;0.087734;0.086555;0.086199;0.086051;0.085678;0.086202;0.086529;0.087068;0.087536;0.085569;0.087038;0.086547;0.086165;0.085685;0.086044;0.085972;0.085272;0.085876;0.085447;0.086128;0.08694;0.087305;0.087624;0.087015;0.086773;0.086392;0.086817;0.086345;0.086379;0.086344;0.086612;0.086698;0.088568;0.087896;0.086115;0.085707;0.086005;0.085888;0.086;0.087531;0.085685;0.086227;0.085664;0.086561;0.08736;0.086859;0.086346;0.086879;0.087745;0.086187;0.085497;0.086542;0.085129;0.085655;0.086159;0.086858;0.088314;0.086491;0.085749;0.086156;0.085737;0.085922;0.087001;0.086472;0.086032;0.085953;0.087652;0.085023;0.087785;0.085832;0.085628;0.085172;0.085445;0.085683;0.085553;0.085934;0.085505;0.086729;0.087215;0.086194;0.086153;0.086324;0.08555;0.085724;0.085955;0.086818;0.085564;0.086626;0.088118;0.08608;0.087409;0.086176;0.086444;0.087926;0.087606;0.086641;0.088173;0.087026;0.08805;0.08731;0.088188;0.088057;0.087316;0.086396;0.086192;0.086497;0.086636;0.086215;0.08602;0.086015;0.086969;0.087163;0.086584;0.087349;0.085662;0.086844;0.086985;0.08643;0.086007;0.085695;0.085272;0.087362;0.086004;0.085866;0.087709;0.086107;0.085738;0.085811;0.085791;0.087799;0.086491;0.085616;0.085495;0.085708;0.085444;0.085244;0.086655;0.085807;0.085485;0.085556;0.086086;0.08556;0.085349;0.086403;0.085631;0.085426;0.085298;0.086678;0.085991;0.086266;0.085832;0.085513;0.085426;0.084921;0.086541;0.086181;0.085472;0.086346;0.086256;0.087067;0.085878;0.085239;0.085505;0.085885;0.085664;0.086347;0.086029;0.086087;0.08608;0.085937;0.085588;0.08696;0.086988;0.086731;0.086172;0.086602;0.08544;0.086194;0.08576;0.086788;0.086388;0.088229;0.087338;0.086326;0.086851;0.086393;0.086384;0.086101;0.086255;0.086578;0.086073;0.086056;0.086858;0.088678;0.08762;0.087092;0.087724;0.086333;0.086091;0.085493;0.086686;0.085718;0.085781;0.086674;0.086001;0.087872;0.086378;0.086213;0.087526;0.086464;0.086842;0.086165;0.086184;0.085965;0.085943;0.085933;0.086133;0.086609;0.085646;0.086703;0.086;0.086011;0.085247;0.086264;0.086675;0.088048;0.086388;0.08677;0.08656;0.086018;0.08601;0.086024;0.085662;0.086108;0.085791;0.086041;0.086088;0.08635;0.0867;0.087187;0.087297;0.086273;0.085872;0.086037;0.08617;0.086529;0.087424;0.086631;0.086753;0.088339;0.086291;0.086164;0.086724;0.084741;0.085718;0.086179;0.086279;0.087111;0.086829;0.086266;0.086389;0.085873;0.085973;0.087542;0.085923;0.086049;0.086417;0.086248;0.086332;0.085645;0.086104;0.085393;0.085622;0.085754;0.085284;0.087808;0.089627;0.087066;0.086904;0.08709;0.087435;0.087786;0.087174;0.087052;0.086151;0.086309;0.087556;0.086435;0.08565;0.085156;0.085373;0.085776;0.086701;0.086325;0.086391;0.085429;0.086175;0.08636;0.08738;0.086075;0.086586;0.085652;0.086573;0.085852;0.08596;0.086125;0.086286;0.086003;0.085668;0.087189;0.086429;0.086218;0.088119;0.086803;0.085602;0.085664;0.087109;0.086244;0.085818;0.086775;0.086154;0.087239;0.084965;0.085619;0.087097;0.08565;0.085337;0.084611;0.085141;0.08522;0.086341;0.08633;0.085748;0.087211;0.086462;0.08509;0.086112;0.086637;0.085626;0.087631;0.085729;0.085215;0.08583;0.085724;0.08668;0.086643;0.087019;0.086238;0.086579;0.08618;0.08738;0.086726;0.086858;0.086874;0.087012;0.085791;0.087053;0.085489;0.086056;0.087214;0.086141;0.085105;0.085746;0.085891;0.086171;0.086276;0.087955;0.087055;0.086529;0.086217;0.086553;0.08606;0.085906;0.085195;0.086567;0.086319;0.086179;0.085559;0.086218;0.087082;0.086499;0.086194;0.085383;0.086141;0.085889;0.086288;0.086619;0.086801;0.087046;0.086448;0.085374;0.087975;0.085964;0.086275;0.086354;0.086682;0.085769;0.08644;0.085468;0.086696;0.086567;0.086492;0.087125;0.084773;0.085938;0.086667;0.085823;0.085565;0.086658;0.086367;0.085816;0.086521;0.085364;0.085859;0.08844;0.08891;0.08745;0.087195;0.087412;0.086726;0.086849;0.088081;0.086904;0.086318;0.087514;0.087904;0.086349;0.086176;0.086757;0.086134;0.085567;0.086208;0.086878;0.086289;0.086757;0.085764;0.085602;0.086697;0.087274;0.085344;0.086516;0.085514;0.085746;0.085754;0.086462;0.08649;0.086326;0.086663;0.087694;0.085825;0.085829;0.085172;0.085956;0.085895;0.085514;0.086206;0.084956;0.085809;0.086221;0.088131;0.086593;0.086151;0.086829;0.08576;0.085932;0.086259;0.085784;0.086473;0.084502;0.086381;0.08594;0.086108;0.087074;0.086199;0.085336;0.086198;0.086136;0.085875;0.086024;0.085132;0.085387;0.08615;0.086019;0.086502;0.086205;0.086122;0.088479;0.085378;0.086371;0.08693;0.086175;0.085698;0.086112;0.086004;0.08671;0.088086;0.085526;0.085928;0.085972;0.086161;0.085742;0.086638;0.086382;0.086247;0.086191;0.086735;0.086995;0.085822;0.087604;0.085585;0.085567;0.085704;0.086298;0.085955;0.086279;0.085822;0.085594;0.085163;0.087248;0.086503;0.086419;0.087198;0.086519;0.086886;0.086283;0.086783;0.086892;0.086138;0.086615;0.085824;0.088169;0.085679;0.086577;0.085764;0.085535;0.085194;0.086474;0.085463;0.085553;0.085004;0.085339;0.086152;0.086305;0.085909;0.086182;0.08581;0.085888;0.086129;0.086354;0.08595;0.085977;0.087143;0.08646;0.087249;0.085387;0.086125;0.086129;0.087041;0.085121;0.086088;0.085833;0.085936;0.085818;0.085008;0.087083;0.087023;0.085908;0.086965;0.086348;0.086709;0.086179;0.085971;0.08612;0.086279;0.086559;0.086348;0.087125;0.084976;0.086362;0.085994;0.08581;0.085467;0.085337;0.08565;0.085279;0.085727;0.085625;0.087137;0.087921;0.085644;0.085717;0.085745;0.086052;0.085563;0.085535;0.085804;0.085569;0.085652;0.085768;0.086767;0.086432;0.085932;0.084759;0.086876;0.086516;0.086965;0.086003;0.086835;0.08567;0.086257;0.085727;0.087818;0.086825;0.086584;0.086366;0.085992;0.085935;0.08655;0.086789;0.086241;0.0868;0.086096;0.087024;0.086545;0.087551;0.08612;0.086066;0.085964;0.08593;0.087138;0.084849;0.086019;0.085967;0.085451;0.086898;0.08932;0.087064;0.086292;0.086395;0.085528;0.086051;0.086835;0.087434;0.086342;0.086868;0.087506;0.087116;0.089783;0.086168;0.086821;0.085828;0.086488;0.086128;0.085968;0.086595;0.086271;0.085223;0.087982;0.087171;0.086693;0.086071;0.085981;0.086239;0.086747;0.086351;0.085827;0.085791;0.084442;0.086472;0.087623;0.088546;0.087483;0.086477;0.085716;0.08615;0.086107;0.087246;0.086215;0.088054;0.087537;0.090102;0.087693;0.087971;0.085561;0.086062;0.085426;0.085575;0.086709;0.085727;0.086242;0.085657;0.085799;0.088522;0.088009;0.088;0.085832;0.087033;0.086064;0.085971;0.086372;0.086583;0.086234;0.085871;0.087694;0.087737;0.087526;0.087936;0.087513;0.086653;0.086554;0.086164;0.085907;0.086426;0.086884;0.087079;0.08767;0.086061;0.08651;0.086913;0.086638;0.086437;0.086336;0.08654;0.087173;0.086869;0.086009;0.086529;0.08498;0.087314;0.085518;0.085428;0.085792;0.086173;0.086046;0.085588;0.08613;0.084888;0.085993;0.087157;0.08547;0.086527;0.086179;0.085831;0.085712;0.085771;0.086195;0.086864;0.086431;0.085783;0.085935;0.087371;0.085037;0.085355;0.085022;0.086511;0.085808;0.086047;0.086718;0.086668;0.084632;0.086175;0.0875;0.085698;0.085773;0.0864;0.087183;0.085878;0.087416;0.086621;0.085821;0.086253;0.085877;0.085972;0.087201;0.086208;0.086159;0.086686;0.086553;0.085634;0.086035;0.085819;0.08578;0.088031;0.086487;0.087604;0.086368;0.085982;0.085763;0.08611;0.086512;0.086596;0.085523;0.086327;0.087088;0.08633;0.086892;0.086922;0.0906;0.087792;0.086751;0.08592;0.086373;0.08548;0.086081;0.086372;0.086924;0.086383;0.087734;0.087026;0.087364;0.086159;0.086647;0.086164;0.08647;0.088274;0.087277;0.087007;0.08687;0.087074;0.087622;0.086612;0.087058;0.087187;0.086458;0.086726;0.085504;0.085656;0.086566;0.086817;0.085512;0.087799;0.08826;0.08645;0.085932;0.086895;0.08667;0.086859;0.086638;0.086257;0.085615;0.085864;0.085895;0.087131;0.086628;0.086832;0.087233;0.086998;0.085813;0.086596;0.086374;0.086635;0.085798;0.086795;0.087835;0.086458;0.086882;0.08691;0.086519;0.089029;0.087323;0.086258;0.086678;0.088168;0.087303;0.086894;0.087374;0.085016;0.085808;0.086149;0.085784;0.086491;0.085684;0.085909;0.086387;0.086083;0.086303;0.085312;0.095445;0.085617;0.085079;0.087803;0.085718;0.086282;0.086274;0.086088;0.086611;0.085261;0.085636;0.086516;0.086396;0.085858;0.086115;0.086419;0.086407;0.085452;0.08515;0.085531;0.08581;0.086531;0.0861;0.086751;0.086631;0.089082;0.08713;0.085866;0.085759;0.086116;0.086093;0.085248;0.086022;0.086169;0.087255;0.087008;0.08639;0.085778;0.085498;0.085439;0.087793;0.086083;0.086656;0.085947;0.087137;0.08706;0.087331;0.085447;0.085857;0.085265;0.085542;0.086679;0.08756;0.086275;0.086184;0.086229;0.085993;0.08978;0.08593;0.085552;0.086517;0.08597;0.085806;0.085733;0.085958;0.086623;0.085799;0.086656;0.08706;0.087233;0.086451;0.086387;0.086763;0.08581;0.086904;0.087026;0.086332;0.086965;0.087032;0.087063;0.087255;0.086082;0.085535;0.08627;0.085956;0.08602;0.086294;0.086036;0.085963;0.088622;0.086035;0.085588;0.087305;0.086208;0.085431;0.086517;0.085233;0.085138;0.085868;0.085807;0.085741;0.086797;0.086834;0.086614;0.087187;0.085852;0.086066;0.085717;0.085504;0.086365;0.086127;0.088065;0.086635;0.086068;0.086491;0.088225;0.086582;0.08618;0.085664;0.086021;0.085541;0.086455;0.087225;0.08625;0.086343;0.086479;0.086;0.086965;0.08792;0.086432;0.085438;0.086417;0.086564;0.085036;0.086322;0.087502;0.085956;0.086149;0.087471;0.086066;0.085048;0.085964;0.085826;0.085074;0.085739;0.08517;0.086;0.085437;0.08685;0.086069;0.086098;0.085558;0.085254;0.085015;0.086292;0.085646;0.085808;0.08568;0.085884;0.085686;0.086747;0.08622;0.08729;0.085971;0.087244;0.085926;0.086062;0.086682;0.085558;0.086356;0.086391;0.086217;0.086554;0.087582;0.085598;0.085488;0.085608;0.08552;0.086634;0.086476;0.086071;0.086327;0.086067;0.085562;0.086383;0.086659;0.085126;0.0871;0.085173;0.085293;0.085576;0.085668;0.085209;0.086124;0.085715;0.085911;0.084862;0.087154;0.086555;0.087613;0.086232;0.086008;0.086396;0.085983;0.086439;0.085843;0.085383;0.086573;0.087567;0.085831;0.085509;0.085597;0.085947;0.086574;0.088378;0.085617;0.085257;0.085885;0.086408;0.086659;0.086815;0.085969;0.085668;0.086434;0.086196;0.085276;0.085801;0.085706;0.08622;0.086811;0.085695;0.086978;0.085929;0.086143;0.085982;0.085549;0.085646;0.085916;0.084971;0.085582;0.086209;0.086485;0.086262;0.086825;0.086929;0.085687;0.0865;0.087;0.086608;0.086667;0.087235;0.086815;0.086184;0.08625;0.087942;0.085502;0.086435;0.086544;0.085392;0.086574;0.088151;0.086888;0.085357;0.086352;0.086316;0.08571;0.087059;0.085852;0.086046;0.085332;0.085536;0.086596;0.08575;0.085976;0.085969;0.085405;0.085591;0.086284;0.086788;0.086684;0.085234;0.085586;0.086564;0.08639;0.086584;0.085955;0.086664;0.088409;0.08576;0.088237;0.085958;0.086402;0.08575;0.086201;0.086421;0.086852;0.086721;0.087778;0.086346;0.088222;0.087411;0.087839;0.086508;0.086221;0.085958;0.085726;0.086587;0.086289;0.086244;0.084916;0.085638;0.086938;0.086498;0.08598;0.085738;0.085654;0.085162;0.085703;0.085085;0.086038;0.085849;0.085228;0.085732;0.085221;0.087019;0.086916;0.086213;0.086273;0.085719;0.08594;0.086776;0.08639;0.087855;0.086511;0.086468;0.086323;0.087853;0.085844;0.086226;0.085494;0.085632;0.085871;0.08691;0.086182;0.087305;0.085895;0.086948;0.087603;0.087784;0.086152;0.086897;0.08621;0.086111;0.087295;0.0861;0.08652;0.086428;0.086618;0.087033;0.087029;0.086458;0.085514;0.084706;0.086348;0.086215;0.086474;0.085328;0.084787;0.085893;0.085732;0.086701;0.086108;0.086904;0.086046;0.085549;0.085658;0.086549;0.088495;0.085628;0.086925;0.086557;0.087119;0.08638;0.084795;0.085728;0.085674;0.085257;0.085808;0.085371;0.086344;0.086065;0.085413;0.086204;0.08519;0.087384;0.085745;0.085867;0.085426;0.084982;0.085765;0.086104;0.086537;0.085513;0.086422;0.085489;0.087303;0.086388;0.086774;0.086486;0.086042;0.086479;0.086364;0.086971;0.087266;0.086188;0.08678;0.086496;0.087091;0.08514;0.085072;0.086565;0.086459;0.085528;0.085941;0.086761;0.085222;0.085248;0.085547;0.087161;0.086091;0.087193;0.086546;0.086418;0.086434;0.087199;0.086614;0.088015;0.086833;0.08702;0.086957;0.086467;0.084385;0.085222;0.08566;0.0862;0.086121;0.086576;0.086008;0.086029;0.085826;0.085428;0.087813;0.085621;0.086056;0.085805;0.085699;0.085323;0.086149;0.087198;0.08662;0.085872;0.086092;0.085692;0.087834;0.085781;0.087852;0.086786;0.086393;0.086732;0.086906;0.086737;0.085985;0.08766;0.087512;0.086663;0.087748;0.086826;0.088204;0.086494;0.08628;0.087134;0.086454;0.086958;0.087234;0.086328;0.086505;0.08815;0.08674;0.086884;0.085892;0.085694;0.086598;0.085583;0.086164;0.086033;0.086671;0.085994;0.086205;0.086124;0.085547;0.085287;0.085892;0.086101;0.085518;0.085612;0.085364;0.086094;0.086001;0.085187;0.088072;0.086847;0.085184;0.085398;0.08641;0.085484;0.086693;0.085181;0.085562;0.084931;0.086151;0.08544;0.08703;0.086646;0.088351;0.086986;0.086477;0.086689;0.086519;0.085626;0.086125;0.085826;0.086196;0.086034;0.087065;0.085273;0.08564;0.085045;0.086618;0.086374;0.085662;0.087278;0.085545;0.086669;0.085837;0.086826;0.085316;0.085713;0.085663;0.087191;0.085754;0.085884;0.086551;0.086012;0.085483;0.085941;0.085888;0.086226;0.086621;0.087487;0.086744;0.086573;0.086931;0.087065;0.086527;0.087174;0.086681;0.086617;0.088135;0.085952;0.085436;0.086772;0.085702;0.086382;0.086258;0.085977;0.088778;0.085941;0.086316;0.085283;0.087107;0.08639;0.085789;0.085768;0.086537;0.086669;0.085898;0.085384;0.087951;0.0862;0.085608;0.086714;0.085927;0.08639;0.08583;0.085737;0.085275;0.085063;0.085169;0.0864;0.086181;0.085198;0.085047;0.086298;0.085783;0.086566;0.086933;0.086371;0.086736;0.086382;0.08601;0.086312;0.086421;0.087239;0.087163;0.088615;0.085821;0.086339;0.086327;0.085871;0.086678;0.086179;0.085871;0.085827;0.085251;0.086366;0.087386;0.088224;0.086114;0.086405;0.086003;0.086629;0.086447;0.085608;0.086271;0.086129;0.086639;0.085801;0.088399;0.085985;0.085972;0.085801;0.086677;0.086998;0.085733;0.086588;0.086662;0.086512;0.086707;0.086771;0.085558;0.088006;0.085347;0.086186;0.086411;0.086243;0.08679;0.086348;0.085665;0.086354;0.086502;0.086309;0.086177;0.085561;0.086275;0.085962;0.08796;0.085911;0.085922;0.086043;0.087086;0.086863;0.085663;0.086881;0.085812;0.085941;0.085945;0.086402;0.086743;0.086695;0.086121;0.086448;0.086157;0.086662;0.088019;0.084852;0.08701;0.086522;0.087561;0.085811;0.085635;0.086694;0.085712;0.086005;0.085428;0.086459;0.086945;0.086428;0.086185;0.086617;0.085654;0.085371;0.085305;0.085987;0.085606;0.085561;0.086401;0.086862;0.085578;0.086944;0.085407;0.086905;0.085763;0.084732;0.085521;0.087371;0.084564;0.085512;0.08579;0.087141;0.086569;0.08631;0.086025;0.084899;0.085991;0.086304;0.085621;0.085761;0.086125;0.086233;0.085926;0.086946;0.08501;0.085599;0.086246;0.085812;0.086082;0.086043;0.085576;0.086825;0.086472;0.086437;0.093856;0.086326;0.086269;0.085768;0.086698;0.086428;0.087212;0.086648;0.085257;0.086676;0.087316;0.086599;0.086698;0.084436;0.084674;0.085479;0.0854;0.086008;0.085428;0.085622;0.085061;0.085365;0.087008;0.086349;0.085732;0.085637;0.086666;0.086168;0.086022;0.086436;0.086663;0.085829;0.086358;0.086471;0.086332;0.087688;0.085737;0.085187;0.086122;0.08566;0.084806;0.085526;0.085205;0.084492;0.085415;0.085519;0.085665;0.087194;0.085517;0.088117;0.085693;0.085413;0.08634;0.085902;0.085585;0.086668;0.085451;0.086825;0.08699;0.086071;0.085173;0.085531;0.085902;0.08572;0.085898;0.085483;0.08606;0.085749;0.086292;0.085518;0.086496;0.088153;0.085693;0.086397;0.08581;0.086002;0.08634;0.086549;0.085302;0.086541;0.086789;0.087221;0.085332;0.085071;0.086224;0.084456;0.084557;0.085286;0.085422;0.085849;0.085279;0.085057;0.085734;0.08803;0.085234;0.085314;0.085325;0.08584;0.086374;0.085439;0.085706;0.086209;0.08549;0.085381;0.085746;0.087273;0.085934;0.086288;0.087522;0.08629;0.085369;0.087611;0.084915;0.085705;0.08566;0.086084;0.087041;0.085628;0.086547;0.085871;0.08604;0.086498;0.085627;0.086152;0.085718;0.086658;0.086616;0.085616;0.08715;0.086119;0.086165;0.085994;0.086468;0.085713;0.086506;0.086462;0.085999;0.086231;0.086078;0.08704;0.088736;0.084635;0.085808;0.085633;0.0869;0.085474;0.085176;0.086308;0.085917;0.085228;0.086384;0.087925;0.088074;0.085874;0.086176;0.086413;0.086661;0.086127;0.086293;0.086289;0.086067;0.086009;0.086253;0.087266;0.086198;0.085386;0.085786;0.085774;0.086435;0.086119;0.085746;0.086155;0.085453;0.086945;0.086855;0.086068;0.085838;0.085575;0.086133;0.087768;0.085948;0.08548;0.08675;0.085878;0.08611;0.085833;0.086936;0.085376;0.085124;0.08489;0.086326;0.084698;0.085167;0.085694;0.084974;0.085573;0.084547;0.085533;0.086408;0.084995;0.085341;0.085277;0.085544;0.085607;0.084152;0.085676;0.08729;0.086844;0.085611;0.086997;0.085536;0.085613;0.085955;0.085758;0.086225;0.086552;0.085728;0.08589;0.085655;0.085877;0.086825;0.087352;0.087186;0.086061;0.085449;0.086649;0.085872;0.087359;0.086268;0.087029;0.0861;0.08559;0.086507;0.086417;0.086597;0.086186;0.086019;0.08771;0.087803;0.086822;0.086661;0.085814;0.08603;0.088054;0.089101;0.088488;0.088629;0.087318;0.085671;0.087218;0.086905;0.086605;0.08582;0.086269;0.085441;0.087598;0.085064;0.086222;0.085406;0.085032;0.08526;0.086454;0.086872;0.085413;0.08531;0.085457;0.086208;0.085881;0.087264;0.086285;0.085876;0.085915;0.085803;0.085964;0.085904;0.086191;0.08668;0.085702;0.085303;0.087052;0.08555;0.086546;0.087894;0.086234;0.086518;0.085852;0.086023;0.087052;0.086517;0.087865;0.086609;0.085522;0.086425;0.085844;0.086212;0.085554;0.086098;0.086196;0.086188;0.086999;0.086911;0.08674;0.087096;0.086094;0.087087;0.086166;0.085717;0.086143;0.086721;0.085778;0.086317;0.087089;0.086392;0.087591;0.086496;0.086462;0.087832;0.085661;0.086634;0.086214;0.08571;0.08617;0.087041;0.086413;0.086536;0.087581;0.086795;0.087066;0.087635;0.086149;0.08627;0.085567;0.086023;0.085848;0.086181;0.086608;0.086416;0.08709;0.086854;0.086239;0.086026;0.086556;0.086102;0.08681;0.087156;0.086461;0.087602;0.08618;0.087646;0.087767;0.087854;0.08644;0.085011;0.087344;0.086221;0.085263;0.086499;0.084803;0.085828;0.08645;0.08802;0.087956;0.086667;0.086819;0.085706;0.086752;0.085862;0.086213;0.08648;0.086726;0.086513;0.086952;0.087874;0.085568;0.085588;0.087365;0.086768;0.085763;0.086307;0.086574;0.086277;0.086465;0.086131;0.08714;0.085862;0.085979;0.086257;0.085775;0.087192;0.085764;0.086573;0.086073;0.08564;0.086061;0.086531;0.08502;0.08546;0.085907;0.086424;0.086361;0.085842;0.085218;0.085627;0.085278;0.085501;0.084816;0.086693;0.085609;0.086492;0.085391;0.085525;0.086557;0.08581;0.085386;0.086313;0.085375;0.086331;0.08632;0.087534;0.085879;0.085308;0.086169;0.085697;0.085814;0.08622;0.085976;0.086887;0.085694;0.085492;0.087173;0.085778;0.086097;0.085871;0.086361;0.085539;0.085848;0.087153;0.086166;0.085641;0.087043;0.085505;0.087175;0.085522;0.085381;0.084486;0.086039;0.086173;0.085128;0.086319;0.085635;0.085468;0.085879;0.085414;0.087999;0.086822;0.086597;0.085525;0.086808;0.087206;0.086452;0.086469;0.086252;0.087527;0.086549;0.087327;0.086384;0.085425;0.08507;0.085811;0.085882;0.085731;0.086209;0.086356;0.08565;0.086488;0.086669;0.087268;0.087422;0.086231;0.08574;0.085257;0.086211;0.086475;0.085566;0.086383;0.085181;0.08593;0.086478;0.086158;0.086307;0.085728;0.086166;0.086477;0.086903;0.087833;0.08655;0.086494;0.086242;0.086717;0.086119;0.085689;0.085584;0.085098;0.085711;0.08652;0.085461;0.085736;0.085628;0.086259;0.085313;0.086374;0.086515;0.084952;0.086595;0.088034;0.085984;0.086381;0.086175;0.085431;0.0864;0.086486;0.086266;0.088193;0.086434;0.08561;0.085808;0.08462;0.085326;0.086099;0.085489;0.085557;0.085321;0.085959;0.085609;0.087903;0.085994;0.085622;0.085798;0.086423;0.085775;0.086537;0.08575;0.085865;0.086124;0.085224;0.086779;0.085607;0.086649;0.085461;0.086047;0.087105;0.086098;0.086133;0.085914;0.087098;0.086266;0.086708;0.087213;0.08753;0.0859;0.086214;0.085686;0.085351;0.085531;0.085731;0.085742;0.086091;0.086873;0.085287;0.085795;0.085277;0.084813;0.08599;0.08581;0.084895;0.085611;0.085191;0.085379;0.084627;0.085356;0.085888;0.085625;0.085099;0.085955;0.086027;0.086899;0.086619;0.086426;0.086718;0.085965;0.086584;0.086987;0.086383;0.084918;0.084655;0.086854;0.085329;0.085695;0.08568;0.085054;0.085133;0.085604;0.085672;0.085712;0.087977;0.085901;0.086399;0.086072;0.086191;0.085978;0.085498;0.085855;0.08635;0.086276;0.085842;0.087208;0.085447;0.085277;0.085938;0.08566;0.085435;0.085777;0.08469;0.085547;0.085575;0.085381;0.086031;0.087747;0.085305;0.086444;0.087289;0.085485;0.085761;0.085571;0.085857;0.086059;0.086365;0.086231;0.087887;0.087236;0.08703;0.086716;0.086297;0.087168;0.085132;0.085773;0.087081;0.08626;0.085589;0.086263;0.087536;0.085277;0.086804;0.087152;0.086126;0.086228;0.085652;0.087051;0.086223;0.086309;0.087478;0.085792;0.08768;0.087544;0.086444;0.08594;0.086188;0.086252;0.087503;0.084998;0.08504;0.086251;0.086346;0.088608;0.086262;0.086684;0.086583;0.086172;0.086475;0.085356;0.086435;0.086531;0.086226;0.087307;0.086832;0.088182;0.087186;0.087492;0.087653;0.088139;0.087429;0.086273;0.086755;0.085948;0.085711;0.087474;0.087638;0.087424;0.087489;0.08603;0.086521;0.086829;0.087921;0.087006;0.086691;0.086901;0.088019;0.088276;0.089555;0.087599;0.088446;0.08768;0.087915;0.088065;0.087384;0.086306;0.085724;0.086619;0.085937;0.088249;0.087271;0.08821;0.085732;0.08617;0.086223;0.086362;0.086156;0.086198;0.086723;0.086376;0.086306;0.08623;0.086317;0.085689;0.087542;0.08599;0.085639;0.085546;0.085294;0.085949;0.086931;0.086981;0.136604;0.086029;0.086121;0.086067;0.084936;0.085905;0.085251;0.086615;0.085274;0.0859;0.086696;0.087473;0.086731;0.087161;0.085824;0.086628;0.087288;0.084718;0.085982;0.085537;0.08577;0.085482;0.085918;0.086915;0.085906;0.085497;0.087287;0.085703;0.086558;0.08578;0.08548;0.085048;0.084676;0.085654;0.087548;0.085754;0.086164;0.085435;0.085833;0.085315;0.086389;0.087268;0.08471;0.08569;0.085991;0.085667;0.08716;0.086343;0.085839;0.086115;0.085661;0.086225;0.086275;0.084939;0.085895;0.086011;0.085902;0.08511;0.087595;0.085491;0.086002;0.087371;0.086015;0.085568;0.086854;0.085608;0.086233;0.087555;0.086002;0.087843;0.086588;0.085301;0.086107;0.085424;0.086495;0.086324;0.086326;0.086839;0.087027;0.086484;0.086965;0.08705;0.085445;0.085863;0.086159;0.08676;0.086827;0.086408;0.086376;0.08578;0.085946;0.085863;0.087443;0.086791;0.086196;0.085597;0.086217;0.085855;0.08609;0.086731;0.086497;0.085363;0.086069;0.085454;0.087365;0.086418;0.085798;0.085641;0.085905;0.08672;0.085547;0.086146;0.085996;0.085969;0.086052;0.085276;0.087811;0.086411;0.086546;0.086817;0.086593;0.086994;0.086499;0.087229;0.086141;0.086866;0.086117;0.088507;0.086047;0.085769;0.087554;0.085214;0.086055;0.086319;0.085081;0.084952;0.085563;0.086475;0.085877;0.087129;0.086175;0.08581;0.0853;0.084812;0.086303,0.422369;0.252791;0.247047;0.247449;0.244482;0.244199;0.248094;0.246528;0.244375;0.245092;0.243018;0.245015;0.24474;0.242049;0.242537;0.246844;0.244844;0.245655;0.241928;0.243718;0.242863;0.245609;0.244267;0.244243;0.243036;0.244973;0.242106;0.245146;0.241299;0.243058;0.243027;0.247368;0.245611;0.241045;0.242712;0.252416;0.242126;0.243775;0.241791;0.244876;0.247297;0.242042;0.241574;0.24382;0.243282;0.241185;0.241212;0.242989;0.243735;0.245024;0.246064;0.246095;0.242573;0.243433;0.244054;0.2457;0.243471;0.242106;0.246238;0.243072;0.242085;0.243176;0.244443;0.243585;0.244822;0.24234;0.244436;0.242369;0.241943;0.24256;0.245413;0.246845;0.241948;0.242868;0.246344;0.242892;0.242889;0.243378;0.244964;0.245974;0.243698;0.242684;0.24454;0.241999;0.242684;0.242713;0.245171;0.247183;0.245654;0.244055;0.244138;0.242958;0.244061;0.24263;0.24739;0.24149;0.242751;0.242823;0.246094;0.241165;0.243384;0.243205;0.244496;0.240902;0.241538;0.242805;0.244592;0.243335;0.241621;0.243439;0.245095;0.241859;0.241026;0.242082;0.243027;0.242326;0.242602;0.242863;0.246516;0.243401;0.2427;0.241111;0.245298;0.242553;0.245058;0.245816;0.243476;0.24176;0.244279;0.242648;0.244013;0.242288;0.244113;0.247311;0.247343;0.243518;0.24253;0.241621;0.247691;0.243492;0.243933;0.244108;0.245291;0.245389;0.241912;0.241956;0.246287;0.24278;0.243771;0.245888;0.245801;0.243112;0.241509;0.244089;0.244365;0.242211;0.243275;0.242211;0.243025;0.243899;0.241916;0.243402;0.244297;0.243871;0.243094;0.241406;0.244921;0.244439;0.243621;0.242633;0.244294;0.243653;0.245141;0.242384;0.245552;0.244403;0.242065;0.242754;0.246882;0.242551;0.243391;0.241908;0.244321;0.244055;0.243566;0.241678;0.24271;0.245291;0.242269;0.24355;0.243548;0.242433;0.242434;0.24261;0.247011;0.242869;0.242383;0.242232;0.245735;0.243675;0.242223;0.242007;0.244128;0.243112;0.242018;0.245108;0.242856;0.241649;0.243197;0.242456;0.245607;0.243644;0.240831;0.242122;0.247437;0.243621;0.243752;0.240984;0.246957;0.242709;0.244218;0.24175;0.244355;0.241814;0.24173;0.242086;0.24748;0.241579;0.24189;0.242216;0.245104;0.242811;0.242515;0.243239;0.244092;0.243902;0.243839;0.24235;0.243213;0.243945;0.245563;0.244431;0.246674;0.24118;0.243188;0.242883;0.241518;0.242209;0.24247;0.246492;0.24104;0.241736;0.241998;0.242264;0.244652;0.24402;0.242982;0.247212;0.242897;0.241913;0.243807;0.244992;0.241713;0.243875;0.242405;0.24686;0.242277;0.24259;0.241408;0.244141;0.243522;0.242956;0.245464;0.245969;0.243291;0.242407;0.243546;0.245079;0.243624;0.242483;0.243949;0.244803;0.243285;0.242424;0.24293;0.245458;0.24316;0.244285;0.243815;0.242743;0.241834;0.24365;0.242332;0.244963;0.243581;0.243017;0.245672;0.247774;0.241479;0.24283;0.24399;0.24387;0.242984;0.241823;0.243541;0.246357;0.242148;0.242706;0.242586;0.243834;0.244783;0.243822;0.242593;0.25263;0.242473;0.244388;0.243007;0.243599;0.243883;0.243298;0.244451;0.243924;0.242266;0.242759;0.242471;0.246874;0.246908;0.243364;0.242998;0.244512;0.242345;0.242614;0.242961;0.244403;0.242904;0.242882;0.24712;0.24387;0.242132;0.243266;0.242882;0.248569;0.242974;0.241412;0.242663;0.245868;0.244367;0.242885;0.242933;0.2467;0.251389;0.245189;0.244523;0.247746;0.244074;0.243945;0.242529;0.247015;0.243271;0.243032;0.250058;0.249694;0.245396;0.243264;0.243268;0.252136;0.244028;0.241548;0.245334;0.243384;0.242977;0.245957;0.244064;0.243913;0.242922;0.242502;0.244432;0.24574;0.243332;0.242386;0.246205;0.244351;0.242388;0.241881;0.241959;0.243713;0.2448;0.244702;0.245053;0.246806;0.24464;0.243421;0.24472;0.243581;0.244203;0.246987;0.244991;0.247557;0.243514;0.245394;0.243859;0.24163;0.243374;0.243125;0.246434;0.241491;0.241802;0.241436;0.246641;0.244852;0.242894;0.244217;0.246264;0.245077;0.243879;0.24296;0.244211;0.243295;0.245163;0.242116;0.245677;0.242259;0.242217;0.243116;0.246022;0.245987;0.242189;0.244243;0.246003;0.2428;0.243067;0.241938;0.245;0.243784;0.242644;0.24342;0.242798;0.243251;0.243917;0.243207;0.246247;0.24429;0.242983;0.245299;0.243569;0.242066;0.242052;0.242635;0.246853;0.24347;0.242914;0.244894;0.244713;0.242879;0.241844;0.242815;0.256117;0.247974;0.244234;0.244679;0.244312;0.242829;0.243609;0.243338;0.244809;0.242702;0.245793;0.243979;0.244077;0.241979;0.242824;0.241978;0.248373;0.243594;0.243458;0.243317;0.242865;0.244726;0.242223;0.24236;0.24479;0.2433;0.247243;0.242129;0.242408;0.242239;0.242879;0.242303;0.248684;0.243113;0.244749;0.242613;0.248015;0.243624;0.245219;0.242925;0.244881;0.245801;0.24203;0.24283;0.244073;0.242906;0.241068;0.242464;0.247291;0.244628;0.241583;0.243119;0.243456;0.242424;0.244123;0.244396;0.249197;0.247862;0.245747;0.245286;0.243686;0.241764;0.244374;0.245312;0.246153;0.245207;0.241302;0.245127;0.243303;0.242337;0.241703;0.245343;0.249245;0.240551;0.242475;0.243104;0.242268;0.243119;0.242284;0.24394;0.247671;0.242235;0.244624;0.245234;0.245428;0.242518;0.245291;0.245075;0.245087;0.242186;0.242483;0.246924;0.246527;0.243388;0.24176;0.245234;0.245491;0.242362;0.244315;0.243787;0.243887;0.242606;0.243788;0.245425;0.243893;0.242012;0.242456;0.243954;0.243748;0.242688;0.24246;0.248017;0.243397;0.244135;0.243007;0.244543;0.243594;0.24328;0.244965;0.247251;0.244373;0.242174;0.242962;0.243812;0.244052;0.244105;0.24247;0.248164;0.243788;0.243772;0.241801;0.244038;0.242598;0.242486;0.243937;0.242857;0.243784;0.242138;0.242222;0.245103;0.242634;0.242967;0.245511;0.250437;0.247008;0.243823;0.242835;0.250717;0.24597;0.242589;0.244874;0.250388;0.242137;0.241876;0.243114;0.244203;0.242287;0.243871;0.242751;0.245337;0.242162;0.245066;0.244507;0.248714;0.242653;0.24341;0.242092;0.243512;0.24282;0.241725;0.245467;0.249263;0.245855;0.244237;0.242147;0.245282;0.242605;0.242357;0.243998;0.242953;0.242593;0.242802;0.244368;0.24256;0.24546;0.246368;0.2438;0.243926;0.243936;0.247113;0.245642;0.242948;0.243343;0.242049;0.245927;0.24619;0.243133;0.243392;0.244597;0.246031;0.244287;0.243437;0.244622;0.244397;0.244608;0.243348;0.243941;0.242444;0.242937;0.24227;0.249145;0.248125;0.245893;0.241787;0.243225;0.244892;0.242178;0.242526;0.244984;0.24334;0.244259;0.241733;0.245714;0.243036;0.244769;0.242048;0.24579;0.247458;0.243295;0.244657;0.245772;0.244107;0.244023;0.243482;0.243334;0.247951;0.242749;0.242917;0.244926;0.241315;0.246603;0.246009;0.247622;0.244605;0.243646;0.241307;0.244842;0.242476;0.242594;0.243247;0.252141;0.245071;0.243261;0.24195;0.243882;0.241608;0.242248;0.243899;0.248097;0.240993;0.243231;0.24258;0.244574;0.242692;0.243173;0.245722;0.244923;0.243952;0.241902;0.241915;0.246503;0.243984;0.242694;0.243258;0.249722;0.241482;0.242614;0.2437;0.243392;0.246244;0.246346;0.24524;0.248053;0.242661;0.242102;0.242088;0.245737;0.242169;0.242988;0.247257;0.248245;0.245831;0.242215;0.243373;0.247316;0.242997;0.242376;0.244738;0.243382;0.242548;0.244239;0.242423;0.243443;0.242931;0.243254;0.246235;0.24176;0.244074;0.242596;0.244865;0.241947;0.243507;0.242793;0.246922;0.245868;0.242569;0.241661;0.246138;0.243708;0.243509;0.243873;0.243355;0.245131;0.242512;0.242625;0.243407;0.247266;0.243451;0.246337;0.245291;0.243605;0.244413;0.243176;0.244442;0.241377;0.245267;0.2447;0.243997;0.241864;0.242152;0.24189;0.244144;0.242945;0.243143;0.24424;0.246762;0.242296;0.242853;0.243613;0.245958;0.243688;0.244333;0.241481;0.243764;0.247489;0.242925;0.241431;0.24616;0.243208;0.244788;0.24223;0.243893;0.243677;0.24131;0.243233;0.243984;0.244781;0.24326;0.244521;0.244102;0.244075;0.24269;0.242102;0.246985;0.242674;0.243179;0.2421;0.244834;0.242846;0.243048;0.242749;0.244321;0.243726;0.244554;0.24325;0.245566;0.244557;0.24244;0.244369;0.245018;0.242749;0.241618;0.241872;0.246048;0.241837;0.24285;0.242445;0.245194;0.244009;0.242806;0.242337;0.247776;0.249957;0.245369;0.242054;0.246706;0.245502;0.241573;0.24197;0.245096;0.244157;0.242142;0.244455;0.245332;0.240887;0.24641;0.245439;0.247099;0.24328;0.242322;0.242921;0.246773;0.241362;0.241679;0.242585;0.243571;0.245157;0.244121;0.242172;0.246422;0.242151;0.242155;0.242081;0.246914;0.24311;0.243987;0.244085;0.24781;0.243632;0.242226;0.24292;0.24747;0.243799;0.243829;0.243489;0.244197;0.2421;0.242737;0.242523;0.25125;0.243127;0.24177;0.244144;0.242444;0.244556;0.242918;0.243849;0.243058;0.243899;0.244713;0.243816;0.241674;0.24325;0.242486;0.245296;0.244702;0.242668;0.24464;0.247598;0.243782;0.242324;0.243701;0.243132;0.24172;0.242702;0.243681;0.24261;0.244748;0.242626;0.243071;0.244282;0.244806;0.244618;0.243982;0.243128;0.243344;0.242135;0.246468;0.244956;0.242115;0.242568;0.244725;0.243546;0.242442;0.242893;0.242433;0.246926;0.245548;0.242116;0.243077;0.243582;0.2424;0.241778;0.242593;0.244722;0.244862;0.243814;0.242891;0.562625;0.255521;0.244407;0.24944;0.251115;0.251604;0.245444;0.249892;0.244177;0.242485;0.243132;0.248933;0.24217;0.246477;0.249764;0.246129;0.24421;0.243073;0.245757;0.242364;0.243087;0.243072;0.246367;0.244096;0.243385;0.241794;0.244415;0.242839;0.243127;0.245501;0.243432;0.245082;0.241686;0.242028;0.244987;0.24242;0.242128;0.243156;0.243625;0.243842;0.243318;0.242093;0.24444;0.2436;0.245592;0.24408;0.243979;0.245949;0.241653;0.243449;0.24387;0.243291;0.242723;0.243063;0.243358;0.244014;0.242803;0.246521;0.247433;0.250032;0.245142;0.246635;0.248124;0.252698;0.248479;0.247191;0.249117;0.248419;0.244961;0.248451;0.246953;0.244037;0.245701;0.245629;0.25159;0.245969;0.246046;0.245066;0.252713;0.245843;0.24643;0.245658;0.247489;0.243463;0.24852;0.244818;0.246748;0.245647;0.243329;0.244412;0.247291;0.247505;0.244896;0.24537;0.249634;0.244155;0.246076;0.243402;0.245862;0.24621;0.246878;0.245191;0.247616;0.245029;0.246188;0.24815;0.244561;0.245437;0.244718;0.249565;0.247189;0.244466;0.244817;0.248946;0.244907;0.244908;0.245376;0.246173;0.247816;0.245542;0.244231;0.247831;0.249766;0.243393;0.249144;0.246389;0.245935;0.246904;0.244619;0.248598;0.245377;0.247014;0.245658;0.246612;0.245292;0.247309;0.246865;0.247296;0.244799;0.245841;0.24431;0.246765;0.244149;0.245625;0.248536;0.245736;0.244598;0.244994;0.245098;0.250139;0.244553;0.245417;0.244392;0.247621;0.243641;0.243568;0.244658;0.246667;0.245526;0.245067;0.244826;0.250036;0.246454;0.244495;0.245827;0.244863;0.245167;0.246739;0.24919;0.244391;0.243259;0.247147;0.245791;0.244895;0.246251;0.246124;0.246865;0.247769;0.244582;0.245493;0.248982;0.244229;0.245463;0.248667;0.248717;0.244314;0.245052;0.244815;0.24764;0.246453;0.243995;0.244897;0.247061;0.25071;0.246514;0.244784;0.248027;0.246732;0.249081;0.244854;0.246065;0.24517;0.2462;0.247848;0.247392;0.245568;0.245572;0.244532;0.248484;0.243495;0.245126;0.247946;0.248132;0.244549;0.245686;0.245648;0.246856;0.246223;0.246534;0.246199;0.249346;0.246911;0.244385;0.245094;0.248265;0.246408;0.246493;0.247006;0.247046;0.247669;0.245286;0.247239;0.247959;0.247236;0.244548;0.24575;0.249973;0.246874;0.244176;0.246111;0.245715;0.247838;0.246026;0.245441;0.245005;0.24515;0.248366;0.247094;0.245349;0.244338;0.24461;0.274038;0.247689;0.244602;0.246392;0.251679;0.245727;0.245005;0.245125;0.249178;0.245402;0.244798;0.243504;0.246924;0.248394;0.244643;0.245745;0.248186;0.246959;0.243529;0.243954;0.246197;0.245169;0.246196;0.245088;0.245374;0.245933;0.249016;0.248132;0.245679;0.245783;0.246974;0.247737;0.244541;0.245061;0.244691;0.249401;0.244367;0.245357;0.243821;0.247763;0.251214;0.244061;0.243833;0.246625;0.245975;0.245385;0.245462;0.246986;0.246512;0.244353;0.246881;0.24677;0.245533;0.246607;0.244984;0.247303;0.244008;0.246229;0.244201;0.251581;0.246089;0.245157;0.24668;0.245563;0.244576;0.245371;0.24727;0.247484;0.247744;0.247501;0.245684;0.249291;0.244411;0.245936;0.245136;0.247609;0.244286;0.24426;0.245667;0.247562;0.244878;0.243706;0.24693;0.249475;0.247324;0.244341;0.243644;0.24949;0.248885;0.244061;0.244396;0.250297;0.246301;0.250127;0.248169;0.244719;0.246795;0.248992;0.246268;0.244941;0.245177;0.244929;0.248461;0.247138;0.244772;0.244813;0.249155;0.245096;0.245729;0.245771;0.247038;0.242867;0.244587;0.245307;0.24736;0.248146;0.244187;0.244544;0.248456;0.247619;0.246049;0.243767;0.246932;0.245612;0.246077;0.242914;0.245354;0.24576;0.246566;0.243588;0.246263;0.244572;0.245012;0.24775;0.248623;0.244717;0.245545;0.245917;0.245146;0.244196;0.245011;0.246496;0.24495;0.243764;0.245075;0.2454;0.252869;0.248394;0.248719;0.247783;0.24841;0.244218;0.247094;0.245841;0.247956;0.246495;0.244414;0.247002;0.244806;0.245895;0.244399;0.24485;0.247232;0.244139;0.246815;0.245583;0.248251;0.245523;0.245426;0.24414;0.243853;0.24552;0.245739;0.245869;0.246834;0.245388;0.246559;0.248073;0.245474;0.245372;0.244716;0.247764;0.243334;0.244368;0.244793;0.246313;0.246872;0.244819;0.244406;0.247478;0.246828;0.24345;0.245351;0.248079;0.245357;0.24665;0.244739;0.246113;0.247438;0.247068;0.245139;0.2459;0.248502;0.246252;0.244519;0.248034;0.246736;0.24568;0.248163;0.24622;0.244527;0.244826;0.248065;0.246196;0.24382;0.245344;0.245269;0.247804;0.246171;0.244705;0.243996;0.251809;0.244643;0.246125;0.245;0.248282;0.247392;0.244748;0.248627;0.246832;0.245617;0.244891;0.246261;0.245826;0.246848;0.244956;0.247061;0.244511;0.246691;0.245443;0.245752;0.246223;0.245003;0.246309;0.246572;0.244293;0.243896;0.245755;0.24813;0.243463;0.244824;0.246309;0.257358;0.24669;0.24606;0.24752;0.250209;0.247682;0.245768;0.245732;0.247254;0.246441;0.244802;0.245951;0.245703;0.248427;0.243597;0.244536;0.246783;0.244104;0.248484;0.244326;0.2459;0.244219;0.249729;0.245729;0.246163;0.244808;0.245513;0.247456;0.249148;0.244493;0.24572;0.246788;0.245549;0.243626;0.244396;0.247311;0.246692;0.245344;0.244235;0.245719;0.246555;0.245191;0.246645;0.245537;0.246109;0.244137;0.244605;0.247366;0.245511;0.246581;0.243872;0.246267;0.249682;0.247788;0.246648;0.249288;0.246305;0.244602;0.246536;0.245798;0.247335;0.243042;0.246427;0.249195;0.24476;0.247097;0.247172;0.247972;0.247895;0.24687;0.244829;0.252067;0.246;0.243556;0.24619;0.247361;0.245288;0.244905;0.244701;0.251724;0.251054;0.245559;0.243063;0.247222;0.249245;0.245214;0.244811;0.245563;0.24549;0.246335;0.245804;0.246348;0.244552;0.247902;0.247108;0.247604;0.245851;0.243451;0.248607;0.25039;0.249382;0.246781;0.247391;0.244393;0.245506;0.24601;0.248097;0.24751;0.247945;0.245147;0.247385;0.245704;0.244357;0.248149;0.248029;0.246051;0.24423;0.243652;0.246614;0.246023;0.245521;0.244227;0.249486;0.245747;0.245947;0.244311;0.249147;0.2481;0.245248;0.245507;0.248477;0.246015;0.244789;0.246329;0.245664;0.24419;0.248521;0.246976;0.245402;0.2447;0.243529;0.247493;0.247138;0.244321;0.244208;0.244296;0.251976;0.243191;0.245626;0.245248;0.247955;0.247151;0.244223;0.245622;0.245913;0.246646;0.248347;0.247014;0.244271;0.245248;0.247394;0.248737;0.244969;0.245626;0.246423;0.245432;0.244472;0.245326;0.2458;0.245714;0.246888;0.247188;0.245509;0.24844;0.247072;0.24508;0.244054;0.247246;0.245186;0.246311;0.246523;0.244854;0.246878;0.243996;0.247232;0.246991;0.246563;0.242581;0.245211;0.246761;0.246205;0.246077;0.244959;0.248052;0.244093;0.246865;0.243398;0.247454;0.245854;0.246059;0.243739;0.245429;0.243726;0.246001;0.246863;0.246122;0.245647;0.246142;0.246362;0.245162;0.245681;0.247148;0.249161;0.24814;0.244659;0.24425;0.2444;0.248618;0.243543;0.243695;0.245515;0.247706;0.247124;0.246018;0.246093;0.245057;0.247065;0.245755;0.244941;0.24453;0.247448;0.243257;0.246053;0.245726;0.245057;0.246607;0.247591;0.244584;0.245608;0.246554;0.247544;0.246017;0.244825;0.244865;0.248694;0.244706;0.244763;0.245124;0.247186;0.245651;0.246312;0.244282;0.246617;0.247681;0.244724;0.243971;0.245877;0.245459;0.244035;0.243836;0.247852;0.245965;0.243894;0.244784;0.246822;0.245009;0.246171;0.245208;0.248778;0.247147;0.246772;0.243495;0.247671;0.245063;0.246295;0.246037;0.249675;0.24407;0.244181;0.245558;0.2518;0.243697;0.243575;0.245513;0.254202;0.245614;0.243839;0.244422;0.251244;0.2485;0.246041;0.246792;0.24663;0.24249;0.244043;0.245953;0.244802;0.24708;0.2449;0.247312;0.244644;0.245888;0.244115;0.24498;0.245537;0.244809;0.246179;0.246734;0.245459;0.245143;0.247076;0.247124;0.244554;0.246181;0.244816;0.249321;0.246273;0.247092;0.245552;0.248047;0.247178;0.245472;0.244089;0.250736;0.249465;0.246309;0.248314;0.246137;0.246885;0.24549;0.244026;0.245664;0.245709;0.243091;0.244774;0.247465;0.245001;0.244935;0.244295;0.247969;0.245061;0.246746;0.246834;0.245123;0.245962;0.247483;0.245616;0.248081;0.244685;0.244621;0.245171;0.246417;0.245759;0.244916;0.246815;0.245853;0.244638;0.244424;0.245993;0.246031;0.245193;0.245825;0.247264;0.246178;0.246359;0.245771;0.246649;0.245594;0.247568;0.24523;0.245942;0.245175;0.245083;0.244764;0.247624;0.244958;0.244391;0.246865;0.247316;0.246778;0.2451;0.245956;0.245832;0.243939;0.246882;0.247743;0.246366;0.248063;0.245558;0.246322;0.247046;0.244831;0.24423;0.247406;0.248275;0.244553;0.2434;0.243285;0.24875;0.247236;0.24454;0.244842;0.245952;0.247964;0.244044;0.244504;0.246998;0.243971;0.248413;0.244548;0.249064;0.245349;0.246398;0.245765;0.247776;0.244421;0.244965;0.243927;0.248525;0.246187;0.245469;0.246324;0.246267;0.245779;0.243805;0.248546;0.244166;0.24442;0.24653;0.247656;0.246745;0.24553;0.244633;0.246472;0.246198;0.244645;0.245099;0.248605;0.251404;0.247018;0.24497;0.246695;0.249662;0.246255;0.244664;0.246279;0.24873;0.250011;0.245137;0.246418;0.243787;0.244805;0.247579;0.250098;0.244161;0.24468;0.246137;0.245462;0.245515;0.244588;0.244552;0.248447;0.244899;0.245362;0.244498;0.250965;0.247317;0.243931;0.245245;0.246687;0.246193;0.243772;0.24422;0.245608;0.246304;0.247481;0.247156;0.25172;0.247886;0.247538;0.245247;0.249018;0.246175;0.246619;0.246399;0.246576;0.24504;0.247475;0.245511;0.244837;0.245911;0.245316;0.247459;0.243761;0.243379;0.247864;0.248522;0.244136;0.243836;0.245775;0.247189;0.244679;0.244675;0.245517;0.246428;0.248052;0.245621;0.244077;0.247711;0.24832;0.243989;0.243957;0.248411;0.245171;0.247921;0.243996;0.24756;0.244526;0.248156;0.242347;0.245816;0.246613;0.245262;0.248039;0.247118;0.244304;0.245604;0.245596;0.246173;0.24752;0.244348;0.245047;0.247706;0.245025;0.246575;0.245382;0.247686;0.244436;0.243968;0.245757;0.250346;0.245625;0.245583;0.246861;0.24683;0.246147;0.244923;0.244574;0.246385;0.24647;0.244438;0.246471;0.246101;0.243415;0.244943;0.245778;0.244584;0.245184;0.248301;0.248079;0.244698;0.244806;0.244994;0.25049;0.245492;0.245736;0.245004;0.247165;0.245128;0.247245;0.244699;0.24778;0.247584;0.246816;0.244296;0.245725;0.246989;0.24307;0.244428;0.248111;0.246579;0.243064;0.136375;0.135951;0.138782;0.136104;0.135718;0.13536;0.135777;0.135794;0.135709;0.135929;0.138865;0.138558;0.137099;0.1359;0.136604;0.135842;0.137147;0.140681;0.135865;0.138863;0.136298;0.136359;0.136287;0.137135;0.138321;0.13781;0.136221;0.140355;0.135994;0.137238;0.138121;0.137306;0.136181;0.136112;0.136349;0.138861;0.135969;0.136517;0.137413;0.137437;0.138924;0.135848;0.136006;0.138649;0.137498;0.135984;0.137774;0.134858;0.133682;0.13707;0.133927;0.137991;0.135751;0.136292;0.135117;0.134736;0.135544;0.13726;0.13552;0.137256;0.13854;0.134346;0.134288;0.135165;0.135425;0.135614;0.135128;0.135578;0.139079;0.134235;0.137258;0.13411;0.136934;0.135318;0.136298;0.137866;0.137211;0.134423;0.13592;0.135084;0.13624;0.134923;0.136577;0.135637;0.135823;0.136705;0.135588;0.135592;0.136507;0.137734;0.135603;0.136272;0.135068;0.137591;0.135845;0.136775;0.136761;0.138498;0.135582;0.13651;0.136763;0.136108;0.137627;0.136346;0.137037;0.138461;0.137924;0.140698;0.139007;0.139234;0.137692;0.139719;0.138816;0.138882;0.137446;0.140675;0.140877;0.140423;0.140357;0.13874;0.139159;0.138542;0.139663;0.139291;0.140766;0.143288;0.137865;0.137348;0.138109;0.137584;0.137852;0.138081;0.140286;0.139088;0.138993;0.140556;0.138255;0.138864;0.13889;0.139324;0.14049;0.137155;0.139024;0.138021;0.138889;0.136313;0.138021;0.141199;0.137902;0.140117;0.141053;0.140307;0.140039;0.138003;0.14023;0.137134;0.138274;0.137148;0.137512;0.137538;0.139275;0.140209;0.136827;0.138886;0.137795;0.141019;0.136747;0.137572;0.140414;0.136875;0.138015;0.139239;0.137981;0.138955;0.140561;0.141682;0.138204;0.139276;0.139133;0.136496;0.138108;0.137836;0.140812;0.13919;0.138061;0.139237;0.138678;0.13921;0.138696;0.138814;0.140414;0.137825;0.137708;0.137984;0.138181;0.137992;0.13876;0.140548;0.138028;0.138473;0.141061;0.139195;0.138018;0.13951;0.141196;0.138269;0.139602;0.138886;0.138509;0.138397;0.139082;0.141361;0.138898;0.138816;0.138494;0.14021;0.137816;0.138511;0.140947;0.137689;0.13786;0.138607;0.137773;0.137428;0.141067;0.139489;0.137382;0.138097;0.138632;0.137941;0.139158;0.139244;0.13934;0.139103;0.137706;0.13855;0.138724;0.139244;0.139843;0.139494;0.139313;0.136701;0.137333;0.135952;0.14029;0.139658;0.138907;0.139346;0.136537;0.137365;0.137969;0.139449;0.137406;0.137419;0.13975;0.13706;0.139625;0.138823;0.138555;0.14133;0.13766;0.140148;0.137295;0.138586;0.13998;0.13724;0.136334;0.13913;0.137991;0.136138;0.136471;0.134174;0.136761;0.135364;0.134202;0.136146;0.137885;0.137228;0.136956;0.136318;0.136088;0.134961;0.134993;0.137961;0.137902;0.135929;0.136697;0.138681;0.135796;0.136144;0.138396;0.136505;0.13779;0.136723;0.136528;0.136993;0.136048;0.138311;0.138819;0.137645;0.136097;0.13535;0.136514;0.136976;0.135237;0.137948;0.13774;0.138561;0.135812;0.135743;0.135293;0.135973;0.138474;0.136426;0.136014;0.136576;0.136185;0.135483;0.135585;0.136675;0.137329;0.13829;0.136351;0.135252;0.138089;0.136696;0.137515;0.13501;0.141001;0.135172;0.135696;0.137215;0.13548;0.136462;0.138501;0.137241;0.13602;0.136014;0.135844;0.139852;0.136322;0.13782;0.135822;0.135281;0.134776;0.135595;0.133169;0.137141;0.1376;0.138551;0.13758;0.136317;0.13651;0.136299;0.136385;0.137742;0.138425;0.137186;0.138262;0.135971;0.135047;0.136583;0.135563;0.13851;0.139263;0.138594;0.135896;0.136321;0.137125;0.136439;0.137699;0.137623;0.13971;0.13695;0.13637;0.137547;0.135335;0.136474;0.138359;0.137714;0.136012;0.135183;0.13805;0.140435;0.138644;0.137681;0.137329;0.136585;0.137334;0.136728;0.135779;0.141684;0.136768;0.134906;0.135925;0.13582;0.135448;0.137257;0.135163;0.138265;0.136843;0.135184;0.14028;0.135881;0.136757;0.135754;0.139828;0.137126;0.135622;0.135961;0.138825;0.136502;0.136277;0.140149;0.138078;0.136435;0.135764;0.135779;0.137992;0.137363;0.135552;0.137639;0.138132;0.136251;0.13656;0.136556;0.139526;0.135607;0.138111;0.135605;0.135823;0.137358;0.136022;0.135894;0.136481;0.142681;0.137364;0.137172;0.136131;0.137733;0.137235;0.135422;0.136718;0.140008;0.137898;0.136852;0.135284;0.136271;0.136161;0.138476;0.137204;0.141145;0.135198;0.135361;0.135961;0.136338;0.136656;0.138961;0.136469;0.136817;0.134519;0.135711;0.135318;0.137333;0.138263;0.135796;0.134349;0.136064;0.13606;0.13663;0.138736;0.136902;0.137487;0.137086;0.135838;0.134507;0.135709;0.135812;0.140996;0.136714;0.137271;0.135717;0.135506;0.13555;0.136807;0.136399;0.142078;0.134942;0.135759;0.138069;0.13543;0.136333;0.135297;0.138552;0.13849;0.135882;0.1361;0.136762;0.136092;0.135566;0.137894;0.134741;0.137689;0.139614;0.137903;0.136746;0.137035;0.138925;0.136103;0.136656;0.136676;0.139001;0.136742;0.136522;0.135536;0.136549;0.135783;0.13439;0.1352;0.140164;0.136306;0.1374;0.137332;0.137424;0.136582;0.137282;0.135338;0.13614;0.13453;0.137032;0.136304;0.136211;0.135549;0.136255;0.136852;0.136374;0.139528;0.134962;0.135466;0.13387;0.137518;0.135888;0.135823;0.136508;0.139513;0.136978;0.136744;0.136331;0.13652;0.136106;0.13554;0.138413;0.136765;0.138323;0.137567;0.137142;0.140241;0.134224;0.138297;0.136102;0.134826;0.136145;0.137507;0.136682;0.137157;0.138535;0.135818;0.138724;0.134157;0.135182;0.138149;0.136158;0.135477;0.137333;0.134505;0.13604;0.135433;0.135933;0.136693;0.13683;0.137075;0.134163;0.135222;0.135464;0.136085;0.135384;0.137077;0.138661;0.135812;0.136085;0.136075;0.136895;0.137417;0.136583;0.139595;0.1366;0.138607;0.136368;0.135904;0.13495;0.135294;0.134446;0.137962;0.137208;0.138151;0.135075;0.134362;0.1344;0.136048;0.136685;0.134468;0.136204;0.135681;0.136695;0.136944;0.137592;0.137389;0.133515;0.135336;0.134623;0.135773;0.136405;0.136254;0.134894;0.140327;0.133854;0.134338;0.136004;0.135626;0.135805;0.134297;0.137857;0.134856;0.136604;0.135964;0.136337;0.135961;0.135964;0.136565;0.134082;0.14019;0.136117;0.136717;0.13794;0.136166;0.138717;0.136726;0.137043;0.137268;0.135036;0.135009;0.13587;0.135236;0.136904;0.134875;0.139809;0.137444;0.13612;0.13529;0.135138;0.136302;0.135138;0.133963;0.138938;0.135293;0.138656;0.139291;0.138943;0.138535;0.136315;0.136299;0.135507;0.14248;0.137572;0.136722;0.135475;0.134884;0.136546;0.135954;0.136406;0.137079;0.135416;0.138593;0.13555;0.137101;0.136558;0.136692;0.135765;0.138515;0.138238;0.134109;0.136657;0.134296;0.136529;0.135066;0.13732;0.136746;0.137775;0.135996;0.135563;0.135171;0.136059;0.136925;0.136269;0.137441;0.13509;0.135827;0.135403;0.137712;0.135514;0.135584;0.135961;0.134649;0.136947;0.137732;0.136295;0.133734;0.136298;0.138222;0.139324;0.135568;0.136327;0.136465;0.135903;0.136104;0.138935;0.137728;0.135726;0.136288;0.135062;0.136348;0.135119;0.137438;0.137455;0.135058;0.136191;0.134637;0.134611;0.136206;0.139105;0.137025;0.136465;0.136691;0.135929;0.135466;0.134027;0.136269;0.139675;0.134269;0.135684;0.136374;0.13522;0.136521;0.135707;0.134458;0.134601;0.137644;0.136424;0.13706;0.136531;0.136835;0.135636;0.137481;0.135698;0.137213;0.136038;0.134749;0.137375;0.136729;0.137932;0.137409;0.13708;0.135626;0.13872;0.137813;0.136515;0.137024;0.134586;0.135469;0.135484;0.136104;0.137774;0.136169;0.135055;0.180612;0.134559;0.135214;0.13558;0.137853;0.136188;0.136275;0.13571;0.135735;0.13469;0.135154;0.136074;0.139206;0.133996;0.137819;0.13592;0.138006;0.136545;0.13668;0.137611;0.139779;0.13701;0.135427;0.135732;0.137975;0.136493;0.137238;0.136473;0.141617;0.1362;0.134649;0.135784;0.135795;0.136299;0.135636;0.136566;0.140682;0.136326;0.135165;0.137166;0.135638;0.136569;0.135609;0.137194;0.13772;0.134374;0.134067;0.134402;0.13622;0.135364;0.138461;0.137553;0.137618;0.139215;0.136696;0.136001;0.135702;0.144263;0.134197;0.133925;0.135126;0.136526;0.135451;0.135734;0.136137;0.136681;0.135077;0.136925;0.13589;0.1399;0.135684;0.134946;0.138004;0.135101;0.136639;0.136804;0.137611;0.138965;0.136777;0.145524;0.134863;0.136214;0.135518;0.135633;0.135358;0.137135;0.137473;0.135204;0.137317;0.138455;0.136889;0.137335;0.138847;0.13667;0.137251;0.137216;0.1353;0.134518;0.134501;0.1359;0.13636;0.135838;0.137372;0.135377;0.136168;0.1356;0.135872;0.134644;0.137904;0.138075;0.138048;0.135717;0.137415;0.136806;0.136682;0.136305;0.136772;0.140528;0.135694;0.13541;0.137647;0.136931;0.136932;0.138132;0.137718;0.142386;0.137004;0.133975;0.137865;0.136712;0.138018;0.133987;0.135795;0.139341;0.134262;0.136607;0.135508;0.136738;0.134015;0.134293;0.135802;0.137933;0.13706;0.136539;0.136739;0.135661;0.136333;0.135776;0.135139;0.135939;0.13661;0.136624;0.141161;0.135528;0.135661;0.13632;0.136216;0.137358;0.138904;0.137995;0.138969;0.138364;0.138391;0.139225;0.137489;0.136897;0.13841;0.136021;0.1375;0.135922;0.136812;0.137121;0.136493;0.139478;0.133974;0.136104;0.136195;0.136755;0.136874;0.137319;0.136381;0.137191;0.134535;0.136433;0.134878;0.137962;0.13632;0.134387;0.138081;0.133841;0.138849;0.137265;0.135388;0.137964;0.136918;0.138;0.134274;0.136661;0.136291;0.135636;0.136753;0.135389;0.137542;0.135601;0.13649;0.136469;0.137172;0.135417;0.135922;0.136672;0.136691;0.135569;0.140466;0.136404;0.13691;0.137579;0.13803;0.139155;0.134852;0.135624;0.139254;0.135135;0.136157;0.136438;0.136585;0.137499;0.140436;0.13697;0.138729;0.138524;0.1391;0.140811;0.136827;0.138247;0.13715;0.13854;0.139077;0.139979;0.13699;0.137423;0.137876;0.134632;0.136567;0.135591;0.135763;0.139892;0.13717;0.138725;0.138371;0.137857;0.136336;0.137077;0.136531;0.138191;0.136179;0.136416;0.134804;0.136163;0.136832;0.137138;0.138666;0.137853;0.136665;0.13683;0.136573;0.137112;0.136021;0.138059;0.137487;0.138452;0.135983;0.135433;0.136018;0.13503;0.135127;0.137771;0.135323;0.137723;0.13697;0.135864;0.136662;0.137041;0.138525;0.13634;0.136565;0.136092;0.137444;0.137123;0.135457;0.135376;0.136977;0.134161;0.137964;0.134901;0.136867;0.136209;0.135311;0.137369;0.135836;0.134765;0.138432;0.136796;0.136438;0.137099;0.137518;0.137255;0.136559;0.136174;0.136232;0.139932;0.137036;0.137038;0.135267;0.135564;0.135389;0.13617;0.135223;0.139653;0.136847;0.134984;0.136793;0.137065;0.135998;0.135311;0.135087;0.13733;0.137584;0.135521;0.135761;0.136174;0.135575;0.136295;0.136081;0.137493;0.137624;0.137516;0.135706;0.135089;0.136604;0.136737;0.137349;0.135593;0.137098;0.136246;0.135648;0.134981;0.136062;0.147843;0.135312;0.137435;0.138397;0.136749;0.136245;0.136056;0.137;0.138202;0.135575;0.137067;0.137395;0.136131;0.136538;0.137439;0.137359;0.134504;0.136681;0.13618;0.13553;0.139039;0.13524;0.138599;0.135541;0.135717;0.137741;0.136174;0.135557;0.135107;0.137498;0.138804;0.137708;0.135401;0.137382;0.135508;0.136739;0.136728;0.136556;0.133912;0.136539;0.137172;0.136307;0.136217;0.136148;0.137137;0.136443;0.13671;0.135488;0.136831;0.138004;0.137019;0.137134;0.13389;0.140183;0.136514;0.136788;0.13741;0.135767;0.136664;0.135763;0.136024;0.137359;0.136049;0.135722;0.136559;0.138284;0.138315;0.135145;0.136614;0.136797;0.13812;0.137981;0.137611;0.138349;0.134173;0.136026;0.134906;0.135872;0.137364;0.135998;0.138568;0.134906;0.136309;0.13507;0.136376;0.136112;0.137577;0.142215;0.134966;0.135256;0.135465;0.135864;0.13543;0.134856;0.134643;0.138668;0.134577;0.135619;0.135084;0.134717;0.136612;0.134544;0.138151;0.136856;0.13795;0.137813;0.139107;0.138159;0.137968;0.140899;0.136585;0.138041;0.141051;0.137542;0.138368;0.137988;0.146245;0.135512;0.135259;0.13638;0.139706;0.134803;0.135423;0.135314;0.141524;0.135976;0.134768;0.134552;0.137471;0.135976;0.136509;0.137234;0.1368;0.136898;0.137806;0.135284;0.137997;0.136623;0.137979;0.138339;0.135535;0.13632;0.136034;0.134997;0.135945;0.137358;0.134555;0.139191;0.134048;0.136452;0.136801;0.13668;0.135132;0.141212;0.134576;0.138797;0.135399;0.136328;0.135771;0.13724;0.137672;0.135591;0.136041;0.13867;0.137627;0.135084;0.13548;0.138379;0.137821;0.135871;0.136047;0.136009;0.137666;0.139435;0.136086;0.136445;0.138081;0.136824;0.135943;0.137941;0.135016;0.13965;0.139214;0.136483;0.136078;0.136959;0.137146;0.136602;0.137214;0.14166;0.138477;0.138097;0.137243;0.138863;0.137875;0.135491;0.138636;0.139389;0.136993;0.136987;0.136565;0.138035;0.136574;0.138324;0.135064;0.137614;0.136385;0.13535;0.138762;0.13567;0.136993;0.137235;0.135527;0.135689;0.136024;0.134023;0.135941;0.137112;0.137533;0.135103;0.135934;0.13701;0.136999;0.136113;0.137;0.140012;0.134429;0.135633;0.138426;0.137331;0.137486;0.137155;0.138043;0.138457;0.13743;0.13803;0.136128;0.137699;0.137688;0.136831;0.135732;0.136362;0.137609;0.136456;0.136796;0.1359;0.135422;0.136615;0.137243;0.136846;0.136878;0.135676;0.136497;0.136564;0.136414;0.134355;0.138189;0.135822;0.136817;0.135464;0.134903;0.138043;0.133177;0.137169;0.134847;0.137213;0.13476;0.136243;0.135212;0.136405;0.13556;0.136591;0.134694;0.136549;0.13499;0.136165;0.137259;0.135262;0.136297;0.13497;0.134025;0.137069;0.138401;0.138594;0.136195;0.13546;0.136606;0.13607;0.136493;0.135443;0.138981;0.135475;0.137907;0.137241;0.136882;0.136705;0.136224;0.136471;0.13909;0.137816;0.136791;0.136294;0.135312;0.136484;0.135684;0.138064;0.134174;0.136535;0.135726;0.136027;0.136131;0.135787;0.138285;0.136063;0.136441;0.136712;0.136291;0.136394;0.136681;0.137786;0.136536;0.134964;0.136004;0.137347;0.135748;0.135049;0.13535;0.137395;0.13583;0.134987;0.136932;0.136781;0.1378;0.13761;0.137379;0.137293;0.135693;0.136896;0.137367;0.136703;0.141134;0.140553;0.134443;0.136328;0.135815;0.136107;0.136671;0.136407;0.137477;0.138762;0.136165;0.135718;0.136876;0.136017;0.135769;0.137806;0.137642;0.137257;0.13699;0.135705;0.135948;0.135885;0.136788;0.138568;0.136697;0.136992;0.139499;0.137315;0.134632;0.137161;0.138588;0.134834;0.136369;0.137093;0.139049;0.136488;0.136357;0.136885;0.136247;0.136039;0.136371;0.136074;0.136568;0.137377;0.136851;0.138716;0.135299;0.136402;0.135956;0.137343;0.137029;0.137243;0.137526;0.134081;0.136838;0.136302;0.136158;0.136741;0.136892;0.13776;0.134648;0.135107;0.135147;0.135259;0.135641;0.138317;0.135823;0.135713;0.134944;0.134623;0.136078;0.134548;0.13672;0.137791;0.136762;0.134864;0.136428;0.13573;0.135551;0.135009;0.136183;0.140616;0.136215;0.137166;0.136084;0.136759;0.136146;0.135569;0.137243;0.134731;0.137335;0.13629;0.135764;0.135103;0.136514;0.13656;0.136929;0.13585;0.134796;0.137084;0.136356;0.134635;0.136144;0.137896;0.134665;0.134836;0.136176;0.137177;0.135197;0.136741;0.136777;0.135448;0.13448;0.135155;0.136575;0.135559;0.137132;0.136582;0.136435;0.134682;0.135142;0.135982;0.136812;0.136191;0.137968;0.137849;0.138649;0.135199;0.136178;0.135107;0.135901;0.137371;0.136933;0.134642;0.136165;0.136565;0.136244;0.135806;0.139609;0.136858;0.134644;0.135808;0.135029;0.136698;0.135707;0.136559;0.137891;0.135476;0.135639;0.135568;0.13519;0.134237;0.136234;0.134472;0.137253;0.137689;0.135094;0.135377;0.137569;0.137151;0.137079;0.137495;0.137245;0.138337;0.136302;0.13565;0.136301;0.135888;0.136407;0.136065;0.135538;0.139061;0.137051;0.136555;0.135172;0.135617;0.136511;0.135153;0.134154;0.138122;0.138943;0.135924;0.135002;0.135897;0.136273;0.136489;0.137901;0.136258;0.139724;0.135254;0.137807;0.135982;0.136652;0.135571;0.136952;0.13793;0.137057;0.136493;0.136734;0.136045;0.136931;0.137879;0.135767;0.134896;0.135659;0.136678;0.135238;0.139112;0.135362;0.136506;0.137105;0.135758;0.137687;0.134881;0.136089;0.136118;0.138846;0.136848;0.135391;0.138245;0.135837;0.135116;0.136924;0.135728;0.13704;0.135535;0.135587;0.136864;0.136001;0.136631;0.136386;0.136233;0.138374;0.138165;0.139522;0.136903;0.135988;0.135813;0.135971;0.136405;0.137618;0.14274;0.135058;0.136069;0.137121;0.136897;0.13783;0.13757;0.139139;0.13678;0.137343;0.136653;0.138173;0.13736;0.137301;0.135996;0.13704;0.134761;0.13823;0.134551;0.135414;0.13536;0.136071;0.137287;0.135814;0.136013;0.138621;0.137963;0.136232;0.137161;0.138285;0.137388;0.136336;0.136845;0.140794;0.136301;0.136316;0.138299;0.136662;0.135324;0.135727;0.136092;0.137165;0.135936;0.136944;0.137909;0.136043;0.135997;0.135887;0.136703;0.138082;0.136291;0.1385;0.135415;0.135323;0.135844;0.135155;0.135517;0.137565;0.138497;0.134361;0.137021;0.1359;0.136062;0.137068;0.137403;0.137683;0.138262;0.136247;0.135423;0.135582;0.135211;0.135476;0.136521;0.138368;0.137486;0.137961;0.138129;0.137982;0.135837;0.135466;0.137457;0.135225;0.135754;0.139104;0.136795;0.135263;0.135956;0.136855;0.136028;0.135599;0.135037;0.137806;0.135707;0.136216;0.136821;0.136875;0.136212;0.137418;0.136288;0.14078;0.134738;0.136911;0.138778;0.136693;0.135893;0.137281;0.137661;0.140043;0.135261;0.1395;0.137081;0.137687;0.137541;0.138337;0.135848;0.138751;0.137169;0.13713;0.137332;0.137144;0.137084;0.13695;0.137094;0.136807;0.135947;0.13609;0.135221;0.136748;0.135228;0.136291;0.135392;0.138144;0.137817;0.135416;0.136528;0.135985;0.136844;0.136606;0.138613;0.135353;0.140378;0.136492;0.136603;0.136969;0.135117;0.137343;0.134334;0.135713;0.13839;0.136509;0.134784;0.135457;0.137043;0.134256;0.134281;0.134813;0.14106;0.134721;0.136009;0.134524;0.137686;0.134011;0.135363;0.135503;0.138541;0.13649;0.135427;0.137113;0.134331;0.135948;0.136694;0.136874;0.138545;0.136111;0.137195;0.134828;0.135344;0.13503;0.13618;0.13703;0.135881;0.138872;0.135884;0.134097;0.136476;0.135515;0.135655;0.136382;0.135754;0.140853;0.134478;0.138029;0.135065;0.137562;0.13636;0.135305;0.136241;0.136705;0.137489;0.137015;0.136468;0.136979;0.136271;0.13744;0.135289;0.138548;0.134975;0.134833;0.137476;0.136334;0.135053;0.13773;0.134418;0.136236;0.140193;0.134984;0.136866;0.135489;0.138001;0.134507;0.136235;0.136291;0.134578;0.137041;0.13696;0.137353;0.135363;0.13753;0.136089;0.138034;0.139325;0.136207;0.137394;0.134944;0.136078;0.135987;0.1357;0.136125;0.137325;0.137502;0.137122;0.136176;0.136074;0.137045;0.134941;0.134991;0.136416;0.139252;0.133479;0.137154;0.136758;0.13658;0.138388;0.138191;0.139047;0.135763;0.134663;0.136687;0.13863;0.136959;0.136272;0.140158;0.135039;0.135519;0.134708;0.135825;0.136082;0.136238;0.13671;0.138344;0.13419;0.136129;0.136269;0.136545;0.135863;0.134645;0.137396;0.138864;0.138562;0.138759;0.136319;0.136572;0.135631;0.137748;0.136377;0.136733;0.13995;0.136953;0.135569;0.136268;0.136231;0.135823;0.13559;0.134066;0.13746;0.136554;0.138213;0.137015;0.136167;0.135538;0.135612;0.137231;0.136147;0.13862;0.135158;0.137596;0.134299;0.137122;0.135233;0.13608;0.134718;0.13846;0.135794;0.134249;0.134754;0.135516;0.13619;0.13516;0.135803;0.13437;0.137935;0.133925;0.13635;0.135062;0.135411;0.13669;0.136552;0.137827;0.135316;0.136057;0.135593;0.135394;0.13545;0.134834;0.137522;0.135186;0.13718;0.137938;0.136909;0.13596;0.136061;0.136888;0.137904;0.137907;0.135298;0.137968;0.136343;0.135523;0.13549;0.136364;0.135014;0.135119;0.136025;0.136823;0.1366;0.136426;0.137982;0.135258;0.13663;0.136917;0.136937;0.140399;0.136333;0.138221;0.135047;0.137011;0.136642;0.135459;0.135631;0.138051;0.137661;0.136336;0.136365;0.135313;0.13771;0.135486;0.136089;0.136376;0.136895;0.134066;0.135432;0.1357;0.135794;0.135078;0.134888;0.139222;0.135894;0.135803;0.135529;0.134751;0.132893;0.135281;0.137126;0.132692;0.135639;0.136179;0.133696;0.134797;0.135042;0.136045;0.135175;0.134059;0.138283;0.137686;0.138786;0.13872;0.135316;0.136354;0.134438;0.134229;0.138041;0.137801;0.137608;0.136843;0.13864;0.134721;0.137307;0.13595;0.138673;0.138089;0.137648;0.140112;0.134273;0.135379;0.133558;0.134018;0.136851;0.13359;0.135345;0.136025;0.135447;0.136582;0.134569;0.135365;0.139107;0.135111;0.138781;0.13442;0.135628;0.135803;0.135118;0.136139;0.13479;0.13777;0.134993;0.13778;0.136013;0.135625;0.135096;0.135046;0.135391;0.136136;0.132898;0.137249;0.136692;0.135422;0.134566;0.136475;0.136528;0.135722;0.136356;0.13655;0.135938;0.135003;0.13635;0.141937;0.134783;0.13437;0.135925;0.135101;0.13689;0.134839;0.134872;0.137289;0.13572;0.13488;0.134983;0.135437;0.140652;0.136097;0.137205;0.134841;0.134891;0.134872;0.135611;0.135848;0.135979;0.136939;0.135264;0.136271;0.13573;0.134573;0.135609;0.134757;0.136653;0.138521;0.13723;0.135297;0.138111;0.135433;0.135104;0.13538;0.136976;0.137195;0.136256;0.134176;0.135665;0.135322;0.137994;0.140483;0.135551;0.136004;0.138042;0.13649;0.141315;0.135218;0.138907;0.134428;0.136161;0.135703;0.135855;0.135745;0.136669;0.136926;0.137602;0.135937;0.136266;0.136645;0.135118;0.135357;0.136036;0.139193;0.134464;0.13555;0.136393;0.137005;0.137201;0.136161;0.137463;0.13725;0.135375;0.135078;0.134737;0.135331;0.135379;0.134675;0.138499;0.13683;0.134026;0.133276;0.136802;0.134877;0.134344;0.136911;0.134666;0.13605;0.136254;0.135038;0.138986;0.138201;0.137681;0.135008;0.135574;0.136482;0.134318;0.13538;0.135907;0.142954;0.137567;0.137345;0.137015;0.136785;0.137708;0.136942;0.137864;0.141026;0.135976;0.136973;0.137741;0.136783;0.135793;0.13581;0.138323;0.137746;0.138736;0.139005;0.138338;0.138485;0.138493;0.139018;0.13793;0.137253;0.138684;0.136569;0.138338;0.137255;0.138688;0.136996;0.138778;0.137718;0.138747;0.140035;0.139293;0.140515;0.136981;0.137138;0.136853;0.139176;0.136175;0.137811;0.139737;0.138804;0.136493;0.137442;0.138173;0.136774;0.137743;0.13705;0.141033;0.137631;0.136661;0.138636;0.137725;0.13948;0.138089;0.141799;0.137826;0.140198;0.136678;0.136821;0.134177;0.135605;0.138143;0.136483;0.138006;0.137605;0.13504;0.1367;0.135703;0.137538;0.136053;0.135756;0.136486;0.140487;0.138593;0.13774;0.13666;0.139348;0.136218;0.137153;0.137827;0.138868;0.138069;0.136609;0.140052;0.135475;0.134615;0.139075;0.13613;0.13694;0.13843;0.142066;0.13333;0.135768;0.135104;0.136297;0.136131;0.136206;0.140313;0.135273;0.136102;0.135455;0.137709;0.135864;0.134043;0.136059;0.139787;0.134713;0.136728;0.136152;0.134858;0.135085;0.134629;0.135846;0.138733;0.137658;0.135387;0.136048;0.135375;0.136381;0.138468;0.134755;0.139484;0.136243;0.13476;0.137156;0.137144;0.13617;0.136211;0.133205;0.138727;0.137084;0.136143;0.134907;0.134589;0.137185;0.134688;0.135043;0.137708;0.135293;0.13527;0.135318;0.137399;0.13478;0.136472;0.136072;0.137627;0.137061;0.137149;0.136432;0.133513;0.135214;0.135191;0.134035;0.134786;0.133711;0.133979;0.136896;0.134552;0.135043;0.135623;0.134479;0.135418;0.135098;0.136275;0.135031;0.137992;0.135368;0.134854;0.135177;0.135391;0.139567;0.132771;0.135047;0.136235;0.134322;0.13556;0.135849;0.132547;0.136483;0.134943;0.135896;0.137037;0.135958;0.135041;0.134825;0.136706;0.134699;0.134318;0.135234;0.135116;0.138751;0.136513;0.136105;0.134716;0.136824;0.136611;0.134362;0.135583;0.137353;0.133818;0.13869;0.133817;0.136146;0.135225;0.135057;0.135338;0.137253;0.135158;0.133595;0.133856;0.135134;0.136825;0.135748;0.135338;0.136441;0.134124;0.134852;0.13526;0.134416;0.134251;0.133705;0.135682;0.13783;0.138633;0.137467;0.137826;0.134457;0.134744;0.135555;0.137016;0.134625;0.137579;0.136006;0.135591;0.133995;0.135393;0.137552;0.132606;0.134849;0.135366;0.134298;0.134966;0.135077;0.137121;0.13606;0.133075;0.135291;0.136602;0.13598;0.135282;0.134296;0.13668;0.134141;0.133971;0.135076;0.138744;0.136334;0.136323;0.137044;0.134458;0.13637;0.136006;0.136609;0.133876;0.138452;0.13508;0.138013;0.13467;0.135081;0.135389;0.135003;0.134243;0.137655;0.136298;0.134119;0.135238;0.134296;0.134995;0.136275;0.135037;0.136844;0.136186;0.135343;0.135617;0.136048;0.13562;0.136248;0.1356;0.136614;0.13635;0.137227;0.135681;0.136294;0.135508;0.135486;0.136913;0.138476;0.136883;0.136767;0.136625;0.140629;0.136573;0.138387;0.135104;0.136637;0.135245;0.136382;0.137228;0.140106;0.137104;0.135233;0.137384;0.135839;0.13584;0.135898;0.136553;0.136238;0.137174;0.137715;0.135471;0.134627;0.135627;0.136429;0.135302;0.137988;0.135138;0.137833;0.134161;0.135029;0.135449;0.13678;0.136209;0.135505;0.135302;0.138148;0.137634;0.137859;0.136718;0.137666;0.134936;0.13544;0.136639;0.136338;0.138546;0.135646;0.136507;0.13859;0.136851;0.134983;0.135647;0.137504;0.138254;0.135183;0.137318;0.136501;0.135467;0.136488;0.135774;0.136412;0.138771;0.147666;0.136607;0.1362;0.137622;0.136557;0.135121;0.136263;0.141058;0.136037;0.137725;0.135616;0.137283;0.136925;0.137308;0.13637;0.137402;0.136282;0.136985;0.134616;0.134133;0.134643;0.137043;0.136618;0.135198;0.136316;0.136395;0.135714;0.137368;0.135508;0.143031;0.134016;0.13773;0.134573;0.136073;0.136411;0.135319;0.136409;0.136226;0.134157;0.136624;0.136343;0.135135;0.138194;0.136054;0.136619;0.133781;0.134177;0.134773;0.134667;0.13531;0.136275;0.137998;0.135111;0.135469;0.135324;0.134919;0.134732;0.135355;0.135962;0.136682;0.13462;0.135251;0.137128;0.134156;0.136261;0.135354;0.139994;0.134637;0.135923;0.135264;0.135584;0.134836;0.135073;0.139068;0.137657;0.135202;0.13525;0.13694;0.13605;0.135674;0.138689;0.137753;0.138278;0.13614;0.135261;0.134945;0.134669;0.135271;0.136513;0.135406;0.139917;0.138254;0.134819;0.134029;0.13639;0.137611;0.133288;0.135513;0.138033;0.135696;0.135227;0.136687;0.138469;0.133934;0.135072;0.136141;0.13493;0.139484;0.13665;0.136218;0.138282;0.135674;0.135159;0.136467;0.138129;0.141028;0.136215;0.136936;0.135886;0.136154;0.138461;0.136786;0.13661;0.137062;0.138929;0.137468;0.137948;0.136261;0.135323;0.135946;0.141235;0.138327;0.136968;0.137136;0.136319;0.136369;0.137072;0.136577;0.138189;0.1386;0.13747;0.135941;0.135131;0.134903;0.134709;0.135817;0.143047;0.13692;0.135889;0.136572;0.137918;0.137685;0.135992;0.138297;0.137714;0.138081;0.13588;0.137125;0.136112;0.135707;0.140265;0.136827;0.139105;0.136979;0.137254;0.135239;0.136424;0.136487;0.136195;0.137819;0.140261;0.135274;0.134752;0.136479;0.135207;0.136959;0.136584;0.136142;0.140441;0.134862;0.134523;0.134998;0.138678;0.137349;0.135349;0.136183;0.135499;0.136333;0.134708;0.135325;0.133859;0.134113;0.135593;0.135112;0.135056;0.136002;0.136126;0.136427;0.13453;0.134678;0.13711;0.133994;0.134374;0.135755;0.142433;0.134732;0.136051;0.137352;0.141215;0.136406;0.135676;0.137369;0.13524;0.138677;0.136648;0.13621;0.139754;0.135637;0.137214;0.136124;0.13685;0.134834;0.135625;0.135663;0.139506;0.137493;0.137844;0.137377;0.134996;0.135494;0.135598;0.136217;0.138232;0.137239;0.137614;0.134108;0.1366;0.135916;0.137649;0.135268;0.139832;0.133326;0.135861;0.135977;0.135251;0.136331;0.135912;0.135891;0.138437;0.134113;0.135915;0.135826;0.137399;0.13528;0.135208;0.13691;0.139024;0.135144;0.136168;0.13603;0.137006;0.137263;0.137031;0.134997;0.136718;0.136537;0.136415;0.136727;0.137023;0.13673;0.134562;0.134252;0.140059;0.135816;0.134108;0.13617;0.135383;0.135982;0.135596;0.134748;0.139163;0.136175;0.136312;0.137435;0.140285;0.133741;0.134431;0.135791;0.139399;0.134728;0.134697;0.137633;0.134802;0.135702;0.13404;0.135256;0.139508;0.135973;0.136309;0.135613;0.134453;0.133768;0.13536;0.134311;0.137365;0.135812;0.136284;0.133041;0.134291;0.134663;0.135982;0.135087;0.137704;0.136812;0.134886;0.136858;0.135623;0.135558;0.136166;0.135936;0.138214;0.135114;0.134561;0.135435;0.134832;0.13521;0.135914;0.135727;0.138678;0.137911;0.136066;0.135946;0.135818;0.134492;0.135763;0.136329;0.133795;0.136642;0.135072;0.134491;0.13449;0.135183;0.136;0.137138;0.13443;0.137552;0.13467;0.136605;0.13495;0.135066;0.136356;0.133092;0.133933;0.134977;0.135123;0.135607;0.136794;0.136924;0.134426;0.134436;0.134849;0.1343;0.136239;0.133767;0.135062;0.136512;0.135954;0.135516;0.134981;0.134679;0.134567;0.13494;0.136709;0.134352;0.135416;0.136955;0.13441;0.135135;0.135118;0.136612;0.135255;0.137284;0.137021;0.135899;0.135444;0.135914;0.135912;0.136039;0.134303;0.137026;0.133765;0.133649;0.134733;0.135399;0.137251;0.13394;0.13567;0.136075;0.138474;0.136378;0.140401;0.137141;0.134901;0.136869;0.134799;0.136328;0.135464;0.134792;0.139678;0.135892;0.134589;0.136194;0.133676;0.136052;0.1355;0.135261;0.137262;0.137481;0.136268;0.134809;0.13504;0.135289;0.137667;0.140811;0.136429;0.139229;0.138142;0.137154;0.136595;0.136322;0.136934;0.135958;0.136259;0.136912;0.135041;0.136154;0.139934;0.135373;0.139457;0.136699;0.135908;0.134201;0.135435;0.136201;0.138755;0.137982;0.1371;0.136263;0.136228;0.134503;0.137378;0.135261;0.135251;0.137761;0.138137;0.136342;0.135163;0.135828;0.135824;0.136833;0.134372;0.135725;0.134175;0.136968;0.135893;0.135424;0.135042;0.148569;0.134549;0.138392;0.135613;0.135663;0.137029;0.136475;0.137429;0.135626;0.136725;0.138698;0.135932;0.135961;0.136282;0.136089;0.135388;0.136188;0.135597;0.137643;0.136171;0.136552;0.136918;0.13432;0.135169;0.134741;0.13578;0.138174;0.134696;0.133777;0.136334;0.136157;0.135286;0.135299;0.135108;0.138137;0.135406;0.140729;0.134607;0.134383;0.13613;0.135242;0.135382;0.13843;0.139972;0.135829;0.136629;0.135761;0.136422;0.136492;0.134823;0.133878;0.137181;0.135003;0.136283;0.134818;0.136106;0.13776;0.138032;0.136331;0.136603;0.134891;0.136206;0.135947;0.135018;0.135169;0.137111;0.1349;0.135261;0.136795;0.135589;0.134609;0.135423;0.135331;0.140063;0.137019;0.135459;0.134705;0.135848;0.133848;0.135532;0.137433;0.134205;0.134506;0.134983;0.134996;0.13518;0.135871;0.136892;0.137152;0.13527;0.135773;0.134848;0.134649;0.136205;0.13648;0.135117;0.135626;0.134926;0.135659;0.136662;0.134424;0.136844;0.137123;0.134817;0.134789;0.137226;0.134343;0.133881;0.135096;0.13713;0.136284;0.136459;0.134603;0.134475;0.134345;0.140166;0.141198;0.135663;0.13475;0.137328;0.135676;0.135804;0.136643;0.13992;0.141253;0.134056;0.136917;0.137514;0.137234;0.137677;0.135205;0.138022;0.136952;0.135842;0.13472;0.136032;0.135526;0.134485;0.137878;0.134764;0.136265;0.13595;0.13471;0.135565;0.134855;0.135089;0.136748;0.135723;0.137457;0.134996;0.136327;0.134028;0.135239;0.137025;0.136335;0.135703;0.140312;0.13862;0.136374;0.136414;0.136718;0.134974;0.135176;0.134502;0.139116;0.136121;0.135202;0.136989;0.135107;0.134597;0.134502;0.13601;0.133467;0.136903;0.137259;0.139411;0.138103;0.13714;0.135752;0.137159;0.135228;0.135338;0.137224;0.136188;0.1359;0.13571;0.137345;0.136633;0.135949;0.137049;0.13588;0.136776;0.137583;0.137265;0.138925;0.136634;0.135701;0.1369;0.135899;0.136678;0.136954;0.136985;0.139881;0.13652;0.138113;0.136505;0.135489;0.135484;0.135302;0.135739;0.136488;0.137482;0.136004;0.135224;0.134612;0.135905;0.135403;0.135869;0.13844;0.136244;0.136969;0.135047;0.134652;0.135925;0.136964;0.134857;0.141249;0.135879;0.135675;0.135673;0.135694;0.135616;0.13413;0.137847;0.135508;0.136718;0.136447;0.135882;0.134293;0.135919;0.136868;0.136332;0.135998;0.137311;0.134794;0.135035;0.135774;0.13648;0.137682;0.136884;0.134393;0.137475;0.138381;0.135697;0.13509;0.137453;0.135895;0.134376;0.134334;0.136435;0.135367;0.135232;0.138546;0.135924;0.135248;0.135959;0.134914;0.134821;0.139446;0.137588;0.135517;0.136844;0.136035;0.135463;0.136584;0.135842;0.134944;0.136938;0.135836;0.137331;0.134198;0.134866;0.135219;0.134615;0.137016;0.135804;0.134798;0.137136;0.136648;0.135447;0.135294;0.138325;0.136133;0.134277;0.134352;0.136298;0.137344;0.136614;0.138372;0.138686;0.133973;0.136171;0.134294;0.136701;0.137259;0.135306;0.136348;0.133708;0.13548;0.135545;0.135204;0.135779;0.135905;0.136344;0.135082;0.137595;0.134976;0.134404;0.135115;0.135936;0.136028;0.138179;0.135462;0.135373;0.135562;0.135707;0.134894;0.134433;0.137075;0.136732;0.134823;0.136273;0.135761;0.13559;0.135255;0.136015;0.134842;0.135429;0.134604;0.135355;0.134292;0.134717;0.135196;0.137446;0.133963;0.135515;0.138216;0.13238;0.13502;0.135315;0.136066;0.134377;0.133903;0.133968;0.136885;0.135425;0.135885;0.136822;0.138483;0.138343;0.137271;0.136292;0.137734;0.137017;0.138269;0.134881;0.135547;0.135559;0.136295;0.136133;0.140261;0.135427;0.135739;0.135442;0.136585;0.135906;0.13637;0.136481;0.138349;0.141797;0.13505;0.135529;0.138628;0.136283;0.136551;0.135899;0.13896;0.134175;0.136376;0.134357;0.13475;0.135386;0.133536;0.135011;0.140317;0.135996;0.134048;0.135221;0.135173;0.135467;0.136174;0.137266;0.137761;0.138993;0.138225;0.137599;0.136559;0.135109;0.13759;0.136918;0.135803;0.136052;0.135869;0.135637;0.135146;0.136564;0.133385;0.136277;0.137967;0.135162;0.134836;0.136206;0.135721;0.13705;0.133819;0.135328;0.137249;0.137398;0.139973;0.138707;0.136434;0.134937;0.135354;0.135757;0.135389;0.136943;0.134809;0.139152;0.135834;0.138006;0.138398;0.135291;0.135141;0.133281;0.134799;0.139399;0.134949;0.135747;0.136178;0.135263;0.134596;0.135655;0.135321;0.13393;0.137343;0.136418;0.135657;0.135183;0.135614;0.136927;0.135206;0.135282;0.138683;0.136966;0.136489;0.136214;0.183146;0.134374;0.135455;0.13638;0.134898;0.134978;0.135266;0.13716;0.134657;0.134171;0.133976;0.13654;0.133516;0.134173;0.133551;0.135304;0.1347;0.134937;0.135275;0.136783;0.135202;0.134978;0.135923;0.134793;0.135765;0.136279;0.134769;0.135938;0.136836;0.136483;0.136701;0.136768;0.134773;0.135357;0.135389;0.136805;0.136508;0.136355;0.13394;0.134497;0.136058;0.135817;0.136249;0.135739;0.138095;0.137201;0.135628;0.135148;0.133439;0.134368;0.134592;0.134592;0.136365;0.136387;0.137754;0.135883;0.134645;0.137315;0.136452;0.135197;0.135274;0.139325;0.135994;0.135338;0.134528;0.137026,
