# FP64; exactly one untimed warmup solve; setup includes representation/storage preparation; solve includes a fresh factorization and primal solve on every repetition.
# All backends receive identical data. Validation and result conversion are untimed.
# CLQR, generalized Riccati, and both Laine implementations also recover duals inside timing. Primal-only backends report no solver-dual KKT measurement.
# Setup+solve includes representation construction and fresh workspace allocation; destruction is excluded.
# Missing dual/kernel measurements are nan, not inferred from other solvers.
# planted_dual_stationarity_inf audits each returned primal with the fixture's known optimal dual, not solver output.
# primal_error and dual_error_inf are absolute infinity-norm errors against the known planted optimum, in original coordinates.
# Samples are individually timed; sample-list columns retain chronological times in ms separated by semicolons. Timing quantiles are unavailable for a single sample.
# min_seconds=1; fixed_repeats=0 (0 means duration-based); each timing phase uses its own budget.
backend,family,N,n,m,mixed_rows,state_rows,seed,status,repeats,setup_ms,median_ms,p10_ms,p90_ms,primal_error,objective,relative_objective_error,kernel_ms,feasibility_inf,stationarity_inf,kkt_inf,setup_solve_ms,planted_dual_stationarity_inf,dual_error_inf,setup_solve_repeats,solve_samples_ms,setup_solve_samples_ms,kernel_samples_ms
gen_riccati,horizon,32,16,8,2,4,20260907,ok,13060,1.562464,0.075421,0.075073,0.076686,1.99840144433e-14,-29.5047056935,3.88045726006e-18,nan,1.11022302463e-15,5.13214470921e-13,5.13214470921e-13,0.112343,2.03725925019e-14,5.57998092177e-13,8587,0.709456;0.425269;0.14777;0.146641;0.145851;0.147025;0.14528;0.144898;0.14489;0.144779;0.144744;0.144655;0.146224;0.144545;0.14325;0.113206;0.11337;0.113364;0.1132;0.113129;0.116511;0.113665;0.11358;0.113248;0.113019;0.113241;0.113319;0.113405;0.113161;0.114764;0.113319;0.113154;0.1134;0.113109;0.113059;0.1132;0.113332;0.114771;0.115206;0.113132;0.112948;0.112892;0.113034;0.112953;0.113274;0.112905;0.11452;0.113147;0.113282;0.116018;0.114668;0.112981;0.113198;0.113016;0.113344;0.117265;0.113169;0.113124;0.113062;0.11293;0.112965;0.11309;0.113159;0.113244;0.119017;0.113475;0.113085;0.113152;0.113061;0.113016;0.113035;0.113129;0.112941;0.114676;0.113244;0.113447;0.11336;0.113107;0.113123;0.113185;0.113123;0.11308;0.114891;0.113282;0.113431;0.113157;0.113106;0.113129;0.113094;0.113188;0.115216;0.113459;0.113378;0.11346;0.113171;0.113262;0.113358;0.113239;0.113174;0.114953;0.113379;0.113373;0.113201;0.11326;0.113125;0.113174;0.113154;0.113208;0.114923;0.113503;0.113295;0.113366;0.113334;0.113208;0.113292;0.11336;0.113245;0.1147;0.113272;0.113447;0.113364;0.113331;0.113374;0.113435;0.113402;0.113254;0.114505;0.113308;0.113152;0.113249;0.113216;0.113236;0.1132;0.113249;0.114782;0.113805;0.113309;0.113335;0.113136;0.113217;0.113217;0.113346;0.113263;0.114497;0.113217;0.113254;0.113291;0.113307;0.11329;0.113247;0.113233;0.113259;0.114979;0.113193;0.113445;0.113349;0.113184;0.113278;0.113322;0.113236;0.113241;0.114816;0.113267;0.113249;0.113262;0.11327;0.113325;0.115185;0.113225;0.113245;0.114834;0.113268;0.113338;0.113365;0.113402;0.113347;0.113206;0.113299;0.114575;0.113698;0.113404;0.11331;0.113284;0.113508;0.113336;0.113291;0.113294;0.114823;0.114857;0.115128;0.11335;0.11342;0.113503;0.113377;0.113305;0.113333;0.114766;0.113338;0.113433;0.114796;0.113427;0.113244;0.113188;0.113481;0.113326;0.114948;0.113351;0.113271;0.113236;0.113322;0.113201;0.113257;0.113145;0.113272;0.114615;0.113195;0.113174;0.113311;0.113087;0.113202;0.113242;0.113306;0.114243;0.113526;0.11346;0.113146;0.113333;0.113354;0.113528;0.113262;0.11331;0.114462;0.113324;0.11324;0.113375;0.113241;0.11336;0.115001;0.113252;0.113232;0.115328;0.242082;0.211766;0.17252;0.14601;0.144996;0.160813;0.161325;0.160119;0.160188;0.160856;0.160664;0.163958;0.159633;0.158974;0.159852;0.158728;0.131615;0.112666;0.114605;0.111908;0.112353;0.112038;0.112059;0.112197;0.112262;0.111422;0.113214;0.112862;0.112373;0.112741;0.112629;0.10682;0.075646;0.075596;0.076088;0.075782;0.075634;0.077111;0.075665;0.075559;0.075747;0.075311;0.075386;0.075528;0.0758;0.075512;0.0756;0.076724;0.07781;0.076664;0.07834;0.07618;0.075276;0.075473;0.075382;0.075609;0.075713;0.075484;0.075745;0.075589;0.075656;0.075465;0.075668;0.075495;0.076733;0.075694;0.075523;0.075521;0.075365;0.076038;0.075854;0.075659;0.075562;0.075709;0.075549;0.076291;0.075674;0.076718;0.075584;0.075602;0.075333;0.075494;0.075431;0.075446;0.075548;0.075769;0.075411;0.075385;0.075404;0.075433;0.076689;0.075749;0.075667;0.075573;0.075415;0.07549;0.07564;0.075488;0.075528;0.075577;0.075553;0.075554;0.075686;0.080669;0.075703;0.075595;0.076025;0.075853;0.075688;0.075794;0.075735;0.075737;0.075963;0.075893;0.0759;0.077184;0.099787;0.07793;0.07607;0.075771;0.075732;0.075193;0.07546;0.075641;0.075461;0.075446;0.075539;0.075345;0.075409;0.077316;0.076731;0.07752;0.075929;0.07535;0.075428;0.075599;0.075657;0.0756;0.075758;0.075318;0.075598;0.075323;0.077422;0.076243;0.076929;0.076975;0.075865;0.075272;0.075694;0.075428;0.075541;0.075496;0.075623;0.075769;0.075632;0.075467;0.076866;0.075374;0.075659;0.075529;0.075158;0.075331;0.075484;0.075612;0.075534;0.075501;0.075832;0.075455;0.075718;0.076845;0.075909;0.075588;0.075676;0.075769;0.076123;0.075973;0.075775;0.07627;0.076449;0.075631;0.075683;0.075515;0.07672;0.075321;0.075684;0.075568;0.075483;0.075524;0.075595;0.075461;0.075588;0.07538;0.0753;0.075442;0.075185;0.076503;0.075804;0.075743;0.075824;0.075811;0.075983;0.075871;0.07599;0.076058;0.075565;0.075532;0.075745;0.075755;0.076555;0.075682;0.075537;0.075822;0.075505;0.075597;0.075362;0.075455;0.075649;0.07544;0.075448;0.075428;0.07546;0.075383;0.076676;0.075456;0.075364;0.075271;0.075353;0.075352;0.075451;0.07544;0.075453;0.07534;0.075398;0.075435;0.075284;0.076521;0.075476;0.075483;0.075307;0.07561;0.07573;0.075374;0.075405;0.075555;0.075287;0.075416;0.075449;0.075565;0.076519;0.075699;0.075375;0.075673;0.075306;0.075391;0.075594;0.075355;0.075509;0.075684;0.07566;0.075436;0.075464;0.076864;0.075427;0.075703;0.075423;0.075589;0.075323;0.075663;0.075678;0.075448;0.07559;0.075568;0.07574;0.075492;0.075595;0.076098;0.075014;0.075102;0.075199;0.074904;0.075304;0.075502;0.075578;0.075505;0.075383;0.075204;0.075163;0.075368;0.078266;0.075349;0.075928;0.075151;0.075387;0.075507;0.075185;0.075008;0.0752;0.075184;0.07531;0.075312;0.075687;0.076977;0.075351;0.075236;0.075918;0.075379;0.075334;0.075062;0.075608;0.075449;0.075221;0.075736;0.075043;0.075132;0.076162;0.075599;0.075309;0.075633;0.075439;0.075129;0.075496;0.075408;0.075573;0.075499;0.07582;0.075668;0.07522;0.07645;0.075437;0.075365;0.075074;0.075088;0.075251;0.0756;0.075519;0.075178;0.075193;0.075116;0.075251;0.075239;0.075102;0.076834;0.075494;0.075492;0.075324;0.075947;0.075566;0.075675;0.075262;0.075344;0.075824;0.0758;0.075648;0.075704;0.07636;0.075483;0.075563;0.075351;0.075307;0.075096;0.075059;0.075252;0.075265;0.075456;0.075356;0.075489;0.075177;0.076306;0.075401;0.075326;0.075283;0.075433;0.075338;0.075427;0.075487;0.075354;0.075548;0.075349;0.075427;0.075715;0.07656;0.07542;0.075594;0.075224;0.075433;0.075228;0.074998;0.075127;0.074995;0.075079;0.075344;0.075065;0.074995;0.074973;0.076605;0.075654;0.075459;0.075366;0.075228;0.075187;0.0754;0.07518;0.075301;0.075637;0.075434;0.075396;0.075426;0.077105;0.075706;0.076368;0.075453;0.075425;0.075104;0.075094;0.07526;0.075176;0.0755;0.075102;0.07529;0.075203;0.076661;0.075077;0.075162;0.075079;0.075013;0.075349;0.075269;0.075134;0.075401;0.075053;0.074949;0.075332;0.075525;0.075328;0.076339;0.075002;0.075157;0.075159;0.075185;0.075199;0.074951;0.075088;0.074978;0.075081;0.075009;0.075619;0.075664;0.076403;0.075625;0.075469;0.075286;0.075362;0.07563;0.075404;0.075294;0.075466;0.075372;0.07561;0.075437;0.07602;0.076464;0.075481;0.075408;0.075325;0.075804;0.075272;0.075505;0.075351;0.075585;0.075064;0.075646;0.07551;0.075276;0.076702;0.075941;0.075687;0.075752;0.075438;0.075671;0.075798;0.075614;0.076037;0.075872;0.075825;0.07572;0.075614;0.076247;0.075653;0.075753;0.075672;0.075684;0.0755;0.07522;0.075154;0.075451;0.075532;0.075558;0.075372;0.075188;0.075471;0.076497;0.075615;0.075246;0.075454;0.075413;0.07521;0.074905;0.074907;0.075056;0.075013;0.075034;0.075259;0.074969;0.076487;0.075091;0.075252;0.074948;0.075411;0.075071;0.075309;0.075056;0.075312;0.075026;0.075522;0.074867;0.074852;0.076249;0.075661;0.075649;0.075556;0.075929;0.075363;0.075586;0.075865;0.075478;0.07634;0.075589;0.07582;0.075774;0.07655;0.075603;0.075415;0.075233;0.075781;0.075337;0.076391;0.075238;0.075246;0.075337;0.075191;0.075167;0.075184;0.075952;0.076127;0.07492;0.075034;0.074925;0.075061;0.074821;0.075319;0.075088;0.075084;0.0752;0.075015;0.075022;0.075428;0.077459;0.075268;0.075297;0.075359;0.075606;0.075491;0.075364;0.075567;0.075063;0.075015;0.075426;0.075616;0.075461;0.076642;0.075027;0.075276;0.074826;0.075025;0.075392;0.075251;0.076793;0.074839;0.074832;0.075218;0.075365;0.075211;0.076271;0.075443;0.074914;0.075749;0.07592;0.075105;0.075041;0.075145;0.075126;0.075158;0.074912;0.075131;0.075101;0.07515;0.076687;0.075243;0.076279;0.075198;0.075783;0.076581;0.07659;0.076636;0.076727;0.07648;0.077135;0.076465;0.076567;0.078705;0.076803;0.076805;0.076329;0.076468;0.07677;0.077432;0.076764;0.076808;0.076534;0.076656;0.076283;0.076617;0.079356;0.077213;0.075736;0.075536;0.077291;0.07798;0.076501;0.076088;0.074948;0.075455;0.075078;0.076455;0.076521;0.079248;0.077005;0.077098;0.07672;0.076875;0.076581;0.076865;0.076677;0.076746;0.076676;0.076444;0.076505;0.076468;0.078559;0.077085;0.077113;0.077179;0.076704;0.07683;0.077139;0.077272;0.076726;0.077192;0.076914;0.076973;0.07658;0.078466;0.076349;0.076562;0.076592;0.076995;0.076442;0.076516;0.076716;0.076702;0.076493;0.076361;0.076945;0.076699;0.078607;0.07649;0.076347;0.076366;0.076879;0.076867;0.07733;0.076645;0.076631;0.076771;0.076588;0.077001;0.076487;0.078904;0.076538;0.076726;0.076516;0.076428;0.076697;0.076477;0.076912;0.076261;0.076391;0.076623;0.077007;0.076413;0.078626;0.076744;0.07688;0.076797;0.076742;0.076715;0.076515;0.076652;0.076501;0.076467;0.076666;0.076622;0.076464;0.078831;0.076466;0.076702;0.077102;0.076479;0.076723;0.076704;0.076397;0.076443;0.076446;0.076528;0.076652;0.076487;0.07901;0.076834;0.076589;0.076946;0.076906;0.076894;0.077095;0.076925;0.076773;0.076722;0.076575;0.077112;0.076939;0.079784;0.076529;0.07686;0.07733;0.076592;0.076965;0.076871;0.07666;0.076721;0.076546;0.076507;0.076923;0.076714;0.079296;0.076423;0.077077;0.076925;0.07693;0.076871;0.07675;0.077099;0.076997;0.076746;0.077085;0.076651;0.076561;0.078608;0.076969;0.07655;0.076508;0.076741;0.076394;0.076434;0.076339;0.076631;0.077147;0.07659;0.076678;0.076425;0.078738;0.076931;0.076754;0.076639;0.076547;0.07693;0.076928;0.076757;0.076511;0.076613;0.076773;0.076591;0.076531;0.078769;0.077123;0.077574;0.077236;0.076893;0.076797;0.076623;0.076828;0.077047;0.076833;0.076923;0.077026;0.076787;0.078876;0.076535;0.07679;0.076995;0.076887;0.07672;0.076498;0.076802;0.076817;0.076722;0.076968;0.07664;0.077433;0.079097;0.076507;0.076771;0.076793;0.076873;0.077248;0.076962;0.076718;0.076592;0.07699;0.076757;0.076909;0.076734;0.079207;0.076955;0.076996;0.076916;0.077004;0.076745;0.076799;0.076952;0.077094;0.077102;0.076788;0.076998;0.076758;0.079555;0.076679;0.077172;0.076581;0.076512;0.07659;0.07658;0.07651;0.076629;0.076876;0.07657;0.076611;0.076386;0.078574;0.076947;0.076861;0.076911;0.076918;0.076602;0.077114;0.077149;0.076785;0.077664;0.076447;0.076663;0.076508;0.078733;0.076675;0.077254;0.076423;0.076466;0.076768;0.07692;0.076571;0.076405;0.0764;0.076487;0.07664;0.076985;0.078441;0.076973;0.077004;0.076934;0.076403;0.076691;0.076715;0.076625;0.076349;0.077198;0.076742;0.076395;0.076591;0.079091;0.07685;0.076678;0.07671;0.076708;0.076642;0.077065;0.077052;0.076704;0.076524;0.076732;0.076485;0.076898;0.078821;0.076888;0.076736;0.077165;0.078305;0.077299;0.076718;0.076972;0.076535;0.077001;0.076868;0.076586;0.076641;0.078545;0.076609;0.076782;0.076974;0.0768;0.076363;0.077157;0.076579;0.076555;0.076628;0.07674;0.076693;0.076484;0.078577;0.076495;0.076948;0.076839;0.07675;0.076921;0.076324;0.076897;0.076615;0.076732;0.076737;0.076653;0.076533;0.078704;0.076674;0.076641;0.076598;0.076107;0.075111;0.074995;0.075294;0.075605;0.075188;0.074958;0.074905;0.075102;0.07677;0.076258;0.076442;0.076209;0.075322;0.07491;0.075158;0.074929;0.074921;0.075532;0.075157;0.075584;0.075047;0.076834;0.076661;0.077141;0.07692;0.076933;0.075281;0.075961;0.075845;0.07547;0.075598;0.075633;0.075622;0.075685;0.076603;0.075491;0.076975;0.076683;0.07585;0.075598;0.075425;0.075321;0.075194;0.075223;0.075411;0.075423;0.075698;0.075346;0.077295;0.076101;0.076567;0.076739;0.075728;0.075724;0.075395;0.075073;0.075379;0.075326;0.075277;0.075394;0.075327;0.077075;0.07619;0.076604;0.076022;0.07523;0.075234;0.075529;0.075189;0.075501;0.074998;0.075368;0.075535;0.075494;0.07713;0.075594;0.076377;0.076796;0.075551;0.075104;0.075188;0.075206;0.075003;0.074999;0.075686;0.075405;0.075097;0.076712;0.07606;0.077167;0.077084;0.077207;0.075668;0.075658;0.075707;0.075981;0.075605;0.075881;0.075684;0.075738;0.077336;0.075644;0.07655;0.077482;0.076574;0.075913;0.075617;0.0756;0.075658;0.07549;0.075897;0.075521;0.076481;0.07638;0.076614;0.07684;0.077189;0.0759;0.07557;0.075543;0.075935;0.075388;0.075666;0.075278;0.075384;0.075594;0.075334;0.076804;0.076108;0.076772;0.075946;0.075586;0.075717;0.075433;0.075562;0.075591;0.075506;0.075488;0.075726;0.075721;0.077639;0.077233;0.077253;0.076504;0.075759;0.075621;0.075656;0.075637;0.075552;0.075916;0.075532;0.075602;0.075536;0.076951;0.075802;0.076719;0.076461;0.075161;0.075415;0.075301;0.075675;0.075288;0.075312;0.074992;0.075231;0.075346;0.077163;0.075823;0.077327;0.077059;0.075736;0.076076;0.076042;0.075731;0.075869;0.075594;0.075247;0.07538;0.075804;0.077136;0.075635;0.076994;0.076736;0.075783;0.075677;0.075812;0.075908;0.075706;0.075839;0.075623;0.07563;0.075655;0.076471;0.07578;0.076729;0.077142;0.076759;0.075514;0.075489;0.075436;0.075109;0.075185;0.07544;0.075614;0.075589;0.075699;0.07768;0.076452;0.077219;0.077109;0.076534;0.075736;0.07612;0.075683;0.076005;0.075608;0.076195;0.076108;0.075512;0.078289;0.076644;0.076872;0.075446;0.075493;0.07551;0.075542;0.075215;0.075501;0.075838;0.07591;0.075811;0.075685;0.077455;0.077103;0.076997;0.075925;0.075704;0.075533;0.075625;0.075603;0.075437;0.075863;0.075267;0.075704;0.075542;0.07716;0.075555;0.076888;0.07685;0.07565;0.075515;0.075367;0.075237;0.075116;0.075589;0.075462;0.075523;0.075559;0.076631;0.076708;0.076957;0.076353;0.075735;0.075597;0.076038;0.075939;0.075576;0.07671;0.075659;0.075647;0.075335;0.077441;0.076217;0.07677;0.076552;0.075707;0.075539;0.075477;0.075434;0.075396;0.075447;0.075592;0.075361;0.075577;0.075468;0.077413;0.07672;0.077878;0.075865;0.075383;0.07528;0.075338;0.075644;0.075573;0.075532;0.075548;0.07554;0.075645;0.077297;0.076653;0.076643;0.075377;0.075725;0.075602;0.075205;0.075383;0.075721;0.075699;0.075797;0.075482;0.075498;0.076903;0.07782;0.076921;0.075653;0.07556;0.075454;0.075544;0.075599;0.075534;0.075896;0.075346;0.075331;0.075689;0.077664;0.077321;0.076415;0.075375;0.075499;0.075145;0.075312;0.075328;0.075348;0.075298;0.075242;0.075375;0.075393;0.077003;0.075852;0.07715;0.076815;0.075937;0.07599;0.075744;0.075717;0.075792;0.075873;0.076034;0.075946;0.075527;0.077975;0.076672;0.076421;0.075565;0.075282;0.075591;0.075566;0.075299;0.075504;0.075548;0.07544;0.075272;0.07557;0.075663;0.0777;0.076699;0.075826;0.075266;0.075327;0.07536;0.075504;0.075362;0.075044;0.075404;0.075362;0.075615;0.075552;0.077249;0.076758;0.076966;0.075935;0.0756;0.075628;0.075524;0.075438;0.075364;0.075663;0.075438;0.075677;0.075554;0.077204;0.077694;0.07689;0.076676;0.075838;0.075335;0.075317;0.075125;0.07537;0.075231;0.075242;0.075198;0.075449;0.077032;0.076975;0.076896;0.07589;0.075411;0.075192;0.076259;0.076449;0.07788;0.076217;0.075671;0.07534;0.075432;0.077225;0.075578;0.076853;0.075715;0.075455;0.075402;0.075455;0.075696;0.075434;0.075584;0.075658;0.075402;0.075842;0.077821;0.076449;0.076927;0.076522;0.076842;0.076633;0.076829;0.076824;0.077095;0.076877;0.076833;0.076942;0.076829;0.078378;0.077206;0.076945;0.076865;0.076937;0.076694;0.076703;0.076921;0.077029;0.076935;0.076754;0.077119;0.07719;0.079414;0.077169;0.076561;0.076786;0.076698;0.076994;0.076745;0.07668;0.077092;0.076977;0.077038;0.076945;0.076978;0.078687;0.077052;0.077207;0.077154;0.076925;0.076888;0.076924;0.076723;0.077026;0.077191;0.076991;0.076908;0.077112;0.079684;0.077001;0.076621;0.07664;0.076786;0.076758;0.076877;0.076791;0.07653;0.076323;0.075557;0.075705;0.075492;0.07689;0.076831;0.075476;0.07524;0.075716;0.075241;0.075291;0.075259;0.075275;0.075448;0.075623;0.07546;0.075455;0.075647;0.076637;0.075563;0.075329;0.07571;0.075046;0.075306;0.075486;0.0753;0.075195;0.07509;0.075199;0.075164;0.075173;0.076713;0.075279;0.075366;0.075453;0.075427;0.07571;0.075351;0.075563;0.075229;0.075417;0.075285;0.075371;0.075029;0.078087;0.076259;0.077341;0.076394;0.075318;0.075306;0.075587;0.075565;0.075576;0.075542;0.07538;0.0756;0.075609;0.07762;0.07537;0.07504;0.075354;0.075381;0.075308;0.075276;0.07525;0.075326;0.075335;0.075319;0.075267;0.075294;0.075255;0.07677;0.075199;0.075631;0.075379;0.075366;0.075736;0.075346;0.075591;0.075429;0.075044;0.075066;0.075342;0.075333;0.076769;0.075792;0.07546;0.075664;0.075442;0.075222;0.07548;0.075165;0.075308;0.0753;0.075638;0.07519;0.075248;0.077512;0.075815;0.076709;0.075992;0.075391;0.075336;0.075298;0.07521;0.075057;0.075261;0.075329;0.075434;0.07542;0.076785;0.075254;0.075371;0.075332;0.075231;0.075285;0.075403;0.0757;0.075246;0.075392;0.075098;0.075536;0.07547;0.07682;0.075121;0.075215;0.075351;0.075166;0.075088;0.075404;0.075291;0.075101;0.075207;0.07532;0.075298;0.075314;0.075324;0.077252;0.075656;0.075505;0.075523;0.075577;0.075356;0.075691;0.075456;0.075658;0.075511;0.07556;0.075655;0.075451;0.077514;0.075645;0.075558;0.075382;0.075741;0.075451;0.075219;0.075619;0.076227;0.075482;0.075521;0.076757;0.076933;0.07754;0.076421;0.077243;0.076449;0.075422;0.075661;0.075624;0.075525;0.075783;0.07575;0.075518;0.075507;0.075511;0.077293;0.075588;0.075626;0.07537;0.075609;0.075349;0.075487;0.075097;0.07553;0.075247;0.075507;0.075422;0.075546;0.07708;0.075938;0.075767;0.07603;0.075632;0.075715;0.075724;0.075707;0.076016;0.075796;0.075474;0.075525;0.075651;0.075719;0.077574;0.075531;0.075673;0.075314;0.075357;0.075563;0.075227;0.075427;0.075827;0.075941;0.075548;0.075396;0.075653;0.077923;0.075635;0.077217;0.077002;0.075351;0.075221;0.075631;0.075695;0.075496;0.075343;0.075535;0.075525;0.075522;0.076818;0.075429;0.075022;0.075451;0.075313;0.075631;0.075215;0.075294;0.075235;0.075476;0.07529;0.075236;0.07547;0.076722;0.075429;0.075357;0.075267;0.075313;0.07534;0.075254;0.07516;0.075202;0.075005;0.075199;0.075171;0.075;0.075829;0.076959;0.075398;0.07526;0.075298;0.075293;0.075228;0.075369;0.075454;0.075323;0.075012;0.075379;0.075137;0.07542;0.077011;0.075857;0.075283;0.075802;0.07564;0.075796;0.075451;0.075496;0.07548;0.075753;0.075865;0.075545;0.075475;0.078165;0.075602;0.07545;0.075393;0.075877;0.07548;0.075657;0.075759;0.075814;0.075826;0.0758;0.075489;0.075573;0.077561;0.075258;0.07518;0.075361;0.075176;0.075535;0.075526;0.075379;0.075324;0.075256;0.075593;0.075145;0.075325;0.076687;0.075198;0.075331;0.075382;0.075217;0.075381;0.075268;0.075171;0.075355;0.075465;0.075236;0.075066;0.074975;0.075361;0.077367;0.07675;0.076763;0.076163;0.075678;0.075504;0.075664;0.075624;0.07563;0.075731;0.076294;0.075897;0.075395;0.077085;0.075876;0.075743;0.076147;0.075589;0.075645;0.075517;0.075502;0.075816;0.075414;0.075653;0.075569;0.075377;0.077437;0.075731;0.075583;0.075976;0.075539;0.075628;0.075765;0.075624;0.075618;0.074874;0.074955;0.075017;0.075058;0.07695;0.075211;0.075474;0.075189;0.075278;0.075708;0.075485;0.075268;0.075324;0.075197;0.075127;0.075034;0.075074;0.077168;0.075361;0.076665;0.07673;0.075433;0.075118;0.075115;0.075152;0.075333;0.075456;0.075073;0.075212;0.074998;0.075071;0.076919;0.075281;0.0753;0.075459;0.075273;0.07515;0.075245;0.075039;0.075096;0.075681;0.075469;0.075264;0.074936;0.076605;0.075295;0.075143;0.07529;0.07561;0.075441;0.075145;0.075525;0.075613;0.075261;0.075246;0.075207;0.075099;0.076992;0.075261;0.074987;0.075335;0.07498;0.074861;0.074858;0.074932;0.075087;0.074903;0.075264;0.075047;0.075273;0.076951;0.075941;0.077319;0.076591;0.075563;0.075587;0.075911;0.075673;0.075543;0.075895;0.075523;0.075575;0.075481;0.07546;0.077057;0.075296;0.075239;0.075583;0.075404;0.075385;0.075453;0.075574;0.075331;0.075555;0.075446;0.07525;0.075251;0.076874;0.075497;0.075328;0.074973;0.075135;0.075596;0.075426;0.075011;0.075183;0.075163;0.075286;0.075513;0.0754;0.07713;0.075743;0.075207;0.075075;0.075227;0.074918;0.074812;0.07505;0.075087;0.075152;0.074918;0.075116;0.075059;0.076996;0.075437;0.075247;0.07569;0.075377;0.075255;0.075444;0.075356;0.075138;0.075341;0.07547;0.07515;0.075161;0.075156;0.076799;0.074959;0.075383;0.074901;0.075051;0.075082;0.074823;0.075177;0.075267;0.075407;0.074817;0.07454;0.075214;0.077117;0.075546;0.075244;0.07498;0.075092;0.075158;0.07522;0.075269;0.075381;0.075076;0.075281;0.075086;0.075187;0.077003;0.075543;0.07535;0.075259;0.075197;0.075162;0.075322;0.075132;0.075083;0.07559;0.075354;0.075186;0.07524;0.076755;0.07537;0.075162;0.075552;0.075196;0.075312;0.075523;0.075504;0.075319;0.075589;0.075016;0.07565;0.07562;0.075409;0.076709;0.07554;0.074879;0.07542;0.075069;0.075444;0.075072;0.075227;0.075589;0.075526;0.075239;0.075133;0.075282;0.076661;0.075228;0.075131;0.075337;0.07521;0.075277;0.075648;0.075334;0.075354;0.075113;0.074811;0.07521;0.074938;0.076866;0.075564;0.075453;0.075505;0.075299;0.07575;0.07552;0.075289;0.075239;0.075085;0.075551;0.075256;0.07525;0.076222;0.07522;0.075367;0.075185;0.075325;0.075275;0.075111;0.075453;0.075386;0.075488;0.074965;0.075273;0.075271;0.075107;0.076652;0.075193;0.075431;0.075274;0.075123;0.075214;0.075289;0.075517;0.075488;0.075261;0.075695;0.075361;0.075456;0.077154;0.075101;0.075236;0.074975;0.075015;0.075171;0.075326;0.075091;0.075109;0.075153;0.075051;0.07486;0.075054;0.076542;0.075384;0.075233;0.075031;0.075009;0.075287;0.075243;0.075232;0.075317;0.075093;0.075453;0.075053;0.074777;0.075166;0.07663;0.075174;0.074967;0.075391;0.074815;0.075006;0.074845;0.07534;0.07509;0.074959;0.075102;0.075292;0.075266;0.076411;0.075538;0.075739;0.075466;0.0753;0.075272;0.075448;0.075382;0.075112;0.075428;0.075121;0.075267;0.075446;0.076636;0.075445;0.07535;0.075265;0.074845;0.075049;0.075111;0.075987;0.075008;0.075268;0.075347;0.075102;0.074984;0.076199;0.076214;0.07679;0.076101;0.075092;0.074965;0.074884;0.07488;0.0751;0.074747;0.075006;0.075027;0.075003;0.075325;0.076553;0.075443;0.075509;0.075433;0.075781;0.075289;0.075486;0.075536;0.076051;0.07547;0.075824;0.075282;0.07561;0.076641;0.075608;0.076746;0.074934;0.074979;0.075192;0.075139;0.075247;0.075517;0.074937;0.075232;0.075229;0.075539;0.076312;0.075395;0.075379;0.075638;0.075475;0.07533;0.075438;0.07515;0.075237;0.075334;0.075413;0.075205;0.075333;0.076771;0.075182;0.076161;0.075407;0.075521;0.075374;0.075159;0.07522;0.075439;0.074907;0.075032;0.074859;0.075146;0.075138;0.076603;0.075119;0.076076;0.076062;0.075373;0.075474;0.075426;0.075663;0.075456;0.075416;0.075316;0.075468;0.075488;0.079804;0.075008;0.075393;0.075333;0.075216;0.074966;0.075253;0.075192;0.07516;0.075194;0.075259;0.075223;0.075209;0.076857;0.075214;0.075293;0.075225;0.07498;0.075452;0.07525;0.075024;0.07524;0.075253;0.075112;0.075119;0.075091;0.076678;0.07515;0.075015;0.075453;0.075355;0.075296;0.075094;0.075136;0.075022;0.075085;0.075137;0.075206;0.075079;0.075005;0.076404;0.075002;0.075526;0.075119;0.075141;0.075497;0.075307;0.075116;0.074829;0.075131;0.074987;0.075253;0.075017;0.076862;0.07546;0.075538;0.075289;0.075702;0.075767;0.075335;0.075318;0.075252;0.075425;0.075297;0.075668;0.075268;0.076987;0.075325;0.075189;0.0752;0.075439;0.075686;0.075339;0.075187;0.07604;0.075376;0.075477;0.074964;0.074999;0.07619;0.075287;0.076552;0.076807;0.076066;0.075571;0.075063;0.075307;0.0751;0.075141;0.075246;0.075162;0.075307;0.075625;0.077496;0.076488;0.076148;0.075209;0.075386;0.075224;0.075215;0.074855;0.075363;0.075012;0.075372;0.074802;0.075144;0.077292;0.075389;0.075423;0.0752;0.07512;0.075542;0.075112;0.075572;0.075482;0.075482;0.075487;0.075462;0.075376;0.077504;0.076009;0.076993;0.076933;0.075961;0.075566;0.075267;0.075053;0.075017;0.075418;0.075427;0.075167;0.075177;0.076709;0.075412;0.075494;0.075453;0.075244;0.07545;0.075037;0.075911;0.07499;0.075139;0.075296;0.075472;0.075542;0.075278;0.077049;0.076193;0.07527;0.075297;0.075575;0.075522;0.075508;0.075194;0.075796;0.075697;0.075587;0.075766;0.075804;0.077204;0.076651;0.076033;0.075228;0.07573;0.075188;0.075271;0.075098;0.075312;0.075217;0.075247;0.075555;0.075015;0.076786;0.0761;0.07544;0.075944;0.075441;0.07559;0.075326;0.075333;0.075593;0.075435;0.075726;0.075449;0.075993;0.076892;0.075757;0.07603;0.074954;0.075221;0.075202;0.075641;0.075461;0.07518;0.075291;0.075464;0.0753;0.075314;0.076166;0.076183;0.076708;0.076907;0.075156;0.075263;0.075444;0.075154;0.07574;0.075904;0.075794;0.075575;0.075314;0.075575;0.076379;0.075279;0.075286;0.075502;0.07543;0.075241;0.075081;0.075398;0.075145;0.075299;0.076285;0.075389;0.075486;0.076599;0.075098;0.074785;0.074797;0.074835;0.074784;0.074797;0.074897;0.074833;0.075098;0.075055;0.075105;0.074944;0.076852;0.0752;0.074996;0.07526;0.075239;0.07567;0.075088;0.075032;0.075081;0.075166;0.075261;0.0751;0.075257;0.076856;0.075702;0.076956;0.076504;0.075862;0.075156;0.075261;0.075676;0.07637;0.076118;0.075131;0.074953;0.075095;0.074994;0.077193;0.076948;0.076287;0.075245;0.074769;0.075642;0.075616;0.075447;0.075364;0.075469;0.075789;0.075622;0.075396;0.078103;0.076574;0.076486;0.075449;0.075248;0.075836;0.075674;0.075548;0.075162;0.075723;0.075216;0.075421;0.075066;0.076863;0.076478;0.076691;0.075785;0.075411;0.075487;0.075358;0.075451;0.075167;0.075777;0.07555;0.075451;0.075164;0.077317;0.075502;0.074969;0.075455;0.075404;0.075187;0.075429;0.075449;0.075261;0.075237;0.075192;0.07525;0.07516;0.076707;0.07558;0.075962;0.076533;0.0751;0.075086;0.075404;0.075239;0.075273;0.075106;0.074913;0.075166;0.074951;0.075195;0.07707;0.076685;0.077009;0.075816;0.075612;0.075643;0.075347;0.075072;0.075335;0.075575;0.075464;0.075408;0.075585;0.077336;0.076352;0.076772;0.07654;0.076588;0.075539;0.075071;0.074997;0.075371;0.075242;0.0751;0.075253;0.074982;0.07671;0.075744;0.075479;0.075361;0.075479;0.075528;0.07576;0.075489;0.075154;0.075102;0.075144;0.075614;0.075942;0.07639;0.075532;0.075557;0.075466;0.075711;0.075516;0.075578;0.075527;0.075171;0.075556;0.075428;0.075732;0.07581;0.075652;0.077339;0.074771;0.075354;0.075083;0.075307;0.075404;0.075149;0.075193;0.075367;0.075818;0.075181;0.075202;0.075401;0.076859;0.075965;0.075538;0.07565;0.075692;0.076208;0.075489;0.075504;0.075522;0.075585;0.076023;0.075774;0.075672;0.076959;0.075741;0.075844;0.075238;0.075447;0.075194;0.075671;0.075294;0.075371;0.075133;0.075311;0.075252;0.075445;0.095409;0.076157;0.075714;0.075637;0.07549;0.074939;0.075294;0.075128;0.075269;0.075275;0.075291;0.075158;0.075411;0.077319;0.075681;0.075725;0.075532;0.07538;0.075552;0.075424;0.075465;0.075489;0.075364;0.075448;0.075535;0.07508;0.077252;0.075817;0.075543;0.075263;0.075114;0.075358;0.075585;0.075327;0.075431;0.07545;0.075438;0.075616;0.075496;0.075582;0.077373;0.07527;0.075286;0.075393;0.075315;0.075664;0.075376;0.075384;0.075153;0.075089;0.075351;0.075412;0.076564;0.078901;0.076547;0.076359;0.076461;0.076714;0.075823;0.075307;0.075884;0.074953;0.075077;0.074911;0.074974;0.075144;0.0764;0.074997;0.075433;0.075125;0.074968;0.075191;0.075272;0.075188;0.075017;0.075049;0.075042;0.074965;0.075153;0.077252;0.075172;0.075043;0.075178;0.075216;0.075172;0.075108;0.075386;0.075378;0.075674;0.075551;0.075178;0.075446;0.075133;0.077572;0.07551;0.075267;0.075198;0.075584;0.075387;0.07571;0.07581;0.075339;0.075301;0.075238;0.075817;0.075428;0.077908;0.075449;0.07538;0.075399;0.075309;0.075563;0.075501;0.07581;0.075299;0.076022;0.075396;0.075313;0.075793;0.0778;0.075169;0.075388;0.07523;0.075337;0.075968;0.076338;0.076511;0.075357;0.075081;0.074878;0.075125;0.075219;0.076963;0.075306;0.075291;0.075355;0.075949;0.075326;0.074874;0.075498;0.075416;0.075342;0.075226;0.075013;0.075254;0.075421;0.077252;0.075541;0.07553;0.07549;0.076003;0.074976;0.075698;0.075365;0.075412;0.075373;0.075453;0.075217;0.07533;0.076401;0.075369;0.075823;0.07602;0.076221;0.075336;0.075164;0.07564;0.075189;0.075919;0.075691;0.075154;0.075672;0.077005;0.076774;0.077031;0.075713;0.075695;0.07589;0.074966;0.075423;0.075078;0.075144;0.07533;0.074901;0.075175;0.076302;0.075962;0.076817;0.076765;0.076523;0.075281;0.075044;0.075623;0.075424;0.075242;0.075066;0.074868;0.075225;0.076091;0.07498;0.075115;0.075136;0.075297;0.075583;0.0752;0.075212;0.075171;0.075095;0.075029;0.074869;0.075048;0.076024;0.076608;0.075481;0.075042;0.075389;0.075028;0.075022;0.074951;0.075243;0.075164;0.075564;0.075298;0.075245;0.075379;0.07687;0.075904;0.075081;0.074906;0.075142;0.075907;0.075241;0.074831;0.075588;0.075418;0.074792;0.075396;0.075101;0.076854;0.076107;0.0759;0.075741;0.075015;0.07508;0.075219;0.075219;0.075468;0.074981;0.075059;0.075218;0.075266;0.076374;0.075351;0.076297;0.074994;0.075487;0.075422;0.075251;0.075036;0.075606;0.075599;0.075346;0.075356;0.075336;0.075551;0.077973;0.076183;0.075195;0.075829;0.075375;0.075129;0.075192;0.075343;0.075809;0.075318;0.075279;0.075352;0.075433;0.076869;0.076602;0.075345;0.07541;0.075429;0.075406;0.075544;0.07558;0.075251;0.076071;0.075689;0.075314;0.075288;0.076902;0.076702;0.076608;0.075824;0.075153;0.075271;0.075208;0.075518;0.075574;0.075419;0.075301;0.075991;0.07527;0.07691;0.075918;0.077076;0.076734;0.076323;0.075187;0.075383;0.0753;0.075301;0.075945;0.075201;0.07523;0.074928;0.07621;0.075616;0.076657;0.076626;0.075407;0.075244;0.07596;0.075409;0.075591;0.075216;0.075313;0.07537;0.075564;0.07528;0.076854;0.075463;0.07516;0.075475;0.07499;0.075137;0.075358;0.075699;0.075056;0.07562;0.07563;0.075536;0.074914;0.077297;0.075067;0.074816;0.074828;0.074927;0.074955;0.075286;0.074995;0.075098;0.075096;0.075214;0.075019;0.075587;0.076527;0.075359;0.075157;0.07532;0.075502;0.075249;0.075203;0.075275;0.075391;0.075447;0.075423;0.075603;0.075077;0.076586;0.075593;0.075382;0.075525;0.07561;0.075618;0.075512;0.075321;0.075253;0.075513;0.075297;0.075099;0.075524;0.075299;0.076333;0.075254;0.07519;0.075096;0.074997;0.07495;0.075273;0.075181;0.075011;0.075164;0.075083;0.075161;0.075684;0.07679;0.075334;0.075374;0.074999;0.076179;0.075294;0.075348;0.075179;0.075509;0.075882;0.075885;0.07602;0.075923;0.076886;0.075143;0.075029;0.074978;0.076469;0.076003;0.07495;0.074688;0.075205;0.074881;0.075316;0.075347;0.075117;0.076902;0.075621;0.075216;0.07528;0.075489;0.075453;0.07524;0.07556;0.075665;0.075559;0.075037;0.075009;0.075125;0.075048;0.077202;0.076549;0.076516;0.075779;0.07513;0.075253;0.075194;0.075101;0.07487;0.075124;0.075144;0.075094;0.074958;0.076758;0.075611;0.075536;0.075415;0.075432;0.075455;0.075439;0.075625;0.075629;0.075215;0.075237;0.076014;0.075542;0.076906;0.075585;0.07517;0.075074;0.075417;0.075357;0.075413;0.075332;0.075103;0.075225;0.07509;0.076003;0.075541;0.076477;0.075777;0.075193;0.075068;0.07532;0.075135;0.075179;0.07505;0.075292;0.075027;0.075269;0.075168;0.075228;0.075469;0.076727;0.076168;0.075329;0.075375;0.075102;0.075269;0.075446;0.075339;0.075174;0.075283;0.075077;0.07556;0.07514;0.077388;0.07531;0.075485;0.075286;0.074926;0.07534;0.075035;0.075333;0.074995;0.075412;0.075002;0.075287;0.075397;0.076263;0.07522;0.07532;0.075139;0.075397;0.075085;0.075214;0.07516;0.075164;0.075445;0.075001;0.075061;0.07522;0.076382;0.075223;0.075302;0.07522;0.075122;0.075532;0.075137;0.075492;0.075737;0.075473;0.075108;0.075278;0.075373;0.075425;0.076543;0.074938;0.074866;0.075205;0.075121;0.075371;0.075481;0.0756;0.075449;0.07541;0.07647;0.076267;0.076724;0.077978;0.077056;0.076703;0.076013;0.075528;0.075491;0.075166;0.075184;0.075352;0.075763;0.075274;0.07545;0.075228;0.076814;0.075915;0.075938;0.075267;0.075743;0.07564;0.07521;0.075341;0.075151;0.075246;0.075229;0.074947;0.074823;0.076507;0.075669;0.076501;0.075583;0.075085;0.075119;0.07531;0.075123;0.074946;0.075362;0.075025;0.075142;0.075007;0.074899;0.077171;0.076865;0.07687;0.076881;0.075653;0.075428;0.075786;0.07541;0.07541;0.07582;0.075327;0.075544;0.075658;0.076811;0.076306;0.076464;0.076506;0.075735;0.075032;0.074903;0.074998;0.074768;0.075412;0.075322;0.075214;0.074844;0.076633;0.075048;0.075353;0.075006;0.075313;0.07564;0.075484;0.075169;0.075468;0.07524;0.075249;0.075187;0.075253;0.076066;0.075222;0.075459;0.075108;0.075119;0.075427;0.075376;0.075299;0.0756;0.075577;0.075298;0.075201;0.075508;0.075166;0.076563;0.074799;0.075206;0.075192;0.075;0.075193;0.075037;0.075315;0.075152;0.075437;0.075485;0.074974;0.074998;0.076731;0.075528;0.075105;0.075274;0.075152;0.075005;0.075045;0.075187;0.075498;0.075135;0.075096;0.075372;0.075437;0.077701;0.07492;0.075288;0.075193;0.074948;0.075339;0.075349;0.075332;0.075095;0.075296;0.075061;0.075586;0.075548;0.076208;0.075123;0.075138;0.0751;0.075162;0.07497;0.075125;0.074812;0.075178;0.075289;0.07526;0.07525;0.075805;0.075325;0.076795;0.075345;0.075316;0.075218;0.075248;0.07487;0.07529;0.075708;0.075472;0.075146;0.075396;0.075586;0.07503;0.076773;0.075711;0.075494;0.075691;0.075511;0.075491;0.075293;0.075911;0.075391;0.075429;0.075307;0.075284;0.075521;0.076699;0.074929;0.075477;0.074774;0.074801;0.075085;0.075255;0.075362;0.075143;0.074916;0.075161;0.075243;0.074882;0.076466;0.07517;0.074853;0.075128;0.075202;0.075444;0.074955;0.07492;0.074959;0.074807;0.07491;0.074752;0.074896;0.07501;0.076665;0.076278;0.075396;0.075433;0.075629;0.075969;0.075129;0.075319;0.075568;0.075431;0.075725;0.075338;0.07507;0.077468;0.075205;0.075425;0.07516;0.075451;0.075327;0.075045;0.075197;0.075112;0.075454;0.075129;0.075237;0.075028;0.076691;0.075264;0.075037;0.075183;0.074837;0.074992;0.075315;0.07521;0.075133;0.075137;0.075548;0.075021;0.07491;0.074743;0.076665;0.075097;0.075009;0.075108;0.075211;0.075231;0.075169;0.07534;0.075178;0.075278;0.075068;0.074883;0.074993;0.076397;0.07537;0.075295;0.075417;0.075017;0.075443;0.075244;0.074959;0.075423;0.075381;0.075165;0.075133;0.075118;0.077301;0.075388;0.075009;0.074977;0.074989;0.07511;0.074901;0.075108;0.074883;0.075038;0.075084;0.075316;0.075281;0.07652;0.075185;0.07517;0.075059;0.074994;0.07581;0.075618;0.075301;0.075387;0.075417;0.075351;0.075391;0.075474;0.075658;0.091358;0.075942;0.075344;0.075817;0.075567;0.075008;0.075124;0.075197;0.075805;0.075561;0.075647;0.07559;0.075343;0.077002;0.075009;0.074889;0.075156;0.074999;0.074733;0.074938;0.074977;0.074872;0.074894;0.075287;0.074789;0.074952;0.07634;0.075217;0.075015;0.075294;0.075185;0.075117;0.075527;0.07523;0.075304;0.075333;0.075305;0.075211;0.075384;0.077146;0.075045;0.07525;0.07487;0.075235;0.075205;0.075242;0.074962;0.075027;0.074798;0.074842;0.075275;0.074888;0.076545;0.075448;0.075113;0.075156;0.075013;0.074995;0.075153;0.075224;0.074996;0.074838;0.075036;0.075257;0.075034;0.07489;0.076531;0.075769;0.075208;0.075293;0.075434;0.075719;0.075507;0.075611;0.075318;0.075577;0.075596;0.075402;0.075251;0.076522;0.075306;0.075322;0.075478;0.075406;0.075579;0.075521;0.075327;0.075501;0.07545;0.07559;0.075355;0.075706;0.076911;0.075515;0.075633;0.075698;0.075837;0.075629;0.075585;0.075439;0.07532;0.075309;0.075603;0.075559;0.075118;0.077236;0.075445;0.075428;0.075513;0.075382;0.075708;0.075388;0.075548;0.075404;0.075215;0.075676;0.075498;0.075359;0.075554;0.077052;0.07542;0.075569;0.075806;0.075485;0.07564;0.075367;0.075386;0.075258;0.076056;0.075782;0.075375;0.07514;0.07669;0.075372;0.075553;0.075265;0.075367;0.075922;0.075384;0.075614;0.075237;0.076009;0.07534;0.075182;0.075414;0.07677;0.075638;0.076898;0.076239;0.075467;0.075446;0.075297;0.075146;0.075031;0.075184;0.075036;0.075291;0.075429;0.07732;0.075734;0.076653;0.075597;0.074972;0.075261;0.07492;0.075303;0.075334;0.07581;0.075262;0.075387;0.075212;0.075383;0.076579;0.076381;0.075395;0.075373;0.075099;0.075194;0.075771;0.076149;0.076272;0.075958;0.076283;0.075759;0.076066;0.076949;0.076325;0.075845;0.075394;0.075132;0.075383;0.075207;0.075264;0.075329;0.07521;0.075388;0.075055;0.075284;0.077017;0.076343;0.075947;0.075122;0.074935;0.075224;0.075617;0.074936;0.075128;0.075061;0.075151;0.075246;0.074925;0.077043;0.075672;0.075558;0.075413;0.075222;0.075413;0.075652;0.075362;0.075467;0.075445;0.075569;0.075403;0.075332;0.076508;0.075366;0.074972;0.075375;0.075732;0.075268;0.074852;0.07518;0.075203;0.074889;0.075747;0.075637;0.075725;0.075499;0.076986;0.075262;0.075132;0.075133;0.07523;0.075025;0.074804;0.075274;0.075101;0.075144;0.075067;0.075361;0.075552;0.077294;0.075376;0.07515;0.075511;0.075276;0.075377;0.075238;0.075222;0.075398;0.075406;0.07528;0.075544;0.075204;0.076662;0.075391;0.075292;0.075365;0.074767;0.07491;0.074947;0.074726;0.074881;0.075014;0.075039;0.074957;0.074906;0.074827;0.076511;0.075841;0.075295;0.07518;0.075479;0.075297;0.075307;0.075117;0.07504;0.074925;0.075354;0.075596;0.075244;0.076773;0.075566;0.075143;0.074996;0.074852;0.075011;0.07535;0.075455;0.074985;0.075177;0.07501;0.075235;0.075027;0.076422;0.07508;0.075252;0.075305;0.075202;0.075265;0.074919;0.074988;0.07507;0.075503;0.07544;0.075164;0.075108;0.076429;0.075332;0.075203;0.075287;0.075323;0.075161;0.075213;0.07535;0.075127;0.074989;0.075305;0.075684;0.075538;0.075475;0.07685;0.075789;0.075432;0.075152;0.075163;0.075135;0.075133;0.074959;0.075265;0.075378;0.074914;0.074935;0.074865;0.076466;0.075505;0.075394;0.07555;0.075193;0.075357;0.075348;0.07506;0.075418;0.075724;0.075525;0.075211;0.075443;0.076552;0.075269;0.075474;0.075249;0.075103;0.075191;0.075515;0.075047;0.075273;0.075013;0.075011;0.075021;0.075219;0.076283;0.075439;0.075355;0.075556;0.075578;0.075072;0.074952;0.07478;0.075959;0.0752;0.075121;0.075121;0.075008;0.076664;0.075773;0.075337;0.075323;0.075158;0.075229;0.075157;0.07514;0.075282;0.075744;0.076786;0.076582;0.075915;0.075268;0.076504;0.075072;0.075087;0.075335;0.075005;0.075159;0.075478;0.075235;0.075092;0.075384;0.075234;0.075236;0.075202;0.076719;0.075497;0.075114;0.075071;0.075547;0.075238;0.075408;0.075138;0.075055;0.075426;0.075533;0.075308;0.075472;0.077284;0.075479;0.075599;0.075167;0.075854;0.0758;0.075411;0.075376;0.075562;0.075266;0.075334;0.07527;0.075425;0.076826;0.076077;0.075526;0.075521;0.075365;0.0757;0.075571;0.07541;0.075504;0.075589;0.075931;0.075611;0.075361;0.075576;0.076747;0.075403;0.075333;0.07508;0.075525;0.074968;0.074846;0.075192;0.076202;0.075714;0.075542;0.075684;0.075724;0.076733;0.075253;0.075316;0.075301;0.075236;0.075435;0.07511;0.07503;0.075535;0.075247;0.075585;0.07512;0.075232;0.076386;0.075692;0.075676;0.075433;0.075369;0.075479;0.07537;0.075651;0.0755;0.075356;0.075568;0.075754;0.075657;0.077062;0.075429;0.075271;0.074903;0.075184;0.075171;0.074811;0.075317;0.075015;0.075759;0.07477;0.074844;0.074998;0.074952;0.076355;0.074887;0.075072;0.0753;0.075393;0.075262;0.075284;0.075129;0.074981;0.07533;0.075434;0.075024;0.075107;0.076651;0.075284;0.075406;0.074927;0.075234;0.075255;0.075421;0.075351;0.07535;0.075377;0.075584;0.075186;0.075026;0.076792;0.076164;0.077075;0.076909;0.075786;0.075485;0.075556;0.07527;0.075939;0.075713;0.07573;0.075834;0.075161;0.077331;0.07604;0.075107;0.07544;0.075574;0.075065;0.075186;0.07508;0.074921;0.075084;0.075407;0.075172;0.075093;0.075283;0.076771;0.075353;0.075252;0.075283;0.075603;0.075349;0.075734;0.075666;0.075245;0.075041;0.075231;0.07529;0.075856;0.076571;0.07533;0.075271;0.075437;0.07557;0.075444;0.075181;0.075292;0.075285;0.075362;0.075481;0.075714;0.075234;0.077014;0.074927;0.075068;0.075464;0.075412;0.075303;0.075125;0.075132;0.075449;0.075386;0.075324;0.075156;0.075167;0.076463;0.075075;0.075537;0.074843;0.075106;0.075016;0.074943;0.075095;0.075316;0.075157;0.074881;0.075006;0.075352;0.074907;0.076832;0.07524;0.075157;0.075339;0.075248;0.075556;0.075027;0.076114;0.075206;0.075332;0.075691;0.075248;0.075253;0.076257;0.075402;0.074995;0.075006;0.074925;0.075184;0.07528;0.075182;0.07503;0.075025;0.074764;0.075137;0.074853;0.076416;0.075357;0.07538;0.075372;0.07539;0.075292;0.075578;0.075422;0.075282;0.075392;0.075186;0.075782;0.07515;0.076227;0.075422;0.075391;0.075061;0.075294;0.075596;0.075325;0.075468;0.075257;0.075093;0.075443;0.075298;0.075119;0.076613;0.077023;0.075457;0.075295;0.075388;0.075334;0.075568;0.075198;0.075422;0.075325;0.075244;0.075482;0.075331;0.075362;0.077106;0.075248;0.07547;0.074977;0.075318;0.07486;0.075127;0.074872;0.075268;0.076806;0.075981;0.074881;0.074981;0.076812;0.076208;0.076583;0.076427;0.074962;0.075271;0.075195;0.075404;0.075014;0.075007;0.075332;0.074936;0.075193;0.076781;0.075548;0.076466;0.075235;0.076467;0.076267;0.075138;0.075118;0.074972;0.075044;0.074901;0.074963;0.075139;0.074984;0.077154;0.076862;0.07644;0.076004;0.075317;0.075138;0.074961;0.075267;0.07541;0.075209;0.07493;0.075316;0.075268;0.07671;0.076315;0.076375;0.07542;0.075661;0.074805;0.075363;0.074985;0.074908;0.074747;0.075517;0.074975;0.074914;0.076875;0.075326;0.076627;0.076667;0.075055;0.075053;0.075069;0.075005;0.075157;0.075119;0.075023;0.074954;0.075033;0.076756;0.075978;0.076546;0.075023;0.075064;0.075151;0.074689;0.074899;0.075125;0.075196;0.075151;0.075513;0.074843;0.07509;0.076965;0.074923;0.075162;0.07505;0.075204;0.075102;0.075147;0.075429;0.075204;0.075052;0.075062;0.075096;0.075217;0.076965;0.075098;0.075073;0.074956;0.075631;0.076387;0.076567;0.076502;0.075365;0.075349;0.075241;0.075196;0.074724;0.076715;0.076184;0.077229;0.075824;0.074983;0.075246;0.075244;0.075201;0.075579;0.075733;0.075226;0.075094;0.076231;0.076476;0.076665;0.076021;0.075708;0.075471;0.075255;0.075038;0.075148;0.075072;0.074945;0.074949;0.075281;0.075435;0.075185;0.077095;0.075011;0.075429;0.074956;0.075303;0.074944;0.074818;0.075195;0.074781;0.075003;0.074882;0.075171;0.075031;0.077321;0.074961;0.075293;0.075172;0.075179;0.075538;0.07489;0.075343;0.074906;0.075492;0.074935;0.074846;0.074999;0.083045;0.07629;0.075415;0.075054;0.075228;0.075555;0.075201;0.075796;0.075215;0.075443;0.075463;0.075435;0.075469;0.077124;0.07511;0.075144;0.075284;0.075351;0.075328;0.075005;0.0749;0.075084;0.075031;0.075167;0.075245;0.074989;0.075265;0.076766;0.075088;0.07509;0.075131;0.075003;0.075084;0.075093;0.075039;0.074862;0.075356;0.075398;0.074976;0.07492;0.076526;0.075097;0.075387;0.075265;0.075231;0.075272;0.075075;0.075228;0.075202;0.075339;0.075117;0.074847;0.075247;0.076572;0.075286;0.075556;0.075316;0.075328;0.075047;0.075141;0.07493;0.075109;0.075052;0.075473;0.075445;0.075394;0.076365;0.075507;0.0755;0.075612;0.075599;0.07537;0.075429;0.075413;0.07545;0.075284;0.075308;0.075167;0.075296;0.075531;0.077762;0.076223;0.076182;0.075119;0.075658;0.075351;0.075192;0.075625;0.076391;0.075443;0.075166;0.074944;0.074876;0.07722;0.075771;0.075508;0.075552;0.075643;0.075348;0.075382;0.075303;0.075304;0.075352;0.075242;0.075528;0.075442;0.076603;0.075063;0.075311;0.074773;0.074898;0.074956;0.075211;0.074887;0.07486;0.075038;0.074915;0.07483;0.074847;0.076494;0.075539;0.076128;0.075659;0.075246;0.074981;0.07539;0.075182;0.07523;0.075169;0.075656;0.075085;0.075229;0.075258;0.076758;0.075092;0.075004;0.074943;0.074886;0.075285;0.075096;0.07498;0.075332;0.075307;0.07516;0.075182;0.075031;0.076594;0.07505;0.075112;0.075066;0.075129;0.075197;0.075217;0.075232;0.075149;0.075407;0.075384;0.075217;0.075583;0.077717;0.075391;0.075516;0.075027;0.075269;0.075421;0.075124;0.075109;0.075381;0.075076;0.075178;0.075113;0.075155;0.076395;0.075282;0.07521;0.075073;0.075034;0.074995;0.07544;0.075001;0.07552;0.074818;0.075037;0.074989;0.075278;0.074978;0.076685;0.075455;0.074931;0.075048;0.075068;0.075013;0.07504;0.075102;0.075391;0.075567;0.075357;0.075346;0.074974;0.07673;0.075642;0.075569;0.075549;0.075438;0.075453;0.075529;0.075245;0.075263;0.075199;0.075258;0.075178;0.075122;0.076505;0.074998;0.07515;0.075243;0.075187;0.075124;0.075281;0.075092;0.075123;0.075124;0.075321;0.075194;0.074976;0.074984;0.076269;0.075743;0.075136;0.074995;0.075068;0.075095;0.075102;0.075112;0.075073;0.075356;0.075367;0.075298;0.074727;0.076859;0.076188;0.076387;0.075315;0.075566;0.07557;0.075568;0.07526;0.07539;0.075353;0.075145;0.075218;0.075123;0.077316;0.076155;0.075022;0.075086;0.075393;0.074997;0.07519;0.075154;0.074918;0.074896;0.074984;0.075211;0.075124;0.07656;0.075145;0.074821;0.074984;0.074869;0.074989;0.0751;0.075004;0.074937;0.075077;0.075223;0.075212;0.075288;0.075069;0.076452;0.075004;0.075232;0.075265;0.075265;0.075242;0.074938;0.075149;0.075433;0.074981;0.074806;0.074845;0.074954;0.076331;0.074989;0.074868;0.075107;0.075083;0.075597;0.075076;0.075256;0.074751;0.075265;0.074943;0.074845;0.074825;0.076471;0.075223;0.075234;0.075135;0.075078;0.075238;0.074942;0.075911;0.075206;0.074903;0.074987;0.075284;0.074983;0.076035;0.075305;0.075256;0.075286;0.075421;0.075165;0.075138;0.075441;0.07551;0.07527;0.075281;0.075279;0.075256;0.075227;0.076549;0.075458;0.075375;0.075305;0.075378;0.075609;0.075306;0.07522;0.075325;0.075207;0.075384;0.07531;0.075325;0.076933;0.075791;0.075373;0.075735;0.075797;0.07578;0.075749;0.075438;0.07583;0.07572;0.075569;0.07555;0.075397;0.077116;0.075312;0.075231;0.075041;0.075468;0.075134;0.076111;0.075285;0.075019;0.075344;0.075488;0.075294;0.075013;0.076157;0.075005;0.074609;0.077185;0.075188;0.075317;0.075317;0.074907;0.074942;0.074911;0.075202;0.075119;0.075199;0.074815;0.076498;0.075061;0.074912;0.075779;0.075218;0.075185;0.074917;0.075007;0.074957;0.075069;0.074987;0.075103;0.074987;0.076643;0.075112;0.075255;0.075522;0.075374;0.075563;0.07568;0.075231;0.075199;0.075527;0.07599;0.075125;0.075609;0.076671;0.075069;0.075041;0.075018;0.074878;0.075249;0.075149;0.075112;0.07521;0.074791;0.07505;0.0749;0.074911;0.075063;0.07648;0.075401;0.075479;0.074841;0.075108;0.075161;0.074963;0.075268;0.075957;0.07494;0.075542;0.075136;0.074951;0.076578;0.075509;0.075191;0.075098;0.075163;0.074945;0.075297;0.075337;0.075129;0.076157;0.075005;0.075262;0.075188;0.076669;0.07493;0.075247;0.074966;0.075246;0.075359;0.075143;0.075021;0.075057;0.075021;0.075722;0.075413;0.07517;0.076243;0.075745;0.075021;0.075284;0.075407;0.075665;0.075715;0.075494;0.075297;0.075237;0.075413;0.075923;0.075337;0.075097;0.076663;0.0753;0.075321;0.075714;0.075444;0.075527;0.075513;0.075177;0.074968;0.075474;0.075266;0.075252;0.075395;0.076546;0.075263;0.075344;0.075045;0.075121;0.075247;0.075219;0.075035;0.074937;0.075086;0.07534;0.075342;0.075971;0.076454;0.075203;0.075213;0.075301;0.075323;0.075392;0.075301;0.07529;0.075193;0.075492;0.07546;0.075202;0.07518;0.076597;0.075129;0.075033;0.074909;0.075217;0.075027;0.074921;0.075412;0.075081;0.075568;0.07511;0.075113;0.074905;0.075086;0.076285;0.075226;0.075333;0.075316;0.075303;0.075408;0.075268;0.075266;0.075625;0.075421;0.075795;0.075282;0.075286;0.077246;0.075844;0.074997;0.07532;0.075349;0.07526;0.075028;0.075263;0.075561;0.075605;0.075474;0.075304;0.075186;0.076813;0.075174;0.075335;0.075254;0.074978;0.075195;0.075263;0.075331;0.075439;0.075046;0.075387;0.075437;0.075221;0.076314;0.075446;0.075056;0.075128;0.075064;0.075118;0.075129;0.075266;0.074993;0.075369;0.075251;0.075334;0.075313;0.075125;0.076839;0.074999;0.075374;0.075124;0.075533;0.07502;0.075261;0.075139;0.075074;0.075254;0.075244;0.075817;0.075665;0.076615;0.075408;0.07512;0.075333;0.07511;0.075263;0.075445;0.07501;0.075296;0.074874;0.075006;0.075449;0.075005;0.076163;0.075133;0.075032;0.074978;0.07508;0.074796;0.074912;0.07525;0.074969;0.074795;0.075062;0.07498;0.075089;0.07501;0.07651;0.07556;0.075351;0.075446;0.075707;0.075552;0.0754;0.075767;0.075486;0.075478;0.075883;0.076299;0.075514;0.077178;0.075253;0.075127;0.075507;0.075001;0.075624;0.074833;0.074988;0.075054;0.075282;0.075324;0.075142;0.075112;0.076786;0.075895;0.076096;0.075843;0.075904;0.075454;0.07521;0.075192;0.075219;0.075367;0.075035;0.07515;0.075184;0.076488;0.075688;0.075285;0.075415;0.075535;0.075849;0.075407;0.0754;0.075815;0.075356;0.075416;0.075818;0.07598;0.075423;0.076074;0.075072;0.074765;0.075033;0.075066;0.075052;0.074797;0.074863;0.074803;0.075047;0.075157;0.07515;0.075083;0.076936;0.075533;0.075285;0.075148;0.075349;0.075263;0.075273;0.075391;0.075235;0.075492;0.075199;0.075091;0.075265;0.080185;0.075387;0.074926;0.074939;0.074948;0.075102;0.07509;0.07502;0.074962;0.075716;0.07521;0.075175;0.07498;0.076968;0.075261;0.075371;0.0752;0.075369;0.075735;0.075529;0.075361;0.075451;0.075226;0.075417;0.075287;0.07526;0.075492;0.076279;0.075268;0.075253;0.07508;0.075317;0.075005;0.075222;0.074898;0.074994;0.075018;0.075063;0.074969;0.075308;0.076128;0.075252;0.075033;0.074984;0.075541;0.075132;0.075039;0.075209;0.074787;0.075199;0.07513;0.074977;0.074996;0.076407;0.075254;0.075173;0.076249;0.075269;0.07501;0.075042;0.074951;0.075226;0.075018;0.075114;0.075798;0.075348;0.076361;0.075454;0.075124;0.075435;0.07552;0.075569;0.075386;0.075383;0.075469;0.075276;0.075926;0.074933;0.07551;0.075245;0.076753;0.075162;0.075194;0.075158;0.075181;0.075384;0.075589;0.075233;0.075531;0.075036;0.075247;0.075128;0.075292;0.076995;0.076538;0.076326;0.076328;0.074971;0.075139;0.075441;0.07569;0.075281;0.075381;0.07526;0.075392;0.075388;0.076704;0.075165;0.074972;0.075092;0.075327;0.075213;0.07492;0.074971;0.074808;0.075139;0.075376;0.075211;0.075489;0.076174;0.075921;0.075586;0.075274;0.075289;0.07496;0.075284;0.075504;0.075053;0.075509;0.075155;0.075172;0.075229;0.075294;0.077049;0.075198;0.075173;0.075228;0.075194;0.075842;0.075225;0.075487;0.075195;0.075182;0.076486;0.075631;0.075077;0.082669;0.075592;0.075189;0.075359;0.075373;0.075521;0.075624;0.075992;0.07533;0.075528;0.075267;0.075959;0.07549;0.076974;0.075443;0.075536;0.075216;0.075483;0.075431;0.075609;0.075433;0.075383;0.075462;0.075189;0.075162;0.075439;0.076961;0.075091;0.075451;0.075005;0.075072;0.075695;0.0752;0.075456;0.075281;0.07517;0.075414;0.074939;0.075042;0.07492;0.076682;0.075622;0.075526;0.075291;0.075322;0.075656;0.07577;0.075214;0.075566;0.075122;0.075149;0.07507;0.075024;0.076668;0.075744;0.075561;0.075321;0.075223;0.07508;0.075469;0.075467;0.075244;0.075364;0.075768;0.07558;0.074976;0.076397;0.075268;0.075428;0.075335;0.074986;0.075035;0.075186;0.074903;0.075044;0.075275;0.075114;0.074903;0.075212;0.076207;0.075324;0.075175;0.075;0.0751;0.075071;0.07555;0.075519;0.075385;0.075269;0.075242;0.075137;0.075244;0.075262;0.07664;0.075639;0.075889;0.07518;0.075506;0.075455;0.075686;0.075641;0.075465;0.075226;0.075283;0.075184;0.07512;0.076388;0.075492;0.075278;0.075031;0.075579;0.075035;0.075615;0.075069;0.075143;0.075047;0.07516;0.075126;0.075256;0.076829;0.075277;0.075242;0.075262;0.075317;0.075157;0.075095;0.075368;0.075375;0.075555;0.074905;0.075139;0.075243;0.076269;0.075271;0.075374;0.076659;0.075196;0.075846;0.075315;0.075361;0.075203;0.0755;0.075363;0.075678;0.07554;0.075875;0.085995;0.075668;0.075698;0.075431;0.07555;0.075373;0.075476;0.075614;0.075474;0.075566;0.075488;0.075859;0.075478;0.076368;0.075071;0.075254;0.075343;0.07523;0.075436;0.07549;0.075409;0.075256;0.075478;0.075245;0.075224;0.074987;0.076879;0.075606;0.075223;0.075182;0.075228;0.075335;0.075603;0.07548;0.075487;0.075126;0.075267;0.075574;0.075922;0.0797;0.076623;0.075497;0.075219;0.075476;0.07537;0.075426;0.075523;0.0752;0.075405;0.075148;0.075166;0.075223;0.07591;0.075627;0.075556;0.075752;0.075519;0.075395;0.075415;0.075767;0.075385;0.075592;0.075331;0.075322;0.075602;0.075379;0.07631;0.075293;0.075489;0.075071;0.076507;0.075352;0.075136;0.075012;0.075043;0.075202;0.074955;0.075061;0.075481;0.076975;0.076022;0.075496;0.075755;0.075445;0.07537;0.075465;0.075307;0.075461;0.075393;0.075605;0.075528;0.075752;0.07732;0.075897;0.075496;0.075959;0.075544;0.075793;0.075441;0.075582;0.075436;0.075444;0.075553;0.075417;0.075155;0.076904;0.075524;0.075559;0.075136;0.075782;0.07546;0.075735;0.075713;0.075799;0.075199;0.075587;0.075557;0.075291;0.075318;0.077106;0.075225;0.075608;0.075378;0.075507;0.075635;0.075657;0.075497;0.075378;0.075532;0.075491;0.07571;0.075694;0.076405;0.075257;0.075753;0.075626;0.075502;0.075612;0.075607;0.075738;0.07542;0.075532;0.075311;0.076403;0.075012;0.076627;0.075313;0.075199;0.075084;0.075145;0.07512;0.075398;0.075374;0.075213;0.075402;0.075314;0.075185;0.07528;0.076726;0.07559;0.075368;0.075888;0.075451;0.07529;0.075382;0.075256;0.075477;0.075586;0.075418;0.075778;0.075486;0.078146;0.075283;0.075264;0.075043;0.075347;0.07551;0.075476;0.07505;0.075131;0.075121;0.07486;0.075014;0.07515;0.075171;0.076614;0.076414;0.075047;0.076199;0.075813;0.075388;0.075411;0.07508;0.075394;0.07521;0.075197;0.07514;0.07535;0.077169;0.075603;0.075488;0.075332;0.075109;0.075453;0.075313;0.075634;0.07514;0.075253;0.075483;0.075299;0.075357;0.077453;0.075982;0.075711;0.07567;0.075685;0.075738;0.07582;0.075774;0.075428;0.075572;0.075796;0.075599;0.075958;0.077299;0.075595;0.075365;0.075361;0.075387;0.074965;0.075483;0.07539;0.075484;0.07532;0.075402;0.075719;0.075902;0.075226;0.077188;0.075413;0.075277;0.075563;0.07521;0.075454;0.075184;0.075501;0.075719;0.075588;0.075311;0.075778;0.075562;0.076969;0.075956;0.075453;0.075678;0.075843;0.075921;0.075696;0.076263;0.075751;0.075895;0.075471;0.075671;0.075388;0.076887;0.075608;0.075304;0.07559;0.075261;0.075204;0.075072;0.075198;0.076096;0.075407;0.075363;0.075523;0.075421;0.076887;0.075595;0.075592;0.07538;0.075174;0.075455;0.075557;0.075265;0.075742;0.075799;0.075472;0.075441;0.07539;0.077164;0.075806;0.0771;0.077126;0.076713;0.076933;0.076801;0.07696;0.076755;0.076598;0.076621;0.076868;0.076617;0.079613;0.076887;0.076652;0.076562;0.076882;0.07736;0.075563;0.075774;0.075424;0.075243;0.075353;0.075385;0.075359;0.075501;0.077493;0.077132;0.077108;0.077172;0.075552;0.07558;0.075721;0.075402;0.075919;0.07598;0.075828;0.075616;0.07592;0.077466;0.07702;0.076576;0.075293;0.07539;0.075224;0.075434;0.075653;0.075916;0.075319;0.075569;0.07594;0.075839;0.07698;0.075418;0.075517;0.075528;0.075172;0.075;0.075154;0.075072;0.07507;0.075344;0.075378;0.075032;0.075198;0.07661;0.075615;0.075255;0.075368;0.075362;0.075612;0.075366;0.075237;0.075515;0.07563;0.075392;0.075315;0.075455;0.076816;0.075494;0.075343;0.075774;0.075679;0.075317;0.075085;0.075304;0.075103;0.074918;0.075285;0.075436;0.075358;0.075083;0.076778;0.075386;0.075866;0.075792;0.075747;0.075224;0.075421;0.075203;0.075315;0.07557;0.075221;0.075413;0.075367;0.07729;0.075573;0.075411;0.075674;0.075516;0.075377;0.075301;0.074958;0.075102;0.075376;0.075604;0.075565;0.075639;0.076986;0.074981;0.074977;0.075205;0.07493;0.075261;0.075147;0.075288;0.075588;0.075231;0.075316;0.074836;0.07522;0.076364;0.0755;0.075602;0.075697;0.075779;0.075578;0.075224;0.075225;0.075464;0.075161;0.075098;0.075532;0.07546;0.075372;0.077184;0.075819;0.075681;0.075446;0.076342;0.075759;0.075539;0.075816;0.075804;0.075537;0.075579;0.075526;0.075516;0.077074;0.075588;0.075688;0.075642;0.075691;0.075703;0.075665;0.075803;0.075957;0.075879;0.075784;0.075953;0.075674;0.077164;0.075296;0.075381;0.075581;0.07559;0.075378;0.075603;0.075561;0.075507;0.075497;0.075356;0.075213;0.075464;0.076965;0.075592;0.075283;0.075356;0.075339;0.075783;0.075824;0.075603;0.075638;0.075664;0.075652;0.075612;0.075402;0.076566;0.075696;0.075158;0.075898;0.075374;0.075356;0.075275;0.075471;0.075973;0.0752;0.075389;0.075443;0.075394;0.075235;0.076572;0.075302;0.075289;0.075007;0.075699;0.07524;0.075189;0.075228;0.075255;0.075711;0.075354;0.075261;0.075096;0.076891;0.075302;0.075395;0.075089;0.074923;0.075172;0.075242;0.075171;0.075067;0.075509;0.075562;0.075318;0.075259;0.076842;0.075435;0.075521;0.075561;0.075619;0.075595;0.075512;0.075629;0.075594;0.075533;0.075462;0.07578;0.075801;0.077261;0.075574;0.075373;0.075489;0.075321;0.075363;0.075363;0.075472;0.075654;0.075084;0.075479;0.075225;0.075432;0.075616;0.077395;0.0768;0.077068;0.075745;0.075419;0.075524;0.075413;0.075344;0.07514;0.075306;0.075325;0.075503;0.07545;0.077817;0.075874;0.075299;0.075562;0.075259;0.075844;0.076196;0.07762;0.076576;0.075328;0.075071;0.075305;0.075526;0.076998;0.07647;0.076856;0.076012;0.075278;0.075644;0.075471;0.075476;0.075562;0.075457;0.075618;0.075492;0.075491;0.076947;0.07515;0.075044;0.075293;0.075367;0.075258;0.075516;0.075209;0.075647;0.075388;0.075136;0.075179;0.075244;0.076388;0.075641;0.075487;0.075292;0.075136;0.075434;0.075412;0.075527;0.075341;0.075228;0.075414;0.075724;0.075416;0.075479;0.077183;0.075283;0.075521;0.075297;0.075327;0.075425;0.075466;0.075487;0.075456;0.075372;0.075269;0.075511;0.075341;0.076733;0.07543;0.07537;0.075368;0.075439;0.075552;0.075639;0.075463;0.075661;0.07557;0.07556;0.075125;0.075554;0.076764;0.076108;0.075387;0.075409;0.075385;0.075243;0.075233;0.075185;0.075094;0.075468;0.075256;0.075148;0.075288;0.076273;0.075272;0.075204;0.075223;0.075619;0.075029;0.075097;0.075234;0.075372;0.075244;0.075049;0.075466;0.075204;0.075118;0.076622;0.075443;0.075291;0.075713;0.075472;0.075518;0.075558;0.075561;0.075139;0.075232;0.075904;0.075252;0.075352;0.076083;0.075215;0.075276;0.075175;0.075304;0.075595;0.075275;0.075269;0.075412;0.075113;0.074909;0.075645;0.075238;0.103333;0.076454;0.075682;0.075879;0.075471;0.075752;0.075845;0.075749;0.07581;0.075748;0.07599;0.075814;0.075813;0.077172;0.07541;0.075289;0.075629;0.075356;0.075211;0.075127;0.075257;0.075423;0.075148;0.075183;0.07537;0.074914;0.076552;0.075647;0.075552;0.075548;0.075881;0.075479;0.075295;0.075563;0.075251;0.075153;0.07538;0.075372;0.075335;0.076386;0.075694;0.075422;0.075511;0.075111;0.075187;0.075232;0.07546;0.07519;0.075442;0.075212;0.074989;0.075463;0.075206;0.077179;0.075476;0.075145;0.075067;0.075046;0.075729;0.075578;0.075234;0.075488;0.075258;0.075323;0.075161;0.075285;0.076421;0.075408;0.075505;0.075284;0.075153;0.075615;0.075474;0.075596;0.075614;0.075649;0.075255;0.075405;0.075432;0.077496;0.075748;0.07586;0.075764;0.07564;0.075781;0.075695;0.075464;0.075373;0.075442;0.075735;0.075519;0.07538;0.076874;0.075453;0.075406;0.075729;0.075884;0.075611;0.075531;0.075711;0.075486;0.075335;0.075299;0.075605;0.075443;0.075853;0.076743;0.076533;0.075727;0.075514;0.075149;0.075016;0.075533;0.075041;0.075126;0.07532;0.075371;0.075583;0.075544;0.077278;0.07579;0.076204;0.075477;0.075446;0.075555;0.075291;0.075414;0.075202;0.075234;0.075199;0.075659;0.075442;0.077384;0.076227;0.076771;0.076728;0.075689;0.075513;0.075238;0.075661;0.075368;0.075289;0.075594;0.075508;0.075524;0.077394;0.07529;0.076687;0.076812;0.076861;0.075718;0.074955;0.075281;0.075421;0.07531;0.075215;0.075832;0.075372;0.076489;0.075467;0.075583;0.075307;0.075521;0.075594;0.075143;0.075361;0.075653;0.075619;0.075644;0.075533;0.075415;0.075419;0.076172;0.075782;0.075674;0.075205;0.075367;0.074999;0.075437;0.075238;0.075354;0.075439;0.075509;0.075316;0.075674;0.077085;0.075852;0.075406;0.075305;0.07549;0.075551;0.075627;0.075454;0.075366;0.075476;0.075603;0.075658;0.075531;0.076736;0.07555;0.075355;0.075102;0.075526;0.075999;0.075458;0.075342;0.075453;0.075416;0.075536;0.075255;0.075259;0.076247;0.075049;0.075122;0.07511;0.075159;0.075126;0.075534;0.075718;0.075379;0.075142;0.075137;0.075126;0.075228;0.07514;0.076765;0.075538;0.075203;0.075331;0.075379;0.075193;0.075366;0.075661;0.075163;0.07514;0.075133;0.075201;0.075148;0.07681;0.075351;0.075483;0.075447;0.075403;0.075223;0.075664;0.075414;0.075586;0.075236;0.075704;0.075614;0.075246;0.076603;0.075167;0.075564;0.0754;0.075434;0.07543;0.07559;0.07515;0.075624;0.075204;0.075195;0.075238;0.075386;0.076846;0.075443;0.075467;0.075273;0.075604;0.075418;0.075341;0.075488;0.075744;0.075134;0.075911;0.075865;0.075965;0.076021;0.076761;0.075659;0.075437;0.07552;0.075586;0.075443;0.075642;0.075333;0.075676;0.075701;0.076771;0.075802;0.075779;0.076885;0.075457;0.075414;0.075587;0.075352;0.075451;0.075437;0.075401;0.075413;0.07556;0.076127;0.075972;0.075904;0.077243;0.076071;0.075639;0.075576;0.076058;0.075694;0.075413;0.075466;0.075972;0.075685;0.075768;0.075581;0.07575;0.077407;0.075317;0.07537;0.075306;0.075516;0.075102;0.075368;0.075334;0.07495;0.075649;0.075183;0.075112;0.07512;0.076245;0.075654;0.075503;0.075322;0.075387;0.075508;0.075816;0.075431;0.076069;0.075759;0.075771;0.075727;0.076088;0.075646;0.077407;0.076911;0.075401;0.07537;0.075618;0.075658;0.075539;0.075617;0.075092;0.075237;0.075793;0.075524;0.075217;0.076828;0.075242;0.075342;0.075204;0.075478;0.075672;0.075646;0.075598;0.075377;0.075335;0.075124;0.075434;0.075576;0.076714;0.075606;0.075359;0.075246;0.07537;0.075114;0.075773;0.075658;0.075557;0.075207;0.075594;0.075675;0.075236;0.076323;0.075535;0.07529;0.075288;0.075937;0.075158;0.075286;0.075244;0.075123;0.075215;0.075202;0.075188;0.075195;0.075465;0.076727;0.075635;0.075577;0.075386;0.075414;0.075356;0.075483;0.075225;0.07551;0.075285;0.075383;0.075222;0.075264;0.076807;0.075133;0.075387;0.075066;0.075349;0.075564;0.075475;0.075312;0.075259;0.07532;0.075202;0.075351;0.075182;0.076371;0.07553;0.075144;0.075363;0.075328;0.075207;0.075732;0.075227;0.075217;0.075528;0.075211;0.07516;0.075377;0.076733;0.075953;0.075612;0.075854;0.075584;0.075641;0.075759;0.075604;0.075734;0.075731;0.075558;0.075514;0.075576;0.075443;0.076516;0.075328;0.075325;0.075027;0.075102;0.075151;0.075135;0.075179;0.075255;0.075339;0.07524;0.075027;0.07541;0.077311;0.075444;0.075291;0.075167;0.075014;0.075064;0.075102;0.075373;0.075217;0.075097;0.075224;0.075064;0.075478;0.077065;0.075992;0.075336;0.075241;0.075229;0.075388;0.075586;0.075528;0.075234;0.075168;0.075345;0.075184;0.075611;0.076626;0.076137;0.076461;0.075367;0.075454;0.075817;0.075551;0.075441;0.075304;0.075473;0.075598;0.075534;0.075346;0.076525;0.075431;0.075335;0.075713;0.075417;0.07532;0.07545;0.075252;0.075238;0.075195;0.075319;0.075282;0.075289;0.07534;0.076686;0.075215;0.075408;0.075287;0.075336;0.075525;0.075196;0.075433;0.075533;0.075318;0.075516;0.075347;0.07523;0.076265;0.075115;0.075105;0.075034;0.075491;0.075464;0.075156;0.075135;0.07542;0.075143;0.075224;0.075163;0.074942;0.076746;0.075801;0.075349;0.0756;0.075653;0.075452;0.07597;0.075882;0.0755;0.075478;0.075811;0.076232;0.076262;0.07669;0.076551;0.075309;0.075341;0.075411;0.075508;0.075226;0.075142;0.075213;0.075366;0.075423;0.075291;0.075526;0.075169;0.076711;0.075969;0.075292;0.075467;0.075497;0.075366;0.075458;0.075449;0.075482;0.075273;0.074992;0.07525;0.075049;0.076722;0.075373;0.076276;0.075397;0.075515;0.07566;0.075408;0.075548;0.075549;0.075618;0.075485;0.075604;0.075521;0.077094;0.075319;0.075356;0.075299;0.075316;0.075191;0.07526;0.075208;0.075353;0.07554;0.075474;0.075281;0.074991;0.076935;0.075433;0.075169;0.075537;0.075239;0.075227;0.075131;0.076297;0.075434;0.075301;0.075189;0.075188;0.074925;0.075156;0.076805;0.075578;0.074957;0.075297;0.075166;0.074925;0.074935;0.076092;0.075171;0.075274;0.075136;0.074858;0.075049;0.076605;0.075176;0.075342;0.075223;0.075257;0.075179;0.075515;0.075428;0.075401;0.075308;0.07531;0.076787;0.076627;0.077789;0.076429;0.076196;0.076436;0.075874;0.075085;0.074963;0.07504;0.075177;0.075279;0.075205;0.075089;0.07525;0.076426;0.075772;0.075452;0.075295;0.075208;0.075358;0.075641;0.07539;0.075575;0.075516;0.075564;0.075581;0.075472;0.075346;0.076794;0.075031;0.075052;0.074836;0.074883;0.07515;0.07509;0.075382;0.075209;0.074834;0.075213;0.074826;0.075138;0.07679;0.076249;0.075228;0.075104;0.075638;0.075431;0.075141;0.075522;0.075297;0.075136;0.075393;0.075313;0.075652;0.076419;0.075339;0.075697;0.075136;0.075035;0.075467;0.075533;0.075607;0.07567;0.075682;0.075607;0.075551;0.075787;0.077058;0.07562;0.076938;0.075816;0.075238;0.07524;0.075189;0.075468;0.075454;0.07518;0.075356;0.075406;0.075406;0.075701;0.076752;0.075235;0.075273;0.075299;0.075303;0.075538;0.075043;0.075088;0.075243;0.075249;0.075136;0.07538;0.075038;0.076426;0.075221;0.075255;0.075278;0.075317;0.075293;0.075184;0.07549;0.075253;0.075463;0.075271;0.075649;0.075643;0.076625;0.07652;0.076001;0.075122;0.075113;0.076103;0.07514;0.07513;0.07515;0.075551;0.075645;0.075237;0.07513;0.077195;0.075429;0.0753;0.075138;0.075376;0.075328;0.075256;0.075633;0.07525;0.075467;0.075153;0.075582;0.075373;0.075237;0.076873;0.075611;0.075502;0.075358;0.07552;0.075682;0.075798;0.076059;0.075731;0.075376;0.075393;0.075404;0.075704;0.076867;0.075923;0.075455;0.07554;0.075525;0.075517;0.075305;0.075498;0.075734;0.075362;0.075541;0.075694;0.075718;0.076896;0.075728;0.075397;0.075167;0.075343;0.075352;0.075636;0.07559;0.075248;0.075482;0.075089;0.07508;0.075234;0.076616;0.07621;0.076631;0.076182;0.075413;0.075375;0.075367;0.075543;0.076202;0.075466;0.075273;0.075666;0.075306;0.076278;0.075561;0.074895;0.075234;0.075214;0.075276;0.075338;0.075347;0.075291;0.074988;0.075325;0.075074;0.075263;0.075128;0.083979;0.07532;0.075477;0.075223;0.075162;0.075321;0.07524;0.075058;0.075216;0.076119;0.075423;0.075362;0.075435;0.077031;0.075273;0.075396;0.075439;0.075649;0.075061;0.075437;0.075365;0.07517;0.074941;0.075278;0.075215;0.075369;0.077056;0.075367;0.075532;0.075153;0.075619;0.075663;0.075566;0.075563;0.075835;0.075757;0.075406;0.075513;0.075171;0.076498;0.075472;0.075125;0.074985;0.075063;0.075026;0.075153;0.075136;0.075016;0.075163;0.075098;0.074888;0.07489;0.075223;0.076592;0.075704;0.075697;0.075533;0.075579;0.075447;0.075775;0.075694;0.07544;0.075619;0.075819;0.075568;0.075604;0.076675;0.075417;0.07544;0.075275;0.075505;0.075352;0.075451;0.075394;0.07551;0.07539;0.075206;0.075281;0.075369;0.076844;0.075229;0.075188;0.075049;0.074934;0.075161;0.075133;0.075311;0.075535;0.075549;0.075159;0.075328;0.075311;0.076513;0.075477;0.07535;0.075424;0.075615;0.075094;0.075064;0.075211;0.074976;0.075167;0.075476;0.075433;0.075296;0.075296;0.076487;0.075601;0.075885;0.07695;0.076702;0.076828;0.075181;0.075081;0.075377;0.075332;0.07549;0.075354;0.075152;0.076905;0.075448;0.075428;0.075461;0.075156;0.075691;0.075249;0.075325;0.075314;0.075237;0.075208;0.075322;0.075277;0.076898;0.075468;0.075636;0.075523;0.076178;0.075513;0.075228;0.075542;0.075743;0.075507;0.075224;0.075185;0.075196;0.076544;0.07482;0.075384;0.074989;0.075028;0.075568;0.075059;0.07518;0.075241;0.075032;0.074935;0.075084;0.075187;0.074918;0.076775;0.074977;0.074953;0.075141;0.075143;0.075696;0.075106;0.075185;0.075521;0.075239;0.075516;0.075518;0.075173;0.076986;0.07518;0.075277;0.075044;0.07524;0.075107;0.07546;0.07532;0.075471;0.075864;0.075149;0.075412;0.075247;0.076636;0.07543;0.075387;0.075325;0.075008;0.075078;0.075348;0.075118;0.075094;0.075229;0.075325;0.075169;0.07516;0.076324;0.075293;0.075088;0.075137;0.075299;0.075278;0.07543;0.07494;0.07528;0.075255;0.075123;0.075164;0.07546;0.075218;0.076201;0.075496;0.075192;0.075288;0.075025;0.075504;0.075342;0.075407;0.075322;0.075341;0.075393;0.075347;0.075273;0.07647;0.075603;0.075332;0.075548;0.075517;0.075559;0.075247;0.075275;0.075256;0.075562;0.075591;0.075536;0.075411;0.076664;0.075619;0.075424;0.075373;0.075186;0.075133;0.075218;0.075344;0.075286;0.075489;0.075445;0.075389;0.07588;0.076846;0.075143;0.075381;0.075046;0.075296;0.07516;0.074855;0.075351;0.075245;0.07503;0.075027;0.075069;0.075875;0.075435;0.076464;0.074923;0.075409;0.075162;0.075051;0.074942;0.07514;0.075552;0.075098;0.075129;0.075501;0.075003;0.075328;0.076553;0.075541;0.076171;0.075413;0.075548;0.075661;0.075378;0.075507;0.07561;0.075212;0.075426;0.075833;0.075569;0.076328;0.074986;0.075072;0.075292;0.075313;0.075357;0.075234;0.075335;0.07539;0.075192;0.074996;0.074961;0.075157;0.076168;0.074715;0.074998;0.075257;0.075272;0.075284;0.074883;0.075168;0.075147;0.07533;0.075402;0.075161;0.07529;0.075197;0.076124;0.075344;0.075431;0.075144;0.075616;0.075289;0.075299;0.075392;0.075453;0.075365;0.07527;0.07528;0.075475;0.076532;0.075126;0.07535;0.075517;0.075189;0.075347;0.075345;0.075184;0.075218;0.075046;0.075283;0.075465;0.075904;0.076832;0.075261;0.07542;0.075658;0.075165;0.075356;0.075358;0.07509;0.075133;0.075049;0.075166;0.07497;0.075305;0.076668;0.075553;0.075094;0.075126;0.075346;0.075137;0.074949;0.075203;0.075002;0.075286;0.075014;0.075239;0.075159;0.075114;0.076314;0.075312;0.075504;0.075192;0.075028;0.075177;0.075195;0.074976;0.075224;0.07498;0.075213;0.075208;0.074928;0.076448;0.07505;0.075269;0.07502;0.074967;0.075076;0.075479;0.075231;0.075034;0.075086;0.07542;0.075489;0.075367;0.076905;0.075409;0.075779;0.075655;0.075265;0.07497;0.074962;0.075114;0.075212;0.07583;0.076702;0.07578;0.075533;0.075288;0.076205;0.074939;0.074957;0.074929;0.075076;0.075077;0.075019;0.074824;0.074895;0.075083;0.075048;0.075146;0.074976;0.076531;0.075535;0.075196;0.075415;0.075496;0.075655;0.075462;0.075615;0.075023;0.075291;0.075899;0.075588;0.075973;0.076842;0.076302;0.0756;0.075345;0.075247;0.075298;0.075165;0.075482;0.075439;0.075351;0.07553;0.075285;0.07529;0.076755;0.075815;0.075534;0.075674;0.075378;0.075494;0.075772;0.07567;0.075651;0.075499;0.075238;0.075338;0.075432;0.075613;0.076569;0.075165;0.075291;0.075471;0.075605;0.075332;0.075575;0.075503;0.075574;0.075273;0.075428;0.075336;0.075348;0.076694;0.075696;0.07568;0.075855;0.075642;0.075684;0.075759;0.075845;0.075716;0.075593;0.075699;0.075902;0.075817;0.076706;0.075349;0.075679;0.075754;0.075499;0.075492;0.075368;0.075533;0.075737;0.075217;0.07529;0.075497;0.075393;0.077019;0.075275;0.075401;0.075034;0.075137;0.07531;0.075497;0.075297;0.075272;0.075177;0.075231;0.075915;0.075064;0.076337;0.075618;0.075633;0.075585;0.075447;0.075293;0.075664;0.075858;0.07546;0.075466;0.075282;0.075427;0.075668;0.075263;0.076398;0.075427;0.075515;0.075506;0.075588;0.075588;0.075495;0.075236;0.07535;0.075479;0.075525;0.075805;0.075409;0.076631;0.075505;0.075257;0.075358;0.075292;0.075297;0.075498;0.075258;0.075462;0.075455;0.075178;0.075424;0.075685;0.076901;0.07558;0.075467;0.075545;0.075405;0.075081;0.075293;0.07542;0.07591;0.075437;0.075412;0.075226;0.075556;0.07629;0.075766;0.076319;0.076648;0.075666;0.074928;0.075197;0.075138;0.075175;0.075203;0.075211;0.075219;0.075565;0.075526;0.076507;0.075228;0.076129;0.074898;0.075475;0.075257;0.075716;0.075434;0.075402;0.075641;0.07588;0.075799;0.075688;0.076501;0.075566;0.075404;0.075139;0.075299;0.075369;0.075435;0.075434;0.075334;0.075324;0.075611;0.075319;0.075273;0.077668;0.075967;0.075461;0.07559;0.075466;0.07571;0.075611;0.076047;0.075642;0.075716;0.075582;0.07536;0.07558;0.076465;0.076372;0.075321;0.0753;0.075614;0.075576;0.075542;0.075667;0.075353;0.075512;0.075683;0.075558;0.075674;0.076491;0.07576;0.076212;0.075962;0.075948;0.075794;0.075659;0.075592;0.075905;0.075714;0.075549;0.075667;0.075615;0.075484;0.076868;0.075479;0.075264;0.075394;0.075242;0.075516;0.075469;0.075194;0.075108;0.075337;0.075758;0.075169;0.075192;0.076634;0.075138;0.075078;0.075678;0.075244;0.075116;0.075589;0.075009;0.075122;0.07507;0.074975;0.075006;0.075184;0.076568;0.075556;0.075438;0.075535;0.075428;0.075397;0.075467;0.075148;0.075657;0.075266;0.075498;0.075324;0.075535;0.076463;0.07585;0.075384;0.075906;0.07566;0.075559;0.075451;0.075578;0.07546;0.075605;0.075732;0.075692;0.075566;0.075578;0.076462;0.075709;0.075177;0.075435;0.07532;0.075479;0.07558;0.07582;0.07606;0.075987;0.075746;0.075485;0.075581;0.076885;0.077111;0.076965;0.075806;0.075309;0.075277;0.075673;0.075643;0.075668;0.075586;0.075814;0.075848;0.075751;0.077378;0.075736;0.075688;0.075588;0.075761;0.075947;0.075709;0.075798;0.075679;0.075846;0.075818;0.075496;0.075838;0.076572;0.075593;0.075179;0.075248;0.075315;0.075317;0.07546;0.075489;0.075293;0.075531;0.075476;0.074964;0.07521;0.076735;0.075664;0.075483;0.075313;0.076072;0.075545;0.075254;0.075387;0.07523;0.075355;0.075468;0.075441;0.075071;0.075228;0.076983;0.075618;0.07533;0.075246;0.076062;0.075214;0.075533;0.075599;0.075844;0.075485;0.075166;0.075477;0.075233;0.076623;0.075558;0.07551;0.075526;0.075558;0.075579;0.075527;0.075656;0.075801;0.07557;0.075524;0.075362;0.075099;0.076956;0.075116;0.075281;0.075;0.075117;0.075641;0.075139;0.075125;0.075164;0.075611;0.075019;0.075319;0.075544;0.076082;0.07505;0.075053;0.075159;0.075333;0.075075;0.075001;0.075478;0.075063;0.075078;0.075231;0.07534;0.074944;0.074842;0.07686;0.075267;0.075329;0.075406;0.075565;0.075418;0.075374;0.07536;0.075592;0.075558;0.075342;0.075325;0.075297;0.076408;0.075512;0.075232;0.075358;0.075555;0.075286;0.075211;0.075484;0.075358;0.075397;0.075402;0.075619;0.075671;0.17799;0.075687;0.07537;0.075533;0.075751;0.07542;0.075379;0.075271;0.075302;0.075282;0.075424;0.075228;0.076906;0.075396;0.075633;0.075578;0.075571;0.075581;0.075339;0.075453;0.07544;0.075449;0.075148;0.075366;0.075669;0.077232;0.075488;0.075361;0.075477;0.075328;0.075514;0.075276;0.075181;0.075619;0.075743;0.075853;0.075912;0.075515;0.076505;0.075524;0.075219;0.075072;0.075355;0.076702;0.075459;0.075495;0.075258;0.075396;0.07551;0.075125;0.075434;0.075226;0.077105;0.076648;0.077212;0.076666;0.075614;0.075629;0.075579;0.075663;0.075582;0.075568;0.075532;0.075578;0.075407;0.077001;0.076532;0.077274;0.075296;0.075364;0.075279;0.075334;0.075537;0.07539;0.075175;0.075247;0.075509;0.075586;0.076721;0.075354;0.075304;0.075338;0.075425;0.075113;0.075085;0.075051;0.075;0.075104;0.075325;0.075041;0.075252;0.076069;0.07524;0.07521;0.074994;0.075167;0.075282;0.075314;0.074998;0.075235;0.075262;0.075396;0.075232;0.0754;0.075251;0.076519;0.07531;0.075224;0.075291;0.075307;0.075536;0.075471;0.075522;0.075493;0.075526;0.075568;0.07543;0.075483;0.076725;0.075875;0.075779;0.075875;0.075738;0.075784;0.075716;0.075693;0.075743;0.075589;0.075759;0.075669;0.075821;0.076913;0.075249;0.075513;0.075209;0.07531;0.075218;0.075595;0.075548;0.075186;0.075469;0.075639;0.07534;0.075704;0.076478;0.07531;0.075216;0.075342;0.075306;0.075364;0.075111;0.075254;0.075881;0.07538;0.075451;0.075126;0.075604;0.07516;0.076699;0.075567;0.075457;0.075456;0.07576;0.075632;0.075413;0.075721;0.075723;0.075596;0.075497;0.075375;0.075431;0.076635;0.075589;0.07583;0.075506;0.075477;0.075337;0.075355;0.075916;0.075432;0.076166;0.075481;0.075485;0.075389;0.076777;0.075858;0.076769;0.076435;0.075657;0.075333;0.075373;0.075461;0.075562;0.075278;0.075551;0.075201;0.075324;0.076939;0.075444;0.075483;0.075355;0.075394;0.075639;0.075217;0.075501;0.07616;0.075363;0.075309;0.075338;0.07561;0.076402;0.075529;0.075093;0.075328;0.075303;0.075255;0.075732;0.074883;0.075399;0.074999;0.075359;0.075608;0.075165;0.075199;0.077682;0.075394;0.075632;0.0756;0.075896;0.075555;0.075512;0.075416;0.07612;0.076489;0.076374;0.075603;0.075392;0.077364;0.076139;0.07568;0.075746;0.075853;0.07524;0.07597;0.075764;0.075599;0.075716;0.076008;0.075727;0.075745;0.07651;0.075375;0.075424;0.075504;0.075265;0.075849;0.075249;0.075185;0.075303;0.075351;0.075304;0.075515;0.075484;0.076742;0.075235;0.075506;0.075629;0.075232;0.07548;0.076433;0.075612;0.075466;0.075443;0.075745;0.075497;0.075343;0.076989;0.075776;0.075644;0.075614;0.076228;0.075682;0.075839;0.07589;0.076248;0.075794;0.075921;0.076289;0.076368;0.077758;0.076711;0.076842;0.075647;0.075523;0.0755;0.075541;0.075383;0.076208;0.075096;0.075184;0.07548;0.075356;0.076316;0.075824;0.077204;0.075811;0.075795;0.075399;0.075309;0.075389;0.075499;0.076398;0.075504;0.075434;0.075369;0.07565;0.076775;0.07561;0.075227;0.075563;0.075491;0.075516;0.075282;0.075467;0.075347;0.075071;0.075305;0.075694;0.075307;0.076839;0.076179;0.076911;0.076792;0.076144;0.075101;0.075412;0.075355;0.07555;0.075372;0.075242;0.075314;0.075461;0.076899;0.075452;0.075647;0.076355;0.075386;0.075716;0.07555;0.075479;0.075153;0.075503;0.075954;0.075496;0.07564;0.076936;0.075894;0.075771;0.075532;0.075925;0.075875;0.075797;0.075948;0.075613;0.075731;0.075901;0.075759;0.075555;0.077037;0.075627;0.075456;0.075412;0.075294;0.075522;0.075206;0.075329;0.075479;0.075278;0.075487;0.075407;0.075338;0.075255;0.076851;0.075421;0.075498;0.07541;0.07557;0.075481;0.0756;0.075683;0.075709;0.075614;0.075558;0.075681;0.075481;0.077329;0.075618;0.075306;0.075372;0.07556;0.075298;0.075102;0.075552;0.075652;0.075057;0.075256;0.075393;0.075286;0.076671;0.075497;0.075501;0.0753;0.075331;0.07519;0.075334;0.075585;0.075143;0.07528;0.075611;0.075252;0.075625;0.076043;0.075679;0.075422;0.075477;0.075176;0.075301;0.075341;0.075253;0.075066;0.075169;0.074981;0.075164;0.075482;0.075313;0.076873;0.075891;0.075398;0.075557;0.075478;0.075296;0.075652;0.075497;0.075486;0.075339;0.075843;0.075617;0.075575;0.077135;0.075985;0.075701;0.075587;0.07575;0.075608;0.075874;0.075828;0.075538;0.075705;0.075817;0.075866;0.075747;0.077581;0.075968;0.075691;0.075652;0.075777;0.076156;0.076894;0.076398;0.076968;0.076734;0.075945;0.076074;0.075657;0.077225;0.075283;0.075459;0.075657;0.075419;0.07559;0.075534;0.075335;0.07549;0.075259;0.075413;0.075516;0.075239;0.077246;0.075822;0.077024;0.076764;0.076318;0.076146;0.075237;0.075269;0.075453;0.075394;0.075711;0.075754;0.07661;0.076975;0.078726;0.076963;0.076534;0.076622;0.076525;0.075313;0.075473;0.075497;0.076285;0.075136;0.07552;0.075455;0.075368;0.077731;0.077345;0.077734;0.076298;0.076171;0.075683;0.076084;0.076104;0.076205;0.076975;0.076229;0.077513;0.077619;0.078646;0.077251;0.077209;0.07695;0.076938;0.075423;0.076071;0.077314;0.076369;0.075528;0.075738;0.076035;0.077087;0.078836;0.076848;0.076501;0.075424;0.075612;0.075753;0.075611;0.075395;0.075434;0.075513;0.07593;0.075539;0.075518;0.077426;0.07739;0.076321;0.075429;0.076121;0.075516;0.07533;0.075526;0.075531;0.075543;0.075414;0.075544;0.075647;0.077077;0.076939;0.077109;0.07623;0.075666;0.075905;0.075817;0.075571;0.075908;0.075725;0.075756;0.075895;0.075737;0.077074;0.076659;0.076808;0.077007;0.076221;0.075329;0.075396;0.075504;0.075492;0.075595;0.075633;0.075276;0.075452;0.07638;0.076656;0.077007;0.076642;0.077012;0.077034;0.077041;0.076799;0.076494;0.075468;0.075534;0.075229;0.075248;0.076702;0.075501;0.075945;0.0755;0.075765;0.075777;0.075441;0.07518;0.075317;0.075334;0.075503;0.075155;0.075188;0.075187;0.076498;0.075124;0.075525;0.075316;0.075334;0.075175;0.075198;0.07524;0.075319;0.075554;0.075795;0.075263;0.075561;0.076403;0.075482;0.075519;0.075243;0.075257;0.075476;0.07569;0.075446;0.075097;0.075204;0.075745;0.075475;0.075218;0.077333;0.075832;0.075532;0.075613;0.075348;0.075707;0.075492;0.075337;0.075408;0.075608;0.07559;0.075754;0.075532;0.076729;0.075512;0.075371;0.075232;0.075206;0.075668;0.075238;0.075297;0.075267;0.075392;0.075269;0.075514;0.075469;0.07512;0.076568;0.075658;0.075526;0.075788;0.075407;0.075366;0.075455;0.075568;0.076116;0.075465;0.075591;0.075501;0.075317;0.077181;0.075768;0.075669;0.075486;0.075704;0.075577;0.075706;0.075382;0.075954;0.076286;0.075416;0.075772;0.075559;0.076628;0.075173;0.075491;0.075256;0.075409;0.075352;0.075615;0.075633;0.075506;0.075263;0.075161;0.075322;0.075466;0.076831;0.07579;0.075948;0.075574;0.075386;0.075292;0.07537;0.075584;0.075675;0.075535;0.075271;0.075262;0.075469;0.075625;0.076552;0.075568;0.075416;0.075788;0.075829;0.075508;0.0755;0.075475;0.07533;0.075328;0.075439;0.075511;0.075534;0.076466;0.075661;0.075525;0.07559;0.07541;0.075302;0.075268;0.075378;0.075189;0.075353;0.075224;0.075156;0.075436;0.076739;0.075791;0.075293;0.075222;0.075342;0.075222;0.075323;0.075208;0.075024;0.075664;0.075509;0.075307;0.075072;0.077089;0.075881;0.075455;0.075535;0.075945;0.075744;0.075676;0.07574;0.075947;0.075827;0.075929;0.076131;0.075662;0.077314;0.076017;0.075548;0.075497;0.075956;0.075776;0.075464;0.075216;0.075361;0.075962;0.075364;0.07573;0.075336;0.075227;0.077156;0.075417;0.07557;0.075705;0.075599;0.075573;0.075744;0.075575;0.07572;0.075431;0.075502;0.075478;0.076032;0.077713;0.075845;0.076985;0.07731;0.076846;0.07564;0.075738;0.076068;0.076265;0.075699;0.075303;0.075553;0.075781;0.076809;0.075436;0.075208;0.075149;0.075175;0.075102;0.075235;0.075248;0.075244;0.075116;0.075614;0.075804;0.075695;0.077615;0.075371;0.075596;0.075113;0.075324;0.075387;0.075195;0.075502;0.075541;0.07534;0.075224;0.075587;0.075486;0.079691;0.075995;0.076638;0.075515;0.075572;0.075308;0.075333;0.075261;0.075292;0.075523;0.075387;0.075227;0.075078;0.075132;0.076983;0.076977;0.076155;0.075299;0.075203;0.074971;0.075339;0.075353;0.075465;0.075284;0.075356;0.075696;0.07572;0.076889;0.075604;0.075394;0.075619;0.075949;0.075329;0.075559;0.075691;0.075715;0.076672;0.075386;0.076064;0.075957;0.077164;0.075869;0.075625;0.075564;0.07604;0.075441;0.076046;0.075436;0.075672;0.075874;0.075574;0.0757;0.075591;0.07665;0.075765;0.075587;0.075523;0.0757;0.075459;0.075541;0.075677;0.075711;0.0753;0.075446;0.075379;0.075267;0.076927;0.075601;0.075394;0.075781;0.075797;0.075633;0.075728;0.075724;0.075332;0.075441;0.075513;0.075474;0.075706;0.075218;0.077329;0.075811;0.075645;0.075524;0.075606;0.07572;0.075767;0.075636;0.075478;0.076236;0.075802;0.075651;0.076059;0.077163;0.075605;0.075359;0.075406;0.075051;0.075599;0.075562;0.075119;0.075069;0.075107;0.075272;0.0751;0.075287;0.076506;0.075752;0.075541;0.075534;0.075732;0.075659;0.075379;0.075723;0.075735;0.075392;0.075604;0.075548;0.075625;0.07699;0.075267;0.075266;0.075407;0.075673;0.075119;0.075525;0.075251;0.075169;0.075154;0.075195;0.075252;0.075462;0.07528;0.076932;0.075434;0.07548;0.07526;0.075458;0.075544;0.075434;0.075215;0.075972;0.075819;0.07545;0.075713;0.075472;0.076607;0.075182;0.075293;0.075269;0.075237;0.075377;0.075521;0.075301;0.075016;0.075193;0.075151;0.075466;0.075385;0.07701;0.075405;0.075149;0.075135;0.075431;0.07512;0.075297;0.075253;0.075336;0.075113;0.075248;0.075278;0.075237;0.076336;0.075135;0.075221;0.075521;0.076104;0.075188;0.075304;0.075238;0.07523;0.075219;0.075177;0.075071;0.075001;0.075204;0.076907;0.075371;0.075295;0.07521;0.075411;0.075591;0.075361;0.075508;0.075323;0.075265;0.075247;0.075259;0.075381;0.076809;0.075661;0.075498;0.07535;0.075776;0.075733;0.075381;0.075533;0.075718;0.075566;0.075424;0.075894;0.075346;0.076674;0.075172;0.075484;0.075376;0.07541;0.075616;0.075117;0.075377;0.075024;0.075008;0.075112;0.075429;0.075555;0.076767;0.075659;0.075252;0.075327;0.075741;0.075664;0.075413;0.075418;0.07541;0.075302;0.075352;0.07541;0.075333;0.075521;0.075808;0.075451;0.07525;0.07548;0.075284;0.075312;0.075414;0.075567;0.075357;0.075317;0.075423;0.075404;0.075286;0.076675;0.075641;0.075431;0.075538;0.075559;0.075738;0.075692;0.075538;0.075539;0.075804;0.075932;0.075731;0.076013;0.076856;0.076285;0.07717;0.076968;0.075275;0.07555;0.075762;0.075829;0.075592;0.075589;0.075937;0.075699;0.075668;0.076758;0.075146;0.075413;0.075117;0.07486;0.075086;0.075227;0.075598;0.075019;0.075261;0.075129;0.074975;0.075202;0.076825;0.076193;0.07588;0.075719;0.075563;0.075305;0.075344;0.07524;0.075431;0.075671;0.075299;0.075559;0.075178;0.075771;0.077645;0.075339;0.07543;0.075564;0.075484;0.075431;0.075657;0.075292;0.075411;0.075162;0.075533;0.07548;0.07516;0.076573;0.075199;0.075405;0.075481;0.075314;0.075199;0.074993;0.075355;0.075331;0.075635;0.075408;0.0755;0.075346;0.076759;0.076139;0.075591;0.075735;0.075661;0.075716;0.075753;0.075437;0.075925;0.07624;0.075853;0.075625;0.075664;0.077206;0.075158;0.075495;0.075284;0.075375;0.075541;0.075142;0.074965;0.075197;0.07507;0.07532;0.075094;0.075162;0.075163;0.076755;0.07518;0.075195;0.07528;0.075126;0.075541;0.076261;0.075565;0.075533;0.075359;0.075196;0.075241;0.075363;0.076791;0.0756;0.075398;0.07546;0.075617;0.075398;0.075257;0.075204;0.075354;0.074984;0.07499;0.075848;0.075273;0.076439;0.075215;0.075394;0.075304;0.075474;0.075895;0.075712;0.075379;0.075412;0.075305;0.075243;0.075636;0.075163;0.076534;0.075604;0.075404;0.07516;0.075784;0.075572;0.075256;0.075485;0.075452;0.075329;0.075486;0.075433;0.075425;0.076524;0.076168;0.076757;0.075849;0.075522;0.075292;0.07525;0.075499;0.075179;0.075321;0.075328;0.07551;0.075588;0.075591;0.076489;0.076574;0.076443;0.075814;0.075119;0.074986;0.075274;0.074892;0.075343;0.0752;0.075346;0.075181;0.075027;0.076936;0.075281;0.07545;0.075445;0.075322;0.075358;0.07534;0.075377;0.075399;0.075249;0.075383;0.0757;0.075234;0.076729;0.075511;0.075926;0.075547;0.075321;0.075077;0.075099;0.075138;0.075497;0.075667;0.075348;0.075371;0.075636;0.077107;0.076357;0.075598;0.075515;0.075518;0.075475;0.075506;0.07523;0.07571;0.075286;0.075562;0.075842;0.075742;0.075589;0.077257;0.076695;0.076041;0.075294;0.075935;0.075234;0.075694;0.075452;0.075383;0.075647;0.075752;0.075391;0.075508;0.076521;0.075335;0.075079;0.075167;0.07527;0.075181;0.075375;0.075639;0.075895;0.075952;0.075547;0.075538;0.075636;0.076697;0.075838;0.075726;0.075632;0.07563;0.075494;0.075214;0.075379;0.075558;0.075363;0.075285;0.075265;0.07519;0.076558;0.075654;0.075584;0.075359;0.075391;0.075645;0.075406;0.075627;0.075586;0.075557;0.075272;0.075366;0.075416;0.076859;0.07557;0.07531;0.075375;0.075401;0.075297;0.075257;0.07535;0.075474;0.075258;0.075182;0.075464;0.075132;0.075373;0.077341;0.075409;0.075695;0.076353;0.075429;0.075311;0.075531;0.07518;0.075819;0.075229;0.075505;0.075318;0.075362;0.076539;0.075627;0.07531;0.075604;0.07553;0.075389;0.075688;0.075722;0.075505;0.07565;0.075539;0.075263;0.076081;0.077052;0.076628;0.075564;0.075308;0.075391;0.075553;0.075795;0.0757;0.075295;0.075666;0.075509;0.075156;0.075479;0.076865;0.075459;0.075166;0.075005;0.075355;0.075372;0.075686;0.075579;0.075772;0.076207;0.075404;0.075523;0.07543;0.075468;0.076329;0.075188;0.074972;0.075164;0.075338;0.075253;0.075208;0.075355;0.07507;0.07545;0.075433;0.075196;0.075136;0.07682;0.075635;0.075458;0.075566;0.075684;0.075289;0.075111;0.075456;0.075426;0.075328;0.075713;0.075304;0.075233;0.076774;0.075445;0.07511;0.075188;0.07535;0.075023;0.0752;0.075261;0.075008;0.075245;0.075228;0.075225;0.075302;0.076548;0.07519;0.075221;0.075526;0.075321;0.075249;0.075289;0.075477;0.075494;0.076469;0.075111;0.075324;0.075302;0.075399;0.076728;0.075313;0.075146;0.075103;0.075117;0.075043;0.075226;0.075186;0.075349;0.075228;0.075271;0.075377;0.07545;0.076757;0.075178;0.075015;0.075161;0.075477;0.075255;0.075207;0.075355;0.075156;0.075112;0.07514;0.07559;0.075274;0.076703;0.077174;0.076831;0.075521;0.075515;0.0755;0.075412;0.075477;0.075301;0.075374;0.075358;0.075328;0.075394;0.07682;0.077928;0.076913;0.076982;0.076447;0.075476;0.075435;0.075587;0.075603;0.075431;0.075636;0.075644;0.075721;0.076527;0.075655;0.075212;0.075572;0.075284;0.07522;0.075139;0.075296;0.075249;0.075432;0.075407;0.075424;0.07519;0.075162;0.076579;0.075565;0.075397;0.075637;0.075714;0.075615;0.075496;0.075374;0.075352;0.075313;0.075394;0.075496;0.075313;0.076762;0.075403;0.075152;0.07504;0.075281;0.075307;0.075338;0.075586;0.075545;0.075148;0.075408;0.075197;0.075113;0.076442;0.07568;0.075411;0.0757;0.075675;0.075643;0.075654;0.075504;0.075398;0.075549;0.075301;0.075463;0.075574;0.076839;0.075628;0.075759;0.075445;0.075319;0.075261;0.075395;0.0754;0.07539;0.075398;0.075207;0.07533;0.075206;0.075219;0.076764;0.075143;0.075717;0.075493;0.075361;0.075157;0.07527;0.075665;0.075544;0.075385;0.075376;0.075056;0.07535;0.076676;0.075397;0.075095;0.075704;0.075807;0.075525;0.075511;0.075426;0.075497;0.075617;0.075514;0.075613;0.075657;0.076884;0.07538;0.075416;0.075347;0.075818;0.075444;0.075558;0.075334;0.07524;0.075631;0.075576;0.075604;0.075137;0.0765;0.075155;0.075375;0.075229;0.075226;0.075329;0.075208;0.075612;0.075331;0.075074;0.075329;0.075414;0.075371;0.075158;0.076772;0.075337;0.075345;0.075008;0.075211;0.075493;0.07632;0.075086;0.075332;0.075298;0.075243;0.075158;0.075501;0.077093;0.076014;0.075229;0.075526;0.075403;0.075409;0.075738;0.075152;0.075471;0.075583;0.075276;0.075475;0.07547;0.081309;0.075955;0.075841;0.075569;0.07554;0.076027;0.075428;0.075769;0.075595;0.075936;0.075587;0.075784;0.075851;0.076991;0.077081;0.076982;0.077107;0.077378;0.077186;0.077128;0.07624;0.077014;0.077042;0.075818;0.076284;0.075814;0.077082;0.076288;0.076452;0.075684;0.075257;0.075515;0.075382;0.075232;0.075299;0.075151;0.075159;0.075288;0.075657;0.078074;0.076078;0.075243;0.075559;0.075486;0.075515;0.075609;0.075322;0.075603;0.075517;0.075429;0.075396;0.075329;0.075124;0.076692;0.075606;0.075519;0.07543;0.075156;0.075173;0.075422;0.075559;0.075464;0.075102;0.075257;0.075533;0.074964;0.076236;0.075651;0.075422;0.075412;0.075515;0.075287;0.075289;0.075285;0.075162;0.075533;0.075466;0.075557;0.075471;0.076448;0.075682;0.075653;0.075715;0.075907;0.075968;0.075786;0.077545;0.075541;0.075931;0.075904;0.075745;0.075854;0.076624;0.075669;0.075531;0.075449;0.075274;0.075614;0.075402;0.075778;0.075368;0.075301;0.075519;0.075218;0.07539;0.075234;0.07671;0.075413;0.075416;0.075447;0.075603;0.075555;0.075375;0.075945;0.076516;0.075248;0.075214;0.075479;0.075382;0.077061;0.077102;0.076206;0.075697;0.075786;0.075508;0.075434;0.075638;0.075798;0.075593;0.075602;0.075823;0.075885;0.077502;0.076914;0.076183;0.075515;0.07535;0.075417;0.075505;0.076288;0.075469;0.075481;0.07566;0.075694;0.075582;0.077136;0.076909;0.076309;0.075663;0.075317;0.075305;0.075145;0.075667;0.075416;0.075395;0.075109;0.075201;0.075471;0.07702;0.076915;0.077069;0.077215;0.075778;0.075465;0.076492;0.075036;0.075446;0.075579;0.075583;0.075279;0.075412;0.077041;0.075884;0.075725;0.075453;0.075727;0.075632;0.075589;0.07684;0.076822;0.076637;0.076203;0.075827;0.075659;0.075233;0.076664;0.075242;0.075248;0.075042;0.075301;0.07544;0.075208;0.076377;0.075263;0.075217;0.075033;0.075469;0.075148;0.076481;0.075675;0.075318;0.075632;0.075411;0.075436;0.075332;0.075464;0.07518;0.075601;0.075445;0.07559;0.07547;0.076276;0.075206;0.075253;0.075255;0.075161;0.075337;0.075601;0.075098;0.07543;0.076038;0.075337;0.075363;0.075185;0.076269;0.075659;0.075294;0.075461;0.075787;0.075434;0.074987;0.075142;0.075359;0.07575;0.075922;0.075494;0.075314;0.075323;0.0772;0.076829;0.076404;0.075647;0.075646;0.075573;0.075878;0.075415;0.075551;0.075611;0.076286;0.075526;0.075669;0.076952;0.076905;0.076882;0.076109;0.075698;0.076874;0.076873;0.076751;0.0768;0.075285;0.075249;0.07559;0.075354;0.07686;0.075383;0.075392;0.075178;0.075293;0.075308;0.075287;0.075202;0.075225;0.075304;0.075143;0.075308;0.075353;0.076658;0.075544;0.0757;0.07583;0.075687;0.075339;0.075348;0.075386;0.075431;0.075517;0.075565;0.0756;0.075387;0.076424;0.075541;0.075381;0.075428;0.075088;0.075401;0.07552;0.075361;0.075167;0.075416;0.075206;0.075341;0.075488;0.075299;0.07681;0.075515;0.075594;0.075519;0.075499;0.075843;0.075209;0.07563;0.075354;0.075372;0.075238;0.07541;0.075315;0.076133;0.075073;0.075222;0.075426;0.07582;0.075587;0.075201;0.075648;0.075404;0.075267;0.075413;0.07523;0.075559;0.077006;0.075286;0.075553;0.075507;0.075405;0.07553;0.075399;0.075295;0.075365;0.075546;0.075476;0.075736;0.075305;0.077025;0.075645;0.075318;0.075447;0.075378;0.075327;0.075571;0.075649;0.075515;0.075938;0.075281;0.075542;0.075534;0.075358;0.076613;0.076748;0.075336;0.075081;0.075571;0.075358;0.075485;0.075269;0.07546;0.075039;0.075099;0.07531;0.075253;0.07659;0.076341;0.076745;0.075348;0.075176;0.07564;0.075219;0.07531;0.075845;0.075242;0.075157;0.075803;0.074998;0.076741;0.076213;0.07641;0.075829;0.076026;0.076184;0.076347;0.076189;0.075825;0.076276;0.075796;0.076061;0.075923;0.077556;0.075441;0.075653;0.075284;0.075494;0.075119;0.075528;0.075419;0.075366;0.075412;0.075481;0.075567;0.075567;0.076636;0.075553;0.075771;0.075496;0.075299;0.075338;0.075582;0.07594;0.075898;0.075556;0.075896;0.075947;0.075579;0.075639;0.076174;0.075001;0.075169;0.075185;0.075062;0.074942;0.075289;0.075272;0.075129;0.075257;0.075302;0.075313;0.075326;0.076958;0.075163;0.0754;0.075441;0.075315;0.075498;0.075475;0.075376;0.075396;0.075438;0.075654;0.075382;0.075304;0.076927;0.075962;0.076594;0.076701;0.076277;0.075151;0.075516;0.075622;0.075326;0.075589;0.075514;0.07539;0.0756;0.07667;0.075401;0.075493;0.075673;0.075489;0.075568;0.075225;0.075508;0.075471;0.07525;0.075427;0.075321;0.07543;0.075315;0.07684;0.075348;0.075408;0.075299;0.075125;0.075473;0.075656;0.075745;0.075378;0.075578;0.075234;0.075565;0.075501;0.076424;0.075798;0.07607;0.075767;0.07586;0.075546;0.075752;0.075845;0.075562;0.075673;0.07601;0.076021;0.075985;0.077258;0.077034;0.07587;0.075285;0.075327;0.075293;0.075231;0.075197;0.075282;0.075061;0.075474;0.075481;0.075524;0.076714;0.075055;0.074979;0.07497;0.075279;0.075295;0.075298;0.075351;0.075056;0.075282;0.075161;0.075104;0.07549;0.076245;0.075393;0.075221;0.075197;0.075495;0.075096;0.075077;0.075579;0.075394;0.07516;0.075172;0.075085;0.075532;0.075125;0.076581;0.075608;0.075653;0.075294;0.075763;0.075939;0.075727;0.075564;0.075671;0.07566;0.075736;0.0753;0.075376;0.07686;0.075344;0.075266;0.075476;0.075648;0.075611;0.075495;0.075246;0.07541;0.075432;0.075541;0.075421;0.075467;0.076941;0.075292;0.075344;0.07537;0.075566;0.075551;0.075604;0.075549;0.075633;0.075668;0.075395;0.07572;0.075827;0.076364;0.075555;0.075601;0.075237;0.075503;0.075385;0.075579;0.075527;0.075509;0.075308;0.075367;0.075336;0.07564;0.075553;0.076719;0.075368;0.075549;0.07545;0.075316;0.075292;0.075497;0.075535;0.075669;0.07573;0.075481;0.075486;0.075206;0.076836;0.075652;0.075386;0.075622;0.075724;0.075839;0.075372;0.075409;0.075443;0.075391;0.075506;0.075487;0.075502;0.076458;0.075668;0.075542;0.075438;0.075644;0.075377;0.075529;0.075496;0.075541;0.075755;0.075688;0.075389;0.075693;0.07664;0.0754;0.075138;0.075457;0.075293;0.074998;0.075251;0.075379;0.074942;0.075033;0.074971;0.075421;0.075104;0.075117;0.076757;0.077171;0.077084;0.076041;0.075663;0.075683;0.075668;0.075781;0.075675;0.075776;0.075704;0.075551;0.075536;0.076911;0.075324;0.075199;0.076355;0.075429;0.076008;0.0758;0.075648;0.075693;0.075485;0.075231;0.075069;0.075389;0.076913;0.075179;0.075637;0.075583;0.075535;0.075064;0.075594;0.075628;0.075215;0.075401;0.075342;0.075382;0.075514;0.077241;0.075787;0.075262;0.075421;0.07536;0.075433;0.075476;0.075549;0.075273;0.075778;0.075785;0.076585;0.075926;0.076564;0.075359;0.075227;0.075422;0.075531;0.075391;0.075569;0.07518;0.075286;0.075658;0.075158;0.075503;0.075574;0.07555;0.0767;0.075235;0.075358;0.075157;0.075508;0.075265;0.075655;0.075009;0.075203;0.075307;0.075742;0.075454;0.075385;0.076758;0.075894;0.075856;0.075601;0.075805;0.075687;0.075738;0.075549;0.075725;0.075606;0.075462;0.075609;0.075717;0.076734;0.075213;0.075576;0.075098;0.075332;0.07527;0.075409;0.075463;0.075544;0.07522;0.075574;0.075257;0.075839;0.076914;0.0757;0.075725;0.075875;0.075572;0.075514;0.07623;0.076033;0.075671;0.076301;0.07624;0.076122;0.076261;0.07726;0.075392;0.075119;0.075278;0.075513;0.075366;0.075532;0.075485;0.075186;0.075007;0.075329;0.075298;0.075669;0.075327;0.076835;0.075379;0.075576;0.075726;0.075416;0.075284;0.075411;0.075212;0.0753;0.075381;0.075453;0.075324;0.075355;0.076587;0.075506;0.075502;0.075152;0.07536;0.075402;0.075319;0.075635;0.075284;0.075555;0.075276;0.075337;0.075378;0.076308;0.075242;0.075276;0.075384;0.075378;0.075485;0.075526;0.075432;0.075272;0.07516;0.075828;0.07532;0.075462;0.076541;0.075156;0.075552;0.075532;0.075187;0.075119;0.075533;0.075287;0.075202;0.075246;0.075284;0.075306;0.075999;0.075281;0.076432;0.075352;0.075308;0.075338;0.07524;0.075456;0.075447;0.075298;0.075598;0.075303;0.075249;0.075518;0.07614;0.244658;0.075266;0.075369;0.075453;0.075109;0.075323;0.075105;0.075161;0.075408;0.075389;0.075231;0.076752;0.075405;0.075484;0.075533;0.075553;0.07563;0.075779;0.075557;0.075475;0.075563;0.075782;0.076396;0.076144;0.078021;0.075205;0.075427;0.075301;0.075487;0.075886;0.076333;0.075611;0.075414;0.075038;0.075356;0.07576;0.075618;0.076637;0.075684;0.075646;0.075305;0.075768;0.075836;0.075483;0.075765;0.07531;0.075517;0.075389;0.075326;0.075526;0.075499;0.076829;0.075382;0.075329;0.0756;0.075505;0.075579;0.075558;0.075895;0.075834;0.075414;0.076734;0.075576;0.075463;0.076873;0.075367;0.075339;0.075011;0.075294;0.075355;0.075316;0.075476;0.075456;0.0754;0.075289;0.075341;0.075432;0.076916;0.075973;0.075855;0.075716;0.075794;0.075864;0.075809;0.075769;0.075895;0.075961;0.076167;0.075841;0.075823;0.076919;0.075274;0.07519;0.075476;0.07531;0.075144;0.075208;0.075207;0.07506;0.075152;0.075341;0.075185;0.075257;0.076158;0.075464;0.075491;0.07532;0.075469;0.0756;0.075833;0.075562;0.075686;0.075717;0.075452;0.0757;0.075664;0.075308;0.076784;0.075274;0.075494;0.075376;0.075622;0.075654;0.075625;0.07543;0.075596;0.075752;0.075189;0.075341;0.075143;0.076784;0.075204;0.07547;0.075453;0.075331;0.075111;0.075132;0.075543;0.075617;0.075191;0.075306;0.075752;0.075389;0.076819;0.075513;0.075583;0.077188;0.076629;0.075618;0.07582;0.075961;0.075665;0.075688;0.075724;0.075979;0.075554;0.077065;0.075232;0.075215;0.075094;0.075468;0.075296;0.075018;0.074948;0.075139;0.075157;0.07514;0.075311;0.075162;0.075329;0.076251;0.075162;0.075518;0.075186;0.075389;0.075471;0.075403;0.075357;0.07562;0.075612;0.075512;0.07533;0.075299;0.076577;0.075123;0.075266;0.075214;0.075651;0.075347;0.075436;0.075279;0.075591;0.075529;0.075362;0.075327;0.075583;0.077096;0.075615;0.075317;0.075493;0.075279;0.075526;0.075531;0.075406;0.07575;0.075521;0.075638;0.075342;0.075417;0.077632;0.075902;0.075677;0.075614;0.075543;0.07585;0.075406;0.075633;0.075396;0.075428;0.075432;0.075925;0.075308;0.076571;0.075999;0.075619;0.075435;0.075858;0.075583;0.075569;0.075524;0.075368;0.075481;0.075713;0.075654;0.075658;0.075412;0.077002;0.075387;0.075406;0.075494;0.075627;0.075471;0.075595;0.075839;0.075727;0.075594;0.075526;0.07542;0.075628;0.076853;0.075478;0.076043;0.075562;0.075149;0.075465;0.075413;0.075404;0.07546;0.075323;0.075132;0.075253;0.075475;0.076558;0.075355;0.075415;0.075247;0.075433;0.075539;0.075261;0.075585;0.075346;0.075314;0.0755;0.075101;0.07527;0.077244;0.075525;0.075082;0.075593;0.075467;0.075174;0.075346;0.075443;0.075488;0.07703;0.075795;0.075386;0.076016;0.075166;0.07654;0.075338;0.075346;0.075371;0.074983;0.075473;0.075412;0.075308;0.075162;0.075602;0.075239;0.075486;0.075373;0.077126;0.075238;0.075413;0.075194;0.075149;0.075209;0.075061;0.075648;0.07582;0.075752;0.075637;0.075028;0.075552;0.076725;0.075237;0.075039;0.07543;0.075224;0.075192;0.075546;0.07524;0.075471;0.075179;0.075348;0.075469;0.075287;0.076493;0.075196;0.075058;0.075024;0.07505;0.075454;0.075594;0.075659;0.07546;0.075167;0.075588;0.075072;0.075324;0.07595;0.076766;0.075151;0.075521;0.0754;0.075551;0.075143;0.075696;0.075616;0.075599;0.075297;0.075252;0.075147;0.075375;0.07642;0.07564;0.075563;0.075346;0.075597;0.07545;0.07536;0.075414;0.075631;0.075743;0.075466;0.075599;0.075347;0.077429;0.075384;0.075237;0.075099;0.075203;0.075072;0.075114;0.075516;0.075256;0.075331;0.075164;0.075295;0.075307;0.076378;0.075612;0.075331;0.075411;0.075471;0.075501;0.075617;0.075529;0.075499;0.075615;0.075361;0.075366;0.075547;0.07656;0.075725;0.076504;0.076435;0.07548;0.075008;0.075578;0.075225;0.075124;0.075268;0.0754;0.075607;0.075351;0.075178;0.076776;0.07551;0.075045;0.075393;0.075487;0.075204;0.075137;0.075377;0.075338;0.075461;0.075301;0.075548;0.075292;0.076096;0.075194;0.075073;0.074952;0.075355;0.07518;0.075404;0.075023;0.075325;0.07521;0.075015;0.075068;0.074948;0.076209;0.075757;0.075281;0.075871;0.075359;0.075881;0.075523;0.075661;0.075968;0.075646;0.075826;0.07598;0.075652;0.076568;0.075777;0.075126;0.075124;0.075224;0.075359;0.075154;0.075378;0.075336;0.075142;0.075126;0.076131;0.076849;0.075227;0.076821;0.075279;0.075486;0.075535;0.075331;0.075288;0.075294;0.075282;0.075173;0.075431;0.075312;0.075301;0.075353;0.076665;0.07665;0.076429;0.075044;0.075228;0.075003;0.074711;0.07503;0.074883;0.074947;0.074781;0.075057;0.075084;0.076232;0.074997;0.075012;0.075015;0.075304;0.075223;0.075006;0.075234;0.074919;0.075205;0.07553;0.074914;0.075252;0.075115;0.076825;0.075662;0.075599;0.075648;0.075382;0.075234;0.075507;0.075135;0.075438;0.075161;0.075174;0.075373;0.075135;0.076447;0.075567;0.075286;0.074958;0.075061;0.075311;0.074837;0.075463;0.07523;0.075175;0.074975;0.075333;0.075107;0.075869;0.075178;0.075411;0.075023;0.075149;0.075505;0.07496;0.074948;0.074959;0.075481;0.075633;0.075249;0.075356;0.076345;0.075206;0.075584;0.07529;0.075427;0.075431;0.075268;0.075334;0.075765;0.075644;0.075001;0.075612;0.075451;0.075481;0.077075;0.075218;0.075282;0.075256;0.075333;0.0754;0.07513;0.075322;0.075137;0.07519;0.075014;0.075354;0.075097;0.077044;0.075388;0.075123;0.074973;0.075188;0.075215;0.074888;0.075389;0.075239;0.075332;0.075338;0.074963;0.075018;0.07693;0.075222;0.075232;0.075381;0.075173;0.075393;0.07521;0.075075;0.075295;0.075101;0.075126;0.075023;0.074896;0.076015;0.075021;0.075345;0.074903;0.075363;0.074751;0.075472;0.074976;0.075025;0.075016;0.07501;0.075173;0.075075;0.075327;0.076441;0.075406;0.075833;0.075301;0.075217;0.075194;0.075169;0.075194;0.075484;0.075352;0.075288;0.075395;0.075061;0.076596;0.075143;0.075324;0.075488;0.075302;0.07555;0.075206;0.075523;0.075687;0.075354;0.075299;0.075545;0.075242;0.076617;0.075301;0.075544;0.075278;0.075089;0.075155;0.075166;0.075247;0.075238;0.075171;0.075133;0.075547;0.075396;0.076584;0.075254;0.075031;0.075405;0.075342;0.075339;0.075158;0.074998;0.075127;0.075734;0.07495;0.075529;0.07521;0.075139;0.076669;0.075108;0.075191;0.075449;0.07552;0.07493;0.075268;0.075359;0.07522;0.075274;0.075152;0.075005;0.075109;0.076273;0.075264;0.075321;0.075294;0.075304;0.075069;0.075078;0.075495;0.07503;0.074901;0.074977;0.07514;0.075047;0.076261;0.075213;0.075223;0.075051;0.075116;0.075544;0.075306;0.075446;0.075226;0.07527;0.07547;0.075449;0.075555;0.075636;0.076151;0.075026;0.074821;0.075114;0.075135;0.075438;0.075333;0.075012;0.075033;0.074793;0.074841;0.075392;0.075058;0.076609;0.075218;0.075156;0.07536;0.075141;0.075224;0.07586;0.075195;0.075576;0.075211;0.075268;0.075263;0.075153;0.07629;0.075139;0.07521;0.075415;0.075164;0.075459;0.075366;0.075292;0.075316;0.075219;0.07513;0.075467;0.075075;0.076005;0.075144;0.074956;0.074958;0.074923;0.075375;0.074756;0.075305;0.075182;0.074941;0.075321;0.074938;0.075313;0.075055;0.076857;0.075273;0.075067;0.075378;0.075364;0.075051;0.075208;0.075189;0.075382;0.075582;0.075225;0.075261;0.075155;0.076773;0.075309;0.075;0.075145;0.074885;0.074932;0.074801;0.075099;0.075233;0.074868;0.075317;0.074974;0.075167;0.076567;0.075234;0.075089;0.075207;0.075368;0.075288;0.075657;0.075338;0.075961;0.075224;0.075094;0.075321;0.07508;0.077225;0.075055;0.075041;0.075092;0.075168;0.075106;0.075138;0.075569;0.075058;0.075202;0.074956;0.07519;0.075234;0.074993;0.076772;0.075764;0.07572;0.075625;0.075714;0.075625;0.075615;0.075685;0.075426;0.075436;0.075396;0.075344;0.075487;0.076908;0.075481;0.075568;0.075079;0.07529;0.075225;0.075574;0.075534;0.075422;0.075704;0.075408;0.07562;0.075286;0.076198;0.075076;0.075254;0.075222;0.075151;0.075126;0.074992;0.075159;0.075141;0.07545;0.075451;0.075424;0.075278;0.086224;0.075611;0.075043;0.075528;0.075419;0.075643;0.075249;0.075408;0.075605;0.075355;0.075286;0.075134;0.075284;0.07533;0.076419;0.075271;0.075149;0.075285;0.075135;0.075273;0.075251;0.074963;0.075086;0.07495;0.07516;0.075203;0.075256;0.076539;0.075028;0.07566;0.075647;0.075312;0.075183;0.075012;0.075268;0.074907;0.075138;0.075348;0.075481;0.075343;0.076634;0.075092;0.074974;0.075104;0.07521;0.075555;0.075366;0.075196;0.075294;0.075011;0.075091;0.075171;0.075217;0.076298;0.075178;0.074909;0.075272;0.075075;0.07495;0.074722;0.075292;0.075165;0.074805;0.07509;0.075272;0.074997;0.074949;0.07632;0.075541;0.075243;0.075456;0.075198;0.075257;0.076566;0.075134;0.075365;0.07522;0.075442;0.075098;0.075393;0.076467;0.076356;0.075657;0.075294;0.075058;0.075543;0.075167;0.075424;0.075372;0.075236;0.074906;0.074992;0.07504;0.077229;0.076146;0.076992;0.07647;0.075835;0.075354;0.074974;0.075502;0.075122;0.075213;0.076087;0.075073;0.075096;0.076449;0.075246;0.075055;0.075082;0.075089;0.075157;0.074824;0.07485;0.074981;0.075331;0.075076;0.075125;0.075258;0.075265;0.076577;0.07559;0.075076;0.074909;0.075022;0.075488;0.075371;0.074986;0.074942;0.075033;0.075556;0.075194;0.075074;0.076723;0.075564;0.07509;0.075195;0.075234;0.075482;0.076025;0.075158;0.075293;0.075076;0.075516;0.075282;0.075348;0.076943;0.075339;0.075813;0.07576;0.075745;0.075866;0.075818;0.075649;0.075538;0.075744;0.075669;0.075489;0.075608;0.076604;0.075443;0.075136;0.075168;0.075392;0.07541;0.075376;0.075214;0.07518;0.075264;0.075301;0.075046;0.075347;0.07515;0.076339;0.075352;0.074836;0.074834;0.074978;0.074991;0.074668;0.075424;0.075158;0.075193;0.075019;0.075098;0.074923;0.076611;0.075318;0.075506;0.075204;0.075701;0.075454;0.075501;0.076287;0.075366;0.075485;0.075483;0.075103;0.075197;0.076728;0.07529;0.075094;0.075384;0.074956;0.075092;0.075213;0.075072;0.075192;0.07524;0.075437;0.075152;0.075559;0.07598;0.075532;0.075904;0.075506;0.075187;0.075538;0.075131;0.07526;0.075208;0.075183;0.07517;0.075425;0.076334;0.075736;0.076372;0.074976;0.074804;0.075025;0.075244;0.074916;0.075575;0.075033;0.074724;0.074695;0.074885;0.075245;0.075134;0.076904;0.075239;0.074945;0.074936;0.07492;0.075234;0.075069;0.075372;0.074941;0.075042;0.074883;0.075439;0.075247;0.076313;0.075176;0.075145;0.075054;0.075025;0.074836;0.075078;0.075473;0.07499;0.074983;0.075298;0.074789;0.075202;0.07519;0.076834;0.075258;0.075376;0.075379;0.075264;0.075399;0.074994;0.075425;0.075218;0.075874;0.075295;0.075154;0.075482;0.076406;0.075454;0.075196;0.074888;0.075031;0.075234;0.075156;0.075528;0.075351;0.075356;0.074957;0.0751;0.075217;0.076254;0.074938;0.075324;0.07512;0.07495;0.075024;0.075282;0.075221;0.074972;0.075428;0.075286;0.075304;0.075055;0.07632;0.075676;0.07535;0.075213;0.075508;0.07567;0.075249;0.075489;0.075109;0.075092;0.075155;0.075586;0.075273;0.075277;0.076661;0.075042;0.07506;0.075516;0.075061;0.075121;0.075392;0.075771;0.075433;0.074985;0.075286;0.075138;0.075385;0.076479;0.075439;0.075656;0.075442;0.075671;0.075207;0.075159;0.075152;0.075256;0.075662;0.075189;0.075601;0.075419;0.076786;0.075313;0.075229;0.075498;0.075532;0.075093;0.075331;0.075351;0.075479;0.075586;0.075357;0.075346;0.075352;0.076529;0.076111;0.07549;0.075328;0.075005;0.075264;0.075154;0.075266;0.075211;0.075237;0.07532;0.075314;0.075475;0.074989;0.07661;0.075172;0.075216;0.07496;0.075026;0.075111;0.075053;0.075421;0.075132;0.075329;0.075177;0.075193;0.074977;0.076941;0.075438;0.075476;0.075295;0.075263;0.076213;0.0756;0.075669;0.075518;0.075179;0.075783;0.07578;0.075315;0.076673;0.075049;0.075112;0.075421;0.075038;0.075371;0.075201;0.075181;0.075449;0.075403;0.075449;0.075562;0.075238;0.076064;0.075788;0.075128;0.075234;0.075447;0.075069;0.075188;0.074999;0.074877;0.075064;0.075136;0.075228;0.07507;0.075171;0.075974;0.075128;0.07527;0.075065;0.075273;0.075087;0.074968;0.07527;0.075041;0.074965;0.075019;0.075344;0.075424;0.07617;0.075167;0.074956;0.07487;0.074673;0.075166;0.075265;0.07509;0.075099;0.074974;0.074983;0.075143;0.074941;0.076517;0.075509;0.075364;0.075318;0.075511;0.07578;0.07574;0.075669;0.075532;0.075314;0.075657;0.075521;0.075623;0.075941;0.076875;0.075599;0.07524;0.075399;0.075706;0.075581;0.075531;0.075224;0.075307;0.07538;0.075518;0.075213;0.075325;0.076469;0.075039;0.075265;0.074932;0.075218;0.075912;0.075031;0.07507;0.075287;0.075121;0.075319;0.075559;0.074976;0.076114;0.075348;0.075175;0.074928;0.075254;0.075743;0.075124;0.0754;0.075917;0.075905;0.075463;0.075595;0.075645;0.076704;0.07552;0.075422;0.075034;0.075048;0.075268;0.075196;0.075361;0.07558;0.07539;0.07526;0.07555;0.075123;0.075223;0.076311;0.075225;0.074869;0.074978;0.075024;0.075041;0.07585;0.075311;0.074895;0.075094;0.075025;0.074951;0.075096;0.076184;0.075435;0.07524;0.07523;0.075211;0.075406;0.075696;0.075127;0.075608;0.075074;0.075107;0.075492;0.075156;0.076329;0.075162;0.075843;0.075105;0.075443;0.075019;0.07536;0.075489;0.075354;0.075454;0.075151;0.07528;0.075547;0.076546;0.075193;0.075119;0.074937;0.074919;0.074854;0.074795;0.074586;0.074819;0.074942;0.075048;0.074995;0.075262;0.075023;0.076588;0.075201;0.075024;0.075125;0.075443;0.075116;0.075107;0.075613;0.075207;0.075411;0.075048;0.074913;0.075173;0.076747;0.075696;0.075219;0.07511;0.07488;0.075207;0.074877;0.075178;0.074907;0.075078;0.074907;0.075302;0.075445;0.076472;0.075018;0.075382;0.075639;0.075581;0.075161;0.075365;0.074863;0.075443;0.07541;0.075324;0.075512;0.07505;0.076384;0.075413;0.075106;0.075633;0.075426;0.075173;0.075362;0.075258;0.075404;0.075698;0.075357;0.075161;0.07561;0.075299;0.076121;0.075226;0.07509;0.075149;0.074927;0.074887;0.075272;0.074814;0.075122;0.076032;0.075054;0.074886;0.07523;0.076217;0.075102;0.075203;0.075107;0.075232;0.075279;0.07516;0.075372;0.075584;0.075201;0.07525;0.075301;0.07522;0.076531;0.075031;0.075308;0.074992;0.074765;0.07506;0.074909;0.075321;0.075243;0.075102;0.075159;0.07515;0.075281;0.075089;0.076952;0.075309;0.075402;0.07542;0.075248;0.075407;0.075336;0.076241;0.075836;0.075531;0.07575;0.075358;0.075295;0.077017;0.076334;0.076792;0.076194;0.075087;0.075232;0.075274;0.075101;0.075462;0.075074;0.075018;0.074753;0.074998;0.076758;0.075131;0.075359;0.075378;0.074877;0.07525;0.075305;0.07499;0.07534;0.07509;0.075369;0.075758;0.075567;0.076361;0.07517;0.075653;0.07505;0.075542;0.075674;0.075134;0.075255;0.075719;0.075283;0.075173;0.07554;0.075317;0.07561;0.076407;0.07504;0.075103;0.075291;0.07513;0.075671;0.075131;0.074957;0.07538;0.075519;0.075441;0.075014;0.075382;0.076456;0.075348;0.075394;0.075302;0.075315;0.075162;0.075193;0.075254;0.075056;0.075016;0.07569;0.075188;0.075887;0.077253;0.075039;0.074993;0.075582;0.074837;0.074967;0.075408;0.075151;0.075161;0.074981;0.075208;0.075089;0.075489;0.076303;0.075446;0.075283;0.075028;0.074926;0.07505;0.075248;0.075208;0.076055;0.075059;0.075374;0.075457;0.07528;0.075342;0.076691;0.075656;0.075625;0.075302;0.075169;0.075177;0.075129;0.075174;0.075138;0.075281;0.075048;0.075143;0.075084;0.076337;0.075445;0.07496;0.075264;0.075181;0.075145;0.075209;0.075662;0.075515;0.075117;0.07532;0.075311;0.075502;0.076518;0.075167;0.075138;0.075114;0.075157;0.07517;0.075262;0.075483;0.075072;0.075109;0.075183;0.0754;0.075105;0.07618;0.075452;0.075339;0.075412;0.075578;0.075461;0.075601;0.075418;0.07574;0.075354;0.075427;0.075164;0.075621;0.075218;0.077052;0.076549;0.075995;0.074936;0.075412;0.075145;0.074905;0.074997;0.075172;0.074913;0.075401;0.075;0.075749;0.07698;0.077107;0.076416;0.075602;0.075299;0.075314;0.075493;0.075425;0.075393;0.075235;0.07584;0.075057;0.075454;0.090372;0.07581;0.076183;0.075664;0.075391;0.075345;0.075468;0.075486;0.075207;0.075412;0.075438;0.07555;0.075245;0.076681;0.075427;0.075116;0.07544;0.075328;0.075294;0.075211;0.075645;0.075122;0.075488;0.075287;0.074988;0.075231;0.076209;0.075417;0.075518;0.075358;0.075366;0.075104;0.075231;0.075562;0.075356;0.075154;0.07536;0.075365;0.075268;0.07556;0.077069;0.075577;0.07552;0.075395;0.075384;0.075333;0.075269;0.075427;0.075188;0.075595;0.075449;0.07561;0.075235;0.076686;0.075064;0.075363;0.07531;0.07533;0.075283;0.075514;0.075206;0.075356;0.075261;0.075624;0.075142;0.075508;0.076388;0.075562;0.075332;0.075149;0.075073;0.075105;0.07521;0.076473;0.07555;0.07526;0.075158;0.075134;0.075115;0.076714;0.075108;0.075205;0.075253;0.075368;0.075407;0.074863;0.075128;0.075341;0.075153;0.075077;0.075256;0.075;0.074964;0.07723;0.076178;0.075426;0.075396;0.075356;0.075142;0.075418;0.075117;0.075242;0.075371;0.075309;0.075428;0.075348;0.076379;0.074972;0.07534;0.075073;0.075247;0.075365;0.075043;0.075192;0.075241;0.075014;0.074985;0.075176;0.07515;0.076385;0.075506;0.076248;0.076516;0.075868;0.075147;0.075506;0.075667;0.075296;0.075069;0.075243;0.075144;0.075571;0.076781;0.075952;0.076762;0.076644;0.075411;0.075356;0.075389;0.075087;0.075197;0.075293;0.075132;0.075232;0.075164;0.07502;0.077025;0.07586;0.075836;0.075931;0.075726;0.075407;0.075775;0.075759;0.076022;0.075588;0.075718;0.075718;0.075657;0.076875;0.075731;0.075331;0.075459;0.074971;0.075189;0.075671;0.075438;0.075509;0.075211;0.075224;0.075405;0.074952;0.076123;0.075385;0.075309;0.075485;0.075335;0.0753;0.075383;0.075631;0.075098;0.075044;0.075153;0.075051;0.074876;0.07632;0.075372;0.075372;0.075093;0.075006;0.075362;0.075107;0.075461;0.075305;0.075265;0.075478;0.075342;0.075277;0.075211;0.07636;0.075247;0.07524;0.075272;0.075204;0.075316;0.075206;0.075088;0.075176;0.075149;0.075215;0.075508;0.075159;0.076175;0.075305;0.075427;0.075392;0.075109;0.075193;0.075733;0.075232;0.075438;0.075478;0.075249;0.075424;0.075154;0.076368;0.075379;0.075723;0.075823;0.075227;0.075412;0.075142;0.075456;0.07542;0.075291;0.075589;0.075161;0.075363;0.076968;0.07521;0.075351;0.075238;0.074984;0.076103;0.076711;0.076539;0.076522;0.076397;0.075151;0.075509;0.07504;0.074911;0.077199;0.07681;0.076266;0.076362;0.075193;0.075516;0.075248;0.074804;0.075101;0.074875;0.074841;0.076046;0.075566;0.077037;0.076812;0.075697;0.075093;0.075336;0.075525;0.075457;0.07586;0.075351;0.07524;0.075469;0.075491;0.075195;0.076892;0.076722;0.076564;0.075747;0.075262;0.075204;0.075724;0.075248;0.075608;0.075162;0.075469;0.075229;0.075167;0.076685;0.07516;0.075432;0.075355;0.075227;0.075456;0.075458;0.075802;0.075615;0.075662;0.075433;0.075617;0.076307;0.076099;0.075305;0.074925;0.075113;0.074901;0.074663;0.075369;0.074993;0.075265;0.075492;0.074802;0.075076;0.075481;0.076268;0.078285;0.075967;0.075543;0.075236;0.075217;0.075354;0.075159;0.075287;0.075377;0.075725;0.075606;0.075114;0.075446;0.076566;0.074939;0.075277;0.075198;0.075208;0.075242;0.075319;0.075375;0.075833;0.075482;0.075462;0.074888;0.075101;0.076384;0.075299;0.074991;0.075545;0.075371;0.075269;0.075308;0.075507;0.075461;0.075239;0.075183;0.075212;0.075321;0.076341;0.075487;0.075424;0.075157;0.075277;0.075206;0.075102;0.075153;0.075252;0.075236;0.075215;0.075276;0.07496;0.075492;0.076596;0.075324;0.075361;0.075311;0.075011;0.075214;0.075191;0.075412;0.074932;0.074824;0.075033;0.075368;0.075139;0.076745;0.074994;0.075108;0.075404;0.075414;0.075131;0.075134;0.076564;0.075528;0.075304;0.075372;0.075164;0.075267;0.076814;0.075695;0.075454;0.075227;0.075489;0.07514;0.075188;0.075189;0.075311;0.07529;0.075097;0.075018;0.074892;0.075309;0.076655;0.074918;0.075318;0.074954;0.075643;0.074914;0.075343;0.074888;0.075267;0.075323;0.075172;0.075142;0.074921;0.077236;0.075204;0.07494;0.075125;0.075291;0.075524;0.075487;0.075222;0.075545;0.075496;0.075124;0.075641;0.075101;0.076973;0.075223;0.075376;0.075213;0.075187;0.074987;0.074892;0.074822;0.075227;0.075345;0.074971;0.075028;0.074777;0.077222;0.076249;0.076576;0.075644;0.074985;0.075276;0.074978;0.075304;0.075373;0.075115;0.075101;0.07534;0.075315;0.075155;0.076873;0.075721;0.07556;0.075482;0.07549;0.07577;0.075731;0.075409;0.075256;0.075474;0.075851;0.075374;0.075987;0.077502;0.076656;0.076469;0.075117;0.075213;0.075334;0.07522;0.075752;0.075413;0.075592;0.075402;0.075215;0.075565;0.076209;0.075163;0.075077;0.075273;0.075125;0.075307;0.075508;0.075212;0.075439;0.075101;0.075135;0.075118;0.075084;0.076325;0.075762;0.07481;0.07515;0.075124;0.075266;0.075162;0.075194;0.075255;0.075366;0.075012;0.075149;0.075074;0.075479;0.076766;0.075401;0.075718;0.075242;0.075555;0.075704;0.075376;0.075604;0.075284;0.075468;0.075887;0.075567;0.075172;0.076616;0.076054;0.075665;0.075771;0.076164;0.076012;0.075863;0.075641;0.075413;0.075854;0.075823;0.075571;0.075522;0.076676;0.075336;0.075218;0.07538;0.075056;0.075267;0.07521;0.075508;0.075177;0.075066;0.075248;0.075356;0.075605;0.084987;0.07556;0.075353;0.075321;0.075185;0.075128;0.075019;0.075312;0.075391;0.075069;0.075981;0.075599;0.074926;0.076807;0.076063;0.076577;0.075639;0.075219;0.075573;0.075981;0.075245;0.07532;0.07527;0.075313;0.075352;0.075276;0.075337;0.077427;0.076689;0.07558;0.075389;0.075627;0.0754;0.07532;0.075177;0.075326;0.075223;0.075495;0.07567;0.0756;0.083551;0.075052;0.075271;0.07527;0.075335;0.075234;0.075368;0.075373;0.075229;0.075113;0.075358;0.075105;0.075216;0.077057;0.075184;0.075512;0.075709;0.075371;0.075207;0.075286;0.075723;0.075153;0.074934;0.075304;0.075276;0.075181;0.076703;0.075069;0.075229;0.074987;0.074865;0.075474;0.075009;0.075426;0.075443;0.07526;0.074814;0.0753;0.075188;0.07601;0.075187;0.075055;0.075015;0.074861;0.075236;0.07571;0.075207;0.07519;0.075044;0.075325;0.075371;0.075364;0.07545;0.076223;0.075232;0.075194;0.075141;0.074991;0.075452;0.075479;0.075315;0.075977;0.07533;0.075133;0.075231;0.075491;0.07671;0.075717;0.075284;0.075418;0.075265;0.074997;0.074773;0.074937;0.07531;0.0749;0.075387;0.075142;0.075895;0.076328;0.075317;0.075043;0.075555;0.075318;0.075442;0.07547;0.075513;0.075813;0.075479;0.075496;0.075636;0.075134;0.075386;0.07654;0.075427;0.075381;0.075042;0.075002;0.075386;0.074967;0.07508;0.075319;0.075573;0.075207;0.075418;0.07539;0.076759;0.075469;0.075488;0.075289;0.075655;0.075353;0.075586;0.075705;0.075817;0.075472;0.075502;0.075194;0.07532;0.076546;0.076218;0.075644;0.075758;0.075518;0.075352;0.076114;0.075362;0.075438;0.075419;0.075381;0.07556;0.075067;0.076465;0.075461;0.075975;0.075446;0.075492;0.07542;0.075333;0.075545;0.075277;0.075796;0.075171;0.07529;0.075157;0.075937;0.07579;0.075273;0.075072;0.075176;0.075308;0.075175;0.075287;0.075635;0.075185;0.075311;0.075248;0.075303;0.075548;0.076445;0.07539;0.075472;0.074974;0.075228;0.075275;0.075334;0.075236;0.075305;0.075205;0.075397;0.07529;0.075271;0.076942;0.075133;0.075331;0.075761;0.075241;0.075214;0.075442;0.075242;0.075154;0.075092;0.074998;0.075731;0.074973;0.076635;0.07577;0.075365;0.076358;0.075149;0.075541;0.075356;0.075501;0.075822;0.075507;0.075221;0.075605;0.07535;0.076653;0.075926;0.075457;0.075445;0.076526;0.075561;0.075423;0.075678;0.075468;0.075523;0.075545;0.075573;0.075542;0.075461;0.076188;0.075277;0.075089;0.075365;0.074877;0.075232;0.075344;0.075348;0.074939;0.075462;0.07526;0.075225;0.075438;0.076976;0.075366;0.07558;0.075217;0.07537;0.075468;0.075709;0.075427;0.075632;0.075442;0.075614;0.07548;0.075466;0.076608;0.075155;0.075062;0.07519;0.075988;0.075217;0.075233;0.075607;0.075791;0.075228;0.075172;0.075111;0.075155;0.084182;0.075711;0.075022;0.07523;0.075325;0.074818;0.075086;0.074985;0.075053;0.07499;0.075079;0.075238;0.074979;0.075094;0.077075;0.075142;0.075022;0.075586;0.075465;0.075054;0.075198;0.075148;0.075221;0.075218,0.289106;0.212338;0.205977;0.208656;0.207317;0.201555;0.203486;0.201692;0.20488;0.207907;0.203057;0.202651;0.203224;0.204571;0.203592;0.19985;0.201532;0.204424;0.205183;0.202761;0.200533;0.202633;0.204987;0.200998;0.201699;0.201763;0.200141;0.202953;0.198583;0.200906;0.201727;0.200843;0.203468;0.200702;0.202117;0.201111;0.201906;0.205262;0.202118;0.199643;0.203162;0.204273;0.201755;0.202177;0.203467;0.204655;0.201903;0.201887;0.201384;0.199521;0.202437;0.201552;0.203019;0.201302;0.200673;0.202654;0.204642;0.202172;0.201307;0.200554;0.206225;0.202086;0.200267;0.201228;0.20129;0.204248;0.202115;0.201108;0.202383;0.200467;0.200993;0.202461;0.201623;0.202244;0.202763;0.20386;0.201033;0.200125;0.202067;0.203006;0.200496;0.202711;0.201948;0.202996;0.20317;0.200852;0.201995;0.201628;0.200068;0.202128;0.20036;0.201364;0.200869;0.198762;0.204769;0.199558;0.201807;0.202572;0.205808;0.204209;0.200726;0.199781;0.201888;0.20123;0.198854;0.200412;0.199763;0.20252;0.203597;0.205165;0.201775;0.200095;0.201017;0.202583;0.202812;0.200177;0.198974;0.202012;0.201752;0.199797;0.202266;0.199034;0.202467;0.200683;0.20026;0.200819;0.199548;0.203566;0.201911;0.111779;0.114038;0.111626;0.113731;0.113085;0.114057;0.115901;0.11317;0.113032;0.111917;0.11245;0.112868;0.112885;0.112964;0.113293;0.113231;0.11385;0.110225;0.11249;0.11212;0.11292;0.111236;0.111685;0.118322;0.111699;0.111168;0.111965;0.111858;0.112559;0.112905;0.110612;0.111894;0.113802;0.112808;0.111241;0.112246;0.111531;0.111466;0.11273;0.112091;0.11195;0.115376;0.111967;0.11215;0.11184;0.110863;0.112107;0.110575;0.111613;0.111751;0.115925;0.112411;0.112173;0.112857;0.111448;0.11185;0.112556;0.112137;0.112569;0.114558;0.110848;0.112597;0.110506;0.113766;0.112473;0.111599;0.11291;0.111211;0.112715;0.112539;0.112639;0.111156;0.112168;0.111423;0.111644;0.113355;0.114697;0.111787;0.112055;0.112407;0.112579;0.11438;0.114012;0.111901;0.111774;0.114007;0.114232;0.111981;0.111718;0.112724;0.111603;0.112029;0.111695;0.111484;0.11503;0.111054;0.112662;0.111159;0.11216;0.112608;0.115613;0.112648;0.113364;0.115887;0.114059;0.112511;0.112733;0.11116;0.113042;0.11239;0.112878;0.114585;0.111837;0.111923;0.111688;0.112608;0.111667;0.112135;0.111763;0.112333;0.114452;0.114001;0.113;0.111997;0.111107;0.111864;0.110838;0.111494;0.203627;0.205296;0.202732;0.200825;0.203639;0.203147;0.201272;0.202189;0.201837;0.201495;0.204646;0.202778;0.203017;0.204852;0.206273;0.204523;0.202238;0.200228;0.201424;0.204163;0.203196;0.201245;0.203005;0.200324;0.205395;0.20352;0.202256;0.202161;0.200316;0.203566;0.202322;0.200064;0.201549;0.201844;0.203656;0.203764;0.201807;0.201272;0.203796;0.203918;0.19917;0.202095;0.199558;0.205506;0.202189;0.200989;0.202971;0.202832;0.201341;0.201923;0.202297;0.201618;0.203153;0.204679;0.204478;0.205041;0.201867;0.202068;0.206487;0.200378;0.201817;0.202745;0.202186;0.204859;0.201805;0.199648;0.202302;0.204662;0.2022;0.201272;0.201866;0.200346;0.20489;0.203922;0.203833;0.203569;0.201584;0.203973;0.20301;0.199842;0.201095;0.203898;0.2002;0.20281;0.202136;0.199681;0.208956;0.200787;0.202931;0.202688;0.200223;0.203284;0.202262;0.200581;0.202067;0.202659;0.214705;0.20231;0.202766;0.202072;0.204778;0.201524;0.200037;0.201852;0.200197;0.205765;0.20452;0.20182;0.203815;0.201668;0.20168;0.202932;0.203592;0.199289;0.201227;0.202676;0.20052;0.203465;0.201012;0.20498;0.200664;0.201746;0.20197;0.202101;0.204379;0.201925;0.203302;0.200089;0.203185;0.203801;0.200836;0.202897;0.201352;0.198581;0.203292;0.200814;0.202396;0.203266;0.203104;0.205483;0.203706;0.20205;0.201958;0.206088;0.200162;0.201191;0.202393;0.199489;0.203102;0.199707;0.201305;0.201168;0.200009;0.203426;0.202094;0.200732;0.203045;0.20182;0.204918;0.203626;0.201117;0.20053;0.206778;0.204798;0.199973;0.201377;0.200498;0.204788;0.208346;0.200412;0.20145;0.203322;0.201914;0.203827;0.202177;0.201423;0.20143;0.206327;0.200058;0.202241;0.201079;0.204522;0.201969;0.199725;0.202099;0.202065;0.202123;0.201957;0.201286;0.199384;0.203323;0.202564;0.200194;0.202241;0.201163;0.199959;0.205983;0.201237;0.203023;0.201545;0.201854;0.204745;0.201761;0.199325;0.202778;0.207657;0.201377;0.202233;0.201625;0.200566;0.204983;0.201092;0.202033;0.201291;0.199701;0.205578;0.206344;0.204701;0.203136;0.207381;0.208909;0.213804;0.207355;0.201954;0.208544;0.208113;0.207207;0.213491;0.205884;0.21073;0.207941;0.206248;0.208415;0.208619;0.205316;0.207616;0.20633;0.204938;0.20741;0.207319;0.204053;0.207954;0.204402;0.210778;0.207787;0.20742;0.207317;0.208474;0.205171;0.209729;0.206955;0.205253;0.20925;0.208041;0.206255;0.207661;0.115783;0.11564;0.11495;0.115451;0.114442;0.114753;0.116065;0.115617;0.114769;0.114462;0.116328;0.113473;0.112955;0.112957;0.1132;0.1131;0.114099;0.112402;0.112905;0.115963;0.113411;0.113633;0.112141;0.111366;0.113222;0.114558;0.11354;0.112832;0.118242;0.113771;0.112447;0.113103;0.111917;0.113173;0.113042;0.112568;0.111251;0.116127;0.114037;0.11363;0.112665;0.112427;0.11259;0.112511;0.111226;0.114893;0.113346;0.114032;0.11388;0.113246;0.112983;0.113262;0.112827;0.11239;0.114902;0.113576;0.111719;0.111666;0.111998;0.112377;0.112354;0.113921;0.110624;0.113508;0.113236;0.113502;0.112351;0.1126;0.11203;0.111821;0.111434;0.11504;0.119739;0.113924;0.113291;0.113809;0.114352;0.114233;0.114639;0.112953;0.114509;0.114111;0.114761;0.113952;0.114512;0.113763;0.114146;0.114362;0.112174;0.115936;0.113451;0.114728;0.113732;0.11347;0.114614;0.114238;0.11423;0.114408;0.114847;0.114835;0.114893;0.114109;0.115001;0.113601;0.115978;0.114379;0.115464;0.113821;0.11438;0.114366;0.113871;0.114942;0.114071;0.115568;0.113407;0.114017;0.113502;0.113882;0.113974;0.113495;0.11341;0.113346;0.113539;0.114475;0.116081;0.112146;0.114711;0.113889;0.111959;0.113945;0.114172;0.115236;0.115686;0.112625;0.113052;0.115555;0.112398;0.115149;0.111871;0.113438;0.112559;0.118826;0.113776;0.11315;0.112127;0.113252;0.111989;0.111986;0.114311;0.112123;0.11343;0.114634;0.113973;0.11149;0.112735;0.113503;0.112309;0.111288;0.112157;0.1142;0.113882;0.114292;0.112423;0.111206;0.113433;0.111465;0.110892;0.114073;0.112434;0.113485;0.113333;0.110391;0.11108;0.111547;0.11223;0.111962;0.113445;0.11224;0.114257;0.113672;0.113233;0.111544;0.112378;0.111499;0.111883;0.113588;0.114503;0.112866;0.112461;0.112298;0.111044;0.112652;0.111079;0.112206;0.113441;0.11364;0.113766;0.111664;0.11228;0.112915;0.112218;0.111399;0.111271;0.114118;0.113815;0.11191;0.113321;0.113037;0.111402;0.113183;0.112161;0.113624;0.114338;0.114697;0.112682;0.112569;0.111565;0.112101;0.111191;0.111526;0.113178;0.114409;0.113415;0.111836;0.112218;0.110891;0.111176;0.113111;0.112784;0.111925;0.113826;0.113311;0.110093;0.111683;0.111619;0.110804;0.114517;0.112111;0.115861;0.11288;0.113424;0.110985;0.112011;0.111953;0.113194;0.11153;0.109785;0.113429;0.113823;0.113027;0.112966;0.111108;0.113175;0.111283;0.111803;0.11173;0.113748;0.113459;0.113697;0.112389;0.110764;0.111378;0.112129;0.112268;0.122065;0.113119;0.113583;0.111935;0.111671;0.111937;0.111469;0.111613;0.112763;0.113735;0.114279;0.113592;0.111442;0.113076;0.111328;0.11265;0.111344;0.110478;0.11362;0.114234;0.113024;0.112019;0.112599;0.112412;0.110911;0.111763;0.111917;0.11419;0.114084;0.113745;0.11191;0.111931;0.113855;0.112338;0.111157;0.11241;0.113013;0.113263;0.111019;0.112336;0.110943;0.112425;0.112365;0.11196;0.11124;0.113525;0.113346;0.112169;0.111257;0.111087;0.111919;0.111954;0.110938;0.112973;0.114516;0.111968;0.112858;0.112618;0.11202;0.110563;0.110562;0.110628;0.114281;0.111688;0.112322;0.111819;0.111197;0.111592;0.111662;0.111948;0.112722;0.114382;0.113576;0.113539;0.112037;0.112575;0.11139;0.112892;0.111995;0.111918;0.113776;0.112138;0.112179;0.112322;0.110822;0.111966;0.112073;0.110769;0.114484;0.113032;0.112213;0.110001;0.109378;0.109656;0.112181;0.110779;0.10952;0.112914;0.112557;0.114348;0.114015;0.111359;0.112354;0.112335;0.112297;0.112186;0.113129;0.113771;0.112973;0.112306;0.112075;0.11088;0.111313;0.112321;0.111746;0.11456;0.114428;0.112924;0.112812;0.111602;0.112023;0.113279;0.111529;0.112508;0.11513;0.114711;0.112928;0.111817;0.1132;0.111139;0.11182;0.113718;0.112033;0.114765;0.114349;0.112761;0.112095;0.112018;0.11094;0.113156;0.111821;0.114274;0.112986;0.11525;0.113116;0.109717;0.112041;0.111278;0.112117;0.111899;0.112854;0.113968;0.112393;0.113228;0.113333;0.110796;0.110612;0.112259;0.111198;0.114537;0.112393;0.113429;0.111924;0.111526;0.112367;0.113324;0.11219;0.111866;0.114026;0.114187;0.111536;0.111862;0.112302;0.111537;0.112349;0.112515;0.112098;0.113692;0.115806;0.11094;0.112219;0.11403;0.11094;0.110915;0.11152;0.112989;0.112745;0.111658;0.111359;0.111964;0.111557;0.111309;0.112547;0.111546;0.113904;0.114198;0.112509;0.111389;0.1121;0.111285;0.110208;0.11155;0.11383;0.114002;0.111932;0.116273;0.11254;0.111938;0.111874;0.112309;0.111633;0.113311;0.114759;0.113308;0.113431;0.111784;0.112188;0.112035;0.112742;0.112944;0.112256;0.115626;0.114731;0.11244;0.110685;0.112093;0.111411;0.112145;0.112486;0.113103;0.11299;0.114465;0.112985;0.112279;0.111335;0.112016;0.111992;0.113347;0.112591;0.113762;0.111958;0.110785;0.112641;0.112416;0.110665;0.11217;0.110637;0.113477;0.114575;0.113023;0.112992;0.112194;0.112729;0.110127;0.113439;0.112526;0.112529;0.113147;0.113758;0.115043;0.114135;0.113262;0.112414;0.112603;0.112393;0.114821;0.113587;0.112108;0.113336;0.111146;0.111193;0.111109;0.111889;0.114134;0.113265;0.112744;0.112817;0.112398;0.110519;0.111385;0.113729;0.112889;0.11518;0.113909;0.113653;0.111171;0.112519;0.112528;0.112309;0.112557;0.11102;0.114883;0.113383;0.111989;0.111343;0.112818;0.111085;0.111568;0.112452;0.111164;0.113987;0.113564;0.112118;0.111801;0.11187;0.110852;0.112959;0.112908;0.112169;0.113367;0.113853;0.111781;0.1121;0.1117;0.111955;0.111384;0.111978;0.111216;0.112874;0.113618;0.111619;0.112239;0.111603;0.112213;0.111789;0.112821;0.114061;0.112913;0.11277;0.110678;0.11175;0.111788;0.11163;0.110839;0.110821;0.112875;0.111513;0.112644;0.109429;0.110898;0.109791;0.108846;0.110849;0.110935;0.111768;0.112441;0.109812;0.110562;0.110979;0.111093;0.110019;0.111705;0.111327;0.111494;0.110366;0.110278;0.110776;0.111258;0.109911;0.110843;0.110101;0.109942;0.111537;0.110693;0.111059;0.111277;0.111374;0.111594;0.109675;0.110098;0.111169;0.112357;0.109987;0.10972;0.110089;0.109752;0.110914;0.111357;0.110108;0.110696;0.115017;0.112718;0.111703;0.110057;0.110593;0.111244;0.110003;0.112051;0.112528;0.113742;0.111799;0.111883;0.112355;0.112273;0.112524;0.113505;0.11117;0.112366;0.112499;0.113648;0.112696;0.112376;0.112799;0.113326;0.112513;0.111905;0.114002;0.1126;0.112352;0.112611;0.112249;0.112876;0.110732;0.113426;0.112244;0.113941;0.113664;0.112318;0.112929;0.112711;0.11252;0.111436;0.112221;0.112643;0.113958;0.111727;0.112671;0.111179;0.111581;0.110994;0.111232;0.113116;0.112192;0.113296;0.1127;0.111855;0.112456;0.112471;0.111942;0.112979;0.115211;0.114721;0.112939;0.112842;0.112307;0.113144;0.111591;0.111902;0.113413;0.11138;0.114858;0.113007;0.112455;0.111954;0.11258;0.112006;0.112044;0.112197;0.112515;0.117976;0.111736;0.112697;0.112646;0.111734;0.11198;0.111367;0.112157;0.111727;0.112436;0.112774;0.11131;0.112504;0.111481;0.11208;0.110677;0.112272;0.112272;0.113399;0.112884;0.11123;0.111826;0.113384;0.111722;0.111853;0.111114;0.11263;0.113778;0.112574;0.112225;0.113354;0.110712;0.112596;0.112582;0.110857;0.113352;0.111012;0.113413;0.112583;0.112368;0.11067;0.112046;0.11308;0.11113;0.113209;0.112287;0.111754;0.110845;0.111441;0.113726;0.113163;0.111917;0.112858;0.113214;0.111191;0.112591;0.111796;0.110631;0.112148;0.111693;0.111537;0.111475;0.112517;0.1114;0.11208;0.111878;0.112356;0.111282;0.111087;0.11145;0.110919;0.113438;0.11206;0.110284;0.11319;0.111583;0.112305;0.111603;0.111957;0.112751;0.113104;0.110534;0.111199;0.110432;0.113554;0.111204;0.11073;0.111748;0.115068;0.112426;0.111678;0.109902;0.111359;0.111605;0.113644;0.112039;0.111496;0.113139;0.111889;0.112821;0.110821;0.113256;0.112427;0.11211;0.111724;0.112275;0.121578;0.111944;0.113427;0.11106;0.113674;0.112865;0.112776;0.112049;0.111249;0.114361;0.11224;0.11156;0.111268;0.111608;0.112756;0.111883;0.112618;0.113106;0.112605;0.111956;0.111233;0.112228;0.113612;0.111686;0.113168;0.112596;0.112834;0.111537;0.112788;0.110889;0.112844;0.111846;0.110079;0.112093;0.112006;0.11315;0.110815;0.11377;0.111564;0.111618;0.111341;0.111188;0.112725;0.11176;0.113496;0.112979;0.111177;0.112045;0.111427;0.110701;0.11051;0.111841;0.110857;0.113257;0.113207;0.112473;0.11183;0.112094;0.111917;0.111312;0.11155;0.111152;0.11303;0.112339;0.11162;0.111454;0.1125;0.113675;0.112161;0.111377;0.111649;0.113083;0.113592;0.111039;0.111942;0.112285;0.112454;0.113076;0.110676;0.111821;0.113947;0.111041;0.111844;0.112128;0.112728;0.11162;0.11344;0.112096;0.114085;0.111302;0.112162;0.112226;0.112594;0.112258;0.111773;0.112551;0.112941;0.113688;0.111191;0.111185;0.112642;0.111149;0.110858;0.110408;0.111745;0.111431;0.113552;0.111567;0.111763;0.112862;0.11138;0.112149;0.111657;0.111167;0.113177;0.115292;0.11164;0.111049;0.111063;0.113086;0.112238;0.112239;0.111213;0.113604;0.112782;0.113013;0.112247;0.110756;0.11254;0.111741;0.11265;0.111976;0.112624;0.114005;0.113047;0.11281;0.111518;0.112082;0.112161;0.111684;0.112308;0.114116;0.109728;0.110027;0.11127;0.109049;0.109146;0.113075;0.112557;0.111346;0.111754;0.110979;0.111344;0.109712;0.109804;0.11089;0.109565;0.110073;0.109693;0.111489;0.114321;0.114471;0.113832;0.111072;0.112242;0.111302;0.111369;0.11128;0.114245;0.114301;0.114544;0.111196;0.113241;0.111208;0.112633;0.112854;0.112593;0.1143;0.114481;0.113358;0.11205;0.111548;0.112552;0.112112;0.113199;0.112488;0.115824;0.113855;0.111917;0.113247;0.110703;0.111563;0.111246;0.112167;0.112882;0.115053;0.114732;0.112599;0.1102;0.112598;0.111174;0.112698;0.111052;0.113929;0.113208;0.113454;0.112642;0.112017;0.113504;0.113262;0.111989;0.111442;0.114921;0.111238;0.112138;0.111298;0.112279;0.111732;0.111746;0.112131;0.114199;0.113706;0.11264;0.112485;0.111744;0.111759;0.113582;0.110964;0.111973;0.111144;0.11427;0.11216;0.112726;0.112311;0.110713;0.113038;0.11243;0.112419;0.112739;0.113048;0.112343;0.113214;0.112134;0.113456;0.110585;0.111449;0.114117;0.115278;0.112734;0.114141;0.112408;0.111243;0.111571;0.112585;0.111511;0.111042;0.112765;0.111837;0.112942;0.113628;0.110458;0.111326;0.112168;0.112204;0.111423;0.113996;0.112988;0.112159;0.111677;0.110578;0.111639;0.11139;0.112553;0.111567;0.113945;0.113639;0.111697;0.112555;0.110471;0.111709;0.112275;0.111009;0.112549;0.111849;0.111601;0.111568;0.112042;0.111362;0.110712;0.11137;0.111122;0.115559;0.112423;0.113024;0.11519;0.11262;0.111367;0.112222;0.112746;0.111337;0.112593;0.1118;0.11169;0.110085;0.112234;0.110907;0.111656;0.113252;0.112622;0.116488;0.112658;0.11133;0.111157;0.112874;0.112371;0.112486;0.112771;0.111991;0.114106;0.110731;0.11209;0.111424;0.112127;0.11227;0.112329;0.113371;0.110851;0.11132;0.112598;0.112939;0.111339;0.110472;0.11187;0.110365;0.110186;0.111901;0.113657;0.113464;0.111024;0.111238;0.112707;0.109089;0.112293;0.112721;0.113655;0.113947;0.11403;0.110627;0.112102;0.111406;0.112416;0.111852;0.112378;0.113574;0.112437;0.112081;0.11212;0.111203;0.111989;0.111316;0.11072;0.111803;0.11424;0.111147;0.113947;0.112205;0.112588;0.112173;0.11116;0.110356;0.112206;0.113798;0.110623;0.111251;0.112297;0.111246;0.113451;0.111295;0.112124;0.111418;0.112279;0.11212;0.11169;0.111808;0.111209;0.113169;0.111756;0.110941;0.11257;0.114685;0.112584;0.111514;0.111769;0.112703;0.11147;0.110816;0.111871;0.113391;0.112211;0.112659;0.112162;0.112382;0.111337;0.112038;0.111674;0.113029;0.114346;0.111357;0.112226;0.111788;0.112657;0.11339;0.113444;0.113827;0.110571;0.114187;0.11225;0.111297;0.111376;0.112783;0.112262;0.112727;0.112039;0.11193;0.112077;0.111478;0.112292;0.111503;0.111223;0.11246;0.111134;0.111306;0.112984;0.11249;0.111151;0.114263;0.111891;0.111216;0.113998;0.112436;0.110693;0.111655;0.112166;0.111705;0.112342;0.111399;0.113134;0.112512;0.114161;0.112109;0.112902;0.11232;0.112732;0.112626;0.112017;0.112907;0.112328;0.111266;0.113385;0.113963;0.112937;0.11252;0.111476;0.111344;0.112905;0.111306;0.111388;0.112405;0.113993;0.114071;0.114161;0.111986;0.11243;0.110772;0.112655;0.112021;0.113223;0.113777;0.112783;0.111768;0.110878;0.112022;0.113366;0.112414;0.111589;0.112793;0.11279;0.11251;0.112669;0.111964;0.112747;0.111857;0.111167;0.110654;0.113045;0.112278;0.112203;0.112977;0.112577;0.112165;0.110428;0.112233;0.112725;0.114867;0.113267;0.112356;0.112061;0.111886;0.11244;0.11146;0.112652;0.111847;0.112269;0.110448;0.110793;0.112549;0.112051;0.111415;0.114038;0.11271;0.111339;0.114369;0.112286;0.112414;0.112103;0.111147;0.113953;0.112901;0.111275;0.112584;0.112691;0.111108;0.111958;0.112711;0.111213;0.112019;0.114058;0.112402;0.112244;0.113224;0.111468;0.110377;0.111163;0.112382;0.111665;0.112717;0.111513;0.112654;0.113148;0.112657;0.111718;0.112179;0.112114;0.111144;0.112434;0.112075;0.112679;0.113434;0.112474;0.114115;0.112166;0.111433;0.112276;0.110748;0.110504;0.127402;0.113672;0.112144;0.113679;0.111466;0.112497;0.112839;0.112369;0.11136;0.114194;0.113089;0.112641;0.111361;0.112078;0.112291;0.111528;0.112289;0.113072;0.11244;0.112013;0.110883;0.112256;0.111509;0.112358;0.111409;0.111161;0.112956;0.113621;0.111498;0.110192;0.112614;0.111551;0.111552;0.111381;0.111143;0.114158;0.112168;0.112312;0.111461;0.112334;0.112232;0.113172;0.111683;0.111722;0.112647;0.110969;0.111554;0.111328;0.112191;0.112565;0.110497;0.1115;0.110983;0.113882;0.110932;0.111262;0.111716;0.111818;0.113911;0.113082;0.11351;0.113022;0.113891;0.112798;0.111092;0.111501;0.114218;0.112725;0.111498;0.111787;0.11179;0.114247;0.112005;0.111719;0.111682;0.11132;0.110951;0.11281;0.113056;0.111861;0.112976;0.114268;0.112313;0.111053;0.1119;0.111635;0.111556;0.112461;0.113693;0.111266;0.111629;0.111347;0.113132;0.111139;0.111661;0.111296;0.112515;0.113072;0.112567;0.112651;0.111427;0.111854;0.113031;0.113587;0.111818;0.112073;0.112392;0.110986;0.111276;0.112864;0.110431;0.112048;0.111756;0.112171;0.111092;0.111754;0.112694;0.112646;0.112622;0.111488;0.111224;0.111285;0.11055;0.111626;0.113015;0.112365;0.112743;0.112511;0.111996;0.111185;0.111932;0.112275;0.114822;0.113416;0.110868;0.109727;0.111395;0.110044;0.11189;0.112779;0.112964;0.113155;0.112614;0.111377;0.111482;0.112532;0.113033;0.11208;0.111813;0.111098;0.112196;0.112559;0.111568;0.112485;0.111601;0.112181;0.112884;0.111999;0.114094;0.113423;0.111045;0.112931;0.112114;0.111147;0.112719;0.11195;0.111717;0.112998;0.113195;0.111301;0.112191;0.110543;0.11213;0.110193;0.112429;0.112115;0.109588;0.113589;0.110935;0.112045;0.109285;0.112288;0.11019;0.112794;0.111178;0.113605;0.111937;0.111486;0.111741;0.112343;0.110295;0.111834;0.111957;0.110978;0.116532;0.114305;0.112793;0.11281;0.111401;0.109606;0.111383;0.111422;0.113214;0.114472;0.113877;0.114736;0.112073;0.110904;0.111105;0.111174;0.110856;0.111266;0.115224;0.113009;0.111561;0.111226;0.112766;0.110806;0.110799;0.111585;0.111549;0.113882;0.112454;0.109621;0.112173;0.111819;0.110879;0.111552;0.113241;0.111258;0.112267;0.112355;0.110671;0.113534;0.1121;0.114209;0.112386;0.112359;0.114526;0.111623;0.11036;0.111513;0.110978;0.111223;0.1131;0.111638;0.111533;0.113507;0.111819;0.111254;0.111586;0.113293;0.112452;0.114245;0.111727;0.1119;0.113607;0.111006;0.111058;0.113619;0.111472;0.11141;0.110869;0.112364;0.11375;0.112744;0.112753;0.111327;0.112205;0.111053;0.111946;0.111702;0.108882;0.112365;0.11263;0.112563;0.111264;0.113471;0.113005;0.111747;0.112213;0.112887;0.112686;0.112624;0.112028;0.111903;0.11256;0.113602;0.113625;0.110796;0.110811;0.113403;0.111406;0.111634;0.112657;0.110561;0.111394;0.112912;0.111173;0.11188;0.113768;0.112572;0.111638;0.112017;0.112313;0.112443;0.111426;0.111899;0.111332;0.112986;0.111624;0.111519;0.110735;0.112906;0.112518;0.113657;0.111889;0.11024;0.113295;0.111695;0.110884;0.111926;0.111993;0.111849;0.112013;0.110978;0.111202;0.112608;0.112591;0.112812;0.111405;0.111799;0.111647;0.111093;0.111164;0.111014;0.113181;0.110152;0.11111;0.111723;0.112437;0.111723;0.112513;0.112979;0.112521;0.114482;0.112308;0.110438;0.113531;0.111297;0.111497;0.112543;0.111968;0.113852;0.114119;0.112403;0.110608;0.111953;0.111469;0.112076;0.112969;0.112701;0.113016;0.1121;0.1108;0.113137;0.109884;0.110318;0.11135;0.11188;0.111641;0.113505;0.11301;0.111604;0.112661;0.111255;0.112332;0.111334;0.112547;0.110612;0.112995;0.111072;0.110587;0.110216;0.112532;0.11231;0.1117;0.112854;0.112817;0.112872;0.113326;0.110975;0.112237;0.110575;0.111406;0.112174;0.112294;0.113412;0.11176;0.112442;0.111304;0.112344;0.111101;0.112517;0.113472;0.113664;0.113444;0.113295;0.111055;0.111511;0.112001;0.113093;0.110666;0.110372;0.112364;0.114668;0.110988;0.110951;0.111121;0.112473;0.112226;0.112573;0.111922;0.114128;0.111543;0.112669;0.111748;0.112276;0.111416;0.112586;0.111923;0.111551;0.110607;0.113548;0.111861;0.110611;0.110926;0.111924;0.111616;0.112508;0.112085;0.113003;0.11201;0.11269;0.112968;0.112343;0.111512;0.112476;0.111993;0.112039;0.11369;0.112081;0.112469;0.112432;0.1135;0.111915;0.109955;0.111919;0.111059;0.113141;0.110426;0.110966;0.111409;0.111559;0.113901;0.112794;0.113449;0.111257;0.113187;0.111192;0.113501;0.110553;0.11189;0.112259;0.112636;0.113495;0.112851;0.113027;0.114975;0.114003;0.112753;0.112838;0.112237;0.110563;0.11231;0.111418;0.111699;0.112074;0.112249;0.11313;0.113211;0.111341;0.110893;0.112498;0.111987;0.113626;0.111569;0.112385;0.111573;0.111464;0.113387;0.111063;0.112758;0.112337;0.112017;0.112246;0.110926;0.111022;0.110603;0.109935;0.113456;0.111822;0.111436;0.112174;0.112581;0.114264;0.113463;0.111361;0.112284;0.113072;0.109753;0.111998;0.111815;0.111795;0.112583;0.110247;0.112456;0.111248;0.111055;0.111682;0.113379;0.112321;0.112551;0.111268;0.11184;0.111088;0.112028;0.111725;0.111061;0.111962;0.112074;0.11095;0.111821;0.111545;0.11224;0.111729;0.112037;0.109529;0.113552;0.115017;0.110882;0.110768;0.112025;0.111964;0.11199;0.111616;0.111719;0.111893;0.111758;0.11047;0.111312;0.110984;0.110826;0.111857;0.110769;0.113189;0.120107;0.111262;0.112096;0.11167;0.11116;0.112177;0.111504;0.113431;0.114343;0.11297;0.111681;0.112731;0.112427;0.111807;0.112966;0.112621;0.112744;0.113341;0.111633;0.110256;0.110121;0.111716;0.110571;0.113448;0.111289;0.111935;0.113955;0.111241;0.113835;0.11205;0.112014;0.110952;0.11192;0.112166;0.112039;0.112256;0.110901;0.112484;0.112664;0.111293;0.11251;0.111298;0.112325;0.11144;0.114106;0.112228;0.111578;0.111555;0.110235;0.113299;0.11263;0.113128;0.112914;0.114548;0.112418;0.112798;0.112553;0.113314;0.115063;0.113457;0.111685;0.114118;0.113207;0.114432;0.113271;0.114101;0.115062;0.115692;0.113476;0.111835;0.113509;0.112878;0.112342;0.11306;0.112829;0.111016;0.110204;0.113454;0.112072;0.112717;0.110267;0.11022;0.112165;0.111861;0.11142;0.111943;0.109828;0.113195;0.114758;0.112471;0.110887;0.11237;0.111422;0.111274;0.110919;0.112007;0.111683;0.112035;0.112341;0.111246;0.112896;0.112375;0.111205;0.11237;0.112628;0.112158;0.112937;0.112979;0.111327;0.112067;0.111468;0.112048;0.110706;0.113939;0.111367;0.111493;0.111372;0.113246;0.11235;0.112741;0.113348;0.113198;0.110689;0.113653;0.112694;0.113806;0.111831;0.111144;0.110872;0.112044;0.111678;0.112623;0.113045;0.113135;0.111797;0.113037;0.112799;0.11297;0.112299;0.109997;0.111326;0.114615;0.111983;0.110973;0.112253;0.112144;0.111875;0.11181;0.110077;0.113364;0.112443;0.110908;0.109806;0.109874;0.11282;0.110838;0.113045;0.112209;0.111693;0.110932;0.112176;0.113754;0.112417;0.112217;0.111957;0.111342;0.111796;0.111471;0.111873;0.111227;0.111161;0.111116;0.110729;0.112382;0.112519;0.111645;0.112399;0.113791;0.110325;0.112769;0.111759;0.112855;0.111476;0.111044;0.111775;0.110759;0.111315;0.110646;0.111801;0.112333;0.111869;0.113273;0.111606;0.112022;0.112274;0.110918;0.109726;0.112628;0.111776;0.112579;0.112462;0.113505;0.111415;0.112048;0.113555;0.113101;0.110617;0.112537;0.111975;0.113244;0.113409;0.114162;0.113069;0.111703;0.112996;0.111494;0.112472;0.112068;0.112165;0.113555;0.113318;0.113026;0.111964;0.109128;0.11197;0.110799;0.111942;0.111276;0.111944;0.111889;0.113866;0.111262;0.112252;0.111147;0.11324;0.110545;0.113193;0.112829;0.114552;0.112138;0.112925;0.112034;0.110947;0.111082;0.113393;0.11094;0.111067;0.112533;0.113027;0.111363;0.109617;0.10942;0.11232;0.109674;0.109761;0.109068;0.111872;0.112368;0.1107;0.11109;0.112207;0.112865;0.111233;0.116093;0.115646;0.113644;0.110882;0.112309;0.111076;0.113278;0.112277;0.112149;0.112257;0.115064;0.115124;0.111766;0.112421;0.111561;0.112103;0.110255;0.110687;0.110557;0.113487;0.113826;0.112262;0.112395;0.112013;0.112724;0.112325;0.112139;0.111545;0.115397;0.115896;0.112201;0.112953;0.111621;0.113678;0.111753;0.112181;0.111249;0.113169;0.114613;0.112681;0.112984;0.11236;0.111104;0.112782;0.112531;0.116478;0.11276;0.112134;0.110397;0.109922;0.109533;0.110196;0.110457;0.109719;0.112369;0.111649;0.110612;0.110577;0.110032;0.109947;0.11017;0.110025;0.110689;0.113025;0.112156;0.110462;0.110934;0.110256;0.111348;0.110331;0.1103;0.110975;0.111602;0.112208;0.111914;0.110047;0.110682;0.110116;0.110694;0.109683;0.110658;0.112409;0.110258;0.109717;0.11001;0.110006;0.110177;0.109638;0.109253;0.109658;0.111388;0.111185;0.112035;0.110771;0.108894;0.110113;0.110821;0.109025;0.110101;0.112334;0.111896;0.11218;0.11019;0.108981;0.110949;0.110625;0.110143;0.109387;0.111467;0.111748;0.110855;0.109228;0.109699;0.110269;0.10965;0.109514;0.1092;0.115069;0.111817;0.112196;0.109413;0.111094;0.110349;0.108931;0.110923;0.109559;0.112489;0.113492;0.110618;0.110321;0.10916;0.110262;0.109797;0.10996;0.110056;0.112692;0.113384;0.110037;0.110644;0.110879;0.111772;0.110194;0.109916;0.110304;0.111359;0.111471;0.111226;0.110233;0.109891;0.110069;0.109415;0.108646;0.108854;0.113308;0.111232;0.109323;0.109782;0.109218;0.109462;0.109875;0.110953;0.109601;0.111715;0.112555;0.111328;0.112036;0.110456;0.110479;0.111742;0.112375;0.112224;0.113845;0.113618;0.112412;0.110742;0.110499;0.112142;0.110466;0.111454;0.110398;0.112984;0.110427;0.111731;0.113395;0.110485;0.109192;0.109952;0.110393;0.109963;0.111962;0.113651;0.110408;0.10988;0.109578;0.112349;0.110936;0.112029;0.112047;0.113428;0.113391;0.114468;0.111657;0.110552;0.111361;0.111295;0.111517;0.114079;0.112697;0.112626;0.114002;0.110773;0.1118;0.113669;0.112882;0.112276;0.112854;0.112346;0.111807;0.110255;0.110245;0.110336;0.112201;0.113416;0.110274;0.112521;0.11148;0.114398;0.111487;0.112487;0.112477;0.111105;0.111092;0.109959;0.112787;0.1121;0.110674;0.110042;0.11032;0.109781;0.11027;0.109694;0.112917;0.113947;0.113239;0.11272;0.114319;0.111365;0.11301;0.112012;0.113346;0.113629;0.113619;0.111009;0.112179;0.112419;0.111737;0.110974;0.110751;0.111573;0.113743;0.111179;0.111885;0.110685;0.111102;0.111772;0.112211;0.112486;0.111986;0.112912;0.110479;0.111228;0.113297;0.112933;0.112727;0.112304;0.112347;0.111645;0.113005;0.111473;0.111903;0.11102;0.111855;0.109836;0.112719;0.113682;0.111205;0.112652;0.111247;0.112672;0.111426;0.113131;0.109018;0.112713;0.112063;0.114012;0.112894;0.111288;0.111982;0.111812;0.112097;0.111968;0.11333;0.111783;0.111683;0.111989;0.110702;0.113067;0.111688;0.112815;0.113015;0.11162;0.1115;0.113684;0.11117;0.112667;0.113412;0.111058;0.110992;0.10908;0.112434;0.111272;0.114313;0.112281;0.112007;0.113543;0.114019;0.110053;0.11206;0.112152;0.111529;0.113465;0.111849;0.113048;0.111669;0.112162;0.113089;0.111073;0.110431;0.111209;0.112692;0.111315;0.110652;0.10989;0.112697;0.110899;0.11318;0.113267;0.112464;0.113631;0.112932;0.11292;0.112817;0.113006;0.111626;0.112974;0.112648;0.113327;0.111993;0.111507;0.110486;0.113213;0.11128;0.112922;0.112867;0.112138;0.114063;0.112198;0.111909;0.110738;0.11289;0.110792;0.11129;0.110572;0.110058;0.112429;0.111894;0.112272;0.1128;0.113011;0.111667;0.112788;0.111827;0.111996;0.113632;0.113587;0.113277;0.111212;0.110325;0.110419;0.109622;0.111623;0.112795;0.112552;0.11122;0.110679;0.110926;0.112583;0.111407;0.109984;0.113193;0.111488;0.112806;0.111149;0.112361;0.109462;0.110294;0.111527;0.109652;0.111031;0.11175;0.113151;0.11176;0.111415;0.112434;0.111676;0.110213;0.112528;0.111041;0.111185;0.112151;0.112639;0.110713;0.111936;0.110608;0.109893;0.111611;0.110666;0.112387;0.110124;0.110762;0.11037;0.112541;0.110805;0.111044;0.109635;0.112084;0.113226;0.111483;0.112291;0.110827;0.112024;0.110215;0.112319;0.11092;0.110494;0.113597;0.112806;0.111249;0.111494;0.113001;0.113157;0.111388;0.111661;0.113228;0.11732;0.112184;0.112772;0.110905;0.110332;0.112387;0.112876;0.111686;0.112914;0.114427;0.111705;0.112565;0.112347;0.111792;0.112243;0.112028;0.113566;0.111042;0.111931;0.110317;0.112573;0.11098;0.112377;0.112144;0.111617;0.110873;0.112421;0.111104;0.112967;0.112001;0.110636;0.109753;0.110992;0.112533;0.11007;0.112477;0.11198;0.110696;0.113066;0.111573;0.10963;0.110804;0.112438;0.110205;0.11228;0.112155;0.110761;0.110686;0.111535;0.109357;0.111655;0.109945;0.111651;0.112143;0.113328;0.111967;0.111607;0.110246;0.112296;0.111364;0.111309;0.112131;0.113719;0.113523;0.113095;0.111901;0.10928;0.11284;0.11244;0.110778;0.111806;0.112388;0.111228;0.112182;0.11218;0.111298;0.111209;0.110769;0.11248;0.111477;0.112214;0.110941;0.111769;0.112533;0.11123;0.112183;0.111106;0.113449;0.112009;0.112609;0.114659;0.114631;0.112034;0.10989;0.110888;0.110602;0.109831;0.111994;0.112385;0.113302;0.111329;0.111235;0.113517;0.111434;0.112147;0.11254;0.11413;0.110946;0.111779;0.112135;0.110502;0.112435;0.111708;0.109526;0.111086;0.114406;0.112934;0.113968;0.112002;0.111521;0.111445;0.112253;0.112134;0.110343;0.113605;0.11045;0.110669;0.110631;0.11063;0.112697;0.111913;0.11107;0.113657;0.114172;0.112946;0.113107;0.113207;0.111562;0.111635;0.112457;0.112145;0.110799;0.112095;0.110555;0.111944;0.111574;0.112226;0.113574;0.112107;0.110971;0.111777;0.113301;0.110516;0.111689;0.111154;0.112979;0.111044;0.110012;0.112348;0.114408;0.112456;0.115331;0.112645;0.111948;0.110851;0.110771;0.111612;0.112078;0.113488;0.113306;0.11289;0.109804;0.110578;0.111798;0.110901;0.113145;0.112608;0.110339;0.113176;0.11449;0.112787;0.1102;0.110942;0.11128;0.112794;0.112736;0.115099;0.114117;0.112313;0.111328;0.113284;0.111825;0.112615;0.112165;0.113101;0.112719;0.112588;0.111059;0.110244;0.112564;0.110734;0.109645;0.113451;0.111061;0.114873;0.114122;0.11174;0.113197;0.112806;0.112888;0.111585;0.113347;0.114918;0.112784;0.112191;0.111293;0.11313;0.112299;0.112284;0.112249;0.11171;0.112407;0.113825;0.112019;0.111821;0.113305;0.111714;0.111425;0.110798;0.111593;0.113687;0.11103;0.110116;0.111218;0.113104;0.112008;0.110911;0.112263;0.111617;0.112378;0.112115;0.113068;0.112125;0.1119;0.111228;0.110392;0.111009;0.111263;0.112733;0.10969;0.111842;0.111611;0.110649;0.11188;0.111168;0.113122;0.112757;0.113389;0.111931;0.112051;0.111475;0.112428;0.111369;0.110383;0.111075;0.112856;0.111358;0.112362;0.112533;0.11144;0.111815;0.111726;0.111467;0.112182;0.112383;0.112051;0.112331;0.112724;0.112467;0.111638;0.111599;0.113023;0.113004;0.114566;0.112105;0.111805;0.112005;0.112459;0.111278;0.11229;0.109986;0.111368;0.115098;0.111182;0.11222;0.109871;0.111721;0.112024;0.111949;0.112873;0.110826;0.112706;0.112853;0.111929;0.112783;0.113082;0.1128;0.112359;0.11182;0.112951;0.114719;0.111055;0.11258;0.111635;0.112015;0.11254;0.112918;0.11377;0.11345;0.113107;0.110906;0.111317;0.110891;0.111872;0.111644;0.111228;0.10968;0.11671;0.112715;0.113073;0.112455;0.111691;0.110807;0.112527;0.110708;0.111725;0.113221;0.113975;0.111102;0.113349;0.112264;0.112746;0.111502;0.112261;0.110793;0.114885;0.115449;0.112678;0.112758;0.111585;0.111739;0.110295;0.112316;0.111227;0.114124;0.112177;0.113054;0.110969;0.110795;0.112611;0.111332;0.110524;0.112424;0.113089;0.111381;0.110791;0.110075;0.112215;0.113278;0.112265;0.112742;0.112888;0.112829;0.112089;0.111767;0.112732;0.111776;0.11136;0.110043;0.110612;0.113708;0.112037;0.110984;0.112283;0.112264;0.111281;0.110856;0.112346;0.109238;0.112306;0.111185;0.112425;0.11384;0.111606;0.113457;0.110953;0.112573;0.112907;0.11486;0.110919;0.111839;0.112122;0.11206;0.111958;0.111387;0.112534;0.114002;0.112729;0.110809;0.11041;0.111575;0.112372;0.111311;0.112282;0.111241;0.111858;0.140438;0.112545;0.110986;0.110613;0.111411;0.113059;0.111213;0.112093;0.112006;0.112694;0.112036;0.111526;0.112243;0.111184;0.110544;0.111225;0.112223;0.114449;0.112051;0.112824;0.11237;0.112512;0.111378;0.112801;0.111327;0.111678;0.112897;0.113683;0.113283;0.111712;0.110188;0.112371;0.111664;0.112129;0.110342;0.1134;0.113207;0.112647;0.112084;0.111552;0.112301;0.112258;0.11258;0.11244;0.112489;0.112605;0.111048;0.110624;0.113541;0.111264;0.113144;0.113301;0.113027;0.112579;0.112426;0.112097;0.110593;0.111745;0.112468;0.113162;0.112396;0.112422;0.112202;0.11118;0.110075;0.113191;0.111516;0.111287;0.111284;0.110834;0.114304;0.11338;0.112353;0.111401;0.113232;0.111955;0.111396;0.109847;0.111194;0.115036;0.113995;0.110746;0.111759;0.110202;0.111987;0.112331;0.112663;0.113183;0.114595;0.112352;0.111531;0.114672;0.113177;0.11347;0.112183;0.112803;0.109601;0.112949;0.11428;0.113645;0.111803;0.109349;0.110675;0.112429;0.112313;0.112429;0.113436;0.114523;0.114395;0.112776;0.112667;0.1146;0.111205;0.111805;0.114573;0.111788;0.113161;0.111457;0.112539;0.110661;0.110574;0.111298;0.111794;0.112759;0.113555;0.110826;0.113275;0.113383;0.110511;0.111894;0.113444;0.11315;0.11243;0.112321;0.112239;0.110289;0.111027;0.112513;0.110986;0.111795;0.113434;0.112432;0.111116;0.111604;0.111552;0.113726;0.111684;0.111475;0.112154;0.109869;0.114817;0.112553;0.112288;0.112559;0.110272;0.112608;0.112017;0.110453;0.114495;0.110213;0.112282;0.111416;0.11266;0.112487;0.111539;0.112275;0.10933;0.112584;0.110399;0.111696;0.112117;0.110597;0.112216;0.113967;0.11155;0.110423;0.114323;0.111143;0.113464;0.112223;0.111687;0.111591;0.111825;0.111575;0.111585;0.111234;0.112063;0.111449;0.112095;0.113455;0.11219;0.111187;0.111496;0.112954;0.113124;0.111435;0.112476;0.112568;0.110452;0.113528;0.109922;0.112649;0.111716;0.112966;0.111879;0.113418;0.112503;0.110873;0.1109;0.112198;0.112675;0.113121;0.112361;0.111417;0.111351;0.111599;0.111188;0.112341;0.11241;0.113093;0.113526;0.110617;0.10918;0.112452;0.111443;0.111766;0.112475;0.110465;0.112174;0.112607;0.114429;0.111474;0.111325;0.110708;0.111985;0.11068;0.113045;0.11171;0.113562;0.110215;0.111753;0.111941;0.113339;0.113608;0.112893;0.111764;0.112704;0.114583;0.113365;0.110429;0.113124;0.111718;0.112676;0.112038;0.112706;0.113609;0.112476;0.11225;0.11058;0.110719;0.110922;0.112855;0.111886;0.112432;0.110739;0.112409;0.113654;0.112789;0.11025;0.112078;0.11307;0.112606;0.11116;0.112334;0.112011;0.110739;0.110549;0.110967;0.111751;0.11225;0.112183;0.112061;0.114236;0.113612;0.113668;0.111486;0.112018;0.110587;0.112997;0.111344;0.112642;0.114694;0.114532;0.114308;0.1126;0.112823;0.111513;0.112261;0.110327;0.111905;0.1126;0.110527;0.112375;0.113632;0.111688;0.110485;0.111336;0.112023;0.112588;0.112955;0.112037;0.111867;0.112057;0.111904;0.112042;0.112847;0.112705;0.113684;0.111153;0.112419;0.112325;0.111279;0.113395;0.113192;0.112218;0.111726;0.113758;0.112456;0.113219;0.111965;0.110697;0.113184;0.111223;0.110597;0.113259;0.113109;0.112173;0.111732;0.110346;0.11275;0.111458;0.111363;0.112672;0.111803;0.113006;0.111725;0.111292;0.112612;0.11193;0.111652;0.110378;0.110457;0.110776;0.113974;0.110393;0.111351;0.110956;0.109776;0.111715;0.112249;0.111099;0.112817;0.112759;0.111167;0.112556;0.112852;0.112396;0.112091;0.11172;0.113629;0.11264;0.11321;0.11198;0.11387;0.111377;0.111409;0.112389;0.111672;0.111828;0.113422;0.111963;0.111879;0.113369;0.111156;0.111652;0.111378;0.112746;0.112717;0.114509;0.112471;0.112011;0.111016;0.11154;0.111164;0.11082;0.111249;0.113754;0.113285;0.111959;0.111746;0.111262;0.111856;0.110649;0.110281;0.111448;0.111928;0.113949;0.112219;0.112992;0.111696;0.111349;0.112633;0.110159;0.112715;0.112782;0.113769;0.114186;0.111308;0.111836;0.110899;0.111208;0.112178;0.11263;0.111058;0.113326;0.114449;0.113684;0.111577;0.112207;0.112728;0.111151;0.112813;0.113569;0.113096;0.112271;0.113015;0.113343;0.113079;0.111883;0.111399;0.11163;0.114484;0.111811;0.111387;0.111149;0.112898;0.112031;0.110522;0.112201;0.112703;0.113852;0.114016;0.111456;0.111904;0.112352;0.111236;0.112224;0.111781;0.113078;0.112455;0.110872;0.112402;0.111938;0.111795;0.110544;0.112643;0.112429;0.112486;0.112331;0.110817;0.113096;0.111015;0.111922;0.111675;0.112971;0.110919;0.111659;0.112509;0.110416;0.111034;0.112853;0.111566;0.111921;0.110593;0.111685;0.113692;0.110637;0.111145;0.110502;0.111923;0.111459;0.113448;0.112851;0.113254;0.114564;0.112043;0.112677;0.112597;0.113043;0.114057;0.112764;0.110979;0.110458;0.113852;0.113573;0.112866;0.112821;0.111638;0.110502;0.112452;0.113424;0.112675;0.113984;0.11352;0.112003;0.113101;0.111401;0.113121;0.111783;0.111409;0.115625;0.113384;0.11193;0.111952;0.113512;0.111054;0.112287;0.111095;0.112818;0.113405;0.111263;0.111304;0.111586;0.113444;0.112102;0.112737;0.111637;0.113877;0.113715;0.111776;0.110824;0.111736;0.112434;0.113038;0.111247;0.11173;0.111417;0.112288;0.113311;0.110838;0.111468;0.112111;0.111634;0.11205;0.112344;0.111808;0.112246;0.110827;0.110738;0.11282;0.111358;0.114062;0.112088;0.113217;0.112204;0.129041;0.113906;0.110982;0.11283;0.11279;0.111834;0.109717;0.111057;0.113231;0.111987;0.112624;0.113415;0.110798;0.111007;0.10995;0.111959;0.111426;0.114024;0.11105;0.11141;0.112769;0.109958;0.113303;0.112685;0.111262;0.110629;0.113369;0.113128;0.111852;0.113053;0.110953;0.113197;0.110607;0.112834;0.111843;0.114259;0.112012;0.11145;0.112583;0.111565;0.112866;0.111933;0.113222;0.111569;0.113064;0.110814;0.112134;0.109858;0.112597;0.111711;0.114874;0.113011;0.111951;0.113772;0.110187;0.112832;0.112875;0.110456;0.111678;0.112167;0.111413;0.113597;0.113755;0.113131;0.11078;0.112913;0.112002;0.111224;0.114239;0.111531;0.11524;0.113111;0.111595;0.111938;0.113482;0.11248;0.11269;0.111537;0.113082;0.112492;0.111321;0.112188;0.113504;0.112524;0.112038;0.111621;0.113016;0.111102;0.113615;0.112258;0.114159;0.11351;0.110357;0.111479;0.111666;0.111138;0.112304;0.118429;0.112575;0.112307;0.111554;0.110768;0.111056;0.112927;0.113791;0.114719;0.114736;0.113579;0.111983;0.112159;0.112672;0.11236;0.112687;0.113084;0.112571;0.111517;0.11227;0.112005;0.11239;0.112505;0.110951;0.112872;0.111942;0.115025;0.111789;0.110954;0.112343;0.111048;0.11312;0.111638;0.112512;0.111481;0.113094;0.113994;0.112566;0.111224;0.113375;0.112509;0.113524;0.113501;0.112739;0.113487;0.112826;0.113422;0.112819;0.1105;0.111715;0.110977;0.112086;0.114169;0.111463;0.11216;0.112802;0.113337;0.113136;0.111165;0.111807;0.111642;0.114508;0.110955;0.111988;0.112911;0.112691;0.111037;0.11229;0.111984;0.111595;0.113994;0.111842;0.11322;0.112181;0.112933;0.113023;0.112659;0.111888;0.111415;0.114829;0.111472;0.110409;0.112966;0.113655;0.112489;0.11159;0.112;0.113211;0.113984;0.112546;0.111886;0.11203;0.112211;0.113263;0.110278;0.112304;0.111279;0.113934;0.113115;0.113326;0.111936;0.112282;0.11081;0.113034;0.112174;0.112202;0.113395;0.111492;0.111687;0.112048;0.112798;0.11163;0.110618;0.111491;0.114993;0.112751;0.112097;0.11152;0.111897;0.112276;0.112164;0.112676;0.112297;0.113468;0.113648;0.11413;0.112115;0.113506;0.112246;0.111573;0.111382;0.111602;0.11473;0.112048;0.110921;0.110872;0.113895;0.112226;0.110767;0.11233;0.113609;0.114227;0.111187;0.112661;0.112378;0.110548;0.112009;0.111761;0.112969;0.114616;0.112253;0.113318;0.110905;0.112103;0.113783;0.112609;0.112154;0.111212;0.114228;0.11219;0.113861;0.112224;0.113188;0.112344;0.113457;0.112589;0.112387;0.112805;0.114398;0.113199;0.113635;0.1116;0.111558;0.112078;0.111289;0.11253;0.113379;0.112555;0.111127;0.112161;0.111103;0.113847;0.111871;0.112084;0.111368;0.112716;0.112644;0.113326;0.112519;0.111223;0.112209;0.112363;0.113229;0.11215;0.111683;0.11279;0.111665;0.112063;0.112861;0.112313;0.111887;0.112357;0.114659;0.112899;0.112465;0.110593;0.110871;0.111439;0.111596;0.112822;0.113206;0.11506;0.111473;0.11162;0.111763;0.11044;0.112426;0.11312;0.112061;0.11174;0.11401;0.112402;0.112152;0.112073;0.11206;0.112159;0.111269;0.11296;0.113622;0.11313;0.11051;0.112724;0.113323;0.111745;0.113173;0.112058;0.111825;0.112479;0.113446;0.112766;0.112287;0.112856;0.112271;0.111552;0.112807;0.113003;0.114111;0.112887;0.110731;0.111735;0.113019;0.111992;0.114686;0.110742;0.111618;0.114861;0.110979;0.113628;0.113607;0.112552;0.111504;0.109332;0.112292;0.111499;0.113327;0.112078;0.111196;0.111253;0.112535;0.112356;0.113836;0.111917;0.111247;0.111925;0.112165;0.111953;0.111219;0.11136;0.11182;0.112267;0.112778;0.112076;0.11266;0.112146;0.11174;0.112381;0.113168;0.111881;0.111289;0.111764;0.113576;0.113513;0.112512;0.112359;0.11295;0.112666;0.112781;0.11281;0.111282;0.113685;0.111721;0.110427;0.112313;0.110839;0.111938;0.113886;0.112954;0.111803;0.113228;0.113233;0.111346;0.112137;0.110839;0.111642;0.113272;0.112302;0.112138;0.115256;0.112407;0.1111;0.113641;0.112201;0.11069;0.112784;0.111917;0.111765;0.113376;0.111434;0.110896;0.110602;0.1139;0.11368;0.111785;0.11512;0.112117;0.113464;0.112371;0.113189;0.113542;0.11232;0.111505;0.110805;0.111745;0.114066;0.113634;0.112774;0.110824;0.111733;0.111479;0.112315;0.110859;0.113121;0.114134;0.110632;0.111456;0.112636;0.111853;0.112672;0.112398;0.111924;0.112493;0.114015;0.110652;0.112485;0.11225;0.111995;0.111337;0.110808;0.112605;0.111159;0.114266;0.110098;0.113163;0.112768;0.113993;0.112705;0.112425;0.112596;0.110432;0.113298;0.111107;0.113223;0.112044;0.112725;0.11184;0.110916;0.112019;0.110619;0.114389;0.11176;0.111334;0.11091;0.112672;0.113617;0.113379;0.110274;0.114308;0.113972;0.112895;0.112968;0.112657;0.111298;0.113664;0.111609;0.110689;0.114023;0.11281;0.113024;0.112438;0.111178;0.11181;0.111567;0.111544;0.112511;0.113649;0.111856;0.110904;0.112111;0.112873;0.111336;0.111651;0.111554;0.112598;0.110987;0.110551;0.112476;0.111703;0.111612;0.113456;0.111289;0.111442;0.11288;0.11308;0.113044;0.111474;0.111922;0.111869;0.111774;0.112434;0.1125;0.111245;0.115324;0.111593;0.111913;0.111189;0.111518;0.112709;0.113654;0.112053;0.111588;0.111771;0.111265;0.11226;0.110958;0.111497;0.110766;0.113029;0.111984;0.11493;0.110667;0.108938;0.111902;0.111661;0.111074;0.111381;0.111518;0.111881;0.231385;0.115693;0.113682;0.112799;0.111713;0.111886;0.112257;0.112854;0.112607;0.111704;0.113123;0.113244;0.112033;0.112481;0.112052;0.113458;0.112978;0.112491;0.111351;0.113433;0.111502;0.110038;0.112449;0.113144;0.111895;0.112371;0.112843;0.112213;0.113446;0.112094;0.11126;0.110646;0.111054;0.110574;0.113093;0.112428;0.111852;0.111864;0.111494;0.113422;0.111627;0.112246;0.112676;0.112954;0.110701;0.111406;0.11148;0.112474;0.112555;0.11229;0.112458;0.111413;0.112889;0.110464;0.111333;0.110243;0.111335;0.110425;0.111118;0.110488;0.112142;0.113761;0.111144;0.111664;0.111497;0.111769;0.110529;0.112611;0.11268;0.110213;0.113086;0.111655;0.111771;0.113366;0.112044;0.112164;0.110589;0.113491;0.113015;0.112744;0.112005;0.113814;0.112388;0.112445;0.110807;0.112238;0.111768;0.114757;0.112688;0.111664;0.111141;0.112593;0.112973;0.111655;0.111455;0.112707;0.111708;0.112672;0.112985;0.111503;0.112482;0.111627;0.11312;0.113284;0.111481;0.113022;0.113299;0.110894;0.111623;0.111937;0.112395;0.112938;0.111191;0.111886;0.11354;0.110897;0.111685;0.111183;0.112423;0.11254;0.111288;0.112545;0.111557;0.112839;0.11214;0.112533;0.112791;0.112083;0.113098;0.113715;0.112219;0.112985;0.114702;0.113155;0.112541;0.112443;0.110865;0.110874;0.111364;0.113387;0.113866;0.112015;0.11222;0.112084;0.114522;0.112094;0.112436;0.112237;0.11146;0.113536;0.113557;0.113516;0.111546;0.111086;0.111469;0.111462;0.112094;0.111898;0.113796;0.110584;0.111593;0.112899;0.111414;0.11067;0.110376;0.110995;0.111433;0.114108;0.111969;0.114082;0.111484;0.111365;0.113529;0.111195;0.11262;0.112886;0.113105;0.112658;0.112623;0.11247;0.111578;0.111656;0.113256;0.11276;0.111881;0.112082;0.11383;0.112467;0.112518;0.11384;0.113416;0.112892;0.11231;0.114474;0.112644;0.112895;0.111427;0.113242;0.111816;0.113852;0.111998;0.110867;0.112852;0.112749;0.111677;0.112429;0.111802;0.11234;0.111662;0.112778;0.112632;0.114485;0.112928;0.113113;0.111639;0.113154;0.112491;0.110957;0.113409;0.111192;0.113234;0.112662;0.112899;0.110744;0.111608;0.113177;0.112259;0.111941;0.113019;0.113792;0.111745;0.114098;0.111465;0.11261;0.113667;0.112964;0.112625;0.114871;0.112326;0.111575;0.112917;0.112294;0.111025;0.111935;0.113724;0.111397;0.112327;0.113261;0.11187;0.11187;0.111723;0.113738;0.110935;0.111676;0.112327;0.114151;0.112377;0.11399;0.112625;0.114277;0.113795;0.112655;0.111911;0.112608;0.112071;0.112182;0.112147;0.112407;0.11378;0.112526;0.112794;0.112099;0.112905;0.112958;0.111124;0.112099;0.111405;0.111784;0.111631;0.111089;0.112237;0.11443;0.112256;0.112179;0.112819;0.111751;0.112811;0.113624;0.112343;0.111768;0.113374;0.11178;0.112303;0.11181;0.111478;0.111221;0.111976;0.112924;0.11163;0.114024;0.112571;0.111099;0.111127;0.111705;0.111231;0.112502;0.113072;0.111572;0.112941;0.113636;0.113008;0.112761;0.113192;0.111378;0.111631;0.111895;0.111764;0.114321;0.11165;0.112353;0.113251;0.112926;0.11309;0.11318;0.113038;0.11518;0.111144;0.111586;0.113599;0.112991;0.114726;0.112466;0.111968;0.111587;0.115358;0.110269;0.111433;0.111608;0.112538;0.112874;0.111871;0.113003;0.111385;0.11436;0.113551;0.111976;0.111803;0.11189;0.112802;0.112162;0.113804;0.112458;0.11352;0.112833;0.112495;0.112396;0.111902;0.1119;0.112647;0.113754;0.11274;0.112187;0.110441;0.112027;0.113413;0.113543;0.112209;0.11315;0.11302;0.113323;0.110972;0.113044;0.113372;0.112135;0.112905;0.111938;0.111765;0.112148;0.114348;0.112321;0.110437;0.112249;0.111156;0.113028;0.111147;0.110995;0.11262;0.113917;0.112777;0.111338;0.112926;0.111544;0.112606;0.110907;0.111692;0.112854;0.115784;0.11481;0.112245;0.111052;0.111302;0.113244;0.112995;0.112101;0.113527;0.116178;0.114624;0.112624;0.111627;0.112261;0.111573;0.112799;0.114284;0.112782;0.113715;0.114714;0.113982;0.112207;0.113157;0.111096;0.113788;0.113436;0.116281;0.114368;0.114883;0.113413;0.116275;0.112214;0.113267;0.11488;0.112359;0.117091;0.114891;0.114651;0.111457;0.113324;0.111789;0.111319;0.113146;0.111131;0.112718;0.112148;0.111896;0.111986;0.113529;0.113467;0.112699;0.11308;0.11362;0.113224;0.113252;0.112714;0.112926;0.115133;0.112782;0.114431;0.113466;0.11702;0.113482;0.1123;0.111706;0.112971;0.112076;0.111962;0.111408;0.112378;0.113887;0.113448;0.114531;0.114021;0.115101;0.111324;0.112603;0.113075;0.113308;0.114421;0.112423;0.112401;0.11162;0.111543;0.111949;0.113044;0.111762;0.11497;0.11153;0.11308;0.113296;0.112933;0.110972;0.112528;0.112317;0.113499;0.11475;0.112256;0.114668;0.113295;0.112348;0.112029;0.111542;0.112044;0.111637;0.113204;0.113931;0.111672;0.110264;0.11481;0.112553;0.113643;0.112117;0.112526;0.114879;0.112849;0.113003;0.112743;0.112721;0.112651;0.11412;0.111499;0.112801;0.113174;0.112465;0.11302;0.11254;0.112261;0.1141;0.11224;0.112588;0.113778;0.113119;0.112579;0.110608;0.111732;0.112743;0.110656;0.112638;0.112273;0.112564;0.113384;0.111533;0.113178;0.113246;0.112409;0.111103;0.11303;0.113039;0.121654;0.11128;0.11363;0.112158;0.113711;0.110522;0.112826;0.110838;0.112049;0.114041;0.112961;0.113419;0.112293;0.113117;0.112273;0.113293;0.113101;0.110222;0.121747;0.112328;0.11498;0.112887;0.112392;0.11373;0.111979;0.113517;0.11255;0.114687;0.112126;0.112133;0.112411;0.11136;0.113467;0.112873;0.111606;0.112995;0.111441;0.115578;0.112772;0.11288;0.11149;0.112092;0.112476;0.112234;0.114318;0.11333;0.113627;0.111821;0.110811;0.109862;0.11488;0.11356;0.115151;0.116432;0.113023;0.113846;0.112695;0.112766;0.111801;0.111688;0.111574;0.113107;0.112751;0.11502;0.112633;0.111796;0.111703;0.113397;0.112085;0.11216;0.11334;0.113321;0.113236;0.113285;0.11304;0.112751;0.111782;0.11332;0.113389;0.114382;0.11119;0.111113;0.112378;0.112698;0.112165;0.111382;0.111344;0.112103;0.113809;0.114452;0.11241;0.111382;0.11209;0.112427;0.111552;0.114329;0.113256;0.114091;0.114009;0.112339;0.111468;0.112241;0.113991;0.113393;0.11385;0.115549;0.114046;0.115649;0.11337;0.112523;0.111533;0.111146;0.112765;0.111453;0.115269;0.113557;0.112023;0.112859;0.112889;0.113209;0.110759;0.111338;0.111851;0.113113;0.114633;0.113088;0.112168;0.113828;0.111532;0.11241;0.112885;0.112074;0.112839;0.114693;0.112614;0.111998;0.111479;0.112242;0.11338;0.11182;0.109144;0.111461;0.112249;0.111773;0.112906;0.112097;0.113823;0.112493;0.114091;0.113146;0.111634;0.112996;0.113593;0.111895;0.112438;0.111635;0.111972;0.113905;0.114171;0.113706;0.111693;0.113501;0.11281;0.111289;0.11132;0.112402;0.11166;0.112486;0.111228;0.113522;0.112373;0.111811;0.111519;0.112723;0.111223;0.112498;0.112328;0.111703;0.112212;0.113343;0.112567;0.112945;0.112791;0.113264;0.112328;0.11277;0.111137;0.111014;0.11343;0.111763;0.112991;0.113117;0.111779;0.114212;0.112445;0.114382;0.113436;0.113645;0.114343;0.113506;0.114743;0.113621;0.116441;0.111388;0.114087;0.113613;0.113141;0.113283;0.111538;0.110668;0.114812;0.115165;0.113447;0.111623;0.116006;0.113805;0.11348;0.113482;0.114796;0.113981;0.114487;0.112828;0.112499;0.111453;0.112633;0.112647;0.113104;0.112616;0.117638;0.11416;0.114049;0.112633;0.112668;0.111283;0.112869;0.112066;0.111985;0.114268;0.113406;0.114095;0.112771;0.110971;0.112084;0.112641;0.112885;0.112703;0.114979;0.111961;0.113887;0.114177;0.112717;0.113632;0.113214;0.113423;0.113039;0.116908;0.114341;0.113852;0.113858;0.115165;0.113399;0.113713;0.114642;0.115869;0.113357;0.114839;0.112136;0.113092;0.113151;0.115813;0.112811;0.113045;0.117089;0.113571;0.115523;0.114421;0.113634;0.112464;0.113444;0.113418;0.11158;0.114539;0.112363;0.112926;0.112027;0.112062;0.112201;0.113365;0.112003;0.113131;0.114103;0.11378;0.111092;0.112331;0.112529;0.113715;0.112709;0.113551;0.11605;0.113807;0.114704;0.113043;0.114442;0.113053;0.113729;0.113821;0.113823;0.116868;0.114818;0.113111;0.114838;0.113293;0.114875;0.111953;0.111883;0.11258;0.116377;0.114925;0.114986;0.114228;0.112771;0.113231;0.11531;0.114638;0.116491;0.113543;0.11362;0.114132;0.114037;0.11381;0.113346;0.114514;0.114856;0.115774;0.113215;0.113063;0.11401;0.114408;0.114409;0.114636;0.111986;0.112706;0.115363;0.112745;0.112808;0.112869;0.112957;0.114005;0.113742;0.112653;0.116083;0.113128;0.114637;0.113219;0.115791;0.112504;0.113301;0.113922;0.112369;0.117025;0.114374;0.112756;0.113912;0.113804;0.11227;0.112347;0.11261;0.112665;0.11437;0.113935;0.112762;0.111398;0.11244;0.110905;0.111962;0.11244;0.113262;0.114137;0.113801;0.114187;0.112856;0.11231;0.113053;0.111174;0.115257;0.114812;0.113243;0.115939;0.114096;0.113283;0.113699;0.11328;0.114591;0.114413;0.116671;0.113525;0.114271;0.112979;0.112534;0.112438;0.111417;0.111373;0.112109;0.115519;0.111327;0.111294;0.111595;0.112611;0.113596;0.113039;0.112794;0.112535;0.114637;0.112087;0.113834;0.111967;0.115097;0.113393;0.112339;0.113147;0.118333;0.113992;0.114284;0.112843;0.11388;0.114935;0.11227;0.113006;0.113165;0.117115;0.114283;0.11284;0.114283;0.113689;0.112932;0.113077;0.113424;0.112453;0.114576;0.111619;0.112966;0.113388;0.113128;0.113107;0.113255;0.111834;0.113763;0.112768;0.112909;0.111894;0.112032;0.111528;0.111802;0.113195;0.112029;0.112935;0.113597;0.113858;0.113114;0.112889;0.111954;0.113277;0.112816;0.112691;0.11502;0.113864;0.113684;0.111554;0.111849;0.111296;0.112531;0.112511;0.111986;0.114306;0.112606;0.112813;0.112588;0.111627;0.112127;0.111078;0.113273;0.114662;0.114738;0.111757;0.112632;0.112807;0.11329;0.112049;0.114119;0.114595;0.114959;0.113094;0.111444;0.113529;0.11472;0.110615;0.113606;0.110737;0.111299;0.113428;0.112311;0.113069;0.110438;0.111559;0.113717;0.113719;0.114537;0.114825;0.115121;0.113384;0.110787;0.112441;0.111691;0.113669;0.113606;0.113057;0.113569;0.112742;0.113166;0.114058;0.113204;0.112885;0.111926;0.113268;0.111746;0.113093;0.112437;0.112111;0.111645;0.112931;0.1136;0.113335;0.113057;0.11465;0.115652;0.11414;0.112105;0.112924;0.11151;0.112687;0.111043;0.111114;0.111379;0.113534;0.113397;0.112515;0.109585;0.112657;0.112847;0.112123;0.111983;0.110991;0.114595;0.113418;0.115544;0.113502;0.115418;0.112848;0.11436;0.114966;0.114258;0.116966;0.115614;0.114648;0.113555;0.113576;0.112289;0.113156;0.112283;0.116557;0.113989;0.112739;0.116291;0.113863;0.11594;0.115538;0.113341;0.115156;0.116147;0.11343;0.113886;0.116032;0.114562;0.114979;0.115513;0.11394;0.114408;0.113904;0.113756;0.114975;0.114504;0.114291;0.114388;0.115337;0.115214;0.11543;0.113955;0.114417;0.114211;0.112704;0.114262;0.113971;0.114659;0.115527;0.11722;0.113187;0.114518;0.112407;0.11471;0.114906;0.116012;0.1103;0.113001;0.109927;0.113575;0.113387;0.113067;0.112798;0.113209;0.111915;0.112923;0.114252;0.114567;0.113962;0.111371;0.113526;0.110745;0.112048;0.112303;0.112626;0.114959;0.115005;0.114892;0.109314;0.111433;0.113066;0.112761;0.11178;0.111372;0.113262;0.113006;0.112018;0.113159;0.113545;0.112195;0.112886;0.112515;0.113523;0.116962;0.112383;0.113796;0.110862;0.111929;0.111745;0.112123;0.113252;0.113036;0.114016;0.113944;0.112772;0.11198;0.113774;0.111528;0.111623;0.110956;0.114907;0.113862;0.113741;0.111525;0.112893;0.111542;0.113732;0.111603;0.111626;0.113892;0.114507;0.115527;0.111488;0.112994;0.113143;0.110545;0.110531;0.112375;0.113926;0.115579;0.112392;0.11222;0.113105;0.111714;0.111659;0.111716;0.113273;0.115109;0.113845;0.113344;0.111562;0.11302;0.111921;0.111231;0.113145;0.113412;0.115366;0.111546;0.110789;0.112572;0.112218;0.112327;0.112638;0.11277;0.112925;0.114982;0.114001;0.111294;0.112832;0.111731;0.11258;0.111963;0.111127;0.114079;0.113117;0.113904;0.11214;0.113323;0.110916;0.112534;0.113039;0.11355;0.115446;0.112411;0.112589;0.11409;0.112025;0.112649;0.112638;0.113946;0.113817;0.113448;0.113641;0.112947;0.11238;0.111437;0.111098;0.113066;0.112144;0.113078;0.111963;0.115228;0.112165;0.112531;0.11304;0.113079;0.110732;0.110896;0.114582;0.112608;0.113195;0.112494;0.113029;0.112612;0.114085;0.113204;0.11355;0.11467;0.111918;0.111369;0.112229;0.112342;0.112433;0.11025;0.111814;0.111487;0.11514;0.113857;0.11554;0.113462;0.112175;0.111632;0.111699;0.113873;0.117507;0.116369;0.112606;0.112829;0.112122;0.111534;0.112238;0.111974;0.112887;0.11345;0.112741;0.112385;0.111708;0.111735;0.111133;0.1109;0.112876;0.11061;0.115045;0.113538;0.113259;0.111678;0.111902;0.110834;0.112326;0.112578;0.112704;0.116032;0.112668;0.11231;0.111186;0.112341;0.112328;0.115084;0.111656;0.113911;0.116944;0.113056;0.114354;0.111917;0.111509;0.112143;0.111433;0.112282;0.112754;0.112687;0.112347;0.111494;0.112129;0.112027;0.111643;0.110953;0.113317;0.112311;0.112918;0.112815;0.11263;0.111432;0.111148;0.111397;0.111091;0.112392;0.114385;0.114457;0.1141;0.113576;0.113796;0.112812;0.113288;0.11287;0.112756;0.114668;0.113423;0.113115;0.112592;0.111658;0.112954;0.113287;0.113714;0.112771;0.111397;0.113663;0.113282;0.112207;0.111475;0.111835;0.111844;0.112674;0.114184;0.115367;0.112915;0.112005;0.112269;0.113404;0.112692;0.113514;0.110447;0.113371;0.113069;0.112287;0.112415;0.112526;0.112353;0.110082;0.112672;0.111712;0.11343;0.112625;0.111112;0.111484;0.111712;0.111148;0.111226;0.111986;0.111899;0.112486;0.112037;0.113864;0.111789;0.111285;0.113094;0.112676;0.110851;0.111584;0.113913;0.111931;0.111958;0.114433;0.113106;0.112283;0.110647;0.114452;0.116021;0.110233;0.111937;0.113352;0.112121;0.111369;0.111332;0.112641;0.112518;0.113595;0.113273;0.112469;0.113107;0.112332;0.112713;0.111278;0.11303;0.113124;0.114356;0.113474;0.112069;0.114531;0.112202;0.113474;0.11176;0.111041;0.113396;0.11255;0.112661;0.11123;0.110292;0.110294;0.110027;0.110108;0.111321;0.112203;0.11699;0.111924;0.11156;0.110568;0.112249;0.111476;0.110809;0.112155;0.113397;0.111472;0.113136;0.113055;0.112422;0.110624;0.110621;0.112617;0.111203;0.11362;0.11138;0.111953;0.111797;0.109782;0.111416;0.112541;0.112286;0.112174;0.113428;0.1153;0.111488;0.113428;0.11288;0.111693;0.111762;0.111365;0.113291;0.115768;0.113526;0.112874;0.111897;0.111814;0.112058;0.111904;0.112715;0.111699;0.113351;0.114147;0.112968;0.112454;0.110304;0.114261;0.110947;0.112608;0.112205;0.136053;0.110261;0.112133;0.112014;0.11301;0.112405;0.112462;0.111755;0.114236;0.112142;0.111431;0.112367;0.112035;0.11152;0.112725;0.111771;0.113213;0.113695;0.112284;0.110584;0.112748;0.113175;0.113307;0.110759;0.113083;0.111816;0.113477;0.112021;0.112687;0.114132;0.111774;0.113188;0.111934;0.112425;0.113406;0.114466;0.111069;0.11257;0.114077;0.112225;0.111357;0.113042;0.112631;0.11391;0.11296;0.113192;0.111751;0.112482;0.111716;0.11242;0.111692;0.113196;0.112551;0.111149;0.112552;0.112548;0.111863;0.111835;0.111716;0.112441;0.112788;0.113416;0.112003;0.112545;0.113786;0.111948;0.110972;0.112847;0.11221;0.112522;0.114801;0.114254;0.111298;0.11183;0.111365;0.111499;0.109496;0.113229;0.111985;0.114418;0.113133;0.112489;0.11151;0.111678;0.112869;0.111396;0.110496;0.111899;0.113988;0.111364;0.113247;0.110492;0.112361;0.111173;0.112935;0.111804;0.114192;0.111283;0.11131;0.111876;0.112424;0.113281;0.113283;0.113249;0.111968;0.115165;0.115149;0.115376;0.112149;0.110033;0.112534;0.113687;0.11139;0.114086;0.115658;0.112379;0.110953;0.113677;0.1111;0.112798;0.113076;0.112973;0.11147;0.11372;0.11206;0.111008;0.114321;0.114138;0.111647;0.112061;0.110079;0.112753;0.113069;0.113156;0.111241;0.112226;0.111262;0.113642;0.112169;0.112429;0.122014;0.111473;0.111513;0.113238;0.112293;0.11361;0.111537;0.112447;0.111645;0.113292;0.112609;0.11263;0.112469;0.113724;0.111925;0.112148;0.112079;0.111793;0.112618;0.112158;0.113033;0.113404;0.113365;0.1137;0.110447;0.111894;0.112326;0.113861;0.111695;0.113823;0.112463;0.113371;0.112274;0.11121;0.112517;0.114669;0.1118;0.113183;0.109956;0.111483;0.111895;0.111889;0.112075;0.111323;0.113095;0.113354;0.112069;0.11129;0.112684;0.110369;0.111832;0.111931;0.112344;0.112725;0.113922;0.1127;0.111483;0.113525;0.110381;0.112059;0.111266;0.113089;0.114402;0.113933;0.112164;0.112668;0.113386;0.112328;0.11326;0.112695;0.113191;0.114578;0.113042;0.111523;0.113333;0.112694;0.113566;0.113875;0.111682;0.110237;0.112907;0.11284;0.113105;0.111029;0.109807;0.111566;0.111008;0.110999;0.11336;0.11176;0.110812;0.110979;0.113805;0.113081;0.113242;0.111099;0.110987;0.111757;0.111528;0.111291;0.111533;0.112969;0.110949;0.112554;0.111453;0.111918;0.111363;0.112443;0.11194;0.111832;0.112803;0.111698;0.111951;0.112818;0.111693;0.112236;0.111614;0.112405;0.113025;0.114256;0.111829;0.113303;0.111453;0.111534;0.112523;0.112726;0.110722;0.110989;0.112509;0.11202;0.112921;0.111423;0.111167;0.113476;0.112678;0.111901;0.111997;0.111193;0.1121;0.112516;0.113786;0.113339;0.113019;0.111176;0.111512;0.11304;0.112688;0.112161;0.112312;0.111464;0.11439;0.112768;0.112322;0.110958;0.111964;0.11174;0.113142;0.111972;0.111913;0.11335;0.11295;0.111413;0.112727;0.113188;0.113479;0.111374;0.111198;0.112432;0.113721;0.111867;0.111675;0.112713;0.112069;0.111772;0.11221;0.113179;0.112844;0.113092;0.111889;0.11385;0.113093;0.112572;0.113801;0.11121;0.11039;0.111673;0.111637;0.111406;0.113155;0.111723;0.112648;0.110967;0.112231;0.11319;0.114601;0.110082;0.112389;0.112122;0.112091;0.112386;0.111294;0.112088;0.112846;0.114706;0.11127;0.11215;0.111935;0.111795;0.110202;0.112654;0.112106;0.112036;0.114231;0.111582;0.111169;0.112165;0.112175;0.1124;0.111612;0.109587;0.11208;0.112738;0.11203;0.112581;0.110474;0.113314;0.111156;0.112287;0.113533;0.113472;0.113309;0.111623;0.112591;0.111289;0.110989;0.113387;0.113873;0.112004;0.111961;0.11196;0.111516;0.111363;0.112802;0.111458;0.111873;0.113357;0.111854;0.113449;0.111598;0.110254;0.112977;0.113005;0.112303;0.111937;0.113481;0.112474;0.113884;0.112101;0.111871;0.11137;0.112611;0.113496;0.114305;0.113174;0.113284;0.113345;0.11237;0.111409;0.111126;0.112234;0.112995;0.111721;0.110833;0.112759;0.112444;0.113054;0.112175;0.112971;0.11271;0.114127;0.112085;0.111089;0.113339;0.115327;0.112717;0.110952;0.112238;0.113465;0.113576;0.113228;0.112305;0.113462;0.111836;0.110677;0.112031;0.11097;0.111951;0.113773;0.111044;0.11099;0.114115;0.111156;0.11293;0.111613;0.112455;0.113164;0.111984;0.112008;0.112692;0.114244;0.11241;0.112865;0.111816;0.111404;0.112516;0.111027;0.111461;0.111998;0.115137;0.112138;0.113187;0.112959;0.112072;0.113652;0.111913;0.110174;0.112696;0.113758;0.113029;0.112777;0.111839;0.112134;0.111274;0.110904;0.112767;0.112102;0.112099;0.111192;0.11239;0.110896;0.112438;0.111827;0.113364;0.112733;0.112236;0.111283;0.111926;0.112182;0.111926;0.111307;0.112162;0.113034;0.11176;0.112614;0.111583;0.111361;0.112887;0.112393;0.112305;0.113315;0.112513;0.112636;0.112094;0.112216;0.112892;0.110645;0.111375;0.110031;0.11314;0.111254;0.112547;0.113711;0.113129;0.110709;0.111036;0.111951;0.112999;0.111792;0.111123;0.11082;0.11299;0.113137;0.111078;0.113323;0.112707;0.112457;0.113517;0.11299;0.115147;0.112794;0.113613;0.11329;0.112435;0.113115;0.111455;0.112083;0.111665;0.114428;0.110494;0.111762;0.113592;0.110846;0.111839;0.111775;0.112199;0.111927;0.113672;0.110556;0.112122;0.110767;0.111681;0.112932;0.112877;0.113829;0.112334;0.113991;0.111933;0.112145;0.111996;0.111027;0.111878;0.111593;0.11308;0.111611;0.113085;0.113163;0.113083;0.113083;0.112445;0.113359;0.113612;0.111292;0.110772;0.112808;0.111983;0.111805;0.111247;0.112452;0.111578;0.112054;0.114127;0.113584;0.112562;0.110971;0.112572;0.113201;0.112505;0.11349;0.112845;0.112816;0.113579;0.112562;0.111196;0.111095;0.113302;0.112195;0.111718;0.111897;0.111423;0.11336;0.113046;0.113891;0.111936;0.11234;0.112226;0.11331;0.112087;0.11159;0.112449;0.11318;0.112045;0.110653;0.11173;0.112303;0.111194;0.111785;0.112491;0.114487;0.111845;0.111969;0.113175;0.111325;0.11062;0.111672;0.113089;0.113948;0.111588;0.111114;0.112838;0.113485;0.111572;0.11308;0.112962;0.112292;0.113557;0.111463;0.11263;0.111618;0.111431;0.111172;0.112111;0.112026;0.112119;0.11368;0.112913;0.111659;0.11074;0.111624;0.111988;0.111993;0.11192;0.113217;0.1137;0.112959;0.109088;0.112183;0.112515;0.112557;0.112523;0.11189;0.112182;0.113183;0.115521;0.113304;0.113425;0.111373;0.111728;0.111104;0.112671;0.113695;0.115604;0.110294;0.11275;0.111375;0.111594;0.113476;0.111646;0.112539;0.112725;0.113383;0.111001;0.110678;0.111688;0.111559;0.11251;0.110646;0.112773;0.114286;0.112839;0.112146;0.113885;0.112291;0.114214;0.111574;0.112589;0.111471;0.112116;0.112261;0.110743;0.112504;0.111571;0.113022;0.112499;0.112645;0.11278;0.266229;0.110626;0.111179;0.111179;0.11341;0.111556;0.112973;0.113249;0.113895;0.112343;0.112322;0.111604;0.112277;0.112761;0.111097;0.113781;0.112536;0.112237;0.112011;0.112842;0.11147;0.112252;0.112655;0.113329;0.113586;0.112312;0.111229;0.110501;0.112474;0.113247;0.113276;0.112605;0.112852;0.114233;0.113098;0.112862;0.112643;0.112212;0.11268;0.113188;0.113341;0.112796;0.110985;0.115626;0.113192;0.113236;0.113051;0.112505;0.111459;0.111177;0.112529;0.112602;0.112273;0.112014;0.113384;0.112326;0.112412;0.111498;0.113368;0.111186;0.113254;0.111439;0.112115;0.112379;0.11151;0.110363;0.1132;0.110944;0.112553;0.112736;0.113431;0.112755;0.112607;0.112841;0.113054;0.11344;0.112761;0.112629;0.115198;0.110209;0.112857;0.111741;0.110775;0.111574;0.111317;0.112782;0.112759;0.113639;0.113593;0.112988;0.112871;0.113151;0.111531;0.112316;0.112658;0.113047;0.110776;0.110806;0.1124;0.112348;0.111373;0.112262;0.112669;0.111836;0.113882;0.112;0.111751;0.112023;0.111901;0.113109;0.110576;0.111206;0.111252;0.113475;0.114138;0.113276;0.113085;0.111963;0.112293;0.110949;0.111148;0.112073;0.112013;0.113361;0.111247;0.113066;0.11163;0.11298;0.113356;0.11187;0.112616;0.113993;0.11201;0.11225;0.113517;0.113435;0.111404;0.111408;0.112213;0.112704;0.113504;0.113339;0.111486;0.112046;0.112139;0.111638;0.112651;0.112073;0.111566;0.113136;0.112472;0.111222;0.111571;0.111299;0.111972;0.112645;0.11165;0.113713;0.113108;0.11357;0.110972;0.110581;0.112355;0.113329;0.111661;0.112181;0.114418;0.112288;0.111735;0.111027;0.112432;0.110385;0.113479;0.11271;0.113163;0.111945;0.110642;0.113169;0.112165;0.113032;0.112411;0.111675;0.112384;0.112508;0.114567;0.111353;0.111019;0.113064;0.111454;0.113598;0.109466;0.111635;0.111496;0.112975;0.111323;0.112886;0.112123;0.11177;0.112774;0.11319;0.112201;0.113278;0.111656;0.111778;0.112391;0.111503;0.112797;0.112702;0.112187;0.110311;0.114879;0.112991;0.111112;0.111571;0.111489;0.110409;0.113486;0.110014;0.11237;0.112644;0.111877;0.111062;0.110544;0.110509;0.112348;0.112474;0.111284;0.113225;0.114023;0.114237;0.112731;0.112723;0.111469;0.110537;0.112273;0.112708;0.111084;0.113663;0.112117;0.112762;0.113026;0.113238;0.111346;0.1134;0.112097;0.114896;0.111694;0.112721;0.112948;0.11128;0.112191;0.11122;0.112883;0.113193;0.114705;0.111455;0.113252;0.111898;0.112157;0.113824;0.112628;0.111683;0.111983;0.114291;0.112354;0.111174;0.111569;0.11237;0.1125;0.110999;0.110991;0.112497;0.111624;0.113;0.112747;0.111543;0.112132;0.111885;0.111344;0.11156;0.112397;0.112344;0.110268;0.111504;0.111599;0.113142;0.110944;0.113263;0.113347;0.113101;0.114583;0.112979;0.11186;0.11095;0.113245;0.11316;0.112253;0.112046;0.113402;0.111703;0.112331;0.112251;0.111546;0.112785;0.112381;0.112749;0.111751;0.113042;0.112218;0.111129;0.110933;0.111206;0.112162;0.112487;0.112106;0.11119;0.113761;0.111883;0.112041;0.112246;0.110686;0.111906;0.112246;0.112492;0.111909;0.114084;0.110359;0.113315;0.112041;0.111738;0.111948;0.111966;0.111761;0.11273;0.112358;0.11228;0.112283;0.11437;0.11231;0.112338;0.113516;0.112773;0.111066;0.112617;0.112951;0.111134;0.111544;0.112508;0.112666;0.11167;0.110899;0.114214;0.112317;0.111783;0.111426;0.1134;0.111758;0.112723;0.112217;0.113296;0.113229;0.111318;0.113456;0.112481;0.111258;0.112115;0.111837;0.113259;0.1135;0.112921;0.112913;0.111573;0.113434;0.112568;0.11205;0.112208;0.111945;0.111478;0.113363;0.111217;0.113753;0.111337;0.112463;0.113154;0.111466;0.112391;0.112088;0.113938;0.112903;0.112751;0.111336;0.111027;0.11175;0.111018;0.11321;0.113421;0.114265;0.112619;0.113513;0.111942;0.11305;0.111112;0.114151;0.112278;0.113497;0.112904;0.114551;0.111712;0.112871;0.112341;0.113191;0.113468;0.112154;0.113451;0.112565;0.112942;0.113276;0.112583;0.112916;0.112295;0.113566;0.113587;0.112831;0.112111;0.1118;0.113297;0.113365;0.110954;0.111625;0.112824;0.113859;0.11476;0.114734;0.113977;0.113725;0.112657;0.113787;0.111415;0.11322;0.11457;0.112771;0.113817;0.11299;0.112746;0.112585;0.112353;0.113892;0.110898;0.113336;0.111569;0.113969;0.11124;0.112283;0.111775;0.112886;0.112848;0.112142;0.113264;0.10955;0.111865;0.111322;0.112104;0.112977;0.112063;0.111588;0.111751;0.114389;0.113096;0.112139;0.111516;0.111921;0.111651;0.113126;0.111035;0.113713;0.114995;0.110742;0.111997;0.11253;0.112212;0.113535;0.11127;0.11163;0.113337;0.111915;0.110351;0.111468;0.114071;0.111861;0.112803;0.112952;0.113428;0.11287;0.113725;0.1136;0.11002;0.111868;0.112707;0.111637;0.113904;0.111324;0.113358;0.111952;0.110555;0.112861;0.111919;0.112733;0.11266;0.112777;0.112792;0.114952;0.112373;0.11322;0.111394;0.111701;0.110923;0.11112;0.112766;0.113261;0.114558;0.111214;0.112654;0.112687;0.113566;0.112645;0.113022;0.113073;0.113405;0.111612;0.112338;0.112737;0.112184;0.113097;0.114572;0.111635;0.113762;0.114866;0.111041;0.111507;0.113278;0.112288;0.111924;0.112153;0.112809;0.113133;0.113173;0.113527;0.112861;0.113871;0.112788;0.111915;0.11068;0.110929;0.113025;0.113248;0.113176;0.111985;0.112836;0.111691;0.11076;0.113119;0.11129;0.112602;0.115255;0.113668;0.113635;0.113551;0.11227;0.114422;0.113974;0.111811;0.114714;0.112725;0.11411;0.111398;0.111998;0.112229;0.112597;0.11172;0.111813;0.113305;0.112554;0.114084;0.111062;0.113119;0.11187;0.113183;0.114033;0.110873;0.113803;0.113949;0.112596;0.111612;0.111539;0.111531;0.110795;0.113271;0.111655;0.114318;0.111423;0.11321;0.113297;0.112173;0.113256;0.11237;0.112413;0.113168;0.11547;0.115194;0.113358;0.113485;0.11178;0.112822;0.110733;0.110421;0.113268;0.111292;0.113211;0.112531;0.11167;0.110036;0.112103;0.114283;0.111598;0.112874;0.113038;0.112683;0.111128;0.112696;0.111883;0.112197;0.111922;0.112351;0.113696;0.112796;0.112807;0.113074;0.111058;0.111664;0.113925;0.112848;0.112771;0.114509;0.112243;0.112568;0.111274;0.111634;0.112865;0.111154;0.112073;0.111302;0.114485;0.112634;0.113084;0.112844;0.114673;0.11206;0.112489;0.113518;0.114009;0.111922;0.110394;0.111804;0.11278;0.111528;0.112471;0.113395;0.112268;0.113331;0.111448;0.113617;0.111388;0.112537;0.111413;0.113672;0.111145;0.112785;0.115015;0.112579;0.109716;0.111119;0.111565;0.112157;0.113911;0.112078;0.112589;0.113072;0.110152;0.112187;0.11214;0.111743;0.112685;0.112193;0.111697;0.112385;0.112665;0.111581;0.112253;0.112632;0.113292;0.112328;0.112248;0.110746;0.111059;0.114313;0.112694;0.111525;0.113068;0.111337;0.111853;0.110701;0.110691;0.113995;0.112339;0.113477;0.111999;0.111403;0.112471;0.112718;0.112486;0.114153;0.111918;0.113609;0.111552;0.111866;0.112587;0.113399;0.113583;0.113661;0.112417;0.112052;0.110921;0.110597;0.112537;0.111668;0.111862;0.112662;0.112107;0.111469;0.114237;0.110969;0.112733;0.112798;0.112447;0.112495;0.113742;0.112639;0.113126;0.11271;0.111668;0.112614;0.112128;0.112578;0.112743;0.113801;0.111947;0.114416;0.111765;0.113188;0.112752;0.111323;0.113743;0.113711;0.113963;0.111142;0.113104;0.112526;0.111646;0.112696;0.113576;0.111457;0.113319;0.113455;0.111229;0.114245;0.111243;0.112512;0.113109;0.111797;0.111239;0.111864;0.112011;0.112452;0.114112;0.112017;0.111829;0.113585;0.111023;0.112188;0.112895;0.112465;0.11314;0.112139;0.112963;0.113232;0.112822;0.111707;0.112075;0.112076;0.11304;0.114012;0.113464;0.112338;0.112059;0.113264;0.113999;0.112296;0.113673;0.112965;0.11457;0.112759;0.112988;0.112881;0.113209;0.112106;0.113187;0.111402;0.113269;0.113098;0.11192;0.112877;0.112748;0.112689;0.113193;0.112703;0.111981;0.11198;0.112814;0.112596;0.113359;0.112336;0.113378;0.1124;0.113352;0.109947;0.112241;0.114211;0.114582;0.110348;0.113135;0.11272;0.112409;0.112853;0.111557;0.113169;0.11322;0.1133;0.11365;0.112481;0.112559;0.11393;0.111011;0.111951;0.114556;0.113046;0.112616;0.11303;0.113669;0.11333;0.112181;0.111873;0.114612;0.113384;0.112636;0.110562;0.111915;0.112734;0.113189;0.112021;0.113466;0.111063;0.112858;0.112049;0.113027;0.112961;0.111386;0.112062;0.111711;0.11293;0.111639;0.112857;0.111539;0.113081;0.113631;0.113004;0.113946;0.112475;0.111659;0.114178;0.11287;0.112162;0.111935;0.111445;0.110549;0.113431;0.11167;0.113304;0.112731;0.112154;0.111022;0.111381;0.111679;0.114637;0.112062;0.112842;0.11199;0.113073;0.113108;0.112646;0.112935;0.113644;0.110432;0.111871;0.112486;0.11191;0.112901;0.111571;0.114754;0.112493;0.112737;0.113129;0.111449;0.11245;0.112432;0.115674;0.113558;0.112949;0.112875;0.112352;0.112873;0.112314;0.111841;0.11527;0.111034;0.111012;0.112227;0.111508;0.1117;0.112803;0.111957;0.112777;0.113772;0.111503;0.113394;0.111236;0.113885;0.111178;0.111721;0.112639;0.1122;0.112907;0.111273;0.112096;0.111476;0.112056;0.11177;0.111455;0.111659;0.111351;0.114135;0.112435;0.111466;0.111417;0.113639;0.110259;0.113648;0.111537;0.11311;0.113621;0.111779;0.112399;0.113456;0.111384;0.112398;0.113181;0.112942;0.112329;0.112203;0.11173;0.111489;0.112808;0.111208;0.11262;0.113358;0.113601;0.113998;0.112247;0.113222;0.111278;0.112893;0.114099;0.112517;0.111767;0.112937;0.1137;0.111676;0.111796;0.113893;0.111661;0.112301;0.111786;0.112388;0.112586;0.113045;0.112364;0.112078;0.11255;0.111052;0.112067;0.112552;0.111874;0.111917;0.115201;0.11075;0.114392;0.112666;0.111413;0.113261;0.111153;0.11115;0.112317;0.11631;0.112111;0.113556;0.111087;0.113338;0.111516;0.111262;0.111541;0.114175;0.114463;0.113524;0.112669;0.112473;0.112738;0.113013;0.111352;0.112464;0.114924;0.112887;0.111629;0.111927;0.11232;0.113051;0.111501;0.111651;0.111628;0.11398;0.110911;0.111819;0.112495;0.111212;0.112895;0.112899;0.112635;0.110999;0.114384;0.112179;0.112926;0.110752;0.111996;0.112699;0.112002;0.111641;0.114145;0.112582;0.110979;0.113099;0.110806;0.109409;0.112408;0.110885;0.1115;0.114146;0.112079;0.111285;0.113024;0.113744;0.112414;0.112076;0.111919;0.113021;0.115206;0.11334;0.110993;0.110966;0.113322;0.110599;0.112464;0.113239;0.111383;0.112696;0.114019;0.11125;0.112081;0.111772;0.112519;0.112686;0.111007;0.113505;0.112215;0.110972;0.112043;0.112503;0.111209;0.113762;0.112608;0.111085;0.112829;0.113128;0.110992;0.1116;0.111254;0.114094;0.111253;0.113564;0.112957;0.112978;0.112922;0.113198;0.113035;0.112775;0.111888;0.111953;0.111661;0.113676;0.124963;0.111393;0.112677;0.114485;0.111569;0.111674;0.109369;0.11232;0.111019;0.112685;0.113268;0.110169;0.112091;0.110536;0.110717;0.112043;0.113278;0.110825;0.113968;0.113378;0.11307;0.11075;0.111132;0.110777;0.111764;0.112131;0.112783;0.113665;0.111292;0.113086;0.112501;0.112851;0.112442;0.11221;0.11193;0.112099;0.114173;0.110976;0.110448;0.112254;0.11399;0.112734;0.113191;0.112675;0.112866;0.111927;0.113205;0.111332;0.111308;0.113724;0.112827;0.112125;0.113896;0.114596;0.113408;0.111163;0.113591;0.111009;0.110994;0.110343;0.111457;0.111357;0.113317;0.111173;0.111085;0.112928;0.11223;0.113497;0.113031;0.11195;0.112189;0.114021;0.111477;0.110951;0.112638;0.114444;0.111833;0.110622;0.111063;0.11108;0.112276;0.111521;0.113101;0.112558;0.111666;0.111;0.113092;0.11204;0.114353;0.111554;0.112202;0.110995;0.112585;0.111788;0.11284;0.111552;0.111402;0.111914;0.111365;0.111089;0.111726;0.111921;0.111806;0.112466;0.112743;0.111751;0.114379;0.111835;0.111603;0.110738;0.11115;0.111381;0.112037;0.110618;0.112152;0.113348;0.113298;0.11152;0.111936;0.111045;0.111454;0.111434;0.110897;0.111567;0.113195;0.11051;0.111998;0.112872;0.110621;0.11113;0.111005;0.110913;0.111774;0.113808;0.11146;0.111484;0.11315;0.110275;0.112633;0.112348;0.112448;0.112818;0.112941;0.112165;0.11108;0.112491;0.112016;0.111629;0.112053;0.110809;0.11196;0.112297;0.111907;0.111779;0.111348;0.111015;0.111572;0.111475;0.112147;0.11185;0.113747;0.111913;0.111283;0.111079;0.112112;0.112738;0.111946;0.111501;0.113479;0.111477;0.11209;0.11026;0.112623;0.111373;0.112962;0.111783;0.111866;0.113232;0.111685;0.112423;0.111273;0.111822;0.111576;0.11277;0.112212;0.112359;0.112663;0.112802;0.111137;0.111322;0.112;0.111124;0.112502;0.111603;0.111473;0.11216;0.112233;0.112802;0.111863;0.111381;0.111803;0.111906;0.111858;0.112411;0.111845;0.111845;0.111544;0.111637;0.111397;0.111657;0.110616;0.111729;0.113348;0.111754;0.111409;0.111517;0.111205;0.112861;0.111403;0.110582;0.110673;0.112844;0.112464;0.111324;0.111012;0.111768;0.111721;0.110933;0.11322;0.111222;0.112887;0.112342;0.112842;0.113153;0.11227;0.112076;0.111014;0.11097;0.111284;0.113204;0.111651;0.11108;0.112302;0.111325;0.111162;0.109472;0.109616;0.110541;0.112813;0.113026;0.112034;0.112377;0.111828;0.111412;0.11367;0.111696;0.11205;0.111856;0.110407;0.112112;0.111404;0.110172;0.1122;0.111586;0.111175;0.11155;0.112623;0.112586;0.112098;0.111626;0.110889;0.111939;0.112536;0.110616;0.112372;0.110822;0.111203;0.110912;0.111004;0.11224;0.112094;0.11072;0.111079;0.111894;0.110917;0.110393;0.111754;0.112156;0.111422;0.110631;0.113297;0.111907;0.113002;0.112269;0.110701;0.111164;0.110568;0.111566;0.11287;0.11089;0.112141;0.112889;0.110357;0.110541;0.111352;0.112187;0.11136;0.111603;0.11131;0.110472;0.113848;0.111753;0.110762;0.112338;0.111031;0.110566;0.111104;0.110773;0.11064;0.114096;0.112697;0.11258;0.110913;0.111583;0.111088;0.111601;0.112148;0.112668;0.113409;0.112544;0.112191;0.111374;0.112865;0.111631;0.111533;0.112426;0.110458;0.112634;0.110649;0.111692;0.113748;0.110947;0.112097;0.111858;0.112342;0.114693;0.112556;0.111376;0.110863;0.111609;0.110324;0.111447;0.110535;0.111653;0.112762;0.111648;0.112019;0.110457;0.112469;0.112189;0.112718;0.110939;0.112137;0.113379;0.112922;0.110287;0.111226;0.111089;0.111219;0.111561;0.110905;0.110988;0.113085;0.110649;0.110344;0.111495;0.112245;0.112658;0.113047;0.110168;0.112224;0.114266;0.110952;0.109698;0.111125;0.111976;0.11118;0.112038;0.111792;0.111057;0.112676;0.110408;0.111245;0.112912;0.111027;0.111454;0.112563;0.112052;0.111505;0.113201;0.112142;0.111564;0.110656;0.112674;0.111666;0.111909;0.111673;0.111832;0.110686;0.113848;0.11184;0.112558;0.111882;0.111648;0.111282;0.112294;0.113417;0.111832;0.111341;0.111563;0.112393;0.11096;0.110962;0.111919;0.111944;0.111625;0.112217;0.111219;0.11224;0.111803;0.111681;0.110373;0.1111;0.111687;0.112376;0.112092;0.111899;0.110634;0.110733;0.111902;0.111183;0.111753;0.111416;0.113072;0.112193;0.114061;0.111976;0.111035;0.11125;0.11205;0.111283;0.112693;0.112559;0.111066;0.111222;0.112098;0.111847;0.111177;0.110697;0.112646;0.111302;0.111878;0.111157;0.111286;0.112418;0.113167;0.111522;0.112174;0.112087;0.112892;0.110316;0.110842;0.111664;0.110799;0.111379;0.111253,
