# FP64; exactly one untimed warmup solve; setup includes representation/storage preparation; solve includes a fresh factorization and primal solve on every repetition.
# All backends receive identical data. Validation and result conversion are untimed.
# CLQR, generalized Riccati, and both Laine implementations also recover duals inside timing. Primal-only backends report no solver-dual KKT measurement.
# Setup+solve includes representation construction and fresh workspace allocation; destruction is excluded.
# Missing dual/kernel measurements are nan, not inferred from other solvers.
# planted_dual_stationarity_inf audits each returned primal with the fixture's known optimal dual, not solver output.
# primal_error and dual_error_inf are absolute infinity-norm errors against the known planted optimum, in original coordinates.
# Samples are individually timed; sample-list columns retain chronological times in ms separated by semicolons. Timing quantiles are unavailable for a single sample.
# min_seconds=1; fixed_repeats=0 (0 means duration-based); each timing phase uses its own budget.
backend,family,N,n,m,mixed_rows,state_rows,seed,status,repeats,setup_ms,median_ms,p10_ms,p90_ms,primal_error,objective,relative_objective_error,kernel_ms,feasibility_inf,stationarity_inf,kkt_inf,setup_solve_ms,planted_dual_stationarity_inf,dual_error_inf,setup_solve_repeats,solve_samples_ms,setup_solve_samples_ms,kernel_samples_ms
gen_riccati,horizon,32,8,4,1,2,20260907,ok,43565,0.135895,0.022659,0.022264,0.023266,2.63677968348e-15,-15.9476005862,1.19110219492e-17,nan,4.4408920985e-16,2.89490653671e-14,2.89490653671e-14,0.037936,2.72698530424e-15,3.09474668114e-14,26296,0.035391;0.037787;0.032701;0.03238;0.032227;0.032246;0.032156;0.032069;0.03214;0.032045;0.031747;0.031804;0.031773;0.031705;0.031826;0.031596;0.031589;0.031642;0.031758;0.031596;0.031748;0.031651;0.031623;0.031692;0.031669;0.031638;0.03171;0.031637;0.031559;0.031627;0.031571;0.031684;0.034261;0.032061;0.032019;0.031962;0.031909;0.031905;0.0318;0.03185;0.031882;0.031788;0.031765;0.031831;0.03175;0.03182;0.031862;0.032135;0.031986;0.031922;0.031976;0.032038;0.031728;0.031757;0.031903;0.031772;0.031839;0.031719;0.031796;0.031759;0.031697;0.031922;0.031772;0.033817;0.031987;0.031756;0.031723;0.031588;0.031593;0.03183;0.031641;0.031752;0.03175;0.031699;0.031718;0.031958;0.031701;0.031715;0.032033;0.031608;0.031603;0.031678;0.031622;0.031728;0.031719;0.031622;0.031529;0.031626;0.031635;0.031702;0.031676;0.031592;0.031696;0.031619;0.031572;0.033518;0.031966;0.032105;0.032031;0.032107;0.031922;0.031891;0.031979;0.032016;0.031785;0.031909;0.031901;0.031894;0.031994;0.031885;0.031888;0.031817;0.03184;0.031864;0.031866;0.031797;0.031818;0.031785;0.031843;0.031963;0.03196;0.031796;0.031715;0.03178;0.031783;0.031766;0.03464;0.035846;0.035869;0.036158;0.035819;0.035988;0.035726;0.035709;0.035615;0.035662;0.035668;0.035725;0.035621;0.035656;0.035711;0.035944;0.036081;0.0358;0.035916;0.035886;0.035894;0.035881;0.035816;0.035885;0.035837;0.03201;0.031919;0.031894;0.033144;0.031789;0.031897;0.031757;0.031849;0.031766;0.031752;0.0317;0.031948;0.031866;0.031857;0.03189;0.031761;0.031784;0.031758;0.031771;0.031686;0.031764;0.031742;0.031752;0.031869;0.031864;0.031736;0.031724;0.031774;0.031748;0.031754;0.031872;0.031802;0.031732;0.031765;0.031906;0.034185;0.03198;0.031852;0.031911;0.032287;0.03191;0.031901;0.031959;0.031928;0.031946;0.031982;0.032238;0.032002;0.031912;0.031983;0.032028;0.031843;0.031841;0.032104;0.032134;0.03189;0.031873;0.03193;0.03185;0.031929;0.032174;0.032062;0.031857;0.031866;0.032062;0.031925;0.034574;0.031992;0.032086;0.032348;0.032226;0.032107;0.032056;0.032056;0.032188;0.03208;0.032095;0.032103;0.032084;0.032219;0.032299;0.032018;0.031976;0.032099;0.032133;0.031999;0.032098;0.032362;0.032253;0.032379;0.032123;0.031979;0.031908;0.031978;0.031841;0.032064;0.032544;0.034403;0.032256;0.03207;0.032078;0.032315;0.031897;0.031895;0.032032;0.03189;0.032834;0.032205;0.032467;0.032464;0.031928;0.031867;0.032227;0.032419;0.031874;0.031876;0.031944;0.031999;0.032489;0.032109;0.031984;0.031983;0.032202;0.031921;0.031968;0.031841;0.031934;0.031795;0.034604;0.032123;0.032035;0.031977;0.032009;0.031909;0.032063;0.032032;0.031878;0.031974;0.031916;0.031816;0.031891;0.032665;0.032143;0.031854;0.031981;0.032158;0.032171;0.031953;0.032073;0.031898;0.031883;0.032113;0.03201;0.032058;0.032039;0.032254;0.032112;0.032758;0.032233;0.034114;0.032675;0.032387;0.032516;0.032366;0.032241;0.032153;0.03204;0.032123;0.031965;0.032163;0.03213;0.032002;0.032102;0.032175;0.032288;0.031953;0.032116;0.032139;0.032119;0.031998;0.031943;0.031952;0.031959;0.032066;0.032016;0.032062;0.031999;0.03221;0.032176;0.032727;0.033768;0.032713;0.032384;0.032083;0.032278;0.032119;0.032102;0.032121;0.032064;0.032;0.032006;0.032036;0.032085;0.031914;0.031936;0.032182;0.032125;0.032328;0.032088;0.031896;0.032118;0.032054;0.032045;0.032042;0.031931;0.032143;0.031917;0.032064;0.031927;0.031912;0.031983;0.033523;0.032115;0.03195;0.031748;0.031734;0.031903;0.031807;0.031847;0.031971;0.031873;0.031805;0.031756;0.031752;0.031661;0.031811;0.031862;0.031841;0.03195;0.032036;0.032177;0.032953;0.03213;0.031919;0.031884;0.032055;0.032014;0.031685;0.031644;0.031818;0.031848;0.031707;0.03332;0.03201;0.03205;0.031909;0.031939;0.031916;0.031954;0.031896;0.031868;0.03191;0.031906;0.032034;0.031902;0.031989;0.031916;0.031916;0.031935;0.031843;0.031833;0.03194;0.031812;0.031858;0.031897;0.031869;0.031924;0.032067;0.032816;0.032432;0.031829;0.03198;0.031822;0.036547;0.032983;0.032075;0.032175;0.032097;0.032025;0.031893;0.031978;0.031986;0.032029;0.03195;0.031999;0.031972;0.032006;0.031925;0.031951;0.032082;0.03198;0.031846;0.031892;0.031983;0.031949;0.031927;0.032117;0.03209;0.032036;0.032174;0.03207;0.032092;0.032194;0.032182;0.033532;0.032817;0.032342;0.032499;0.034569;0.033928;0.032129;0.032077;0.032062;0.032162;0.032134;0.032075;0.032082;0.03213;0.032056;0.032102;0.032091;0.032075;0.032044;0.032034;0.032041;0.032113;0.032156;0.032061;0.032142;0.032064;0.032003;0.032058;0.032064;0.03201;0.032103;0.033481;0.032344;0.03224;0.032137;0.0322;0.032204;0.032135;0.032297;0.032082;0.032262;0.032273;0.032254;0.032244;0.032352;0.032356;0.032318;0.032363;0.03315;0.03199;0.031981;0.031945;0.032024;0.03197;0.031945;0.032007;0.031971;0.031913;0.031864;0.031873;0.031822;0.031871;0.033193;0.032325;0.031944;0.031933;0.031842;0.03174;0.031906;0.031872;0.031875;0.031906;0.031854;0.031778;0.031801;0.031876;0.031903;0.031908;0.031918;0.031928;0.031932;0.031912;0.031934;0.031971;0.031942;0.03187;0.03188;0.031881;0.031895;0.031878;0.032573;0.03243;0.032096;0.03192;0.034596;0.032106;0.031883;0.032015;0.031868;0.031857;0.0319;0.031863;0.031854;0.031847;0.031827;0.031861;0.031805;0.031893;0.031815;0.031898;0.031772;0.031809;0.031878;0.031814;0.031916;0.031796;0.031806;0.031899;0.031911;0.031882;0.031792;0.031866;0.032023;0.032052;0.031818;0.033521;0.031981;0.032057;0.032015;0.032078;0.031952;0.031859;0.031815;0.03211;0.03188;0.03187;0.031859;0.031861;0.03192;0.031872;0.031791;0.031947;0.031821;0.031977;0.031917;0.031845;0.031861;0.031797;0.031806;0.031714;0.03188;0.031793;0.031883;0.031793;0.031759;0.031762;0.033839;0.031896;0.03191;0.031815;0.031912;0.031912;0.031762;0.031763;0.031943;0.031821;0.03185;0.031874;0.031915;0.031916;0.031828;0.031743;0.03194;0.031861;0.031818;0.031788;0.031847;0.031787;0.031782;0.031856;0.031832;0.031837;0.031844;0.031876;0.031762;0.031771;0.031914;0.033486;0.03238;0.03211;0.032029;0.032014;0.031989;0.032136;0.032064;0.032111;0.032033;0.03205;0.031983;0.0321;0.032034;0.032151;0.031999;0.031946;0.031915;0.031948;0.031947;0.031935;0.03194;0.03204;0.031916;0.031938;0.031993;0.031888;0.031935;0.032042;0.032036;0.032041;0.031743;0.033322;0.03196;0.031917;0.031955;0.031901;0.031855;0.031948;0.031974;0.032019;0.031996;0.031928;0.03198;0.031798;0.032089;0.031759;0.031903;0.031976;0.032;0.031887;0.031894;0.031987;0.032011;0.031864;0.031763;0.031805;0.031976;0.031835;0.031931;0.031806;0.031867;0.031894;0.033137;0.031955;0.031794;0.031733;0.031776;0.031767;0.031791;0.031802;0.031743;0.031726;0.03184;0.031919;0.031846;0.031813;0.031809;0.031803;0.031824;0.031838;0.031782;0.031817;0.031656;0.031772;0.031796;0.031749;0.031761;0.031807;0.031727;0.031734;0.031754;0.031686;0.03182;0.033151;0.032048;0.031873;0.031835;0.031853;0.031772;0.031841;0.031878;0.03203;0.032095;0.032003;0.03195;0.031911;0.031976;0.031992;0.032073;0.032035;0.031987;0.032034;0.031945;0.031914;0.031636;0.031726;0.031652;0.031568;0.031609;0.031564;0.031592;0.031596;0.031538;0.031548;0.031537;0.033082;0.031949;0.031898;0.031857;0.031843;0.031974;0.031799;0.031709;0.031784;0.031742;0.031702;0.031797;0.031684;0.031709;0.031676;0.031737;0.031752;0.031775;0.031769;0.031806;0.031714;0.031706;0.031679;0.03171;0.031776;0.031777;0.031817;0.031677;0.031757;0.031747;0.031707;0.032885;0.031829;0.031811;0.031805;0.031959;0.031898;0.031784;0.031745;0.031831;0.031833;0.031914;0.031763;0.031724;0.031809;0.031728;0.031901;0.031822;0.031843;0.031836;0.031847;0.031867;0.031777;0.031841;0.031809;0.032061;0.031856;0.031819;0.031883;0.031814;0.031836;0.031788;0.033157;0.032285;0.031851;0.031949;0.18014;0.089085;0.076717;0.06562;0.065798;0.065448;0.065326;0.065322;0.064622;0.065228;0.06474;0.074247;0.065249;0.06493;0.06442;0.065355;0.06416;0.062769;0.064428;0.065129;0.065174;0.065855;0.065491;0.065634;0.064752;0.064786;0.068413;0.065105;0.064736;0.06537;0.065522;0.053673;0.04274;0.042333;0.04301;0.042537;0.043692;0.042543;0.041794;0.042744;0.042202;0.042954;0.042645;0.044319;0.045793;0.043317;0.043078;0.044791;0.042705;0.042005;0.04274;0.043213;0.042883;0.04239;0.042121;0.04218;0.042119;0.042826;0.043282;0.038818;0.024376;0.024788;0.024801;0.024446;0.024305;0.024683;0.024959;0.024498;0.024226;0.024639;0.024652;0.024775;0.024563;0.024447;0.024208;0.02465;0.024392;0.024007;0.02611;0.024812;0.02437;0.024491;0.025356;0.025351;0.024399;0.024781;0.024909;0.02477;0.024568;0.024432;0.024092;0.024485;0.024771;0.024294;0.024429;0.024776;0.024587;0.024616;0.025182;0.024745;0.025089;0.024751;0.025316;0.024899;0.025617;0.025138;0.024815;0.025046;0.025408;0.024958;0.024879;0.024763;0.025171;0.025135;0.024899;0.024682;0.025304;0.024668;0.024998;0.028126;0.024742;0.024807;0.024643;0.025031;0.02448;0.024867;0.024808;0.024433;0.022395;0.022226;0.02236;0.022347;0.022492;0.022463;0.022511;0.022231;0.022462;0.022248;0.022699;0.022588;0.02244;0.022599;0.0222;0.023006;0.022831;0.02277;0.022356;0.022721;0.024138;0.022208;0.022222;0.02281;0.02308;0.022364;0.022429;0.022544;0.022099;0.022432;0.022531;0.022711;0.022756;0.022186;0.02349;0.022529;0.022953;0.022662;0.02285;0.022726;0.022959;0.022982;0.022751;0.023321;0.022404;0.022164;0.022422;0.022262;0.022711;0.022457;0.02259;0.02224;0.022511;0.024047;0.022529;0.022089;0.022075;0.022344;0.022371;0.022305;0.022633;0.022474;0.022537;0.022406;0.022794;0.022618;0.022356;0.02212;0.02253;0.022837;0.022659;0.022686;0.022711;0.022308;0.022371;0.022244;0.022709;0.022418;0.023637;0.022328;0.022915;0.022674;0.022372;0.022837;0.022538;0.023585;0.022455;0.022867;0.022799;0.022293;0.02255;0.022353;0.022481;0.022766;0.022821;0.022421;0.022542;0.02245;0.022384;0.022351;0.022301;0.022746;0.022753;0.02232;0.022508;0.022566;0.023099;0.022465;0.021738;0.022451;0.022385;0.022517;0.022069;0.022521;0.02251;0.022205;0.02258;0.02251;0.022349;0.022603;0.022477;0.022311;0.023445;0.022324;0.02234;0.022698;0.022772;0.022861;0.022561;0.022386;0.022058;0.022223;0.022663;0.022638;0.022641;0.02269;0.022735;0.022558;0.022685;0.022878;0.021866;0.022593;0.022693;0.0224;0.02243;0.022218;0.022258;0.022473;0.022712;0.022349;0.02249;0.022465;0.022143;0.022312;0.022484;0.022382;0.022254;0.022542;0.022138;0.022326;0.022609;0.022009;0.022478;0.0226;0.022564;0.022373;0.022177;0.022756;0.022279;0.022503;0.022429;0.022052;0.022388;0.02256;0.022586;0.022595;0.022469;0.022116;0.022422;0.02402;0.022524;0.022574;0.022389;0.022749;0.022279;0.022634;0.022424;0.02277;0.022343;0.022442;0.022478;0.022695;0.022817;0.022118;0.022691;0.022375;0.021915;0.022348;0.022433;0.022658;0.022247;0.022604;0.022822;0.022995;0.02261;0.022501;0.022354;0.022498;0.022971;0.022137;0.022325;0.023223;0.022483;0.022598;0.022391;0.022776;0.023027;0.02275;0.022465;0.02239;0.022394;0.022144;0.022918;0.022171;0.022811;0.022643;0.022668;0.022552;0.022506;0.021703;0.022054;0.022416;0.022184;0.022556;0.022039;0.023516;0.022508;0.022193;0.022938;0.022484;0.022077;0.021817;0.022608;0.022212;0.021861;0.02209;0.022654;0.02283;0.022404;0.021974;0.022725;0.022891;0.022388;0.022956;0.022681;0.02315;0.022491;0.022299;0.022312;0.022417;0.022299;0.022513;0.022563;0.022042;0.022366;0.02235;0.022517;0.022365;0.022124;0.022855;0.022418;0.022459;0.022608;0.02277;0.02275;0.022314;0.02228;0.022571;0.022488;0.022494;0.022493;0.022075;0.022405;0.022378;0.022231;0.022191;0.022349;0.022454;0.022507;0.023;0.022392;0.022188;0.022336;0.022605;0.022509;0.022373;0.022814;0.02241;0.022058;0.022861;0.02332;0.023691;0.022472;0.022648;0.022758;0.022533;0.022952;0.022679;0.022607;0.022845;0.022551;0.022542;0.022295;0.022082;0.022182;0.022642;0.022799;0.022486;0.022591;0.022866;0.022372;0.022793;0.022545;0.022457;0.02273;0.022409;0.022359;0.022597;0.022039;0.022752;0.022451;0.02207;0.022333;0.022405;0.022708;0.022878;0.022577;0.022447;0.022558;0.022655;0.022749;0.022634;0.022308;0.022712;0.023072;0.022126;0.022214;0.022939;0.023939;0.02272;0.022786;0.02291;0.023181;0.022859;0.02268;0.02288;0.02298;0.02239;0.02221;0.022572;0.022762;0.022544;0.022561;0.022479;0.022526;0.023276;0.022203;0.022125;0.022575;0.022493;0.022524;0.022069;0.022572;0.021754;0.022121;0.022589;0.022222;0.022805;0.022741;0.022532;0.022238;0.022253;0.02219;0.022676;0.022077;0.02251;0.022316;0.022549;0.023916;0.022256;0.022691;0.022452;0.022568;0.022342;0.022121;0.022871;0.022428;0.022663;0.022837;0.022731;0.022417;0.022211;0.022272;0.022288;0.022376;0.02248;0.022568;0.023082;0.022442;0.022767;0.022665;0.022509;0.022963;0.023267;0.023585;0.022828;0.022635;0.022482;0.022473;0.022527;0.022456;0.022468;0.022679;0.023028;0.022441;0.02241;0.022487;0.02288;0.022544;0.022689;0.022961;0.02255;0.023637;0.022901;0.022539;0.022529;0.02232;0.022426;0.022595;0.022446;0.022331;0.022601;0.022722;0.022793;0.022827;0.022943;0.022501;0.022534;0.022403;0.022125;0.022376;0.022239;0.022409;0.022339;0.022489;0.022543;0.022566;0.022361;0.022543;0.022656;0.022686;0.022215;0.022795;0.02267;0.022454;0.022181;0.022001;0.022373;0.022402;0.022107;0.022326;0.022705;0.022157;0.022376;0.022935;0.022922;0.022323;0.023346;0.02246;0.022763;0.023373;0.023268;0.022866;0.022968;0.022553;0.022738;0.022651;0.022722;0.022671;0.022703;0.022594;0.022599;0.022484;0.022584;0.022545;0.022738;0.022734;0.022977;0.02263;0.022314;0.02295;0.022206;0.022551;0.023385;0.022625;0.022301;0.023494;0.023014;0.022882;0.022646;0.022793;0.022467;0.022089;0.022252;0.022788;0.022406;0.023142;0.022719;0.022963;0.022247;0.022562;0.023708;0.022413;0.022662;0.022433;0.022327;0.022512;0.022673;0.023748;0.022222;0.022468;0.02316;0.022458;0.022532;0.022756;0.022773;0.022951;0.022826;0.022728;0.022191;0.022425;0.022424;0.022511;0.022364;0.022589;0.022359;0.022624;0.022668;0.022642;0.022445;0.022908;0.022742;0.022756;0.022783;0.022546;0.02275;0.02246;0.022507;0.022597;0.022673;0.022299;0.022364;0.022816;0.022123;0.022364;0.02352;0.022687;0.022837;0.023363;0.022246;0.022611;0.022701;0.02324;0.023082;0.022474;0.022503;0.022745;0.023046;0.023059;0.022922;0.022589;0.023264;0.02323;0.022443;0.023894;0.022177;0.022565;0.022515;0.022592;0.022715;0.022463;0.022397;0.022165;0.022294;0.022697;0.022483;0.022105;0.022569;0.022135;0.022508;0.022695;0.02244;0.022891;0.022934;0.022422;0.022419;0.022451;0.022676;0.022806;0.023631;0.022631;0.022574;0.022295;0.022436;0.022326;0.022518;0.022574;0.022253;0.022728;0.022549;0.022363;0.022821;0.022673;0.022892;0.022642;0.02274;0.022585;0.022393;0.02249;0.02281;0.022746;0.022611;0.02265;0.022506;0.022955;0.022951;0.022273;0.022672;0.022559;0.023089;0.022735;0.02373;0.02366;0.02271;0.02227;0.022737;0.022526;0.022879;0.022651;0.022915;0.022269;0.022991;0.022617;0.02349;0.022663;0.022496;0.022549;0.022251;0.02262;0.022146;0.022593;0.022774;0.022574;0.022509;0.022483;0.022443;0.02204;0.022379;0.022693;0.022213;0.022165;0.022652;0.022138;0.022385;0.022401;0.023014;0.022689;0.02261;0.022422;0.022711;0.023029;0.022311;0.022474;0.023074;0.022305;0.022183;0.022135;0.022279;0.02282;0.022296;0.02256;0.02251;0.022557;0.022212;0.022981;0.022781;0.022351;0.023646;0.023853;0.023775;0.02255;0.022563;0.022571;0.022578;0.022667;0.022688;0.023097;0.022683;0.022792;0.022893;0.02249;0.022549;0.022683;0.023424;0.022726;0.022699;0.022813;0.022398;0.022395;0.022649;0.02286;0.022496;0.022985;0.023323;0.0226;0.023001;0.022622;0.023072;0.023074;0.022934;0.022582;0.023114;0.022825;0.022901;0.022349;0.02234;0.022229;0.022792;0.02297;0.022634;0.022709;0.0238;0.022656;0.022715;0.022405;0.022048;0.023658;0.023907;0.022757;0.022435;0.022487;0.022446;0.022953;0.02235;0.022449;0.022279;0.022573;0.022457;0.022933;0.022695;0.02252;0.022458;0.022534;0.022347;0.022229;0.02272;0.022676;0.022655;0.022384;0.022241;0.022372;0.022421;0.02289;0.022273;0.022577;0.022916;0.022671;0.022417;0.022972;0.022679;0.022605;0.022259;0.022726;0.022025;0.022406;0.023095;0.023003;0.022319;0.022505;0.022909;0.022622;0.022394;0.022528;0.023588;0.023418;0.022183;0.022614;0.022452;0.022815;0.022522;0.022584;0.022836;0.02287;0.022508;0.022664;0.022559;0.023058;0.022703;0.022924;0.022323;0.022139;0.022385;0.022558;0.022314;0.023248;0.022735;0.022547;0.022573;0.022583;0.022341;0.022616;0.022564;0.022544;0.02257;0.022394;0.022755;0.022455;0.022394;0.022927;0.022308;0.024674;0.022411;0.022459;0.022358;0.022116;0.021953;0.022428;0.02232;0.022756;0.02235;0.022013;0.022411;0.022626;0.022589;0.022376;0.022316;0.022906;0.022441;0.021893;0.023215;0.023263;0.022227;0.022133;0.02226;0.02267;0.022687;0.022285;0.022832;0.02302;0.022252;0.022212;0.022054;0.022447;0.022715;0.022341;0.022709;0.022742;0.022452;0.022586;0.02232;0.022616;0.022434;0.02279;0.022482;0.023533;0.022488;0.022448;0.02281;0.02239;0.022561;0.022513;0.022766;0.022718;0.02368;0.022365;0.023374;0.022959;0.022823;0.022513;0.022816;0.022288;0.02232;0.022722;0.022111;0.02238;0.022515;0.023571;0.022936;0.022843;0.022463;0.02231;0.022412;0.022918;0.022392;0.022719;0.022931;0.022293;0.022177;0.022175;0.022625;0.022543;0.022572;0.022617;0.022353;0.022773;0.022487;0.022771;0.022674;0.023679;0.022441;0.022217;0.022331;0.022256;0.022671;0.022678;0.022707;0.022597;0.022546;0.022429;0.022555;0.022645;0.022656;0.022096;0.022306;0.022455;0.022404;0.022286;0.022309;0.022727;0.022325;0.02257;0.022539;0.0229;0.022115;0.022392;0.022217;0.022714;0.022415;0.022313;0.022408;0.022448;0.022303;0.023668;0.024566;0.023574;0.023528;0.022754;0.022767;0.023196;0.022989;0.022582;0.022279;0.02392;0.02202;0.02242;0.022375;0.022352;0.022531;0.022685;0.021703;0.023045;0.022477;0.022512;0.022436;0.02258;0.022713;0.022568;0.02236;0.022114;0.022295;0.022498;0.022317;0.022477;0.022404;0.022785;0.022358;0.022541;0.022102;0.022878;0.022347;0.022435;0.022263;0.022449;0.022315;0.022279;0.022245;0.022631;0.022326;0.022572;0.02232;0.022378;0.02242;0.022229;0.022299;0.0222;0.022722;0.022405;0.023274;0.022281;0.022588;0.021835;0.023099;0.022816;0.022963;0.022797;0.023117;0.023076;0.022644;0.022287;0.023182;0.022608;0.022322;0.022796;0.022511;0.022523;0.02264;0.022591;0.022892;0.02275;0.022431;0.022475;0.022718;0.022443;0.02243;0.022678;0.022534;0.022252;0.022149;0.022284;0.022177;0.022936;0.022667;0.022392;0.022643;0.02227;0.022116;0.022368;0.022014;0.022661;0.022402;0.022481;0.024321;0.022438;0.022389;0.022285;0.022774;0.022325;0.022366;0.022357;0.022276;0.022499;0.022424;0.022657;0.022277;0.022902;0.022302;0.022613;0.022583;0.022358;0.022221;0.02266;0.022599;0.02274;0.022637;0.022652;0.022303;0.022915;0.022637;0.022299;0.022409;0.022894;0.022697;0.022692;0.023055;0.022779;0.023328;0.022638;0.022473;0.022839;0.022768;0.022439;0.023247;0.022764;0.022448;0.022218;0.023987;0.022626;0.022141;0.022064;0.022424;0.022685;0.022407;0.02241;0.022558;0.02241;0.022486;0.022222;0.022736;0.022483;0.022306;0.022649;0.022098;0.022667;0.022546;0.022452;0.022194;0.022426;0.022444;0.022505;0.022973;0.023196;0.02238;0.022697;0.022623;0.021902;0.022312;0.022205;0.022417;0.02277;0.022385;0.022496;0.022762;0.022455;0.022812;0.022633;0.022644;0.022619;0.022586;0.022422;0.024255;0.022427;0.023602;0.023014;0.023108;0.023328;0.022614;0.022354;0.02315;0.022715;0.022757;0.022929;0.022514;0.022827;0.02264;0.023571;0.023359;0.023476;0.022754;0.022802;0.022875;0.023239;0.023206;0.023153;0.023072;0.022964;0.023335;0.022667;0.022929;0.022858;0.022915;0.023373;0.023296;0.023475;0.023448;0.023311;0.023341;0.023739;0.023342;0.023425;0.022872;0.022981;0.022538;0.024808;0.02341;0.022827;0.023097;0.02309;0.023038;0.02413;0.022511;0.023001;0.023101;0.023174;0.023223;0.022676;0.022856;0.023144;0.023506;0.022917;0.022971;0.023273;0.022805;0.022662;0.023094;0.023359;0.02329;0.022779;0.023146;0.022971;0.023346;0.023064;0.023344;0.02328;0.022874;0.023459;0.022943;0.022925;0.023169;0.022967;0.023058;0.022922;0.023304;0.023397;0.023468;0.023338;0.023474;0.024424;0.02335;0.022775;0.023387;0.02306;0.02435;0.02345;0.022945;0.022928;0.023204;0.02273;0.023306;0.023269;0.023237;0.023458;0.023173;0.023382;0.023075;0.02266;0.023384;0.022903;0.022955;0.022666;0.022751;0.023204;0.02413;0.023531;0.023285;0.023472;0.023586;0.023096;0.024638;0.022938;0.02268;0.023488;0.022948;0.024288;0.023065;0.02287;0.022807;0.022852;0.022793;0.022377;0.024371;0.022216;0.022478;0.022423;0.023073;0.022915;0.022784;0.023207;0.023098;0.023232;0.023155;0.022937;0.022554;0.021909;0.022513;0.022382;0.022548;0.021879;0.022571;0.022673;0.022669;0.022363;0.02263;0.022265;0.022478;0.022221;0.022249;0.022375;0.022251;0.022768;0.022346;0.022072;0.022671;0.022605;0.021984;0.021918;0.022813;0.022462;0.022566;0.022641;0.022149;0.022742;0.022771;0.022327;0.024026;0.022471;0.022206;0.022414;0.022481;0.022539;0.02271;0.022695;0.022957;0.022627;0.02215;0.022663;0.022764;0.023675;0.02254;0.022448;0.022249;0.022863;0.022564;0.02255;0.022554;0.022623;0.022266;0.02247;0.022873;0.022954;0.02256;0.02278;0.022773;0.022374;0.022529;0.022507;0.022331;0.022445;0.022254;0.022984;0.022396;0.022361;0.0229;0.02276;0.022244;0.02272;0.02269;0.022356;0.025138;0.022976;0.022179;0.022354;0.022521;0.022432;0.022152;0.022751;0.022324;0.022737;0.022702;0.022363;0.022521;0.023008;0.022403;0.022616;0.022866;0.022267;0.022388;0.022878;0.022765;0.022623;0.022605;0.0227;0.022863;0.022338;0.022143;0.022838;0.022609;0.022351;0.022407;0.022481;0.021983;0.022729;0.022242;0.022861;0.022629;0.022126;0.022497;0.022639;0.02279;0.022424;0.0226;0.022567;0.024142;0.022321;0.022478;0.022439;0.022339;0.022571;0.022578;0.022314;0.022245;0.022333;0.022432;0.022456;0.022334;0.022552;0.0224;0.023143;0.02236;0.022474;0.02274;0.023722;0.022781;0.022674;0.022425;0.022183;0.022753;0.022468;0.022149;0.022335;0.022487;0.022439;0.022776;0.022395;0.02283;0.022614;0.022664;0.022579;0.022556;0.022938;0.022095;0.022332;0.022896;0.022626;0.022637;0.022538;0.02336;0.022379;0.022452;0.022563;0.022222;0.022354;0.022563;0.022604;0.022328;0.022437;0.022455;0.022732;0.02217;0.022641;0.022322;0.022594;0.022164;0.022244;0.02298;0.022723;0.022421;0.023504;0.022938;0.022619;0.022219;0.022092;0.023151;0.022642;0.022357;0.022171;0.022169;0.02263;0.022232;0.022512;0.022329;0.02193;0.022482;0.0222;0.022102;0.022788;0.022233;0.022282;0.022279;0.022853;0.022124;0.023793;0.022494;0.022372;0.02272;0.02222;0.022508;0.02241;0.022332;0.022405;0.02299;0.022385;0.022516;0.022524;0.022746;0.022342;0.023101;0.022696;0.022594;0.022367;0.022617;0.023027;0.022495;0.022309;0.022592;0.022539;0.022334;0.022449;0.022723;0.022321;0.022424;0.022792;0.022442;0.022734;0.022348;0.022626;0.022828;0.02253;0.022707;0.022645;0.02274;0.022413;0.02295;0.022761;0.022349;0.023416;0.022486;0.022421;0.022865;0.022763;0.022299;0.022097;0.022537;0.022622;0.022458;0.022435;0.022685;0.022812;0.022697;0.022698;0.02248;0.02356;0.023523;0.022104;0.02214;0.022744;0.022105;0.022798;0.022475;0.021867;0.022384;0.022402;0.022382;0.02266;0.022269;0.022058;0.022315;0.022534;0.022661;0.022504;0.022219;0.022601;0.022311;0.022648;0.022294;0.022604;0.022302;0.021776;0.02221;0.023628;0.022577;0.022573;0.022511;0.022102;0.022062;0.022274;0.022592;0.022643;0.022835;0.022382;0.023069;0.022687;0.022425;0.022282;0.022545;0.022515;0.022645;0.022314;0.022259;0.023536;0.022583;0.022772;0.022365;0.023094;0.022626;0.02233;0.02192;0.022373;0.021899;0.022392;0.022071;0.022048;0.022668;0.022541;0.0228;0.022372;0.022901;0.022686;0.022363;0.02259;0.022334;0.02283;0.022447;0.022778;0.024038;0.022726;0.022499;0.022296;0.022585;0.0221;0.02233;0.023133;0.022327;0.02265;0.022429;0.022448;0.022333;0.022788;0.022507;0.022874;0.022724;0.022414;0.022951;0.022171;0.022346;0.022825;0.023874;0.02286;0.022227;0.022541;0.022619;0.022144;0.022514;0.022967;0.022417;0.022758;0.022495;0.022525;0.022683;0.022588;0.023018;0.022637;0.02209;0.022671;0.022634;0.022648;0.022749;0.022701;0.024742;0.022576;0.022038;0.022147;0.022604;0.022486;0.022247;0.022484;0.022373;0.021887;0.021707;0.022355;0.022526;0.022317;0.022609;0.022326;0.022543;0.022375;0.023011;0.022669;0.022239;0.022747;0.022623;0.02244;0.022739;0.022535;0.022722;0.022302;0.022765;0.022092;0.022948;0.0226;0.02262;0.02295;0.023643;0.022581;0.022648;0.022822;0.022379;0.022602;0.022601;0.021957;0.022284;0.022241;0.024368;0.022243;0.02246;0.022762;0.022359;0.022379;0.02236;0.022105;0.022117;0.022437;0.022461;0.022638;0.022704;0.022579;0.022774;0.022227;0.021935;0.022567;0.022584;0.022518;0.022467;0.0222;0.022344;0.022413;0.02227;0.022471;0.022185;0.022225;0.022157;0.022274;0.022294;0.022225;0.022448;0.022711;0.02264;0.022408;0.022174;0.022512;0.022229;0.022682;0.022691;0.022748;0.02221;0.022331;0.022319;0.0354;0.023724;0.022937;0.022639;0.022641;0.022471;0.022145;0.022783;0.022111;0.022149;0.022072;0.02237;0.02182;0.022159;0.022566;0.022586;0.022525;0.022157;0.022453;0.022491;0.022191;0.022364;0.022399;0.022778;0.02232;0.023311;0.022506;0.022346;0.022224;0.022292;0.022119;0.022127;0.022738;0.022921;0.022551;0.022171;0.022133;0.022795;0.022462;0.022462;0.021962;0.022557;0.022645;0.022237;0.023763;0.022246;0.022847;0.022354;0.022104;0.022336;0.023119;0.022501;0.022674;0.022209;0.022359;0.022257;0.022968;0.023256;0.023429;0.022412;0.022379;0.02236;0.022772;0.022842;0.0223;0.022584;0.022459;0.022611;0.02268;0.022798;0.022311;0.023467;0.022713;0.022243;0.022293;0.022962;0.022568;0.022796;0.022507;0.022544;0.022313;0.022457;0.022347;0.022434;0.022078;0.022443;0.022269;0.022567;0.023438;0.022124;0.022411;0.022606;0.022549;0.022517;0.022338;0.022508;0.022427;0.022339;0.021969;0.022719;0.022453;0.022835;0.022551;0.022426;0.02292;0.022772;0.022278;0.022227;0.022959;0.022474;0.022274;0.022069;0.022295;0.021998;0.022578;0.022341;0.022429;0.022439;0.022902;0.022616;0.02246;0.022722;0.022245;0.023193;0.02332;0.022763;0.022698;0.022086;0.022497;0.022363;0.022377;0.022615;0.023986;0.022439;0.022282;0.022591;0.022538;0.022712;0.022354;0.022629;0.022683;0.022448;0.022722;0.022366;0.022594;0.023006;0.022777;0.022622;0.022443;0.022308;0.02238;0.022344;0.022687;0.022355;0.022637;0.022214;0.022385;0.022653;0.023148;0.02252;0.022652;0.022222;0.022071;0.022414;0.022491;0.022459;0.022616;0.02251;0.022178;0.022379;0.023229;0.023184;0.023082;0.022743;0.022251;0.022473;0.022651;0.02313;0.02264;0.022128;0.024056;0.023156;0.022377;0.02216;0.022153;0.022496;0.022817;0.02241;0.022155;0.022501;0.022015;0.022044;0.022254;0.022673;0.022359;0.022114;0.022157;0.022521;0.02221;0.022643;0.02274;0.022745;0.022283;0.022622;0.022647;0.022205;0.022191;0.022372;0.022489;0.022455;0.02266;0.022709;0.022637;0.022793;0.022752;0.02255;0.022521;0.022549;0.02285;0.022833;0.022777;0.02361;0.022301;0.022565;0.02196;0.022255;0.02282;0.022273;0.022382;0.022594;0.022509;0.022341;0.022555;0.022483;0.022626;0.022117;0.022375;0.022842;0.022554;0.022966;0.022903;0.022436;0.022277;0.022308;0.022549;0.022229;0.022225;0.022216;0.022542;0.022226;0.022998;0.022658;0.022332;0.02237;0.022246;0.022329;0.022582;0.022622;0.022674;0.022252;0.02267;0.022737;0.02267;0.022891;0.022944;0.0253;0.02281;0.022722;0.022301;0.022604;0.022891;0.022582;0.02248;0.022355;0.022451;0.022206;0.022355;0.022041;0.022268;0.022453;0.022127;0.022914;0.022671;0.022558;0.023085;0.022917;0.023049;0.022903;0.023043;0.022449;0.023308;0.022979;0.022831;0.022692;0.023071;0.02241;0.023012;0.022817;0.022601;0.022319;0.022714;0.022598;0.022528;0.022618;0.022681;0.02279;0.022236;0.022367;0.022689;0.024226;0.022085;0.022635;0.023306;0.022955;0.022766;0.022479;0.0225;0.022354;0.022552;0.022497;0.022861;0.022827;0.022561;0.022592;0.022525;0.02317;0.022605;0.022236;0.022413;0.022671;0.022874;0.022926;0.022438;0.022094;0.022432;0.021968;0.02241;0.022006;0.022046;0.022706;0.022574;0.022438;0.022828;0.022558;0.022889;0.022614;0.022736;0.022397;0.022554;0.022345;0.022429;0.022607;0.022752;0.023711;0.022389;0.022675;0.02236;0.022343;0.022757;0.022685;0.022375;0.022341;0.022707;0.022592;0.022568;0.022444;0.022582;0.022283;0.022613;0.023713;0.023674;0.023126;0.022942;0.022544;0.022713;0.022896;0.022562;0.022613;0.022677;0.022614;0.022539;0.022598;0.022575;0.022775;0.022088;0.021917;0.02302;0.022619;0.02289;0.022677;0.022343;0.02269;0.022403;0.023091;0.022855;0.022346;0.023236;0.023702;0.022349;0.022267;0.022396;0.022596;0.022369;0.022969;0.022455;0.022568;0.022534;0.022502;0.022719;0.022335;0.02307;0.022181;0.022498;0.022444;0.022748;0.022671;0.022626;0.022618;0.022728;0.022675;0.023103;0.022844;0.022838;0.022864;0.022877;0.022674;0.023265;0.023513;0.023174;0.023088;0.022765;0.022609;0.02279;0.022695;0.022442;0.022458;0.022282;0.022528;0.0224;0.022494;0.022575;0.022412;0.023432;0.022123;0.021991;0.022237;0.022419;0.022628;0.022594;0.022508;0.022041;0.022247;0.022305;0.022672;0.02259;0.02254;0.022961;0.022018;0.022383;0.022328;0.022116;0.02282;0.023275;0.022671;0.022212;0.022416;0.022498;0.02179;0.022497;0.022466;0.022481;0.022379;0.022528;0.022435;0.022847;0.022515;0.022829;0.022626;0.022399;0.022557;0.022926;0.022525;0.022304;0.022583;0.023842;0.024003;0.023705;0.022732;0.022369;0.022533;0.022689;0.022487;0.022443;0.022186;0.022307;0.022163;0.021871;0.022085;0.022724;0.02234;0.022751;0.022481;0.022383;0.022346;0.022496;0.022486;0.022543;0.022654;0.022262;0.022289;0.022479;0.022538;0.022892;0.022283;0.022628;0.022173;0.022547;0.022674;0.022213;0.022061;0.022497;0.022124;0.022511;0.022412;0.022535;0.022237;0.022791;0.022051;0.022544;0.02251;0.024726;0.021977;0.022987;0.022905;0.022388;0.021992;0.022136;0.022329;0.022258;0.023109;0.02308;0.022971;0.02287;0.022846;0.022209;0.023165;0.022744;0.022712;0.021843;0.022614;0.022373;0.021771;0.022481;0.022232;0.022402;0.022125;0.022195;0.022015;0.02282;0.022919;0.022812;0.02228;0.022033;0.02189;0.021838;0.022266;0.022445;0.022448;0.022594;0.022817;0.023014;0.022569;0.022513;0.022636;0.022973;0.023702;0.022725;0.022833;0.022491;0.022439;0.022388;0.022315;0.022197;0.021953;0.022355;0.022935;0.022771;0.022205;0.023178;0.023605;0.022591;0.022383;0.022673;0.022354;0.02235;0.022676;0.022367;0.022432;0.022504;0.022763;0.022438;0.022365;0.022636;0.022834;0.022408;0.022377;0.022515;0.022625;0.022228;0.022293;0.022694;0.022994;0.022712;0.022956;0.022336;0.022601;0.022464;0.023034;0.022716;0.023618;0.022504;0.022566;0.02214;0.022653;0.022437;0.02229;0.022298;0.022629;0.022273;0.022494;0.022933;0.022255;0.022152;0.022386;0.02276;0.022174;0.022285;0.022335;0.022227;0.022411;0.022431;0.022627;0.022698;0.022576;0.022375;0.022418;0.022283;0.022628;0.022555;0.022202;0.022623;0.022434;0.022759;0.022484;0.022705;0.022215;0.022429;0.02242;0.022628;0.022754;0.023333;0.022461;0.022515;0.024088;0.022984;0.023083;0.023831;0.023599;0.022944;0.022894;0.022121;0.022668;0.023452;0.023806;0.022921;0.022541;0.022595;0.022682;0.022193;0.022754;0.022019;0.022486;0.023068;0.022639;0.022322;0.022647;0.022336;0.02255;0.022704;0.022451;0.022869;0.022511;0.022284;0.023117;0.022511;0.022216;0.022612;0.022787;0.022654;0.022543;0.022166;0.022111;0.022568;0.02298;0.022592;0.022193;0.022525;0.024003;0.022389;0.022292;0.022762;0.022452;0.02271;0.022641;0.022559;0.022776;0.022134;0.022445;0.022466;0.022504;0.022359;0.022247;0.022487;0.022691;0.022267;0.022413;0.022958;0.022463;0.022516;0.02282;0.022899;0.022092;0.022709;0.022309;0.02271;0.022422;0.022747;0.022431;0.022703;0.022369;0.022464;0.022405;0.022748;0.022641;0.022814;0.022286;0.022134;0.022302;0.02388;0.023617;0.023077;0.024507;0.022567;0.022882;0.022677;0.022384;0.022317;0.022245;0.021999;0.021999;0.022732;0.022451;0.022385;0.022868;0.022265;0.022342;0.022071;0.022413;0.02261;0.02269;0.022306;0.022888;0.022234;0.022355;0.022688;0.022307;0.022441;0.022851;0.022704;0.022772;0.022415;0.022924;0.022736;0.022839;0.022527;0.022306;0.021952;0.022255;0.023133;0.02279;0.022545;0.022751;0.022214;0.022786;0.02245;0.022697;0.023612;0.022422;0.022361;0.022409;0.022664;0.022884;0.023258;0.022936;0.022856;0.022912;0.023627;0.023646;0.023718;0.022814;0.02286;0.022527;0.02235;0.022537;0.022218;0.022246;0.022339;0.02262;0.022222;0.021739;0.022046;0.022364;0.022294;0.022487;0.022494;0.022827;0.022657;0.0224;0.022826;0.022426;0.022669;0.022389;0.022592;0.022802;0.022903;0.022508;0.022053;0.022435;0.022919;0.022922;0.023881;0.02224;0.022481;0.022539;0.02241;0.022285;0.022793;0.022636;0.022442;0.022581;0.022148;0.02245;0.022267;0.022541;0.022556;0.022523;0.022422;0.022304;0.022859;0.022891;0.022729;0.022947;0.022595;0.022588;0.022213;0.022693;0.024069;0.023878;0.022528;0.022853;0.022865;0.022562;0.022768;0.02266;0.022696;0.022235;0.022409;0.022484;0.022552;0.023021;0.022936;0.02286;0.02241;0.022551;0.02415;0.022742;0.022495;0.022766;0.022608;0.022256;0.022493;0.022709;0.022818;0.022659;0.02203;0.022259;0.02284;0.022683;0.022386;0.022543;0.022585;0.022406;0.022364;0.022814;0.022758;0.023011;0.022872;0.022699;0.022609;0.022312;0.022419;0.022707;0.022785;0.023631;0.023639;0.023371;0.022323;0.022597;0.02266;0.022442;0.022605;0.02251;0.022161;0.022362;0.022541;0.022094;0.022367;0.022533;0.023738;0.022224;0.022626;0.022442;0.02256;0.022622;0.022928;0.022102;0.022198;0.023156;0.022355;0.022118;0.022594;0.022245;0.022535;0.022493;0.022408;0.022647;0.022879;0.022171;0.022264;0.022239;0.022174;0.022394;0.022738;0.022702;0.022754;0.022741;0.022851;0.022902;0.022228;0.022586;0.022442;0.022778;0.024066;0.022616;0.021977;0.022389;0.022489;0.022096;0.022368;0.022141;0.022623;0.022396;0.023793;0.022528;0.022288;0.022595;0.022227;0.022862;0.022399;0.022484;0.022213;0.022604;0.02225;0.022388;0.022844;0.022655;0.022639;0.023085;0.022432;0.022738;0.022905;0.022349;0.022431;0.022943;0.022317;0.022727;0.022474;0.023095;0.022394;0.02224;0.022494;0.022854;0.022692;0.0226;0.022568;0.022136;0.022729;0.022514;0.022185;0.021987;0.022159;0.022721;0.022587;0.022405;0.022756;0.021997;0.02175;0.023786;0.022316;0.023223;0.022462;0.022338;0.022016;0.022519;0.022521;0.022279;0.022538;0.022355;0.022705;0.022447;0.022516;0.022721;0.022744;0.022456;0.022199;0.022448;0.022394;0.022339;0.022764;0.022417;0.022671;0.022456;0.022284;0.021895;0.02225;0.022372;0.022393;0.022522;0.022811;0.022261;0.022279;0.022728;0.022655;0.022411;0.022776;0.022458;0.022776;0.022991;0.022365;0.02248;0.022528;0.023452;0.022618;0.022167;0.022217;0.02227;0.022138;0.022039;0.022339;0.022476;0.023045;0.022601;0.02245;0.022509;0.022564;0.02244;0.022676;0.02253;0.022476;0.0226;0.022376;0.022807;0.022584;0.022267;0.022872;0.022292;0.02249;0.022287;0.022163;0.022518;0.022474;0.02263;0.022084;0.022414;0.023219;0.023011;0.022616;0.022886;0.022748;0.02263;0.022418;0.022703;0.022932;0.022256;0.022502;0.023269;0.022706;0.022761;0.022644;0.022794;0.022587;0.022513;0.022913;0.022828;0.021995;0.023254;0.023097;0.022226;0.022292;0.022311;0.022667;0.022829;0.022679;0.022829;0.022644;0.022833;0.022356;0.022611;0.022462;0.022954;0.022685;0.022546;0.02293;0.022418;0.02278;0.02281;0.022577;0.022474;0.022519;0.022272;0.023135;0.022965;0.022386;0.022497;0.022383;0.022727;0.022234;0.022136;0.022722;0.023546;0.022502;0.023129;0.023578;0.023255;0.022327;0.022621;0.022888;0.022918;0.022209;0.022461;0.022421;0.022347;0.022491;0.022747;0.023206;0.022628;0.02284;0.023325;0.022677;0.022561;0.022813;0.022526;0.022795;0.022568;0.02244;0.02264;0.022378;0.022225;0.022977;0.022593;0.022181;0.02263;0.022693;0.022221;0.022665;0.022342;0.022745;0.022587;0.022607;0.022391;0.022866;0.022407;0.0231;0.02272;0.02337;0.022728;0.022418;0.022249;0.022868;0.022491;0.022454;0.022562;0.022405;0.022954;0.022747;0.022778;0.022547;0.022646;0.023739;0.02398;0.022698;0.022835;0.022931;0.023043;0.02269;0.022744;0.022641;0.022683;0.022539;0.022314;0.022304;0.022226;0.022314;0.022938;0.022694;0.022665;0.022705;0.022583;0.022875;0.022548;0.022936;0.022619;0.022526;0.022338;0.023015;0.022535;0.022418;0.022931;0.022669;0.022591;0.022679;0.022882;0.022556;0.022811;0.022543;0.023007;0.02267;0.022472;0.022654;0.022586;0.02272;0.022727;0.022906;0.02258;0.022899;0.022449;0.023151;0.023551;0.02239;0.022268;0.022226;0.022173;0.022366;0.022115;0.022032;0.02235;0.022655;0.022293;0.02259;0.02254;0.022186;0.021857;0.022503;0.022392;0.022387;0.022644;0.022563;0.022878;0.022552;0.022238;0.022698;0.022448;0.023382;0.02266;0.022345;0.022281;0.022459;0.022682;0.022317;0.023117;0.022512;0.022623;0.02227;0.0225;0.022101;0.023093;0.022436;0.02233;0.022385;0.022884;0.022227;0.02242;0.022612;0.022543;0.022838;0.022903;0.022275;0.022275;0.022689;0.022388;0.022659;0.022227;0.022984;0.023859;0.024169;0.023415;0.023021;0.02239;0.022364;0.022399;0.02264;0.022848;0.022968;0.022312;0.022644;0.022541;0.02394;0.02324;0.02286;0.022749;0.022799;0.022523;0.02278;0.023154;0.022418;0.023195;0.022581;0.023014;0.02254;0.022305;0.022957;0.022926;0.023083;0.022906;0.022587;0.022222;0.022787;0.022228;0.022565;0.023074;0.022572;0.022458;0.022206;0.022531;0.022533;0.022309;0.022474;0.022757;0.022544;0.022375;0.022563;0.022387;0.022811;0.022782;0.022258;0.023004;0.022752;0.022804;0.022605;0.025007;0.024027;0.022579;0.022152;0.022496;0.022267;0.022559;0.022388;0.022558;0.022446;0.022257;0.02279;0.02297;0.022295;0.022189;0.022204;0.022871;0.022585;0.022249;0.022903;0.022288;0.022416;0.022816;0.022348;0.022244;0.022157;0.02236;0.02244;0.022297;0.022688;0.022535;0.022464;0.022664;0.022159;0.022352;0.022423;0.02234;0.021949;0.022385;0.022237;0.022049;0.022572;0.022808;0.022759;0.023638;0.022623;0.022288;0.022378;0.023263;0.023007;0.024067;0.023617;0.022408;0.022554;0.022981;0.022453;0.022328;0.022551;0.022334;0.022523;0.022407;0.022732;0.022699;0.022315;0.022599;0.022155;0.022911;0.022432;0.023034;0.022464;0.022924;0.022151;0.022711;0.022278;0.022441;0.022944;0.02242;0.022553;0.022642;0.022504;0.022718;0.022942;0.022638;0.022317;0.022685;0.022573;0.022242;0.022965;0.024038;0.022791;0.022569;0.022724;0.022053;0.022307;0.022419;0.022723;0.02302;0.022361;0.022739;0.022587;0.02305;0.022849;0.022654;0.022247;0.022345;0.022549;0.02179;0.02276;0.022174;0.022813;0.022534;0.022687;0.022107;0.022853;0.023075;0.022559;0.022763;0.022804;0.0223;0.022234;0.021866;0.022374;0.022542;0.022697;0.022218;0.022488;0.022758;0.022526;0.022184;0.022637;0.023156;0.022331;0.024286;0.022832;0.022226;0.022366;0.022569;0.02224;0.022139;0.022187;0.022286;0.022837;0.022412;0.022353;0.022751;0.022769;0.022767;0.022139;0.022458;0.022205;0.023823;0.023278;0.022956;0.022698;0.0228;0.022785;0.022167;0.022478;0.02301;0.022614;0.02282;0.022935;0.02271;0.023087;0.022948;0.022817;0.022315;0.022502;0.02276;0.022852;0.02263;0.022609;0.022626;0.022556;0.022525;0.023567;0.025009;0.022146;0.022919;0.022609;0.023225;0.023166;0.023505;0.022923;0.023077;0.023004;0.023345;0.022702;0.022878;0.022945;0.023268;0.023446;0.022807;0.022713;0.022786;0.023276;0.022928;0.022271;0.022509;0.022791;0.022801;0.023053;0.022125;0.022953;0.022823;0.022849;0.02239;0.02246;0.02249;0.022427;0.022963;0.022866;0.022505;0.022555;0.022848;0.022678;0.022875;0.022673;0.02314;0.02287;0.024613;0.022868;0.022931;0.024;0.023553;0.022963;0.022793;0.022499;0.022769;0.023456;0.023133;0.022621;0.022835;0.022667;0.022525;0.022738;0.022414;0.0225;0.022008;0.022214;0.02223;0.022472;0.02239;0.022289;0.022388;0.022745;0.022497;0.022716;0.022254;0.02199;0.02234;0.022775;0.023066;0.022555;0.022517;0.022206;0.022705;0.022164;0.023175;0.022679;0.022573;0.023028;0.022651;0.022752;0.024067;0.02284;0.02243;0.022714;0.022532;0.022687;0.022442;0.023979;0.023787;0.023223;0.022497;0.022725;0.022623;0.022504;0.022277;0.022196;0.022956;0.022661;0.022669;0.023046;0.022632;0.02277;0.022558;0.022279;0.022627;0.022121;0.022615;0.022446;0.022924;0.022943;0.022408;0.022559;0.022288;0.022297;0.022528;0.022714;0.022898;0.02243;0.022727;0.023068;0.022847;0.02259;0.023252;0.022655;0.024454;0.022788;0.022621;0.022513;0.022363;0.023134;0.022138;0.022862;0.022504;0.022421;0.022339;0.022082;0.023325;0.023629;0.02272;0.022431;0.022362;0.022643;0.022339;0.021955;0.022204;0.022574;0.022224;0.022369;0.022287;0.022394;0.021936;0.022289;0.022044;0.022621;0.022101;0.022448;0.02243;0.022469;0.022165;0.022613;0.022214;0.022471;0.022448;0.022675;0.022982;0.022442;0.022673;0.022039;0.023774;0.022616;0.022453;0.022727;0.022413;0.022401;0.022343;0.022489;0.023084;0.022575;0.022401;0.02252;0.022195;0.022774;0.022405;0.022728;0.02239;0.022184;0.022511;0.02263;0.023144;0.022577;0.022711;0.022553;0.022644;0.022631;0.023068;0.022752;0.022196;0.022685;0.022788;0.022927;0.02265;0.022057;0.023198;0.022489;0.022701;0.022164;0.022549;0.022367;0.022614;0.022607;0.022541;0.022609;0.023853;0.025157;0.022633;0.021802;0.022361;0.022641;0.022965;0.022573;0.022389;0.022632;0.022609;0.022216;0.02253;0.022269;0.02261;0.022438;0.022434;0.022395;0.022623;0.022269;0.022207;0.022676;0.022855;0.022602;0.02295;0.022377;0.022397;0.022491;0.022531;0.022325;0.022891;0.022538;0.022465;0.022358;0.022638;0.022466;0.022612;0.022612;0.022582;0.022703;0.023096;0.022366;0.022724;0.022756;0.022625;0.022969;0.022441;0.02238;0.022745;0.022741;0.022617;0.02249;0.022871;0.02241;0.023236;0.022463;0.022577;0.023778;0.022485;0.022825;0.02243;0.022462;0.022233;0.022487;0.021885;0.022037;0.022227;0.022527;0.02226;0.022684;0.022207;0.021917;0.022366;0.022638;0.022444;0.022308;0.022548;0.02236;0.022607;0.022736;0.022806;0.022688;0.022372;0.022749;0.022982;0.02282;0.02289;0.022961;0.022636;0.023577;0.022826;0.023005;0.022666;0.023232;0.023017;0.022927;0.022428;0.021951;0.022786;0.022441;0.023114;0.024093;0.022351;0.022864;0.022585;0.022912;0.024042;0.023658;0.022644;0.022394;0.022128;0.022305;0.022545;0.022553;0.022522;0.022957;0.02241;0.022025;0.022501;0.02279;0.022577;0.022593;0.022298;0.022864;0.022781;0.022502;0.022253;0.022961;0.02299;0.022552;0.022908;0.022014;0.022161;0.023863;0.022328;0.022874;0.023067;0.022978;0.023036;0.023346;0.022683;0.023065;0.021942;0.022009;0.02199;0.022728;0.022784;0.022716;0.022826;0.022495;0.023239;0.022327;0.022324;0.022198;0.022301;0.022878;0.022557;0.022454;0.022432;0.022698;0.022703;0.022768;0.022346;0.022575;0.023789;0.023749;0.022504;0.022799;0.023168;0.022726;0.022594;0.022628;0.022097;0.022777;0.023088;0.022759;0.022514;0.024162;0.022713;0.022754;0.022455;0.022491;0.022945;0.023112;0.022818;0.022763;0.022519;0.022166;0.02223;0.022537;0.02251;0.022414;0.02224;0.022053;0.022544;0.022774;0.022872;0.02292;0.022536;0.022746;0.022154;0.022119;0.022488;0.022474;0.022576;0.022883;0.023046;0.022684;0.022846;0.022919;0.022674;0.022644;0.022995;0.023648;0.02384;0.023081;0.02341;0.022578;0.022369;0.022396;0.022182;0.024247;0.022624;0.022588;0.022704;0.022877;0.023242;0.022522;0.022831;0.022905;0.022551;0.022555;0.02263;0.022435;0.02276;0.022854;0.022554;0.022853;0.022652;0.022218;0.022692;0.022584;0.022824;0.022747;0.02258;0.022539;0.022867;0.022596;0.022533;0.022798;0.022808;0.022849;0.022771;0.023259;0.022269;0.022324;0.022831;0.022574;0.022304;0.02251;0.022859;0.023;0.022962;0.0224;0.02241;0.024174;0.022265;0.022554;0.022859;0.022699;0.023046;0.02374;0.022538;0.022028;0.022884;0.022594;0.022422;0.022814;0.022505;0.022309;0.022576;0.02224;0.022457;0.022536;0.022606;0.023218;0.022739;0.022466;0.022362;0.022155;0.022725;0.022401;0.022065;0.022028;0.022025;0.022821;0.021957;0.021952;0.022466;0.022149;0.022434;0.022112;0.021968;0.022645;0.022215;0.022534;0.022568;0.022153;0.022064;0.023931;0.022328;0.022752;0.022635;0.023099;0.023022;0.022803;0.022703;0.02241;0.022278;0.022523;0.022599;0.022278;0.022665;0.022618;0.022286;0.022588;0.022268;0.022166;0.022737;0.022193;0.023083;0.02261;0.022939;0.022555;0.022733;0.022942;0.022995;0.022467;0.022116;0.022237;0.022641;0.022837;0.02315;0.022959;0.022724;0.022372;0.022421;0.02269;0.022634;0.022559;0.023013;0.022945;0.022458;0.023304;0.022575;0.022484;0.022501;0.02338;0.023303;0.023048;0.022718;0.022936;0.022277;0.022615;0.022515;0.024121;0.023972;0.02281;0.022441;0.022689;0.022863;0.022801;0.022171;0.022564;0.022323;0.022418;0.022753;0.022435;0.022319;0.022615;0.022582;0.022213;0.022443;0.02236;0.022423;0.02192;0.022452;0.022117;0.022821;0.022441;0.022543;0.022754;0.022707;0.022906;0.022439;0.022549;0.022348;0.022544;0.023178;0.022665;0.023153;0.02306;0.022945;0.022962;0.023297;0.022569;0.022686;0.023004;0.023083;0.023115;0.023159;0.022501;0.022877;0.022272;0.022572;0.0229;0.022378;0.02247;0.022407;0.022568;0.022907;0.022689;0.022674;0.02417;0.023605;0.022941;0.022589;0.022819;0.022697;0.022929;0.022505;0.022748;0.022445;0.022706;0.02275;0.022369;0.02289;0.022484;0.022508;0.022469;0.022542;0.024216;0.022719;0.022358;0.022706;0.022906;0.022473;0.022825;0.022962;0.022494;0.022328;0.022355;0.022515;0.022814;0.022589;0.022531;0.022384;0.022539;0.022993;0.022297;0.022407;0.022305;0.022633;0.022591;0.022543;0.022636;0.022968;0.022358;0.02235;0.022643;0.022788;0.022668;0.022415;0.022344;0.022688;0.022442;0.022445;0.022248;0.022569;0.022389;0.023369;0.023638;0.022492;0.02248;0.022721;0.022214;0.023705;0.022147;0.022521;0.022438;0.022171;0.022677;0.02259;0.02262;0.022439;0.022678;0.022935;0.022315;0.022709;0.022548;0.02254;0.022285;0.022095;0.022667;0.022468;0.022716;0.022884;0.022849;0.022766;0.022294;0.022491;0.022461;0.022402;0.022199;0.02221;0.021969;0.022456;0.022711;0.022217;0.022399;0.022136;0.022497;0.02244;0.022386;0.022791;0.02243;0.02262;0.022361;0.022512;0.023884;0.025085;0.022641;0.022793;0.022906;0.022301;0.022231;0.022091;0.022155;0.02265;0.022784;0.022481;0.022733;0.022409;0.022577;0.022355;0.022543;0.021809;0.021976;0.022214;0.022328;0.022178;0.022388;0.022569;0.0225;0.022365;0.022242;0.022307;0.022509;0.022298;0.022549;0.022305;0.022639;0.022554;0.022348;0.022712;0.022426;0.022778;0.02248;0.022621;0.02211;0.022718;0.022139;0.022625;0.022631;0.023885;0.022666;0.022619;0.023218;0.023996;0.023968;0.022404;0.022395;0.022746;0.02228;0.022684;0.02266;0.022845;0.022602;0.022848;0.022588;0.022542;0.022603;0.022812;0.022715;0.022705;0.022463;0.022905;0.022842;0.022527;0.022906;0.022471;0.022774;0.022564;0.021905;0.022478;0.022479;0.022903;0.022727;0.02269;0.02285;0.022867;0.022599;0.022453;0.022799;0.022707;0.023485;0.022496;0.022759;0.024602;0.022306;0.022754;0.023223;0.023004;0.022675;0.022636;0.022611;0.022955;0.022758;0.02262;0.022575;0.02314;0.023089;0.022482;0.022519;0.022831;0.022921;0.023127;0.022791;0.023782;0.02394;0.022183;0.022602;0.022874;0.022519;0.022739;0.02247;0.022733;0.022785;0.022526;0.022709;0.022781;0.02281;0.022579;0.022498;0.022422;0.022843;0.022603;0.02288;0.022622;0.022769;0.022839;0.02325;0.02397;0.022404;0.022469;0.022533;0.022502;0.02278;0.02261;0.022465;0.022764;0.022579;0.022418;0.022164;0.022262;0.022612;0.022535;0.022142;0.022464;0.022137;0.02207;0.022559;0.023165;0.022164;0.022506;0.022841;0.02262;0.023045;0.022403;0.022502;0.023038;0.022313;0.022794;0.022819;0.022705;0.022736;0.022634;0.02351;0.023994;0.022995;0.022862;0.022776;0.022988;0.022605;0.022704;0.022794;0.023578;0.022501;0.022684;0.02261;0.022794;0.022785;0.022337;0.022156;0.022203;0.021955;0.022515;0.022382;0.022642;0.02271;0.02206;0.022425;0.022134;0.022774;0.022082;0.022209;0.022849;0.022684;0.022613;0.022265;0.022822;0.022352;0.022569;0.02272;0.022735;0.022452;0.022609;0.022345;0.022437;0.022839;0.022651;0.022399;0.022488;0.022412;0.022601;0.022868;0.022594;0.022358;0.022617;0.022389;0.02372;0.02219;0.02222;0.022283;0.022457;0.022653;0.022923;0.022993;0.0226;0.022794;0.0224;0.022763;0.022278;0.022153;0.022117;0.022362;0.022195;0.022804;0.02248;0.022776;0.022467;0.022077;0.022137;0.022677;0.022089;0.022516;0.022081;0.0224;0.022564;0.022427;0.022777;0.02243;0.022707;0.022695;0.022493;0.022497;0.022395;0.022482;0.021904;0.022731;0.022524;0.0219;0.022385;0.022782;0.02232;0.023688;0.023126;0.022554;0.022619;0.022448;0.02226;0.022384;0.023231;0.022465;0.022278;0.022486;0.022462;0.022806;0.022645;0.022451;0.022672;0.022318;0.023042;0.02274;0.022189;0.022162;0.022431;0.0226;0.02214;0.022234;0.022924;0.022513;0.022337;0.022877;0.02286;0.022653;0.022552;0.022625;0.022387;0.022096;0.022431;0.022955;0.022523;0.022981;0.022502;0.022685;0.02261;0.022651;0.022748;0.023831;0.022363;0.022324;0.022884;0.022219;0.022751;0.022294;0.022603;0.022252;0.023018;0.022848;0.022719;0.022499;0.022721;0.02305;0.02246;0.022433;0.022186;0.02296;0.022689;0.022626;0.022715;0.022454;0.022274;0.022556;0.022408;0.02246;0.023044;0.022668;0.022541;0.022258;0.022359;0.022837;0.022708;0.022114;0.022612;0.022742;0.022898;0.023;0.022748;0.022856;0.022405;0.022171;0.022109;0.023505;0.022199;0.022514;0.022697;0.022616;0.022888;0.022672;0.022457;0.022373;0.022181;0.0226;0.022332;0.022557;0.022848;0.022677;0.022316;0.022984;0.022522;0.022331;0.022656;0.022519;0.022305;0.022469;0.022488;0.0222;0.022477;0.022334;0.022657;0.022259;0.022401;0.022629;0.022545;0.022329;0.022268;0.022375;0.022359;0.022327;0.022092;0.022539;0.022259;0.022891;0.022379;0.022411;0.022355;0.022223;0.02423;0.022898;0.022582;0.02293;0.023607;0.022556;0.02241;0.022614;0.023034;0.023008;0.022981;0.022682;0.023159;0.022552;0.022762;0.022694;0.022431;0.022743;0.023365;0.022992;0.023168;0.023091;0.022491;0.022581;0.022507;0.022873;0.023532;0.024221;0.025716;0.023684;0.022581;0.022624;0.022835;0.022648;0.022367;0.022649;0.022881;0.022728;0.023341;0.022741;0.022992;0.022339;0.022534;0.023986;0.022825;0.022591;0.022692;0.022367;0.02234;0.022049;0.022235;0.022856;0.023399;0.022492;0.022268;0.022311;0.022689;0.022427;0.022825;0.022781;0.022544;0.022246;0.021885;0.022466;0.022772;0.022389;0.022252;0.022979;0.02271;0.023013;0.022159;0.022504;0.022418;0.022708;0.022663;0.022705;0.022524;0.022521;0.023035;0.02241;0.023025;0.02262;0.022742;0.022294;0.022506;0.022586;0.022398;0.023791;0.022375;0.022765;0.023305;0.02294;0.023079;0.022917;0.022341;0.021924;0.02195;0.022349;0.022721;0.022691;0.022936;0.022694;0.022273;0.022476;0.022626;0.022438;0.022533;0.0229;0.022897;0.022506;0.022742;0.022299;0.022557;0.022249;0.022742;0.022366;0.02262;0.023541;0.022893;0.022754;0.022888;0.023423;0.022413;0.022361;0.022398;0.022719;0.022626;0.022262;0.022612;0.02298;0.022804;0.025839;0.022581;0.022439;0.022605;0.022579;0.022688;0.022522;0.02234;0.022512;0.022756;0.022397;0.022643;0.022418;0.022445;0.022335;0.022938;0.022315;0.022826;0.022492;0.022752;0.022674;0.022381;0.022444;0.022461;0.022304;0.02234;0.022115;0.022246;0.022483;0.022414;0.022172;0.022317;0.022651;0.02258;0.023465;0.022371;0.022093;0.022251;0.022002;0.022227;0.022494;0.022265;0.022413;0.022093;0.022024;0.032309;0.022322;0.022518;0.022198;0.022327;0.022366;0.022593;0.023109;0.022451;0.022286;0.022699;0.022474;0.02196;0.022287;0.022731;0.02251;0.022588;0.022666;0.022881;0.023018;0.022459;0.022365;0.022585;0.022892;0.022462;0.022599;0.022483;0.022615;0.022543;0.022692;0.022349;0.022727;0.022419;0.022372;0.022819;0.022263;0.023497;0.023616;0.022667;0.022436;0.022491;0.022371;0.022193;0.022591;0.023093;0.022666;0.022603;0.022287;0.022662;0.022282;0.022349;0.022629;0.022614;0.02264;0.022739;0.02229;0.022604;0.022823;0.022803;0.022717;0.022333;0.022899;0.022853;0.022254;0.022221;0.022285;0.022683;0.022915;0.022622;0.022973;0.022642;0.022879;0.023172;0.022892;0.022529;0.022704;0.022515;0.022499;0.022543;0.022518;0.022941;0.022755;0.022882;0.022713;0.022483;0.02243;0.022659;0.022274;0.023515;0.022788;0.022644;0.022651;0.022626;0.023781;0.023824;0.023174;0.022643;0.023125;0.022978;0.022548;0.022547;0.022588;0.022814;0.022425;0.022564;0.022713;0.022563;0.023092;0.022134;0.022619;0.022614;0.022194;0.022762;0.022685;0.022374;0.022196;0.022366;0.022732;0.022569;0.022396;0.022496;0.02213;0.022504;0.022763;0.022472;0.022339;0.022206;0.022786;0.023079;0.022397;0.022507;0.022283;0.023602;0.022788;0.0218;0.022365;0.022499;0.022219;0.022163;0.022677;0.022363;0.022108;0.022146;0.021984;0.022128;0.022146;0.022527;0.022626;0.022367;0.022429;0.023898;0.022493;0.022919;0.022363;0.022478;0.022338;0.022566;0.022644;0.022444;0.022784;0.022561;0.022371;0.022137;0.022324;0.022312;0.022217;0.022293;0.022441;0.022621;0.022279;0.02272;0.022083;0.022298;0.022579;0.022511;0.022775;0.023323;0.022184;0.022465;0.022566;0.022429;0.02245;0.022755;0.022564;0.02215;0.022771;0.022411;0.022676;0.02308;0.022317;0.022301;0.02251;0.023049;0.022576;0.022798;0.022091;0.022655;0.022721;0.022543;0.022152;0.022616;0.022819;0.022633;0.022415;0.022469;0.02255;0.023612;0.022802;0.022784;0.02249;0.022875;0.023217;0.022509;0.022912;0.02289;0.022363;0.022377;0.02254;0.022433;0.022756;0.023504;0.022348;0.022301;0.022576;0.0227;0.023103;0.022972;0.022629;0.022972;0.023036;0.022165;0.022334;0.022271;0.022385;0.022603;0.02252;0.022364;0.022036;0.022299;0.022413;0.022301;0.022289;0.022475;0.022214;0.022688;0.022407;0.022587;0.0226;0.022614;0.022458;0.02264;0.023114;0.022465;0.022489;0.022331;0.022376;0.022392;0.022771;0.022154;0.022185;0.022365;0.022367;0.023728;0.022594;0.022474;0.02388;0.0223;0.022076;0.023076;0.023429;0.023205;0.022628;0.022772;0.023114;0.023105;0.02244;0.022934;0.023081;0.022661;0.022512;0.023056;0.023051;0.022306;0.022275;0.021912;0.022203;0.022817;0.022564;0.022382;0.022069;0.022902;0.022537;0.022846;0.022879;0.022354;0.022315;0.022414;0.022921;0.022419;0.022851;0.022533;0.022956;0.022902;0.022797;0.022795;0.022401;0.022806;0.022785;0.022822;0.023751;0.022764;0.022331;0.022745;0.022328;0.022856;0.022115;0.022438;0.022761;0.022711;0.0225;0.022763;0.022625;0.022753;0.022133;0.0223;0.022615;0.022396;0.023215;0.023206;0.022524;0.022434;0.021941;0.022394;0.02302;0.0224;0.023057;0.022512;0.022578;0.022601;0.022346;0.022512;0.022448;0.022099;0.022624;0.022258;0.022525;0.022818;0.022733;0.022322;0.02229;0.022472;0.022693;0.02224;0.024145;0.0223;0.022104;0.022366;0.023422;0.022784;0.023112;0.023548;0.023222;0.022928;0.022232;0.023449;0.022955;0.022527;0.022228;0.022525;0.022497;0.022444;0.022232;0.023149;0.022643;0.022858;0.022196;0.023193;0.022689;0.022555;0.022575;0.022679;0.022716;0.022748;0.022385;0.022549;0.022241;0.023675;0.023582;0.022444;0.022809;0.022659;0.022443;0.022916;0.0228;0.022775;0.022764;0.022429;0.023552;0.02248;0.022848;0.022808;0.022559;0.02234;0.022556;0.022378;0.022294;0.022374;0.022124;0.022076;0.022722;0.022421;0.022267;0.022528;0.022535;0.022444;0.022239;0.022691;0.022986;0.022842;0.022788;0.022361;0.022478;0.022469;0.022732;0.022623;0.022653;0.022409;0.022768;0.022518;0.022722;0.022091;0.0226;0.022371;0.022209;0.023338;0.022871;0.022552;0.022658;0.022442;0.022492;0.022569;0.023631;0.022111;0.022517;0.022349;0.022497;0.022416;0.022679;0.022559;0.022346;0.022954;0.022808;0.022847;0.02207;0.022683;0.022484;0.022475;0.022539;0.022526;0.023367;0.023003;0.02258;0.023779;0.022926;0.023037;0.023252;0.022733;0.022752;0.022818;0.022388;0.02282;0.022532;0.02252;0.022697;0.022542;0.022923;0.022857;0.022219;0.022113;0.022425;0.022008;0.021929;0.023076;0.022057;0.022414;0.023635;0.02217;0.022699;0.022728;0.022363;0.022105;0.023677;0.022788;0.022118;0.022932;0.022653;0.022868;0.021989;0.022382;0.022927;0.022388;0.021971;0.021836;0.022863;0.022261;0.022082;0.021973;0.022612;0.022641;0.022479;0.022555;0.022404;0.022714;0.022338;0.022179;0.022639;0.022414;0.022461;0.022298;0.022323;0.022262;0.022413;0.022632;0.022532;0.022178;0.022301;0.022828;0.022432;0.022963;0.022279;0.023886;0.022391;0.02232;0.022877;0.022763;0.0231;0.023074;0.023486;0.022865;0.022839;0.022548;0.022266;0.022836;0.022581;0.022793;0.022389;0.022427;0.022886;0.022363;0.02251;0.022009;0.022309;0.02273;0.022648;0.022735;0.022517;0.022849;0.023252;0.023786;0.022268;0.022562;0.022449;0.022496;0.022064;0.021935;0.022287;0.022234;0.022527;0.02249;0.022456;0.022702;0.022315;0.022066;0.022372;0.023437;0.022584;0.022662;0.022822;0.023134;0.022936;0.022994;0.022682;0.022495;0.022626;0.022595;0.022303;0.022808;0.021911;0.022754;0.022632;0.022694;0.022713;0.022211;0.022363;0.022558;0.023361;0.0223;0.023056;0.022637;0.022205;0.022692;0.022355;0.023016;0.022846;0.023736;0.022382;0.022227;0.022477;0.022357;0.02244;0.022673;0.022268;0.022537;0.02255;0.022005;0.022725;0.02279;0.022676;0.024433;0.022912;0.022667;0.023079;0.023301;0.02257;0.022701;0.023436;0.023399;0.023116;0.023215;0.023124;0.022775;0.022565;0.023091;0.02258;0.022327;0.022603;0.02233;0.02225;0.022586;0.022437;0.023056;0.022583;0.022598;0.022963;0.022936;0.022298;0.022087;0.022714;0.022213;0.022822;0.022125;0.022649;0.022463;0.022195;0.022457;0.0223;0.022783;0.022382;0.022555;0.022235;0.022328;0.022075;0.023851;0.022314;0.022812;0.022829;0.022407;0.02254;0.022459;0.022853;0.023524;0.02239;0.022274;0.0225;0.02208;0.022611;0.022439;0.022847;0.022178;0.022331;0.022516;0.0227;0.022719;0.022705;0.022738;0.022793;0.022867;0.022795;0.022927;0.022819;0.02271;0.022886;0.022731;0.022786;0.022798;0.022834;0.022755;0.02275;0.023201;0.02298;0.022683;0.023158;0.022346;0.022617;0.022806;0.022579;0.02404;0.022642;0.022533;0.022709;0.023007;0.022877;0.022999;0.022596;0.023199;0.0226;0.022579;0.022904;0.022583;0.022547;0.022827;0.022733;0.023364;0.022756;0.022642;0.022357;0.023499;0.023648;0.022777;0.022851;0.022601;0.02284;0.022323;0.022207;0.022602;0.022879;0.022441;0.023032;0.02273;0.022289;0.022417;0.022299;0.022508;0.022455;0.022774;0.023087;0.02302;0.022613;0.022894;0.022704;0.023795;0.022838;0.022608;0.022819;0.022304;0.02242;0.022772;0.022609;0.02247;0.022205;0.022799;0.02246;0.02261;0.022722;0.023048;0.022204;0.02244;0.022456;0.022424;0.022404;0.022657;0.022793;0.022625;0.023067;0.023631;0.022523;0.022837;0.022423;0.022452;0.021995;0.022714;0.022472;0.022481;0.022394;0.022707;0.022661;0.022439;0.022609;0.022602;0.023139;0.02245;0.022765;0.022808;0.022144;0.023736;0.022643;0.022766;0.022076;0.022304;0.022559;0.022308;0.022361;0.02219;0.022738;0.022943;0.02248;0.022228;0.022217;0.022276;0.022449;0.022009;0.022263;0.022528;0.022403;0.022584;0.022749;0.022042;0.022402;0.02232;0.022713;0.022547;0.022945;0.02322;0.022624;0.022812;0.022987;0.022466;0.022654;0.022465;0.022396;0.022807;0.022574;0.022159;0.022341;0.022563;0.022542;0.022215;0.022338;0.023787;0.022654;0.022603;0.022529;0.022675;0.022567;0.022533;0.022359;0.022787;0.022528;0.022799;0.022933;0.022734;0.02263;0.022575;0.02265;0.022163;0.022708;0.022684;0.02279;0.022998;0.02258;0.022709;0.022587;0.022294;0.022449;0.022626;0.022039;0.022831;0.022366;0.022638;0.022635;0.02264;0.02263;0.022927;0.022455;0.022284;0.022951;0.022742;0.022641;0.022868;0.022664;0.022366;0.022551;0.022409;0.02328;0.022646;0.022633;0.022692;0.022977;0.022562;0.023733;0.02371;0.022646;0.022387;0.02264;0.02203;0.022779;0.022781;0.022629;0.022421;0.022378;0.022674;0.022485;0.02237;0.022615;0.02289;0.022658;0.022398;0.022602;0.022868;0.022636;0.022487;0.022185;0.022665;0.02246;0.02292;0.02271;0.022539;0.022797;0.022824;0.022428;0.022668;0.02202;0.022748;0.022632;0.02251;0.022448;0.022444;0.023819;0.022414;0.022271;0.022139;0.022794;0.0227;0.022769;0.022475;0.022794;0.022754;0.022869;0.022432;0.022496;0.022297;0.022729;0.022886;0.02251;0.022641;0.022825;0.023061;0.023775;0.023534;0.022498;0.022676;0.022302;0.022294;0.022868;0.022988;0.022633;0.022777;0.022374;0.022731;0.022627;0.022528;0.022835;0.022934;0.022927;0.02288;0.023034;0.022561;0.022447;0.022652;0.022396;0.022816;0.023779;0.022981;0.022667;0.022698;0.022553;0.022723;0.022882;0.022699;0.022355;0.022855;0.022532;0.022599;0.022187;0.022201;0.022584;0.023143;0.022561;0.02256;0.022722;0.022488;0.022458;0.022174;0.022643;0.022221;0.022527;0.022436;0.023315;0.022791;0.022426;0.022449;0.022462;0.02253;0.022627;0.022432;0.02236;0.022763;0.022788;0.022308;0.022678;0.022356;0.022424;0.022634;0.022923;0.022148;0.023994;0.022327;0.022137;0.022369;0.02202;0.023071;0.022953;0.023945;0.02445;0.023201;0.022652;0.022692;0.02263;0.022417;0.022361;0.022682;0.023024;0.022437;0.023086;0.022617;0.022466;0.022293;0.022464;0.022697;0.022675;0.022838;0.022136;0.022755;0.022718;0.022962;0.022834;0.022331;0.022405;0.022661;0.022733;0.022996;0.022737;0.022628;0.022736;0.023113;0.022885;0.022926;0.022891;0.022403;0.024277;0.022664;0.022495;0.022752;0.022689;0.02242;0.022507;0.022464;0.022729;0.022402;0.022546;0.023148;0.023088;0.02275;0.022638;0.022633;0.02253;0.022592;0.022505;0.022543;0.022118;0.022411;0.022515;0.02285;0.023032;0.022975;0.022876;0.022677;0.022408;0.02319;0.023639;0.023403;0.02274;0.022853;0.022312;0.022823;0.022519;0.022745;0.022423;0.022294;0.022533;0.022538;0.023213;0.022859;0.023836;0.0225;0.022726;0.022077;0.022378;0.022873;0.022233;0.023045;0.022635;0.022303;0.022924;0.022725;0.022871;0.022874;0.022891;0.022409;0.022353;0.022241;0.022739;0.022754;0.022577;0.022476;0.022594;0.022501;0.022647;0.022669;0.02262;0.02239;0.022315;0.022382;0.02242;0.022713;0.022633;0.022503;0.023079;0.023452;0.023428;0.022943;0.022852;0.022439;0.023088;0.023171;0.023039;0.022431;0.02398;0.022132;0.022483;0.022922;0.022688;0.023007;0.022355;0.022769;0.022583;0.022793;0.022436;0.022891;0.022341;0.022294;0.022125;0.022768;0.022584;0.022533;0.022924;0.022567;0.0227;0.022271;0.022147;0.022573;0.022488;0.022709;0.022685;0.022893;0.022728;0.022977;0.02253;0.022778;0.02389;0.022571;0.022627;0.022591;0.022654;0.022817;0.022502;0.022194;0.022749;0.022498;0.023298;0.02317;0.02567;0.022855;0.023193;0.023145;0.023636;0.024113;0.024342;0.023357;0.023262;0.02273;0.022721;0.02346;0.022378;0.023245;0.02237;0.022579;0.022694;0.023872;0.023686;0.023393;0.022946;0.023281;0.023114;0.026113;0.024424;0.022428;0.022308;0.022071;0.022412;0.022244;0.022517;0.022427;0.023466;0.022738;0.023243;0.022645;0.022622;0.022572;0.022834;0.022209;0.022077;0.022408;0.022506;0.024865;0.022511;0.022814;0.022368;0.023;0.022879;0.022562;0.022588;0.022794;0.022513;0.022977;0.022607;0.022167;0.02218;0.022911;0.02247;0.022494;0.023875;0.024197;0.02368;0.022912;0.023022;0.023018;0.022596;0.02277;0.022665;0.022324;0.02263;0.022642;0.022761;0.022586;0.022565;0.022413;0.022726;0.022584;0.022417;0.02258;0.022557;0.022398;0.022727;0.022628;0.023111;0.023283;0.022827;0.024742;0.022873;0.022476;0.022868;0.023061;0.023338;0.023379;0.02334;0.0234;0.023451;0.022631;0.022522;0.022319;0.022624;0.022898;0.022873;0.023137;0.022667;0.023093;0.021913;0.023537;0.026238;0.027004;0.025358;0.022936;0.023044;0.023001;0.022871;0.022954;0.023607;0.022932;0.022628;0.023041;0.022684;0.022459;0.022547;0.022998;0.022686;0.02263;0.022757;0.022875;0.023033;0.023052;0.024279;0.022581;0.022701;0.022913;0.023046;0.022881;0.023256;0.022775;0.022373;0.022319;0.022421;0.022427;0.022523;0.022326;0.02233;0.022406;0.022988;0.02257;0.022748;0.022434;0.023058;0.022347;0.022893;0.022912;0.022811;0.022726;0.022881;0.023665;0.024;0.023306;0.022819;0.023157;0.022313;0.022674;0.022474;0.022327;0.022309;0.022744;0.022756;0.022337;0.022534;0.022922;0.02275;0.022474;0.024262;0.022224;0.0227;0.022721;0.022689;0.023026;0.02246;0.022789;0.022375;0.022304;0.022288;0.022368;0.022709;0.022791;0.022668;0.022846;0.022591;0.022549;0.02211;0.022384;0.022824;0.022624;0.022761;0.022497;0.022765;0.022574;0.022622;0.022643;0.023707;0.02252;0.02218;0.022349;0.022457;0.022785;0.022458;0.022643;0.022846;0.022843;0.022884;0.022752;0.02265;0.023853;0.0239;0.023235;0.024422;0.022847;0.023117;0.022807;0.022869;0.023027;0.022956;0.022302;0.022455;0.022133;0.02242;0.022419;0.022254;0.022266;0.022871;0.022622;0.022775;0.022498;0.022828;0.022545;0.023071;0.02265;0.022518;0.022745;0.023314;0.022642;0.022645;0.02215;0.022364;0.022287;0.023012;0.022589;0.022543;0.022743;0.022541;0.022519;0.022267;0.022825;0.022713;0.022476;0.0223;0.022324;0.022156;0.022706;0.023458;0.022439;0.022598;0.022332;0.022227;0.022496;0.022099;0.022622;0.022905;0.023049;0.023465;0.023959;0.02257;0.022604;0.022443;0.022356;0.022823;0.0225;0.022207;0.022401;0.02267;0.022556;0.023027;0.022539;0.022295;0.022841;0.02244;0.022795;0.02263;0.022931;0.022665;0.022827;0.022263;0.022328;0.022824;0.022582;0.02261;0.022533;0.022578;0.021941;0.022197;0.022422;0.022508;0.022662;0.024242;0.022973;0.022729;0.022718;0.022891;0.02271;0.023388;0.022649;0.022581;0.022562;0.022587;0.022501;0.022872;0.022911;0.02288;0.022391;0.022562;0.022668;0.022421;0.022928;0.02293;0.022288;0.022981;0.022821;0.022346;0.0223;0.022629;0.022834;0.022133;0.022953;0.022766;0.022246;0.022397;0.02284;0.022498;0.022756;0.022961;0.022853;0.022707;0.022803;0.022298;0.023859;0.024231;0.022612;0.023622;0.022508;0.022338;0.02216;0.022757;0.022575;0.022789;0.022738;0.02257;0.022565;0.022724;0.022666;0.022796;0.022639;0.022846;0.02224;0.022096;0.022918;0.02268;0.02234;0.022625;0.023048;0.022982;0.022564;0.022524;0.022356;0.022909;0.022462;0.022077;0.022653;0.022599;0.02261;0.022941;0.022568;0.022722;0.022808;0.022374;0.022311;0.022679;0.022262;0.022456;0.022658;0.022305;0.022222;0.024129;0.022931;0.022327;0.022775;0.022841;0.022792;0.022939;0.022621;0.022146;0.022931;0.023522;0.02398;0.023196;0.022259;0.022631;0.02252;0.022785;0.022194;0.022588;0.022264;0.022165;0.022291;0.022487;0.022747;0.022965;0.022408;0.022187;0.02261;0.022464;0.022578;0.022744;0.022646;0.022179;0.022293;0.022499;0.022655;0.022691;0.023103;0.023474;0.022628;0.022848;0.022655;0.02251;0.022328;0.024287;0.022274;0.022645;0.02193;0.022333;0.022347;0.022922;0.022282;0.02411;0.022623;0.02253;0.022444;0.022726;0.022831;0.022369;0.023042;0.022271;0.022698;0.022534;0.02264;0.022881;0.022382;0.022541;0.022373;0.023108;0.022936;0.022772;0.025035;0.022584;0.022434;0.022613;0.022467;0.022697;0.022768;0.022559;0.022615;0.023042;0.022542;0.022812;0.022158;0.02275;0.022762;0.022756;0.022373;0.02409;0.022372;0.022645;0.022696;0.022474;0.022672;0.022416;0.022571;0.022153;0.022466;0.022056;0.022167;0.022306;0.02217;0.022549;0.022065;0.022294;0.023028;0.023121;0.022448;0.022247;0.022395;0.022325;0.022625;0.022159;0.022732;0.022534;0.02281;0.022594;0.02266;0.022016;0.022368;0.022339;0.022252;0.02242;0.022885;0.022559;0.022712;0.022227;0.023094;0.022652;0.022764;0.022018;0.022769;0.022256;0.023538;0.022645;0.022672;0.022783;0.022675;0.022976;0.022506;0.022153;0.022198;0.022706;0.023206;0.023889;0.023408;0.022763;0.023057;0.022648;0.022657;0.022715;0.02241;0.022852;0.022197;0.02293;0.022536;0.022685;0.022639;0.022798;0.022822;0.022389;0.022302;0.022647;0.02282;0.022647;0.022554;0.022738;0.022844;0.022738;0.022675;0.022707;0.022804;0.022572;0.022823;0.022798;0.022676;0.022229;0.023042;0.022118;0.022719;0.022397;0.022442;0.022442;0.022555;0.021951;0.022525;0.022691;0.022892;0.02266;0.02285;0.022306;0.022358;0.022165;0.022522;0.022537;0.022388;0.022998;0.022616;0.022466;0.022625;0.022724;0.022924;0.022817;0.022907;0.02261;0.022721;0.023009;0.022767;0.022038;0.02346;0.02405;0.023807;0.022078;0.022243;0.022623;0.02335;0.022501;0.022628;0.023033;0.022605;0.022605;0.023069;0.022286;0.022162;0.022229;0.022218;0.022089;0.022303;0.022673;0.023248;0.022889;0.02182;0.022215;0.022182;0.022556;0.022542;0.022994;0.022621;0.022451;0.023009;0.022353;0.021975;0.022924;0.022907;0.022792;0.022739;0.022394;0.022582;0.022412;0.022814;0.022147;0.022853;0.022149;0.022943;0.021991;0.02263;0.021984;0.022488;0.022272;0.022274;0.02211;0.022362;0.022667;0.022358;0.022381;0.023725;0.022232;0.022525;0.021998;0.022862;0.022546;0.022232;0.022634;0.022273;0.022226;0.022265;0.022337;0.022475;0.022581;0.022656;0.022721;0.022302;0.022189;0.022548;0.022497;0.022196;0.022301;0.022342;0.022675;0.022056;0.022543;0.022277;0.022308;0.022478;0.021994;0.022884;0.024089;0.023036;0.022314;0.023387;0.022952;0.022287;0.022536;0.021661;0.022071;0.022427;0.022967;0.022483;0.02237;0.023433;0.022588;0.022257;0.022601;0.022392;0.022635;0.02217;0.022721;0.022855;0.022628;0.022656;0.022273;0.022644;0.022758;0.022576;0.022489;0.022715;0.022504;0.022591;0.022402;0.022223;0.022321;0.022354;0.022227;0.022083;0.022364;0.022574;0.022647;0.02294;0.022078;0.022169;0.02248;0.022766;0.022502;0.022726;0.022477;0.022513;0.022419;0.022328;0.02241;0.022667;0.0226;0.022452;0.022712;0.022169;0.023933;0.022433;0.022657;0.02252;0.022719;0.022237;0.022631;0.023824;0.023363;0.022254;0.022626;0.022832;0.0224;0.022099;0.022497;0.022447;0.022953;0.022732;0.022665;0.023381;0.022787;0.022249;0.021858;0.02248;0.023051;0.022547;0.022336;0.022619;0.022511;0.022211;0.02296;0.0227;0.022883;0.022533;0.022577;0.022991;0.02274;0.02275;0.02272;0.022252;0.022334;0.022869;0.022761;0.022566;0.023848;0.022214;0.022324;0.022868;0.022262;0.022641;0.02275;0.022486;0.02263;0.022549;0.022525;0.022641;0.022252;0.022387;0.022808;0.022296;0.022348;0.022534;0.022341;0.02382;0.023007;0.023227;0.022425;0.022517;0.02223;0.022673;0.022444;0.022563;0.022542;0.022632;0.02189;0.022124;0.022136;0.02276;0.022697;0.0224;0.02263;0.02201;0.022659;0.022521;0.022678;0.022499;0.022528;0.022074;0.024546;0.022333;0.022545;0.022389;0.022878;0.022454;0.022921;0.02258;0.022669;0.02273;0.022394;0.022341;0.022403;0.022434;0.022546;0.022175;0.022596;0.022536;0.02265;0.022487;0.022373;0.02267;0.023697;0.022341;0.022422;0.02251;0.02261;0.022224;0.022795;0.022884;0.022753;0.022667;0.022561;0.022523;0.022945;0.02264;0.022339;0.023121;0.022289;0.022386;0.022396;0.022379;0.022801;0.022341;0.023633;0.02263;0.022719;0.022113;0.022675;0.022499;0.022436;0.02263;0.022893;0.022631;0.022712;0.022055;0.022346;0.022545;0.022797;0.023204;0.022699;0.022922;0.022606;0.022792;0.022666;0.022885;0.022315;0.022829;0.022424;0.022823;0.02253;0.02265;0.022903;0.022614;0.022851;0.022409;0.022451;0.023254;0.023814;0.022241;0.022714;0.022602;0.022877;0.022483;0.022337;0.022159;0.023014;0.023031;0.023114;0.022477;0.023024;0.022367;0.022703;0.022436;0.022743;0.022278;0.022165;0.022786;0.022942;0.022536;0.022771;0.022766;0.022818;0.022764;0.022816;0.022713;0.02231;0.02252;0.022925;0.022198;0.022822;0.02234;0.022651;0.022492;0.022561;0.022861;0.022863;0.022412;0.022666;0.022657;0.022867;0.022865;0.022581;0.022832;0.023405;0.023026;0.022124;0.022853;0.022773;0.022866;0.022581;0.022405;0.023446;0.022034;0.022509;0.022691;0.022874;0.022595;0.022582;0.023104;0.022755;0.022717;0.022517;0.022742;0.022523;0.022798;0.022529;0.022567;0.022601;0.022901;0.022615;0.022437;0.022338;0.022654;0.022644;0.022569;0.022442;0.022782;0.022802;0.022374;0.022333;0.022718;0.022689;0.022301;0.022421;0.022441;0.022557;0.022582;0.022465;0.022899;0.022472;0.022471;0.022092;0.021979;0.022478;0.02232;0.022751;0.023578;0.02196;0.022429;0.022365;0.022504;0.022239;0.022861;0.022373;0.022729;0.022572;0.02249;0.02208;0.022698;0.023094;0.021873;0.022581;0.022364;0.022606;0.022907;0.022569;0.022416;0.02274;0.022667;0.02206;0.022219;0.022246;0.022658;0.022946;0.022661;0.022444;0.022601;0.023027;0.022457;0.022304;0.02203;0.02227;0.02234;0.022387;0.022638;0.022557;0.022556;0.022721;0.022396;0.022533;0.023836;0.021908;0.022722;0.022281;0.022541;0.02249;0.022776;0.022821;0.022437;0.022724;0.022241;0.022561;0.021899;0.022323;0.022224;0.022745;0.022518;0.022392;0.022157;0.022151;0.023004;0.022417;0.022406;0.022007;0.022369;0.022731;0.02248;0.022622;0.022208;0.022432;0.022306;0.022212;0.0224;0.022803;0.022856;0.022349;0.022321;0.022058;0.02265;0.023082;0.022319;0.022211;0.022344;0.022395;0.023495;0.022793;0.022846;0.022548;0.02241;0.022801;0.022831;0.0226;0.022839;0.024085;0.022924;0.022794;0.022242;0.022714;0.022601;0.02258;0.02253;0.022801;0.022434;0.02232;0.022296;0.022846;0.022494;0.022396;0.022256;0.022577;0.022641;0.022435;0.022308;0.022335;0.022538;0.022432;0.022307;0.022519;0.022699;0.022731;0.022002;0.022607;0.022035;0.022333;0.022245;0.022402;0.022234;0.022317;0.022562;0.023207;0.022245;0.02268;0.022728;0.022858;0.022813;0.02247;0.02226;0.022209;0.02255;0.022304;0.022688;0.022558;0.022686;0.022867;0.02253;0.022854;0.022584;0.022506;0.022778;0.024294;0.022706;0.022777;0.022695;0.022637;0.022296;0.022989;0.022503;0.022594;0.022487;0.02302;0.022559;0.022192;0.022287;0.022537;0.022624;0.02256;0.022362;0.021947;0.022456;0.022466;0.022685;0.022392;0.022545;0.023795;0.022766;0.022903;0.022473;0.022556;0.022861;0.022639;0.022218;0.022752;0.022681;0.022569;0.022331;0.02231;0.02245;0.022151;0.022593;0.022171;0.023093;0.022596;0.022105;0.022292;0.022411;0.022963;0.022821;0.022824;0.022588;0.022396;0.022563;0.022827;0.022577;0.023034;0.02263;0.023146;0.023845;0.023551;0.022558;0.022639;0.022487;0.022537;0.023217;0.022449;0.022818;0.022397;0.022867;0.023651;0.022079;0.022374;0.022341;0.02263;0.022677;0.022251;0.022383;0.022567;0.022595;0.022546;0.022586;0.02266;0.022207;0.022588;0.022451;0.022496;0.022618;0.022829;0.022839;0.02233;0.022432;0.022598;0.022783;0.022544;0.022966;0.022241;0.022525;0.022595;0.023013;0.022873;0.022494;0.022228;0.022536;0.022636;0.022776;0.022338;0.023246;0.022911;0.022503;0.022316;0.022557;0.022347;0.022096;0.023586;0.022579;0.0221;0.022568;0.022327;0.022435;0.022274;0.02247;0.022674;0.022493;0.022861;0.022726;0.0223;0.022553;0.022251;0.022629;0.022368;0.023034;0.022519;0.022737;0.022496;0.02274;0.023164;0.022526;0.022642;0.021963;0.022307;0.022556;0.021958;0.022317;0.022435;0.022345;0.022279;0.022139;0.022444;0.022637;0.022991;0.02277;0.022641;0.022348;0.022335;0.022949;0.02229;0.02215;0.022339;0.023244;0.021877;0.022477;0.023173;0.022225;0.022325;0.022505;0.022813;0.02238;0.022043;0.022777;0.022564;0.022588;0.022577;0.022136;0.022418;0.022581;0.022666;0.021956;0.022322;0.022196;0.022214;0.022551;0.022245;0.02232;0.022498;0.022567;0.02209;0.022499;0.022574;0.02227;0.022329;0.022425;0.022807;0.022571;0.022784;0.022179;0.022263;0.022156;0.021919;0.021944;0.022793;0.021953;0.022133;0.023928;0.022475;0.022636;0.022621;0.022452;0.022491;0.022766;0.022212;0.02406;0.022407;0.02266;0.022672;0.022653;0.022316;0.022374;0.022749;0.022648;0.022413;0.022554;0.022335;0.022565;0.022534;0.022449;0.022601;0.022504;0.022434;0.022734;0.02254;0.022632;0.02212;0.022257;0.022853;0.02286;0.022534;0.023152;0.022643;0.022427;0.022774;0.022917;0.022525;0.022672;0.022046;0.02247;0.023042;0.022712;0.022436;0.022604;0.022678;0.022897;0.02251;0.022535;0.022444;0.022549;0.022598;0.022267;0.022689;0.022503;0.022221;0.022578;0.023285;0.022875;0.022579;0.022698;0.022482;0.022466;0.022595;0.022868;0.022661;0.022457;0.02283;0.022749;0.022841;0.02255;0.022861;0.022456;0.022324;0.022234;0.022769;0.022014;0.022938;0.022644;0.022694;0.022985;0.023298;0.022194;0.022476;0.022636;0.022918;0.023059;0.022883;0.022766;0.022505;0.022685;0.022399;0.022563;0.022388;0.022502;0.022556;0.022149;0.022526;0.022753;0.022293;0.02267;0.022335;0.022709;0.022632;0.022308;0.022442;0.02232;0.022622;0.023525;0.022841;0.022736;0.022833;0.02234;0.022501;0.022159;0.021873;0.0222;0.022166;0.022392;0.022578;0.022826;0.022372;0.022962;0.021835;0.022217;0.022758;0.022396;0.022488;0.022631;0.022554;0.024046;0.022834;0.022762;0.022571;0.022665;0.022534;0.022534;0.022453;0.02224;0.02254;0.022503;0.022562;0.022198;0.022974;0.022473;0.022289;0.02218;0.022412;0.022656;0.02263;0.023089;0.022747;0.022493;0.022413;0.022654;0.022425;0.022506;0.022537;0.02302;0.022335;0.022525;0.022747;0.022781;0.022663;0.023803;0.023268;0.02267;0.022667;0.022152;0.022702;0.022488;0.022483;0.022679;0.022679;0.02417;0.022485;0.022181;0.022471;0.022569;0.02224;0.022523;0.022721;0.022556;0.022844;0.022772;0.022918;0.022542;0.023025;0.022928;0.022267;0.022341;0.022789;0.022837;0.022919;0.022734;0.02308;0.02265;0.023158;0.021966;0.02314;0.022851;0.02231;0.022696;0.022743;0.022315;0.022395;0.022518;0.02211;0.022014;0.022468;0.022215;0.022183;0.022339;0.022739;0.022678;0.022058;0.022757;0.02217;0.029267;0.022579;0.022522;0.022438;0.022279;0.022315;0.022518;0.022607;0.022323;0.022583;0.022422;0.022259;0.02242;0.022355;0.022436;0.022738;0.022573;0.022488;0.022809;0.02306;0.022386;0.022676;0.02269;0.022565;0.022567;0.022541;0.022814;0.022659;0.022745;0.022209;0.023498;0.022469;0.022829;0.022697;0.022438;0.02232;0.022644;0.022308;0.022479;0.023003;0.022442;0.022545;0.022772;0.022228;0.023352;0.022149;0.022213;0.02234;0.022146;0.022166;0.02255;0.022614;0.022299;0.022293;0.022313;0.022876;0.022203;0.022223;0.0224;0.022148;0.022365;0.022722;0.022701;0.022833;0.022182;0.022559;0.022058;0.022854;0.022609;0.022741;0.022273;0.022899;0.022497;0.022215;0.022091;0.022105;0.022536;0.023321;0.023018;0.022353;0.022088;0.02249;0.022407;0.022562;0.022183;0.022238;0.02214;0.022568;0.023048;0.023056;0.022898;0.022398;0.023071;0.023082;0.022752;0.022757;0.022962;0.023237;0.022731;0.022468;0.022691;0.022674;0.02295;0.02226;0.022609;0.022712;0.022477;0.022222;0.022385;0.022334;0.022469;0.022848;0.02273;0.022375;0.022455;0.022361;0.022229;0.022707;0.022206;0.022268;0.02205;0.0225;0.0222;0.02258;0.02283;0.022872;0.022661;0.023052;0.022834;0.022907;0.022822;0.022904;0.022755;0.024116;0.023878;0.022194;0.022925;0.022421;0.022576;0.023018;0.023104;0.022493;0.022725;0.022663;0.022228;0.022946;0.022716;0.022056;0.022341;0.023012;0.02241;0.022699;0.02318;0.022982;0.022623;0.022782;0.023023;0.023396;0.022327;0.024497;0.022756;0.022625;0.022873;0.022191;0.022466;0.022874;0.022656;0.022453;0.022766;0.022568;0.02283;0.022791;0.022768;0.022626;0.023049;0.02279;0.022041;0.024052;0.022694;0.022947;0.023775;0.022517;0.022576;0.022172;0.022775;0.022546;0.023715;0.023094;0.022708;0.023133;0.023231;0.022827;0.022824;0.022752;0.023044;0.023801;0.022575;0.022349;0.022409;0.022935;0.022807;0.022577;0.022487;0.022188;0.022038;0.022137;0.022088;0.023414;0.022715;0.022928;0.022942;0.023332;0.022791;0.023029;0.023161;0.022686;0.022094;0.022422;0.022248;0.022427;0.025248;0.022372;0.023003;0.022713;0.023578;0.0232;0.0252;0.023798;0.022792;0.02379;0.023028;0.023191;0.0234;0.023069;0.022936;0.024143;0.023446;0.023917;0.023083;0.023406;0.023458;0.023125;0.023768;0.022869;0.02311;0.023248;0.023527;0.023353;0.023137;0.023677;0.023269;0.02332;0.024062;0.023722;0.023325;0.022956;0.022894;0.022846;0.022727;0.022701;0.023381;0.022676;0.023082;0.024733;0.022865;0.022578;0.023213;0.023518;0.022795;0.022751;0.022756;0.022926;0.023487;0.023437;0.023055;0.023349;0.022741;0.023301;0.023211;0.02395;0.02302;0.023203;0.024089;0.023958;0.023224;0.023705;0.023955;0.023311;0.024008;0.022968;0.022886;0.023401;0.023289;0.023341;0.023915;0.023606;0.023062;0.023341;0.024009;0.023051;0.023677;0.023517;0.02346;0.023504;0.023856;0.023826;0.026446;0.023429;0.023796;0.023235;0.024099;0.023432;0.022869;0.023392;0.023608;0.022603;0.023368;0.02408;0.02669;0.025061;0.022977;0.022698;0.022858;0.022969;0.022419;0.022876;0.022493;0.022572;0.024189;0.023097;0.022909;0.02337;0.023286;0.023267;0.02276;0.022689;0.023296;0.022846;0.023141;0.023263;0.023282;0.023785;0.023087;0.022952;0.023692;0.023985;0.023434;0.023029;0.023498;0.024561;0.022682;0.023617;0.023611;0.023137;0.023281;0.023209;0.022439;0.022894;0.023272;0.022601;0.023004;0.023028;0.022774;0.022594;0.022968;0.023782;0.022934;0.022541;0.022928;0.02289;0.022751;0.022886;0.023013;0.02404;0.024051;0.023525;0.023402;0.02317;0.023868;0.024517;0.023792;0.023085;0.023553;0.024714;0.026313;0.025312;0.024456;0.023738;0.023295;0.02321;0.023103;0.024581;0.023162;0.023156;0.023295;0.02315;0.023096;0.023123;0.023449;0.023668;0.023736;0.022621;0.023326;0.023284;0.023097;0.023197;0.023568;0.023163;0.022789;0.022788;0.023255;0.022945;0.023169;0.023333;0.02259;0.022999;0.023638;0.023764;0.023751;0.023128;0.023136;0.023629;0.023489;0.022963;0.023161;0.023675;0.024307;0.023337;0.022862;0.023509;0.022905;0.0232;0.023302;0.022527;0.025461;0.022949;0.023568;0.02291;0.023201;0.023645;0.023119;0.022655;0.023204;0.022914;0.02321;0.02254;0.023234;0.023255;0.023048;0.023035;0.023682;0.023556;0.023168;0.023172;0.023179;0.022683;0.023217;0.023512;0.023259;0.023598;0.023264;0.023123;0.023248;0.0232;0.022868;0.023201;0.022739;0.022558;0.023038;0.022377;0.023178;0.023128;0.022893;0.023294;0.022902;0.023375;0.022989;0.024628;0.023271;0.023012;0.022804;0.023888;0.02286;0.023292;0.023294;0.023375;0.023196;0.023639;0.023011;0.022892;0.023801;0.023461;0.023421;0.023496;0.023008;0.023688;0.022916;0.023205;0.023372;0.023376;0.023496;0.023109;0.023534;0.023291;0.023642;0.023529;0.023399;0.023566;0.023519;0.02345;0.02312;0.023294;0.023125;0.023101;0.024048;0.023651;0.023388;0.023291;0.023422;0.023122;0.024993;0.022839;0.023366;0.022664;0.022787;0.022656;0.023148;0.022722;0.022454;0.023193;0.022655;0.023127;0.024924;0.023372;0.023236;0.024282;0.022941;0.023056;0.022696;0.023018;0.023211;0.023084;0.023141;0.022808;0.023119;0.022759;0.023575;0.025086;0.024909;0.02377;0.022843;0.022865;0.023148;0.02303;0.022913;0.023167;0.022751;0.022777;0.023121;0.022824;0.022681;0.023309;0.023285;0.025583;0.02244;0.022755;0.022803;0.022886;0.022377;0.022525;0.022688;0.023187;0.023327;0.023396;0.02316;0.023408;0.023019;0.023269;0.022531;0.02256;0.022951;0.023231;0.022727;0.022867;0.022982;0.023149;0.02357;0.022902;0.02304;0.023467;0.024136;0.024462;0.022994;0.023024;0.023274;0.023015;0.022814;0.023033;0.023243;0.022977;0.02257;0.023485;0.023469;0.023164;0.023529;0.022881;0.024263;0.023018;0.022954;0.022542;0.023116;0.022483;0.022732;0.02308;0.022948;0.02273;0.022765;0.022767;0.02297;0.022888;0.023443;0.023;0.022899;0.02328;0.023328;0.023142;0.023479;0.023578;0.022623;0.023127;0.023365;0.02304;0.022701;0.023001;0.02283;0.023414;0.022685;0.02263;0.023205;0.02348;0.022895;0.023236;0.022951;0.022894;0.023274;0.023131;0.02312;0.023101;0.022833;0.02222;0.034426;0.02284;0.022832;0.023664;0.024202;0.023919;0.022592;0.023037;0.022871;0.022848;0.023437;0.023296;0.022798;0.022209;0.023256;0.022477;0.022576;0.022247;0.022324;0.022231;0.022676;0.022798;0.022515;0.022847;0.022471;0.022879;0.022183;0.022841;0.02283;0.023168;0.022915;0.022491;0.022631;0.02239;0.022788;0.022135;0.022352;0.022465;0.022046;0.022479;0.022304;0.022567;0.02267;0.024672;0.022713;0.023019;0.022915;0.022957;0.023585;0.023107;0.022613;0.022705;0.022693;0.022766;0.022296;0.022731;0.02235;0.022296;0.022281;0.022644;0.023617;0.022109;0.022671;0.022227;0.022893;0.02266;0.02265;0.022603;0.022284;0.022335;0.022788;0.022338;0.02255;0.022072;0.022247;0.022811;0.02279;0.022244;0.022408;0.022586;0.022484;0.022164;0.022617;0.022492;0.022818;0.021966;0.022776;0.023984;0.022882;0.022955;0.023208;0.023417;0.023026;0.023521;0.023122;0.023194;0.023116;0.022904;0.023386;0.022936;0.022653;0.022589;0.022246;0.022436;0.022404;0.022247;0.02264;0.022815;0.024028;0.023431;0.022864;0.022628;0.022601;0.022729;0.022666;0.022807;0.02254;0.022363;0.022355;0.022706;0.02241;0.022728;0.023056;0.022481;0.02251;0.022642;0.023372;0.022688;0.022598;0.02295;0.022537;0.024099;0.022622;0.022656;0.022801;0.023043;0.023419;0.022758;0.022597;0.022707;0.022714;0.023062;0.02264;0.02307;0.023245;0.022838;0.023163;0.0231;0.023145;0.0226;0.022928;0.023084;0.02286;0.023138;0.023157;0.023052;0.022272;0.022546;0.022917;0.023286;0.022785;0.022919;0.023095;0.023267;0.022999;0.023366;0.023364;0.022988;0.023388;0.022848;0.023057;0.022883;0.022909;0.022698;0.024846;0.023125;0.022601;0.023021;0.022608;0.022336;0.02282;0.022976;0.022799;0.023167;0.022744;0.022844;0.022735;0.022886;0.022954;0.022847;0.022764;0.023295;0.02289;0.023072;0.022975;0.022845;0.022644;0.023152;0.024546;0.023803;0.023279;0.023485;0.023335;0.022774;0.022689;0.023496;0.022752;0.022908;0.023109;0.02333;0.023644;0.02429;0.022936;0.022608;0.022931;0.023252;0.02345;0.022996;0.024458;0.02301;0.023214;0.023386;0.02273;0.023679;0.02296;0.022949;0.022503;0.02302;0.02289;0.023031;0.023298;0.022589;0.022612;0.022549;0.023092;0.022987;0.02271;0.022849;0.022797;0.023586;0.022985;0.022855;0.02286;0.023526;0.023187;0.023444;0.023516;0.023354;0.022548;0.022709;0.023483;0.02326;0.023391;0.02324;0.023045;0.022997;0.023713;0.023991;0.023267;0.022692;0.023124;0.025155;0.022875;0.022495;0.023019;0.023204;0.022949;0.022761;0.023143;0.02295;0.023013;0.023335;0.023503;0.02297;0.023821;0.023543;0.022866;0.022973;0.022808;0.022813;0.023109;0.02306;0.022839;0.023445;0.023019;0.023507;0.023035;0.023621;0.02239;0.023018;0.023202;0.023202;0.02263;0.023255;0.023506;0.023135;0.022829;0.022849;0.022859;0.023186;0.023035;0.023218;0.023171;0.023235;0.024569;0.02253;0.022648;0.022898;0.02293;0.022787;0.022805;0.023257;0.023411;0.023196;0.023842;0.023056;0.02273;0.0226;0.022711;0.023038;0.022501;0.02275;0.023137;0.022766;0.022982;0.023163;0.022851;0.022803;0.022821;0.023163;0.022792;0.023207;0.022794;0.023212;0.02289;0.023318;0.023366;0.022691;0.023107;0.022364;0.023508;0.0231;0.022984;0.023224;0.023207;0.023115;0.022577;0.025094;0.024373;0.022938;0.023442;0.022953;0.02345;0.022955;0.023006;0.022787;0.022826;0.022884;0.023131;0.023119;0.023058;0.022926;0.022518;0.023219;0.023507;0.022963;0.022872;0.023242;0.023125;0.023038;0.022677;0.022996;0.023154;0.023444;0.023309;0.022687;0.022623;0.022734;0.022722;0.023141;0.022724;0.023057;0.023193;0.022912;0.023026;0.02301;0.023012;0.022403;0.023166;0.023151;0.023542;0.025283;0.022982;0.022877;0.023185;0.022834;0.023115;0.023172;0.022711;0.022698;0.022521;0.023055;0.022926;0.024058;0.022762;0.022624;0.022491;0.022475;0.023067;0.023142;0.023324;0.023092;0.023052;0.02315;0.02282;0.022997;0.022333;0.022464;0.02323;0.022867;0.022649;0.023085;0.023156;0.022576;0.022594;0.022997;0.022849;0.02262;0.022935;0.022794;0.023232;0.023167;0.02279;0.022811;0.024882;0.022495;0.022568;0.022741;0.022708;0.022869;0.022706;0.022975;0.023017;0.023076;0.022661;0.022738;0.022495;0.022647;0.023479;0.023997;0.023267;0.022995;0.023095;0.022617;0.022877;0.023121;0.023332;0.02283;0.022779;0.022842;0.022605;0.023429;0.022664;0.022647;0.022774;0.023625;0.022557;0.022956;0.02241;0.022595;0.022913;0.022801;0.022262;0.022703;0.02282;0.022325;0.022627;0.022584;0.024589;0.022476;0.023081;0.02324;0.022561;0.022688;0.022562;0.02251;0.022483;0.022946;0.022731;0.022579;0.022627;0.022835;0.022497;0.022836;0.022787;0.023721;0.022947;0.022567;0.02295;0.022609;0.022646;0.02337;0.022704;0.022841;0.02315;0.022641;0.022537;0.022309;0.022426;0.022877;0.023075;0.023195;0.022886;0.023092;0.022717;0.02257;0.022742;0.023078;0.022966;0.02275;0.02259;0.02332;0.02522;0.023007;0.023255;0.023212;0.023091;0.022865;0.02282;0.023133;0.022902;0.022823;0.023083;0.022605;0.022953;0.022706;0.023192;0.022679;0.022724;0.022976;0.02256;0.022986;0.022873;0.023408;0.023036;0.023006;0.022662;0.022699;0.022647;0.022898;0.022503;0.023003;0.022541;0.023095;0.022976;0.022791;0.022514;0.022697;0.023031;0.022677;0.022688;0.023003;0.023068;0.022604;0.022677;0.024557;0.022579;0.022871;0.022871;0.02328;0.022994;0.022716;0.022576;0.022895;0.02285;0.022858;0.022655;0.022778;0.022843;0.023082;0.022489;0.022865;0.023167;0.023322;0.022559;0.023948;0.024057;0.022877;0.022857;0.022704;0.02248;0.023125;0.022994;0.022868;0.023245;0.022978;0.023055;0.023044;0.022558;0.022942;0.022665;0.023218;0.022601;0.022495;0.023037;0.022863;0.02314;0.022674;0.022846;0.025249;0.023124;0.022839;0.022881;0.02244;0.022463;0.022625;0.022371;0.022365;0.022796;0.02299;0.022694;0.022781;0.022976;0.023257;0.023111;0.022395;0.023243;0.023136;0.022892;0.022851;0.023099;0.023202;0.023186;0.024073;0.02305;0.023008;0.022622;0.023175;0.022575;0.022926;0.022793;0.02329;0.022809;0.022774;0.022875;0.022722;0.022468;0.021984;0.022867;0.022693;0.022371;0.022622;0.024804;0.022966;0.022623;0.022921;0.023005;0.022973;0.023377;0.022887;0.022491;0.022951;0.023111;0.022866;0.023307;0.023347;0.022833;0.022935;0.022953;0.023058;0.023117;0.023022;0.023699;0.023181;0.023159;0.02322;0.0228;0.023173;0.023144;0.024041;0.023172;0.023157;0.023048;0.02347;0.023192;0.023117;0.022891;0.022833;0.023112;0.02304;0.022998;0.022965;0.023303;0.023402;0.02285;0.023162;0.024193;0.022578;0.023064;0.023053;0.023077;0.02277;0.023032;0.022653;0.022749;0.023044;0.022783;0.02258;0.022649;0.023503;0.022768;0.022522;0.022955;0.02303;0.023013;0.023127;0.022742;0.022953;0.022942;0.023093;0.023338;0.022758;0.02299;0.023297;0.023127;0.022523;0.022859;0.022743;0.022847;0.023086;0.023034;0.022723;0.022972;0.023319;0.023863;0.022236;0.022877;0.022749;0.023241;0.024435;0.02308;0.022925;0.022973;0.022624;0.023155;0.022967;0.022744;0.023108;0.022554;0.022588;0.023236;0.023155;0.023025;0.022606;0.022782;0.02254;0.022865;0.0229;0.022853;0.022788;0.022803;0.022971;0.022876;0.022705;0.022869;0.022812;0.022569;0.022494;0.02282;0.022957;0.022946;0.023044;0.023046;0.022739;0.02241;0.022753;0.023332;0.023014;0.0231;0.022845;0.0232;0.023035;0.022847;0.024412;0.022907;0.022967;0.023082;0.023137;0.022966;0.023041;0.022819;0.023006;0.022926;0.022764;0.023095;0.023385;0.023069;0.022277;0.023497;0.023921;0.023428;0.023217;0.023103;0.023179;0.023442;0.022804;0.023089;0.023331;0.023133;0.023101;0.022858;0.023195;0.023255;0.023091;0.023186;0.023436;0.022977;0.023152;0.022367;0.023154;0.022886;0.023071;0.022906;0.02307;0.0229;0.023351;0.025536;0.022764;0.022749;0.023268;0.02278;0.023293;0.022552;0.022316;0.022734;0.022638;0.023099;0.022995;0.022883;0.022709;0.02247;0.022978;0.023137;0.022899;0.022625;0.022969;0.022577;0.022944;0.023097;0.023543;0.023123;0.022888;0.022942;0.023247;0.023725;0.022628;0.022529;0.022344;0.022888;0.022644;0.023252;0.022803;0.023348;0.022889;0.022749;0.022671;0.022752;0.02303;0.022717;0.024168;0.022882;0.023106;0.022799;0.022668;0.02273;0.02265;0.02308;0.023091;0.022959;0.022756;0.023062;0.022946;0.022579;0.02299;0.023095;0.02277;0.022809;0.022757;0.022769;0.022615;0.023719;0.023288;0.022805;0.023128;0.022959;0.022774;0.022949;0.022789;0.0228;0.023237;0.022857;0.022971;0.022691;0.02288;0.022885;0.02322;0.022913;0.022955;0.022945;0.023958;0.023132;0.023251;0.023247;0.024888;0.023097;0.022857;0.023135;0.023121;0.02296;0.022919;0.023045;0.022989;0.022918;0.023153;0.022658;0.023074;0.022955;0.022703;0.023635;0.023218;0.022686;0.023336;0.022986;0.022826;0.022804;0.023085;0.023375;0.023385;0.02319;0.023202;0.023355;0.023073;0.022813;0.023135;0.022743;0.02286;0.023183;0.022352;0.022822;0.022954;0.022937;0.023076;0.022829;0.022684;0.023278;0.023038;0.025658;0.02292;0.022755;0.022874;0.022839;0.022972;0.023042;0.023058;0.022929;0.023839;0.022755;0.023055;0.023183;0.02268;0.022888;0.022746;0.023103;0.022568;0.02294;0.023103;0.022754;0.023483;0.023299;0.02306;0.022945;0.02334;0.022896;0.022961;0.02298;0.023141;0.022896;0.023162;0.023404;0.022932;0.022715;0.023475;0.022953;0.022675;0.02303;0.022798;0.023317;0.022577;0.022704;0.022859;0.024772;0.022528;0.022747;0.023067;0.022477;0.02282;0.022735;0.022998;0.022832;0.023008;0.022607;0.024466;0.02266;0.02296;0.022985;0.023212;0.023332;0.022942;0.023022;0.022839;0.022943;0.022931;0.023006;0.022968;0.022862;0.022833;0.022821;0.022915;0.022808;0.022815;0.02307;0.023393;0.023103;0.022869;0.022977;0.022779;0.022608;0.022785;0.022758;0.022687;0.023056;0.022557;0.023058;0.025466;0.022949;0.023036;0.022594;0.022851;0.023452;0.02274;0.022727;0.022942;0.022865;0.022785;0.023033;0.022855;0.02297;0.022877;0.022695;0.023098;0.022968;0.02263;0.023061;0.022791;0.022723;0.023102;0.022787;0.022835;0.022508;0.022877;0.022954;0.023303;0.02243;0.022436;0.022449;0.022451;0.02317;0.022879;0.023281;0.023115;0.022986;0.022893;0.023065;0.023119;0.022408;0.022635;0.022986;0.02523;0.022753;0.022932;0.023151;0.023524;0.022796;0.022854;0.022691;0.023058;0.022638;0.022758;0.022751;0.022596;0.023048;0.022842;0.023473;0.023778;0.02291;0.022698;0.022507;0.022815;0.022772;0.023027;0.022877;0.022711;0.023001;0.022997;0.022892;0.023104;0.023168;0.022973;0.022913;0.022916;0.022733;0.023603;0.022925;0.022959;0.022947;0.022987;0.023235;0.022921;0.023154;0.023093;0.025126;0.02276;0.022961;0.022592;0.022501;0.023145;0.022589;0.022904;0.022653;0.022852;0.023074;0.022914;0.023166;0.023307;0.022663;0.023042;0.022588;0.022798;0.023276;0.023805;0.022454;0.022233;0.022565;0.023222;0.023304;0.022752;0.022709;0.023337;0.023166;0.023015;0.022874;0.022605;0.022834;0.022762;0.022942;0.022873;0.022931;0.022601;0.023053;0.022627;0.022909;0.022616;0.022767;0.022546;0.024678;0.022826;0.022804;0.022995;0.023461;0.023017;0.022975;0.022964;0.022478;0.022761;0.022906;0.02271;0.023507;0.022818;0.022991;0.022901;0.022726;0.023146;0.022717;0.023043;0.022432;0.023251;0.02299;0.022704;0.022911;0.022853;0.022816;0.022956;0.023259;0.022942;0.023023;0.022633;0.022654;0.022589;0.022961;0.022554;0.022896;0.022741;0.02294;0.022777;0.023621;0.023089;0.023137;0.025081;0.022755;0.023244;0.022592;0.022992;0.022751;0.022794;0.022623;0.023278;0.022758;0.023125;0.022705;0.022694;0.022798;0.022445;0.022794;0.022648;0.022514;0.023026;0.023207;0.023141;0.023791;0.022602;0.022812;0.023366;0.023082;0.022713;0.022929;0.023012;0.023195;0.023159;0.023175;0.022932;0.022698;0.022732;0.023107;0.022822;0.022597;0.023924;0.023534;0.023067;0.02311;0.023397;0.023586;0.023975;0.022695;0.022433;0.022991;0.022787;0.022719;0.022808;0.023122;0.023221;0.023062;0.023068;0.022907;0.022457;0.023109;0.022971;0.023371;0.023136;0.022671;0.023039;0.023174;0.023006;0.022933;0.022505;0.022771;0.023061;0.023006;0.02276;0.022458;0.022765;0.023076;0.022701;0.022605;0.023121;0.023315;0.023114;0.022792;0.023142;0.022867;0.022757;0.022636;0.02282;0.023145;0.023038;0.02464;0.02279;0.022423;0.022825;0.02278;0.022423;0.022976;0.022781;0.023402;0.023399;0.022722;0.023512;0.023483;0.023091;0.023267;0.023026;0.022727;0.022877;0.022844;0.023307;0.024095;0.022999;0.022739;0.022643;0.02315;0.023101;0.023085;0.02302;0.023164;0.023534;0.023067;0.022511;0.02327;0.023179;0.022913;0.022449;0.023221;0.02285;0.023374;0.022703;0.022899;0.022571;0.022658;0.024834;0.023023;0.022413;0.022885;0.022994;0.022713;0.023092;0.022739;0.023026;0.023258;0.022667;0.022442;0.022614;0.02305;0.023209;0.022822;0.022678;0.022845;0.022885;0.022673;0.022896;0.023078;0.022807;0.02289;0.022871;0.023526;0.022812;0.022608;0.023122;0.023007;0.022846;0.023907;0.023847;0.023385;0.022599;0.022989;0.022864;0.022847;0.02274;0.023133;0.022388;0.022776;0.02348;0.023243;0.024765;0.023015;0.022959;0.023187;0.023028;0.023096;0.022583;0.02273;0.022867;0.023068;0.022867;0.0232;0.022919;0.02272;0.022845;0.023401;0.022991;0.022986;0.023156;0.023519;0.022627;0.023157;0.022606;0.022941;0.023008;0.022921;0.023253;0.023006;0.022861;0.023042;0.022897;0.022771;0.022837;0.024161;0.023143;0.023235;0.022792;0.022739;0.022731;0.022922;0.023001;0.023043;0.022922;0.025293;0.022745;0.022768;0.023037;0.022812;0.022897;0.023047;0.022939;0.022807;0.02308;0.023111;0.023147;0.022722;0.022833;0.022751;0.022408;0.022136;0.022527;0.022952;0.023104;0.022599;0.022837;0.022839;0.02308;0.022516;0.023051;0.022654;0.022829;0.023051;0.022543;0.022719;0.022912;0.022861;0.022987;0.022873;0.022698;0.022633;0.023149;0.023448;0.022879;0.022856;0.022898;0.022711;0.02291;0.025082;0.023187;0.022956;0.022955;0.022483;0.022701;0.022889;0.022979;0.022903;0.022937;0.024039;0.02273;0.022946;0.023023;0.023344;0.023002;0.022685;0.022517;0.022639;0.02281;0.02258;0.023001;0.023144;0.022611;0.022997;0.022828;0.023105;0.02272;0.023148;0.022628;0.022985;0.023187;0.023018;0.023116;0.023267;0.023161;0.022551;0.022995;0.023167;0.022916;0.0232;0.02296;0.023115;0.024643;0.022854;0.023094;0.022542;0.022646;0.022607;0.02226;0.022685;0.023094;0.022461;0.023217;0.022961;0.022949;0.02281;0.023191;0.02313;0.022857;0.022593;0.02286;0.02276;0.023273;0.022625;0.02389;0.023284;0.022629;0.022274;0.022104;0.02267;0.023111;0.02301;0.022601;0.022768;0.022698;0.022704;0.023175;0.022791;0.022506;0.023075;0.022706;0.023163;0.022649;0.023096;0.022907;0.022977;0.024901;0.022804;0.022769;0.022611;0.022778;0.022906;0.0232;0.022913;0.023103;0.022934;0.023097;0.022766;0.022767;0.022991;0.023352;0.022917;0.022809;0.022817;0.022543;0.022862;0.022694;0.022849;0.022739;0.022605;0.022969;0.023901;0.022915;0.023694;0.022835;0.022751;0.02277;0.022679;0.022886;0.023223;0.022539;0.022354;0.022526;0.022729;0.022552;0.022508;0.02281;0.022571;0.023227;0.022483;0.02405;0.022726;0.022956;0.022586;0.022542;0.023321;0.022537;0.022646;0.022775;0.02304;0.022921;0.022432;0.022852;0.022932;0.022734;0.022991;0.022637;0.023273;0.023257;0.023155;0.022766;0.0232;0.023299;0.022998;0.022902;0.022832;0.02359;0.024144;0.02276;0.023071;0.022819;0.022614;0.023003;0.022332;0.023144;0.022602;0.022825;0.022698;0.022783;0.023195;0.022903;0.022666;0.02247;0.025611;0.02263;0.023023;0.022791;0.022999;0.023305;0.022775;0.02293;0.022669;0.022793;0.022774;0.023029;0.022948;0.02291;0.023412;0.022747;0.023327;0.022315;0.022516;0.022629;0.022822;0.023057;0.022941;0.022772;0.022904;0.022771;0.022724;0.023106;0.023524;0.023052;0.024115;0.022905;0.022528;0.022429;0.023041;0.023471;0.022896;0.022885;0.022975;0.022666;0.02287;0.022688;0.02314;0.022409;0.024321;0.022868;0.022842;0.022556;0.022714;0.023106;0.022864;0.02286;0.022765;0.022723;0.022922;0.022676;0.022851;0.022753;0.022221;0.022463;0.023247;0.023766;0.022509;0.022659;0.022969;0.022834;0.022989;0.023396;0.023239;0.02292;0.023215;0.023113;0.022457;0.022813;0.023185;0.022967;0.022557;0.023078;0.022716;0.022898;0.02302;0.022903;0.022974;0.022638;0.02278;0.022916;0.023053;0.025209;0.023113;0.023209;0.023263;0.022722;0.023222;0.023175;0.022885;0.022655;0.022884;0.022808;0.022363;0.0226;0.02266;0.022393;0.022791;0.022663;0.023686;0.022798;0.023132;0.022411;0.022074;0.022339;0.022653;0.022088;0.022464;0.022873;0.022491;0.022719;0.022492;0.022625;0.022624;0.022877;0.02246;0.022608;0.022407;0.022467;0.022727;0.022472;0.022453;0.022463;0.022531;0.022781;0.022862;0.024594;0.023024;0.022717;0.022367;0.022857;0.022911;0.023311;0.023388;0.023327;0.022909;0.023073;0.022913;0.023037;0.022568;0.023145;0.022514;0.022654;0.02246;0.022565;0.022192;0.022366;0.023004;0.022762;0.022891;0.022855;0.022436;0.023029;0.022424;0.022426;0.023628;0.023749;0.022516;0.022874;0.022891;0.022655;0.022837;0.022511;0.02234;0.023007;0.022935;0.023069;0.022499;0.022756;0.02272;0.02448;0.022009;0.022322;0.022901;0.02281;0.022765;0.022651;0.022695;0.022531;0.022658;0.022935;0.023107;0.023079;0.022916;0.022933;0.022656;0.022767;0.022131;0.022832;0.022765;0.022709;0.022686;0.0222;0.022305;0.022575;0.022096;0.02281;0.022419;0.022314;0.022456;0.022972;0.022304;0.022297;0.022438;0.022997;0.022713;0.02243;0.022741;0.022342;0.022038;0.02207;0.022482;0.022298;0.023694;0.024315;0.022385;0.022594;0.022457;0.022786;0.023242;0.022995;0.022646;0.022652;0.022716;0.023036;0.023012;0.022941;0.022672;0.022472;0.022857;0.022638;0.022469;0.02233;0.022205;0.022189;0.02237;0.023079;0.022591;0.022764;0.022726;0.022436;0.022335;0.022629;0.02286;0.022426;0.022506;0.022829;0.022654;0.022627;0.022998;0.022499;0.02223;0.022486;0.022211;0.02286;0.022081;0.022091;0.023125;0.024237;0.022483;0.02237;0.023486;0.024092;0.023214;0.022941;0.023082;0.023291;0.023306;0.022678;0.022975;0.022867;0.022569;0.023088;0.022526;0.022761;0.022266;0.022138;0.022111;0.022421;0.022637;0.022558;0.022562;0.022495;0.022718;0.022298;0.022658;0.022645;0.022383;0.022529;0.022181;0.022696;0.022562;0.022506;0.022565;0.022749;0.022309;0.022747;0.023088;0.022585;0.022471;0.022607;0.022717;0.02437;0.022774;0.02349;0.023037;0.022684;0.023098;0.022766;0.022811;0.023592;0.022906;0.023129;0.023184;0.023152;0.022955;0.023102;0.022393;0.023351;0.023608;0.023172;0.022497;0.02256;0.022551;0.022261;0.022606;0.022744;0.022635;0.022555;0.022535;0.022428;0.0223;0.022783;0.02227;0.022819;0.022615;0.022626;0.02259;0.022829;0.023242;0.023341;0.02296;0.023106;0.022981;0.022491;0.022851;0.025013;0.023001;0.023025;0.02303;0.022921;0.022923;0.022768;0.022902;0.023011;0.02293;0.022764;0.023031;0.023162;0.022828;0.02313;0.022991;0.023186;0.023182;0.022673;0.022838;0.023261;0.023313;0.022709;0.022821;0.022915;0.023182;0.022797;0.023077;0.022567;0.022864;0.022939;0.023076;0.02353;0.023279;0.023163;0.022602;0.023179;0.022787;0.024253;0.023099;0.023161;0.022755;0.022795;0.024417;0.022712;0.022939;0.023144;0.023129;0.022841;0.022862;0.022966;0.022694;0.02322;0.02245;0.022433;0.022771;0.02288;0.022891;0.022314;0.022164;0.022732;0.022503;0.022316;0.022493;0.022321;0.022315;0.022289;0.022975;0.022174;0.022599;0.022224;0.022147;0.022513;0.0227;0.022652;0.022902;0.022558;0.022996;0.022559;0.023078;0.0229;0.022489;0.022775;0.022524;0.023011;0.022121;0.022941;0.024027;0.022412;0.022675;0.022501;0.022925;0.022725;0.022801;0.022838;0.023174;0.02307;0.022776;0.02289;0.02284;0.023221;0.022345;0.022401;0.022569;0.022634;0.022637;0.022729;0.022725;0.022764;0.022599;0.022366;0.023076;0.022472;0.022403;0.022689;0.023504;0.023661;0.022911;0.022991;0.022803;0.02265;0.022686;0.023205;0.022969;0.022717;0.022412;0.022531;0.02304;0.02236;0.022546;0.022649;0.024717;0.022116;0.022439;0.022591;0.022798;0.022799;0.022769;0.022918;0.023016;0.023012;0.023304;0.023125;0.022696;0.023009;0.02287;0.022656;0.023036;0.022341;0.022693;0.022727;0.022431;0.022422;0.022244;0.022651;0.022427;0.02223;0.022531;0.022594;0.022475;0.022447;0.021937;0.022163;0.022649;0.022423;0.022542;0.02251;0.022417;0.022848;0.02309;0.022856;0.022103;0.022415;0.022995;0.024229;0.02492;0.02238;0.022319;0.022555;0.023268;0.023254;0.022922;0.022601;0.023159;0.022885;0.023081;0.02299;0.02293;0.022675;0.022651;0.022759;0.022661;0.022575;0.022461;0.022647;0.022596;0.022027;0.022968;0.022564;0.022442;0.022684;0.02274;0.022894;0.022517;0.022923;0.022253;0.022204;0.022477;0.022486;0.023038;0.02235;0.022689;0.0223;0.022075;0.022618;0.022587;0.022662;0.022263;0.022318;0.02395;0.022453;0.023486;0.023206;0.022601;0.022303;0.023393;0.022862;0.022699;0.022826;0.022857;0.023208;0.022894;0.022823;0.023162;0.022757;0.023139;0.022948;0.022786;0.022788;0.02297;0.022345;0.022197;0.022784;0.022542;0.022662;0.022457;0.022863;0.022911;0.02217;0.022412;0.022619;0.022004;0.023024;0.02259;0.022725;0.022652;0.022281;0.022532;0.022251;0.022426;0.022539;0.022138;0.022853;0.024772;0.022921;0.023113;0.023211;0.022716;0.023064;0.023112;0.022585;0.023097;0.023209;0.022831;0.022834;0.023036;0.022634;0.023825;0.02365;0.023112;0.023082;0.022893;0.02332;0.022403;0.023179;0.023069;0.02318;0.023048;0.022885;0.023146;0.022844;0.022726;0.02292;0.023105;0.022907;0.022932;0.022701;0.023198;0.023099;0.022962;0.022826;0.023274;0.023211;0.02329;0.023361;0.022505;0.024895;0.022576;0.022661;0.023011;0.022742;0.023112;0.023119;0.02251;0.022947;0.022929;0.023168;0.023061;0.023255;0.0227;0.022569;0.023156;0.022728;0.022937;0.023458;0.022935;0.022367;0.022527;0.022503;0.022494;0.022551;0.022366;0.023096;0.023388;0.022932;0.022926;0.022493;0.022604;0.022512;0.022259;0.022514;0.022433;0.022672;0.022378;0.023128;0.022689;0.02319;0.022644;0.02369;0.023076;0.024385;0.022941;0.022331;0.023066;0.023201;0.023273;0.022913;0.023022;0.022933;0.023105;0.022652;0.02256;0.02238;0.022279;0.023038;0.022965;0.022848;0.02234;0.022827;0.022692;0.022397;0.022126;0.022584;0.022703;0.023032;0.023069;0.022501;0.022959;0.02278;0.022746;0.023037;0.022932;0.02297;0.022416;0.022907;0.022657;0.022878;0.022877;0.023281;0.022905;0.023133;0.022491;0.022553;0.022756;0.024423;0.022756;0.023179;0.023417;0.024192;0.023173;0.022569;0.022794;0.022897;0.02289;0.023092;0.023204;0.023325;0.023107;0.022931;0.023358;0.022515;0.02296;0.022933;0.022829;0.022939;0.023103;0.023213;0.022895;0.023031;0.022925;0.022987;0.022794;0.022921;0.022785;0.0227;0.023041;0.022599;0.023155;0.022984;0.022914;0.022944;0.02268;0.022937;0.023256;0.023143;0.023002;0.023015;0.025129;0.022963;0.022845;0.022338;0.022679;0.02273;0.022749;0.022883;0.023418;0.022762;0.023073;0.023065;0.022752;0.023048;0.022297;0.022887;0.022715;0.023201;0.02323;0.023231;0.022825;0.023022;0.023505;0.022713;0.023184;0.023912;0.023922;0.02276;0.022311;0.022334;0.023242;0.022772;0.023203;0.022855;0.023235;0.02348;0.023416;0.022725;0.023028;0.022632;0.02279;0.02319;0.022852;0.024583;0.022743;0.022765;0.023034;0.022809;0.02286;0.023265;0.022696;0.023318;0.023017;0.023321;0.02301;0.023058;0.022868;0.023397;0.023021;0.022557;0.02312;0.02287;0.022848;0.02277;0.02269;0.023117;0.02286;0.022654;0.022927;0.022896;0.022684;0.023888;0.023755;0.022832;0.022668;0.022985;0.022795;0.022707;0.02315;0.022826;0.022847;0.02268;0.022591;0.022843;0.022565;0.023021;0.02326;0.024683;0.022686;0.02307;0.022768;0.022847;0.02252;0.022739;0.023475;0.02322;0.023081;0.022922;0.023212;0.022535;0.022939;0.022601;0.023633;0.023107;0.02266;0.022917;0.023114;0.022654;0.022955;0.022801;0.023485;0.022526;0.023233;0.023292;0.0229;0.023121;0.023219;0.023145;0.023057;0.02271;0.022982;0.023297;0.02299;0.023194;0.022536;0.022959;0.024376;0.02364;0.023123;0.023156;0.024655;0.022141;0.022504;0.022609;0.023021;0.022729;0.022786;0.02308;0.023225;0.022624;0.023106;0.02297;0.022513;0.023094;0.022579;0.023421;0.022749;0.023283;0.02252;0.023202;0.022852;0.02277;0.023217;0.023424;0.02313;0.022873;0.022703;0.022885;0.022541;0.022837;0.023249;0.023002;0.023196;0.023445;0.022947;0.022843;0.022906;0.023059;0.023179;0.022779;0.023173;0.023187;0.022992;0.023206;0.024853;0.023077;0.023004;0.0227;0.022937;0.022832;0.022633;0.023213;0.02282;0.023167;0.022959;0.023111;0.023139;0.023088;0.022958;0.023237;0.023508;0.023758;0.022388;0.02249;0.023065;0.022875;0.022521;0.022399;0.023254;0.02306;0.023187;0.023254;0.022861;0.023121;0.023532;0.02308;0.023217;0.02398;0.02279;0.023155;0.023112;0.023013;0.023411;0.022689;0.022806;0.0233;0.02307;0.024991;0.022667;0.023244;0.02286;0.023065;0.023206;0.022997;0.023088;0.022859;0.022851;0.023365;0.022964;0.022909;0.022921;0.022704;0.022473;0.022798;0.022807;0.022892;0.022574;0.022779;0.022674;0.022676;0.02279;0.022681;0.023436;0.022932;0.022944;0.022595;0.023955;0.023123;0.022729;0.022753;0.023128;0.023586;0.022678;0.022758;0.022917;0.022942;0.0224;0.022859;0.023085;0.02253;0.02431;0.02271;0.022542;0.022556;0.022687;0.02327;0.022757;0.022558;0.02303;0.023302;0.02285;0.022729;0.022742;0.023017;0.022624;0.02248;0.02277;0.023094;0.02253;0.022923;0.022546;0.022569;0.02291;0.022442;0.022976;0.023132;0.022907;0.022901;0.02352;0.023153;0.02324;0.023074;0.022976;0.02317;0.022812;0.023087;0.022809;0.023362;0.023348;0.02271;0.022882;0.023033;0.023058;0.022884;0.02508;0.022796;0.023167;0.023194;0.022979;0.023448;0.022757;0.022945;0.023108;0.022748;0.023293;0.023048;0.023264;0.022873;0.022596;0.023127;0.023462;0.023137;0.023291;0.022662;0.02319;0.022876;0.022852;0.023355;0.022944;0.023296;0.023365;0.023206;0.022872;0.023074;0.0229;0.023267;0.02328;0.023115;0.022689;0.023051;0.022933;0.022763;0.022916;0.022636;0.023188;0.02283;0.023165;0.025226;0.022418;0.02269;0.023069;0.022972;0.022897;0.022669;0.022777;0.023038;0.024047;0.023411;0.022691;0.022816;0.023434;0.022357;0.022926;0.023015;0.022514;0.02255;0.023175;0.022819;0.023061;0.023184;0.023274;0.023035;0.022555;0.023444;0.02315;0.023348;0.023144;0.023514;0.022961;0.023052;0.022709;0.022997;0.023135;0.023047;0.023299;0.023018;0.023345;0.023165;0.023203;0.022746;0.023376;0.024092;0.023193;0.023074;0.022605;0.023275;0.02332;0.022952;0.02272;0.023458;0.023453;0.022878;0.024255;0.022319;0.02251;0.022426;0.022493;0.022837;0.022661;0.023016;0.022746;0.023079;0.02312;0.023015;0.023341;0.022963;0.02268;0.023401;0.023176;0.023073;0.022998;0.022681;0.022872;0.023079;0.022906;0.023051;0.022785;0.022719;0.023065;0.023128;0.0225;0.022542;0.02323;0.023261;0.025581;0.023129;0.023205;0.023333;0.022716;0.022987;0.02335;0.023208;0.022717;0.023308;0.023477;0.023277;0.022922;0.023089;0.023396;0.023003;0.022875;0.023492;0.022635;0.022994;0.02297;0.022768;0.023267;0.024161;0.023178;0.023037;0.022977;0.02318;0.02297;0.022831;0.022857;0.02337;0.022847;0.022821;0.023084;0.022757;0.023338;0.023373;0.022806;0.022438;0.02285;0.022898;0.023102;0.025004;0.022661;0.023201;0.022765;0.023295;0.022434;0.022897;0.0229;0.022676;0.0231;0.022976;0.02269;0.023256;0.022723;0.022541;0.022992;0.023155;0.022921;0.023375;0.022959;0.023678;0.023357;0.022645;0.02287;0.023027;0.023069;0.02298;0.022861;0.022833;0.022419;0.023193;0.022882;0.022756;0.022752;0.022959;0.022877;0.023063;0.023032;0.022806;0.022363;0.022697;0.022717;0.022633;0.023048;0.024965;0.024201;0.02317;0.022975;0.022817;0.023216;0.023023;0.023082;0.023385;0.022569;0.022555;0.023059;0.022964;0.02271;0.022874;0.023046;0.022518;0.022465;0.023052;0.022935;0.023034;0.022569;0.022866;0.022874;0.022868;0.023067;0.02231;0.022926;0.022732;0.023093;0.022422;0.022722;0.022942;0.023252;0.022823;0.023702;0.023048;0.022671;0.022988;0.022797;0.023206;0.023281;0.023218;0.025084;0.02286;0.023162;0.024425;0.02318;0.022668;0.022924;0.022963;0.023173;0.02322;0.022903;0.022591;0.022919;0.024195;0.023082;0.023085;0.023624;0.022915;0.023284;0.023004;0.023636;0.022646;0.023087;0.022583;0.023094;0.023003;0.022704;0.022611;0.022665;0.022244;0.023325;0.022439;0.023084;0.022634;0.022306;0.021937;0.022172;0.022439;0.022508;0.023021;0.022806;0.022473;0.022511;0.022856;0.024482;0.022306;0.022526;0.022555;0.022739;0.023086;0.023183;0.022923;0.022967;0.023066;0.023101;0.02283;0.022757;0.023247;0.022899;0.02268;0.023869;0.023755;0.023709;0.02263;0.02225;0.02243;0.02247;0.022953;0.022544;0.022893;0.022613;0.022436;0.022077;0.022919;0.022777;0.022594;0.022463;0.022735;0.022387;0.022233;0.022984;0.02208;0.022528;0.022535;0.022604;0.022456;0.022443;0.022374;0.023808;0.022275;0.022966;0.02257;0.022488;0.022703;0.023391;0.022715;0.022714;0.023226;0.023102;0.022288;0.022599;0.023039;0.023414;0.023108;0.022711;0.023361;0.02333;0.022766;0.023281;0.023724;0.023202;0.023337;0.023416;0.022517;0.02246;0.022347;0.021992;0.022823;0.022616;0.02253;0.022226;0.022554;0.022576;0.022334;0.022723;0.022424;0.022271;0.023112;0.022349;0.022355;0.022692;0.024127;0.022473;0.022662;0.023271;0.023185;0.023226;0.022999;0.022924;0.023111;0.022943;0.022784;0.023043;0.022706;0.022299;0.022511;0.022464;0.022697;0.022203;0.022478;0.022547;0.022709;0.022414;0.022718;0.022837;0.022818;0.023021;0.023077;0.022362;0.022592;0.022484;0.022276;0.022624;0.022279;0.022754;0.022354;0.023251;0.022771;0.022475;0.022698;0.022468;0.022815;0.022308;0.023108;0.02371;0.023676;0.022302;0.022609;0.022621;0.022634;0.022684;0.022981;0.023151;0.022651;0.022201;0.022811;0.022528;0.022457;0.022766;0.022288;0.022496;0.022512;0.022726;0.022814;0.022641;0.022077;0.022178;0.0221;0.022553;0.022783;0.022394;0.022788;0.022605;0.022046;0.022288;0.022163;0.022617;0.022069;0.022536;0.022387;0.022449;0.022436;0.02218;0.022818;0.022603;0.022527;0.022359;0.022261;0.022535;0.023199;0.023712;0.022163;0.022449;0.023579;0.023325;0.023004;0.022802;0.023052;0.022546;0.022979;0.02255;0.022185;0.022714;0.022506;0.022594;0.022733;0.022297;0.022341;0.022429;0.022393;0.02252;0.022202;0.022495;0.022852;0.022676;0.022257;0.022938;0.02287;0.0229;0.023795;0.02242;0.022146;0.022418;0.02255;0.022812;0.022235;0.022301;0.022431;0.022779;0.023046;0.023103;0.022446;0.022452;0.022632;0.024224;0.022749;0.02285;0.022464;0.0224;0.022054;0.022616;0.023054;0.022503;0.023079;0.023322;0.022391;0.022166;0.022142;0.02243;0.022438;0.022685;0.022426;0.02254;0.022368;0.022253;0.022228;0.022189;0.022635;0.022649;0.022342;0.022583;0.022537;0.022178;0.022263;0.022505;0.023011;0.023487;0.022624;0.021929;0.02231;0.022348;0.022833;0.0223;0.022528;0.022885;0.022513;0.022525;0.022808;0.023767;0.022402;0.021924;0.023168;0.023354;0.023286;0.02327;0.02322;0.022979;0.023253;0.022621;0.022672;0.022666;0.022447;0.022782;0.022316;0.022415;0.022408;0.022739;0.022508;0.022605;0.022429;0.022647;0.02259;0.022675;0.022092;0.022048;0.02265;0.02264;0.022788;0.022384;0.022325;0.022487;0.022465;0.02217;0.022088;0.022831;0.022956;0.022415;0.022642;0.022931;0.022302;0.022247;0.02241;0.0237;0.021959;0.022628;0.022718;0.022433;0.023413;0.023124;0.023038;0.023136;0.023738;0.022627;0.022533;0.022636;0.022268;0.022618;0.022474;0.022586;0.02251;0.022333;0.022407;0.022659;0.022413;0.022223;0.022333;0.022436;0.022995;0.022432;0.022431;0.02236;0.022696;0.022747;0.022676;0.022944;0.022614;0.022668;0.022706;0.022561;0.022425;0.022499;0.022483;0.022585;0.022899;0.022145;0.022009;0.023835;0.022376;0.022663;0.02229;0.022532;0.022162;0.022978;0.023024;0.023294;0.022838;0.022833;0.022398;0.022384;0.022734;0.022572;0.022817;0.02263;0.022263;0.022856;0.022439;0.022907;0.02277;0.022826;0.022695;0.022885;0.02284;0.022975;0.022826;0.022348;0.022352;0.022406;0.022859;0.022301;0.022442;0.022645;0.022205;0.022406;0.022154;0.022485;0.022443;0.023925;0.022841;0.022421;0.022384;0.024033;0.022595;0.022829;0.02237;0.022829;0.022486;0.022771;0.022516;0.023044;0.022862;0.023095;0.022662;0.023098;0.023213;0.022338;0.022779;0.022416;0.022607;0.022801;0.022214;0.022359;0.022524;0.022686;0.022795;0.022843;0.022306;0.022406;0.022539;0.02266;0.023223;0.022488;0.022267;0.022874;0.022541;0.022539;0.022436;0.023278;0.022815;0.023019;0.022237;0.02244;0.022629;0.022378;0.022912;0.02376;0.022307;0.022577;0.022441;0.022393;0.023247;0.023333;0.022496;0.024002;0.024473;0.022673;0.022418;0.022191;0.02261;0.022918;0.022365;0.022575;0.022646;0.022384;0.022889;0.022835;0.022218;0.022368;0.022474;0.02307;0.022608;0.022991;0.022949;0.022901;0.022302;0.022808;0.022656;0.023005;0.022092;0.022336;0.022839;0.022719;0.022471;0.022731;0.02231;0.022109;0.022707;0.022483;0.022107;0.036797;0.022503;0.022716;0.022178;0.022114;0.02226;0.022961;0.022802;0.022376;0.022573;0.02263;0.023655;0.023317;0.022364;0.022693;0.022819;0.02252;0.022026;0.023101;0.022233;0.022359;0.022407;0.022378;0.022643;0.022079;0.022253;0.022889;0.022684;0.022358;0.02229;0.022113;0.022967;0.022001;0.022558;0.022448;0.022269;0.022693;0.022354;0.022221;0.022655;0.022607;0.022182;0.022111;0.022506;0.024107;0.022683;0.022243;0.022389;0.022891;0.022689;0.022757;0.022072;0.022504;0.022476;0.022765;0.022975;0.022542;0.022929;0.022697;0.022597;0.023304;0.02276;0.022725;0.022754;0.022789;0.022965;0.022687;0.022737;0.024226;0.022762;0.022551;0.022451;0.022645;0.022698;0.022726;0.022811;0.022441;0.023223;0.022535;0.022375;0.02224;0.022399;0.022748;0.022696;0.022484;0.022435;0.023202;0.022504;0.02369;0.022596;0.022396;0.022657;0.022086;0.021912;0.02245;0.02251;0.022554;0.022565;0.022608;0.022292;0.022766;0.022365;0.022613;0.022628;0.022172;0.022231;0.022378;0.022219;0.022735;0.022444;0.022324;0.022265;0.022538;0.022718;0.022444;0.022067;0.022252;0.022369;0.022508;0.022417;0.022299;0.022508;0.022481;0.022438;0.021859;0.022457;0.022401;0.022566;0.022203;0.022808;0.022676;0.02248;0.021953;0.023673;0.022475;0.022624;0.022464;0.022408;0.022387;0.022622;0.02283;0.022542;0.02304;0.024009;0.02241;0.022416;0.02264;0.022292;0.022508;0.022369;0.022926;0.022776;0.022337;0.022141;0.02264;0.022574;0.022746;0.022444;0.022512;0.022285;0.022357;0.022298;0.022247;0.022745;0.022373;0.022299;0.022065;0.022472;0.022325;0.022856;0.022238;0.022622;0.022527;0.022483;0.022586;0.022271;0.022612;0.023906;0.022623;0.022868;0.022126;0.022393;0.022446;0.022585;0.022575;0.022302;0.022525;0.022574;0.02276;0.022804;0.02216;0.022433;0.022747;0.022546;0.022708;0.022751;0.022055;0.022367;0.022891;0.023347;0.02305;0.022599;0.021831;0.022528;0.022481;0.022691;0.022706;0.022254;0.022232;0.022558;0.022506;0.022557;0.022448;0.022675;0.022286;0.022455;0.022586;0.022778;0.022836;0.02232;0.022399;0.023764;0.022782;0.022643;0.022818;0.022966;0.023311;0.0234;0.022543;0.022491;0.02294;0.023316;0.022929;0.022579;0.022499;0.022154;0.022729;0.022738;0.022924;0.022431;0.023181;0.022932;0.022738;0.022892;0.022377;0.023058;0.023749;0.023111;0.022464;0.02252;0.02263;0.022916;0.022692;0.022765;0.022471;0.022652;0.022434;0.022433;0.022438;0.022678;0.022588;0.023017;0.022522;0.023259;0.022809;0.02409;0.022283;0.022605;0.022354;0.022259;0.022514;0.022239;0.022589;0.022615;0.022635;0.022598;0.022574;0.022236;0.022556;0.022627;0.022602;0.022702;0.022235;0.022426;0.022714;0.022801;0.022728;0.023005;0.02263;0.022671;0.022874;0.022008;0.022579;0.022019;0.022741;0.022431;0.02266;0.0226;0.022566;0.022556;0.022327;0.022498;0.022415;0.022707;0.022446;0.022635;0.022676;0.022337;0.022577;0.024113;0.022547;0.022627;0.021909;0.022549;0.023045;0.022702;0.022746;0.022943;0.023553;0.022831;0.022672;0.022334;0.022003;0.022161;0.022709;0.022712;0.022802;0.022054;0.022219;0.022661;0.02279;0.022455;0.022164;0.022235;0.022712;0.022438;0.022558;0.022231;0.022267;0.022966;0.024;0.02278;0.021976;0.022032;0.0227;0.022467;0.022082;0.022393;0.022834;0.022422;0.021974;0.022417;0.022301;0.022111;0.023927;0.02271;0.022141;0.023062;0.022975;0.022589;0.022545;0.023;0.023157;0.022595;0.022443;0.02254;0.022549;0.022662;0.022714;0.022151;0.022328;0.022798;0.022282;0.022428;0.022783;0.022586;0.022365;0.022351;0.022881;0.022511;0.022786;0.022345;0.022941;0.022635;0.022793;0.022658;0.02235;0.022439;0.022159;0.022139;0.022415;0.022696;0.022537;0.02227;0.0226;0.02234;0.022237;0.023545;0.023828;0.022566;0.022244;0.022364;0.023058;0.02318;0.022837;0.023181;0.023406;0.022181;0.022487;0.022895;0.022747;0.022475;0.022578;0.022787;0.022567;0.023232;0.022793;0.022748;0.022416;0.022272;0.022637;0.022668;0.022181;0.022272;0.022589;0.022389;0.022534;0.022737;0.022622;0.022576;0.022441;0.022687;0.022875;0.022481;0.022486;0.022715;0.022754;0.022569;0.022577;0.022328;0.022448;0.022836;0.024228;0.022388;0.022562;0.022497;0.023304;0.022785;0.022883;0.023153;0.023364;0.023292;0.02284;0.022355;0.022241;0.022691;0.022349;0.022747;0.022611;0.022344;0.022132;0.021986;0.022779;0.022631;0.022831;0.022587;0.022806;0.022895;0.022542;0.022586;0.022665;0.022744;0.022118;0.023127;0.024396;0.023324;0.022412;0.022958;0.023256;0.023041;0.023292;0.022704;0.022535;0.023076;0.022908;0.022467;0.023933;0.022316;0.022661;0.022828;0.022854;0.022972;0.022953;0.023231;0.02243;0.022653;0.023073;0.023032;0.022371;0.023288;0.022738;0.022738;0.02266;0.022706;0.022922;0.022105;0.022391;0.022701;0.022138;0.022491;0.022843;0.022322;0.022858;0.022389;0.02256;0.022197;0.022235;0.022431;0.022808;0.02298;0.022915;0.022177;0.022354;0.022529;0.022771;0.02262;0.023312;0.022509;0.022668;0.022756;0.02418;0.022842;0.02308;0.022653;0.022694;0.023116;0.023151;0.022634;0.022788;0.023104;0.022524;0.022798;0.022608;0.022809;0.022663;0.022495;0.02229;0.02272;0.022636;0.022597;0.022465;0.022585;0.022526;0.022328;0.022772;0.022924;0.022714;0.022384;0.022313;0.022328;0.022602;0.022368;0.022496;0.022516;0.022981;0.022372;0.022672;0.022646;0.022579;0.022558;0.022704;0.022697;0.022206;0.022451;0.024091;0.022344;0.022939;0.023306;0.024409;0.024218;0.023081;0.023482;0.023298;0.023232;0.023085;0.022688;0.02309;0.022499;0.022987;0.022808;0.022473;0.022425;0.022862;0.022432;0.022015;0.022474;0.022721;0.022722;0.022211;0.022291;0.022214;0.022472;0.022636;0.022538;0.022724;0.022628;0.022109;0.022016;0.022629;0.022412;0.022427;0.022512;0.022333;0.022702;0.022557;0.023071;0.022985;0.022012;0.023895;0.022357;0.022198;0.022501;0.023039;0.022806;0.022443;0.022726;0.022872;0.022755;0.022885;0.022863;0.022894;0.023084;0.022432;0.022301;0.022161;0.022313;0.02201;0.021991;0.021882;0.022624;0.022412;0.02215;0.022491;0.022556;0.022486;0.022949;0.022788;0.022833;0.022531;0.022524;0.022261;0.022298;0.022484;0.022749;0.022204;0.022291;0.022522;0.023238;0.023211;0.022614;0.022987;0.022869;0.024245;0.022603;0.023104;0.022737;0.023086;0.022991;0.023071;0.022927;0.022845;0.022688;0.022791;0.022823;0.023696;0.022868;0.022595;0.02249;0.022235;0.022361;0.022242;0.022302;0.022563;0.022522;0.023093;0.022061;0.022771;0.022738;0.022731;0.022794;0.023023;0.022712;0.02259;0.022161;0.02301;0.022093;0.022365;0.022456;0.022795;0.022654;0.022587;0.022699;0.022363;0.022402;0.022418;0.022652;0.024092;0.022749;0.022477;0.023053;0.022601;0.022749;0.023175;0.02267;0.022615;0.022898;0.022399;0.023564;0.023141;0.022641;0.022283;0.02287;0.022771;0.022648;0.022766;0.022563;0.022483;0.022185;0.022511;0.021969;0.022492;0.022712;0.02249;0.023007;0.022628;0.022385;0.022218;0.022593;0.022921;0.022509;0.022785;0.022317;0.022704;0.02237;0.022338;0.022641;0.022455;0.022467;0.023353;0.022776;0.023778;0.022505;0.022543;0.022816;0.022821;0.023035;0.022748;0.022984;0.023375;0.022996;0.022884;0.022625;0.022295;0.022383;0.022285;0.022307;0.022215;0.022548;0.022109;0.022216;0.022377;0.022349;0.022656;0.022482;0.0226;0.022328;0.022675;0.022581;0.022449;0.022289;0.021896;0.022462;0.022695;0.022419;0.022049;0.022344;0.022449;0.022787;0.022502;0.022787;0.022338;0.021805;0.022416;0.022336;0.024015;0.022867;0.022437;0.022421;0.022267;0.022672;0.022546;0.022036;0.022137;0.022771;0.023173;0.022783;0.023304;0.022961;0.022866;0.022662;0.02371;0.023304;0.022499;0.022819;0.022858;0.022898;0.023039;0.022828;0.023478;0.023318;0.023073;0.023839;0.023137;0.024288;0.024075;0.023206;0.023148;0.022895;0.023044;0.023514;0.022686;0.023052;0.022523;0.022159;0.022506;0.022843;0.022737;0.022563;0.023767;0.022556;0.022652;0.022771;0.022751;0.022782;0.022844;0.022938;0.022491;0.022389;0.022348;0.022207;0.022476;0.022659;0.022283;0.022285;0.022291;0.022389;0.022467;0.022106;0.022314;0.022794;0.022207;0.022591;0.022558;0.022013;0.022475;0.02236;0.0227;0.022708;0.022061;0.022384;0.022531;0.022833;0.022818;0.022322;0.022734;0.022777;0.022485;0.022273;0.022616;0.022378;0.022488;0.022371;0.02939;0.022508;0.022212;0.02252;0.022889;0.022621;0.022596;0.022469;0.023499;0.022795;0.022495;0.022526;0.022951;0.022286;0.022337;0.0227;0.022804;0.022738;0.022551;0.022675;0.022378;0.022378;0.022463;0.022552;0.022297;0.022792;0.02226;0.022189;0.02231;0.022002;0.021967;0.022448;0.02272;0.022183;0.022589;0.022383;0.022694;0.022663;0.022729;0.022723;0.022269;0.023074;0.02241;0.022699;0.024348;0.022539;0.022532;0.022784;0.022401;0.022319;0.022425;0.022873;0.022365;0.022661;0.022251;0.022386;0.022916;0.02247;0.022709;0.02264;0.022524;0.022071;0.022265;0.022474;0.022905;0.022724;0.023053;0.022568;0.022785;0.022596;0.02204;0.022871;0.022485;0.023696;0.023771;0.022469;0.022514;0.023008;0.022207;0.022479;0.022567;0.02285;0.022719;0.022392;0.022492;0.023195;0.022849;0.022852;0.024012;0.022367;0.022516;0.022895;0.022866;0.022673;0.022529;0.022929;0.022978;0.022955;0.023085;0.022491;0.022732;0.023069;0.022376;0.022256;0.022253;0.022118;0.022319;0.022811;0.022929;0.022753;0.023155;0.022465;0.022312;0.022386;0.02231;0.022526;0.022656;0.022436;0.022197;0.02253;0.022525;0.022885;0.022917;0.022344;0.022454;0.022791;0.022889;0.021967;0.022497;0.022677;0.022614;0.022124;0.023968;0.022539;0.022567;0.022618;0.022727;0.022727;0.022518;0.023313;0.022121;0.022135;0.022207;0.022131;0.022338;0.02261;0.022709;0.022449;0.022377;0.022476;0.022131;0.022275;0.022412;0.022236;0.022276;0.022482;0.022748;0.022395;0.022663;0.021801;0.022517;0.022731;0.02201;0.021867;0.022448;0.022559;0.022615;0.02262;0.023213;0.022655;0.022259;0.0226;0.022378;0.022234;0.021866;0.022524;0.022765;0.02391;0.022038;0.022468;0.022193;0.022601;0.0227;0.022531;0.022587;0.022392;0.022253;0.022352;0.02239;0.02266;0.022723;0.022112;0.022569;0.022821;0.022155;0.023386;0.023527;0.022235;0.022381;0.022518;0.022716;0.022437;0.022099;0.022695;0.0227;0.022381;0.022391;0.022716;0.022682;0.02285;0.022852;0.022637;0.02243;0.022813;0.02262;0.022474;0.02275;0.022203;0.022131;0.022638;0.022785;0.024094;0.022295;0.022444;0.022479;0.022772;0.022278;0.022632;0.02251;0.02236;0.0222;0.022628;0.022525;0.022799;0.022592;0.022821;0.022441;0.022668;0.022739;0.022759;0.02241;0.022401;0.023668;0.022847;0.022565;0.022574;0.023244;0.022355;0.022446;0.022403;0.023221;0.022775;0.022625;0.022584;0.022654;0.022616;0.02235;0.022949;0.022266;0.022721;0.022997;0.022556;0.022415;0.022545;0.022582;0.024088;0.022235;0.02216;0.022418;0.022301;0.02287;0.022969;0.022441;0.02274;0.022391;0.022427;0.022466;0.023264;0.022391;0.02259;0.022461;0.022467;0.022621;0.022658;0.02249;0.02246;0.022629;0.022252;0.022663;0.022373;0.022411;0.022437;0.022414;0.023112;0.0225;0.022373;0.02282;0.02232;0.022468;0.02263;0.022676;0.022929;0.022567;0.022645;0.022397;0.022651;0.022547;0.022276;0.022164;0.023476;0.022434;0.022666;0.022408;0.02277;0.022283;0.022339;0.022383;0.022944;0.022781;0.022523;0.022561;0.022842;0.022443;0.022218;0.022601;0.022267;0.022694;0.022958;0.02386;0.02241;0.022817;0.022575;0.022458;0.022465;0.02269;0.022867;0.022509;0.022902;0.022995;0.022967;0.022726;0.022867;0.02269;0.022601;0.022509;0.022549;0.022714;0.022375;0.023162;0.02257;0.022932;0.022515;0.02293;0.02386;0.022363;0.022716;0.022416;0.022781;0.022651;0.022624;0.022457;0.023143;0.022485;0.022785;0.022534;0.022606;0.022797;0.022542;0.02298;0.022654;0.022615;0.022198;0.022633;0.022843;0.022859;0.02299;0.022553;0.022675;0.022696;0.022195;0.022507;0.022456;0.022653;0.023143;0.022721;0.022317;0.022528;0.022687;0.022423;0.022464;0.022228;0.021966;0.022466;0.022745;0.022374;0.02289;0.022691;0.022407;0.023629;0.022016;0.021963;0.022369;0.022446;0.022513;0.022367;0.022542;0.022745;0.022442;0.022226;0.022591;0.022472;0.022417;0.023273;0.023335;0.022562;0.022616;0.022714;0.022441;0.022325;0.022354;0.022804;0.022451;0.022322;0.022535;0.022806;0.022395;0.022452;0.022345;0.0222;0.022801;0.022198;0.022755;0.02268;0.022664;0.022605;0.022368;0.022537;0.022727;0.02283;0.022376;0.022938;0.022352;0.023876;0.022822;0.022055;0.022735;0.023018;0.022563;0.022747;0.022722;0.022283;0.022159;0.022387;0.022359;0.022518;0.022169;0.022291;0.02232;0.022286;0.022072;0.022282;0.0223;0.022311;0.022374;0.0223;0.022395;0.022561;0.022153;0.022743;0.023615;0.022434;0.022157;0.022462;0.02278;0.022359;0.022334;0.021862;0.022491;0.022112;0.022902;0.022726;0.022323;0.022506;0.022706;0.022761;0.022717;0.023281;0.022191;0.022606;0.022797;0.022461;0.023137;0.022599;0.02314;0.023084;0.023059;0.023561;0.02318;0.022271;0.022674;0.022482;0.02218;0.022586;0.022642;0.022319;0.021839;0.022344;0.022626;0.022679;0.022197;0.022959;0.02218;0.022607;0.022862;0.022684;0.022649;0.02319;0.022696;0.022204;0.022717;0.022655;0.022721;0.022259;0.022066;0.02232;0.022281;0.022735;0.022604;0.022345;0.022745;0.375195;0.02233;0.022516;0.02238;0.022948;0.022321;0.022787;0.022551;0.022498;0.02259;0.022343;0.02255;0.022518;0.022478;0.022677;0.022267;0.02231;0.02279;0.023786;0.023852;0.022848;0.022689;0.022931;0.022488;0.022737;0.022434;0.022452;0.022331;0.022252;0.023814;0.022365;0.02234;0.022611;0.023009;0.022479;0.022776;0.023007;0.022955;0.022637;0.022588;0.022608;0.022036;0.022537;0.023012;0.022718;0.022822;0.022371;0.022174;0.022412;0.021954;0.022295;0.022626;0.022579;0.022943;0.022433;0.022663;0.022761;0.022606;0.022489;0.022376;0.022256;0.022559;0.022533;0.022412;0.022393;0.022265;0.022224;0.022486;0.022818;0.022261;0.022965;0.022977;0.0227;0.024089;0.022443;0.022373;0.023005;0.022987;0.022975;0.023366;0.023203;0.022918;0.022819;0.022654;0.022037;0.023857;0.022297;0.022236;0.022683;0.022211;0.022481;0.022618;0.022728;0.022417;0.02248;0.022647;0.022678;0.022753;0.022231;0.022819;0.0222;0.02253;0.022316;0.022556;0.022724;0.022378;0.02249;0.022357;0.022471;0.022403;0.021879;0.022564;0.022423;0.022388;0.02231;0.022365;0.02241;0.024487;0.022483;0.022688;0.022445;0.023184;0.023126;0.023169;0.022622;0.022943;0.022512;0.023065;0.023208;0.023216;0.022633;0.023425;0.022343;0.022631;0.02252;0.022415;0.022747;0.022346;0.022634;0.022715;0.022274;0.023217;0.023277;0.022761;0.022344;0.022749;0.022988;0.022676;0.022291;0.023028;0.022291;0.02311;0.022583;0.022698;0.022706;0.022912;0.022508;0.022812;0.022091;0.022329;0.022193;0.023418;0.022822;0.023042;0.023245;0.023021;0.023104;0.022823;0.023136;0.022635;0.022559;0.02251;0.022575;0.022308;0.022345;0.022943;0.022838;0.02253;0.022531;0.022485;0.02271;0.022506;0.022736;0.022941;0.022659;0.02225;0.022824;0.022859;0.023985;0.022927;0.022711;0.022226;0.022246;0.022507;0.022785;0.022863;0.022776;0.022388;0.022195;0.02251;0.022459;0.022951;0.022927;0.022648;0.02291;0.024372;0.022326;0.022435;0.022852;0.022574;0.022687;0.022774;0.02235;0.022307;0.022658;0.022542;0.022352;0.022162;0.022346;0.022365;0.021973;0.022689;0.022391;0.02279;0.02274;0.022102;0.022703;0.022751;0.021976;0.02207;0.022407;0.022634;0.022311;0.022607;0.021994;0.022291;0.023123;0.022683;0.022417;0.022413;0.022235;0.022254;0.022531;0.022995;0.022712;0.022308;0.022481;0.022093;0.022032;0.02251;0.024279;0.02239;0.0224;0.022046;0.022269;0.023278;0.022643;0.02336;0.022916;0.022812;0.022995;0.022944;0.02315;0.023091;0.022832;0.022809;0.022572;0.023068;0.022842;0.023135;0.022989;0.022293;0.022803;0.022247;0.022703;0.02232;0.022867;0.022525;0.022458;0.022048;0.02264;0.022507;0.02229;0.022596;0.02255;0.022532;0.023463;0.022977;0.022948;0.022382;0.022827;0.023477;0.023118;0.022936;0.024259;0.022641;0.02269;0.022839;0.022816;0.022882;0.023046;0.023512;0.023308;0.022491;0.022508;0.022599;0.022932;0.022089;0.022815;0.023118;0.023159;0.023072;0.023374;0.022955;0.022703;0.022678;0.022894;0.022396;0.022569;0.022926;0.022752;0.022581;0.023399;0.022782;0.022616;0.023087;0.022814;0.022307;0.022949;0.022386;0.022338;0.022272;0.022472;0.022486;0.022268;0.022228;0.022425;0.023873;0.02281;0.022698;0.022355;0.022627;0.022278;0.02283;0.021899;0.022295;0.022592;0.022621;0.022572;0.024064;0.022663;0.022375;0.022356;0.0223;0.02213;0.022616;0.022644;0.022847;0.022684;0.022376;0.022269;0.022001;0.022615;0.022792;0.022413;0.022552;0.023031;0.022851;0.022936;0.02285;0.023055;0.022304;0.022072;0.022593;0.022247;0.022161;0.022353;0.02269;0.022587;0.022743;0.022655;0.022373;0.023584;0.022174;0.022296;0.022188;0.023024;0.022744;0.022383;0.022907;0.022543;0.022785;0.023029;0.022596;0.022577;0.022206;0.023356;0.022479;0.022504;0.022726;0.022586;0.022286;0.022505;0.022037;0.02275;0.022728;0.022568;0.022187;0.021893;0.022556;0.022422;0.022767;0.022818;0.022484;0.022399;0.02217;0.022514;0.02238;0.022286;0.0224;0.022386;0.022699;0.022509;0.022465;0.02252;0.022859;0.023615;0.022881;0.022274;0.022418;0.02244;0.022239;0.022589;0.022327;0.022224;0.022681;0.022678;0.022321;0.022993;0.02303;0.022242;0.022268;0.022218;0.022194;0.022075;0.022122;0.022515;0.022221;0.022411;0.022323;0.022533;0.022518;0.022887;0.022608;0.022502;0.022234;0.022651;0.022589;0.02273;0.022632;0.022508;0.023507;0.023319;0.023011;0.022677;0.022596;0.022095;0.022401;0.022924;0.022641;0.023767;0.022496;0.022606;0.022672;0.02273;0.022338;0.022386;0.022281;0.022392;0.022487;0.02267;0.022786;0.022458;0.022959;0.022639;0.022464;0.022591;0.02245;0.022288;0.022565;0.022746;0.022521;0.022507;0.022586;0.022909;0.022563;0.022809;0.0227;0.022851;0.022957;0.022255;0.022489;0.023097;0.022407;0.022113;0.022396;0.022708;0.02271;0.023463;0.023124;0.022354;0.023118;0.022669;0.022819;0.024186;0.022405;0.022317;0.022683;0.022685;0.022534;0.022433;0.022432;0.022539;0.022873;0.022385;0.022369;0.022341;0.022498;0.022395;0.022959;0.022362;0.022544;0.022504;0.022264;0.022321;0.022952;0.02248;0.022289;0.022821;0.022539;0.022875;0.022867;0.022344;0.022126;0.022061;0.022166;0.022341;0.022364;0.022375;0.022872;0.022577;0.022194;0.022462;0.02251;0.022514;0.022148;0.022882;0.022477;0.02231;0.023496;0.02259;0.02287;0.022528;0.022816;0.022376;0.022459;0.022618;0.022638;0.022699;0.022464;0.022253;0.022657;0.022869;0.022336;0.022321;0.022904;0.022912;0.022347;0.022765;0.0223;0.022523;0.021931;0.022443;0.022392;0.022244;0.022526;0.022344;0.022172;0.022546;0.02253;0.022784;0.022321;0.022248;0.022878;0.02263;0.022832;0.022529;0.022704;0.022481;0.022422;0.02307;0.022427;0.022419;0.024215;0.0227;0.022584;0.022398;0.022879;0.022767;0.023042;0.023055;0.023485;0.022529;0.023076;0.022799;0.022674;0.022302;0.022767;0.022821;0.022955;0.022111;0.022211;0.022488;0.022314;0.022333;0.022626;0.022317;0.02212;0.022591;0.022559;0.023128;0.022637;0.022447;0.022486;0.023071;0.023141;0.022678;0.023136;0.022916;0.023228;0.022969;0.02251;0.02262;0.022689;0.022418;0.023136;0.022423;0.024024;0.022479;0.022415;0.022544;0.021826;0.022114;0.022088;0.022342;0.022918;0.022235;0.022828;0.022323;0.022597;0.02232;0.022754;0.022967;0.022167;0.02256;0.021697;0.022911;0.023618;0.022445;0.022453;0.022206;0.022272;0.022363;0.022665;0.022527;0.021956;0.022296;0.022393;0.02231;0.022316;0.022348;0.022138;0.022391;0.022793;0.022645;0.022394;0.022946;0.022372;0.022228;0.022544;0.021533;0.023827;0.02317;0.022079;0.022396;0.022496;0.022492;0.022603;0.022038;0.022712;0.022378;0.022272;0.022588;0.022785;0.022981;0.022677;0.022867;0.022098;0.022199;0.022612;0.022661;0.022289;0.022505;0.022806;0.023811;0.023283;0.022283;0.022611;0.022473;0.022556;0.022481;0.022628;0.022702;0.022911;0.022542;0.022067;0.02218;0.022878;0.022898;0.022307;0.022822;0.022815;0.022569;0.022535;0.023;0.022642;0.023601;0.022578;0.022381;0.022285;0.022781;0.022401;0.022898;0.023285;0.022648;0.022643;0.023416;0.023119;0.02248;0.0228;0.022612;0.02238;0.022314;0.022678;0.02223;0.022534;0.022946;0.022278;0.022339;0.022456;0.022393;0.022364;0.022851;0.022364;0.022497;0.022074;0.022718;0.022451;0.02258;0.022547;0.02264;0.022777;0.023037;0.022659;0.02242;0.022574;0.022528;0.022701;0.022386;0.022508;0.023403;0.022599;0.022844;0.023105;0.022368;0.02268;0.022543;0.022453;0.022927;0.023463;0.022642;0.022257;0.022602;0.022187;0.022754;0.022157;0.022704;0.022869;0.022336;0.022559;0.02305;0.022608;0.022548;0.022785;0.023266;0.022478;0.02302;0.022997;0.02254;0.022655;0.023095;0.022073;0.022167;0.022196;0.023286;0.022176;0.022315;0.022528;0.022375;0.022799;0.022942;0.022248;0.023164;0.022399;0.024637;0.022201;0.022542;0.022904;0.022839;0.022877;0.022957;0.023074;0.023592;0.023194;0.02275;0.023271;0.022871;0.023294;0.022849;0.023393;0.023143;0.022979;0.022609;0.023266;0.0232;0.023099;0.022593;0.022519;0.022829;0.02256;0.022946;0.022509;0.022514;0.022578;0.022932;0.022349;0.02248;0.023133;0.022436;0.022753;0.022195;0.022631;0.022726;0.023254;0.022504;0.022367;0.022685;0.024257;0.022764;0.0226;0.022697;0.022751;0.023002;0.023155;0.0226;0.022322;0.022986;0.022735;0.022497;0.022675;0.022539;0.02252;0.02248;0.022091;0.022397;0.022736;0.02268;0.022313;0.022742;0.022129;0.022278;0.022372;0.022823;0.022288;0.022011;0.022392;0.022311;0.022949;0.022059;0.02221;0.022435;0.022739;0.022399;0.022495;0.022663;0.02285;0.022592;0.022182;0.022722;0.022044;0.022461;0.02282;0.023812;0.022439;0.022219;0.022732;0.022947;0.022815;0.023225;0.022888;0.023097;0.022892;0.022909;0.022811;0.022931;0.022403;0.02223;0.022705;0.023096;0.022409;0.022457;0.023023;0.022378;0.022887;0.022761;0.022275;0.022729;0.023834;0.021955;0.02248;0.022567;0.022784;0.022336;0.022291;0.022459;0.022514;0.022612;0.022537;0.022826;0.022465;0.023074;0.023226;0.022488;0.022761;0.022482;0.022868;0.024045;0.022721;0.022325;0.022071;0.022405;0.022909;0.0229;0.02268;0.023216;0.022692;0.022811;0.022976;0.022775;0.022564;0.021933;0.022521;0.022384;0.022253;0.02265;0.022345;0.022303;0.022519;0.022273;0.022819;0.022666;0.022443;0.022193;0.022114;0.022445;0.022037;0.022314;0.022298;0.023014;0.022434;0.022479;0.023113;0.022404;0.023463;0.022694;0.023005;0.022325;0.022147;0.022706;0.022403;0.024007;0.022443;0.022878;0.022379;0.022359;0.02297;0.022764;0.023356;0.023313;0.022785;0.022503;0.022352;0.022187;0.022528;0.022348;0.022768;0.022781;0.022281;0.02232;0.022752;0.022501;0.022608;0.022628;0.022993;0.023144;0.023322;0.023363;0.02303;0.023199;0.02273;0.023241;0.022685;0.022976;0.022776;0.023662;0.02315;0.023284;0.023065;0.023074;0.022999;0.022998;0.0227;0.022589;0.022706;0.024533;0.022902;0.022796;0.022379;0.022648;0.022218;0.022763;0.022214;0.023277;0.022941;0.022598;0.022638;0.022705;0.022589;0.022804;0.02279;0.022425;0.022429;0.022213;0.022392;0.022491;0.022924;0.022469;0.022296;0.022638;0.023032;0.022579;0.022548;0.022727;0.022615;0.022232;0.022611;0.022946;0.02305;0.022412;0.022664;0.022644;0.022647;0.022107;0.022313;0.022833;0.022276;0.022542;0.02192;0.023716;0.02217;0.022772;0.022863;0.022739;0.023204;0.023434;0.023107;0.023065;0.02276;0.022723;0.022967;0.022774;0.022897;0.02319;0.022723;0.022456;0.022704;0.023151;0.022789;0.023276;0.02319;0.022843;0.022887;0.023226;0.022882;0.022739;0.022926;0.023334;0.022779;0.023019;0.022194;0.022557;0.0232;0.022874;0.022917;0.022982;0.022751;0.023164;0.023118;0.022931;0.022973;0.022792;0.024495;0.023387;0.023914;0.022839;0.023073;0.022671;0.022876;0.022988;0.022631;0.022766;0.023183;0.022962;0.023094;0.022786;0.023082;0.022695;0.023046;0.023648;0.022812;0.022611;0.023071;0.023136;0.023529;0.022557;0.022839;0.023006;0.022906;0.022845;0.023082;0.02293;0.022723;0.023224;0.023022;0.023062;0.023018;0.02304;0.022757;0.023461;0.022973;0.022961;0.022311;0.022789;0.022621;0.022566;0.024963;0.022867;0.023181;0.023009;0.022974;0.022724;0.022597;0.023552;0.02283;0.023292;0.023269;0.023;0.023461;0.023778;0.024123;0.022976;0.022608;0.022899;0.022574;0.022635;0.023175;0.023086;0.022949;0.022676;0.022731;0.022466;0.022847;0.022996;0.022337;0.022495;0.022743;0.023226;0.022787;0.022474;0.022924;0.022705;0.023205;0.023063;0.022562;0.022859;0.023252;0.023327;0.022433;0.025143;0.023382;0.022808;0.022433;0.0231;0.022651;0.022672;0.022821;0.022877;0.023397;0.022614;0.022939;0.023057;0.022905;0.022836;0.022825;0.02305;0.023262;0.022765;0.023161;0.023189;0.022986;0.02295;0.02283;0.022669;0.022617;0.022804;0.023489;0.022601;0.02264;0.023097;0.023706;0.023102;0.022609;0.022749;0.023108;0.022968;0.022807;0.02324;0.022698;0.023048;0.022712;0.022678;0.023229;0.025433;0.02275;0.02294;0.022804;0.022837;0.022974;0.023134;0.023027;0.022468;0.024037;0.023035;0.022959;0.022648;0.02267;0.02293;0.022821;0.022943;0.023028;0.02274;0.022886;0.02328;0.022552;0.022471;0.023036;0.022839;0.02252;0.023051;0.022832;0.023723;0.023191;0.02256;0.02268;0.023097;0.023189;0.023506;0.022953;0.02233;0.022778;0.02297;0.022853;0.022685;0.02328;0.022746;0.025049;0.02287;0.023204;0.023551;0.022879;0.02296;0.022631;0.022999;0.023122;0.02326;0.023088;0.023319;0.023115;0.023092;0.022681;0.022705;0.02328;0.023408;0.023002;0.023048;0.022414;0.022476;0.023161;0.022895;0.022752;0.022792;0.023151;0.023491;0.022389;0.022846;0.022294;0.024359;0.023318;0.022826;0.022488;0.023072;0.022635;0.023058;0.022507;0.023031;0.023267;0.022709;0.023165;0.022716;0.0236;0.023064;0.022891;0.022298;0.023086;0.022657;0.022987;0.022468;0.023058;0.022969;0.022393;0.023057;0.022478;0.022728;0.022647;0.022664;0.022608;0.022314;0.022556;0.022397;0.0226;0.02288;0.022361;0.022622;0.022941;0.022531;0.022652;0.022219;0.022238;0.022787;0.022292;0.022693;0.022679;0.022666;0.022719;0.022254;0.022678;0.022911;0.022573;0.022787;0.022652;0.022691;0.022483;0.022634;0.024343;0.024103;0.023954;0.022972;0.022646;0.022901;0.022577;0.022773;0.022865;0.023068;0.022883;0.022664;0.023136;0.023013;0.023037;0.022889;0.022991;0.022939;0.022979;0.022883;0.02272;0.022345;0.022663;0.022852;0.022169;0.02255;0.022515;0.022257;0.022903;0.022852;0.022927;0.022362;0.022347;0.023031;0.022511;0.022757;0.022478;0.022641;0.022731;0.022426;0.022542;0.022508;0.022789;0.024223;0.022365;0.022527;0.022541;0.022872;0.023169;0.022562;0.022827;0.023064;0.022636;0.022646;0.022668;0.023126;0.022496;0.023817;0.023212;0.021979;0.022731;0.022998;0.022963;0.022728;0.02276;0.022754;0.02313;0.02264;0.022859;0.023149;0.022955;0.022932;0.023204;0.022793;0.022834;0.023151;0.023142;0.022758;0.022311;0.02255;0.022468;0.022116;0.022647;0.022636;0.022561;0.022396;0.022401;0.023995;0.022434;0.022716;0.022233;0.022614;0.023012;0.022893;0.022626;0.023074;0.022615;0.022902;0.022857;0.023386;0.022779;0.022715;0.022662;0.02266;0.023141;0.022614;0.022536;0.022354;0.022557;0.023111;0.022709;0.022339;0.022749;0.022626;0.022947;0.023724;0.023943;0.023927;0.022627;0.022215;0.022499;0.022342;0.02245;0.022586;0.022858;0.022602;0.022414;0.022671;0.021902;0.022717;0.022097;0.02388;0.022592;0.022724;0.022584;0.023493;0.02263;0.023391;0.02283;0.022808;0.022641;0.023285;0.022839;0.02272;0.022839;0.022584;0.023179;0.023231;0.022546;0.023281;0.022974;0.023539;0.022829;0.022729;0.022502;0.023;0.022737;0.022591;0.022604;0.022658;0.022339;0.022647;0.02272;0.022775;0.023206;0.022973;0.022773;0.02326;0.022809;0.022602;0.022435;0.02262;0.02247;0.022851;0.022739;0.024059;0.02243;0.022957;0.02277;0.023198;0.022894;0.023083;0.023056;0.023494;0.023108;0.022964;0.022817;0.022242;0.022867;0.022566;0.022675;0.022486;0.023407;0.023416;0.0228;0.022809;0.022364;0.022439;0.022751;0.022291;0.022647;0.022531;0.022486;0.022851;0.022173;0.022394;0.022309;0.02259;0.022346;0.022805;0.023001;0.022688;0.022696;0.022932;0.022226;0.022203;0.02222;0.022796;0.022945;0.024193;0.022794;0.02278;0.022848;0.022641;0.022783;0.023717;0.023087;0.023154;0.022437;0.022581;0.022398;0.023007;0.022799;0.022992;0.022974;0.022571;0.022319;0.022647;0.022334;0.022394;0.022938;0.022577;0.022571;0.023108;0.022759;0.023199;0.02258;0.02265;0.023295;0.023712;0.023893;0.022529;0.022965;0.022251;0.022722;0.022827;0.022176;0.022779;0.0225;0.022492;0.022476;0.02227;0.022422;0.023664;0.022614;0.022407;0.022208;0.023119;0.022678;0.023103;0.022976;0.022904;0.023135;0.023066;0.02287;0.022745;0.02262;0.02275;0.022697;0.022495;0.022389;0.022964;0.022631;0.022642;0.022742;0.022292;0.022567;0.022255;0.022742;0.022636;0.022695;0.022869;0.022676;0.022603;0.022827;0.022366;0.022674;0.023496;0.022911;0.022321;0.023041;0.022505;0.022855;0.022709;0.022574;0.022609;0.022135;0.023761;0.022159;0.022972;0.022969;0.023623;0.023305;0.022912;0.0227;0.023061;0.022945;0.022936;0.023156;0.023111;0.023296;0.023279;0.023164;0.022711;0.02274;0.022798;0.022677;0.02275;0.022507;0.022652;0.022541;0.02284;0.023122;0.022599;0.023748;0.022831;0.023043;0.02276;0.022908;0.023051;0.023145;0.022579;0.022432;0.022823;0.023032;0.022213;0.023658;0.023731;0.022809;0.022776;0.023879;0.022255;0.02261;0.022642;0.023385;0.022848;0.023477;0.023548;0.022707;0.022312;0.022402;0.023008;0.022681;0.022837;0.022565;0.022733;0.022391;0.022082;0.022519;0.022378;0.022454;0.022496;0.022254;0.022589;0.022018;0.022924;0.022361;0.022923;0.022729;0.022547;0.022429;0.022327;0.022328;0.022377;0.022741;0.022864;0.022509;0.022466;0.022152;0.023046;0.022361;0.022459;0.022445;0.02212;0.024004;0.022776;0.022974;0.023027;0.023305;0.022715;0.02315;0.023103;0.022743;0.023585;0.024252;0.024651;0.022982;0.0225;0.022763;0.023062;0.022382;0.022984;0.023154;0.022958;0.022832;0.022754;0.022599;0.023269;0.022702;0.022443;0.022513;0.022681;0.022779;0.023159;0.023086;0.022768;0.022794;0.022622;0.022461;0.022855;0.022783;0.022858;0.022506;0.022458;0.022189;0.022536;0.022819;0.022647;0.02449;0.022191;0.022111;0.022616;0.022941;0.023138;0.022883;0.023218;0.022807;0.022934;0.023043;0.022644;0.024013;0.024328;0.023384;0.0227;0.021962;0.022411;0.022502;0.022706;0.022178;0.022459;0.022306;0.022356;0.022644;0.022558;0.022354;0.022653;0.02302;0.023054;0.022522;0.022394;0.022648;0.022023;0.022107;0.021842;0.022275;0.0218;0.022258;0.022705;0.022404;0.022412;0.021933;0.022825;0.023977;0.023158;0.023264;0.022969;0.022676;0.022839;0.022515;0.022721;0.022919;0.022991;0.023273;0.022817;0.022789;0.0228;0.022652;0.022503;0.023596;0.022926;0.022193;0.022564;0.022415;0.02288;0.022458;0.022551;0.022638;0.022331;0.022751;0.022848;0.02295;0.022216;0.022503;0.022467;0.022393;0.022605;0.022172;0.022746;0.022496;0.022623;0.022721;0.022462;0.022579;0.022622;0.022766;0.022487;0.024265;0.022522;0.022547;0.022636;0.022717;0.022425;0.023542;0.022647;0.02285;0.0224;0.022729;0.023042;0.02327;0.022978;0.022992;0.022734;0.022443;0.023139;0.022908;0.022746;0.023131;0.023045;0.022471;0.022833;0.023095;0.022946;0.023129;0.023053;0.022907;0.023457;0.023407;0.023415;0.0231;0.02291;0.02295;0.022814;0.023029;0.023385;0.023729;0.023286;0.022943;0.022968;0.02331;0.024683;0.022795;0.023357;0.02289;0.02289;0.022906;0.023061;0.023187;0.023129;0.022795;0.023398;0.022735;0.022732;0.022955;0.022922;0.022894;0.023034;0.023391;0.023174;0.022783;0.022681;0.022801;0.023114;0.023117;0.023362;0.022674;0.02275;0.02292;0.022707;0.023482;0.023304;0.023093;0.023215;0.023327;0.022913;0.022686;0.023106;0.023044;0.023006;0.023042;0.022679;0.023185;0.023023;0.023323;0.024896;0.022821;0.022848;0.022837;0.022496;0.022723;0.022681;0.023125;0.023132;0.02294;0.023347;0.02321;0.022986;0.023051;0.022823;0.022949;0.022494;0.022905;0.023076;0.022751;0.023162;0.022793;0.02326;0.022583;0.022807;0.022855;0.02251;0.022921;0.022839;0.0227;0.023688;0.023272;0.022722;0.023343;0.023126;0.022714;0.022837;0.022403;0.022859;0.023078;0.023007;0.02289;0.023109;0.025366;0.022731;0.022803;0.022725;0.022534;0.022763;0.022844;0.022464;0.022824;0.022832;0.022738;0.023153;0.022745;0.023626;0.023109;0.023106;0.023316;0.023011;0.022844;0.023141;0.023052;0.023075;0.023215;0.022985;0.023399;0.023351;0.023573;0.0232;0.022964;0.022872;0.023261;0.022863;0.022995;0.023368;0.023501;0.022525;0.022649;0.022928;0.022943;0.023428;0.023131;0.022685;0.022901;0.023088;0.025463;0.023118;0.023751;0.022366;0.022806;0.022878;0.022606;0.022997;0.022584;0.023307;0.023089;0.023027;0.023159;0.023071;0.023032;0.02257;0.022614;0.022662;0.023167;0.022785;0.022821;0.022988;0.023228;0.022836;0.02301;0.022766;0.022913;0.02315;0.022906;0.023405;0.022983;0.022726;0.022881;0.02248;0.022506;0.023118;0.023292;0.023136;0.023247;0.022974;0.023376;0.02329;0.023058;0.025953;0.022369;0.023054;0.022761;0.022896;0.023427;0.023021;0.022735;0.023075;0.022905;0.023448;0.022501;0.022611;0.023036;0.022859;0.022798;0.022976;0.022592;0.023025;0.022802;0.023207;0.023219;0.022708;0.023357;0.022808;0.022728;0.022539;0.022796;0.022755;0.023066;0.02292;0.023058;0.023203;0.023123;0.022471;0.023155;0.023295;0.023054;0.022974;0.023315;0.023498;0.023756;0.023542;0.024664;0.022712;0.02263;0.022977;0.023018;0.023021;0.023182;0.023089;0.02308;0.023141;0.023105;0.02279;0.02305;0.023331;0.02298;0.022983;0.023512;0.022711;0.023137;0.022994;0.022657;0.022992;0.022854;0.023183;0.023197;0.023404;0.023205;0.022714;0.022966;0.023217;0.023039;0.023489;0.023339;0.022972;0.023233;0.022847;0.022524;0.022642;0.023243;0.023473;0.023385;0.022992;0.022689;0.022708;0.025129;0.02288;0.023071;0.023088;0.022872;0.023054;0.022735;0.022945;0.022689;0.022848;0.023634;0.022845;0.022957;0.023072;0.022961;0.022877;0.022302;0.022781;0.022758;0.022882;0.023012;0.023017;0.023173;0.022743;0.022741;0.0223;0.022894;0.023055;0.022828;0.022542;0.022883;0.022914;0.022898;0.023275;0.022941;0.022871;0.023244;0.022431;0.022798;0.023296;0.02314;0.022974;0.023074;0.025307;0.022902;0.02287;0.022989;0.022859;0.022997;0.02277;0.022991;0.022747;0.023214;0.022574;0.023228;0.022894;0.022711;0.022901;0.023024;0.022941;0.022967;0.022711;0.023096;0.022899;0.022991;0.023018;0.022932;0.022961;0.022559;0.023222;0.023165;0.022947;0.023221;0.023043;0.02267;0.023846;0.023354;0.023366;0.023377;0.023241;0.022961;0.023193;0.022927;0.022768;0.023235;0.022915;0.023;0.024306;0.022774;0.02303;0.022828;0.022819;0.023072;0.022544;0.02311;0.023245;0.023039;0.022618;0.022693;0.022946;0.022499;0.023028;0.022556;0.022216;0.022707;0.022752;0.022505;0.022637;0.022437;0.022831;0.022632;0.022802;0.022907;0.023074;0.023002;0.02343;0.023025;0.023173;0.02334;0.023299;0.022878;0.022575;0.022937;0.022622;0.022375;0.022204;0.02233;0.02286;0.022245;0.022615;0.025363;0.022717;0.023176;0.022958;0.022775;0.022938;0.023299;0.022937;0.023176;0.022946;0.022625;0.022891;0.022062;0.0223;0.023081;0.022691;0.022387;0.02293;0.022595;0.022279;0.022068;0.022256;0.022833;0.022648;0.022538;0.022213;0.022563;0.022112;0.022102;0.022688;0.022517;0.022605;0.022753;0.022202;0.022616;0.022388;0.022154;0.022934;0.022544;0.022916;0.022196;0.022286;0.022286;0.022705;0.023598;0.022661;0.022983;0.023103;0.023306;0.022645;0.022792;0.022976;0.023185;0.023261;0.022883;0.022676;0.022574;0.022475;0.023602;0.022132;0.022508;0.022404;0.022137;0.023023;0.022179;0.022328;0.022493;0.022339;0.02237;0.022674;0.022166;0.022459;0.022291;0.022149;0.022556;0.02251;0.022614;0.022827;0.02265;0.021958;0.022685;0.02268;0.021938;0.022726;0.022428;0.024155;0.022731;0.022459;0.022645;0.022784;0.022968;0.023057;0.022968;0.022892;0.022853;0.022645;0.022875;0.02273;0.022347;0.022566;0.022272;0.022738;0.022522;0.022961;0.022629;0.022837;0.022787;0.022426;0.02344;0.022408;0.022522;0.022256;0.022538;0.022484;0.022089;0.022357;0.022782;0.022509;0.022508;0.023015;0.022219;0.022111;0.021931;0.022224;0.022655;0.022623;0.022271;0.022659;0.022702;0.024155;0.022268;0.022695;0.023056;0.022615;0.022907;0.022806;0.022584;0.023031;0.02335;0.023393;0.023067;0.023287;0.022691;0.0227;0.022942;0.022721;0.023484;0.022639;0.022956;0.023315;0.023237;0.022875;0.022327;0.022436;0.022052;0.022551;0.022224;0.022276;0.022487;0.022597;0.022607;0.022089;0.022447;0.022235;0.022441;0.022505;0.022594;0.02302;0.022251;0.022728;0.022618;0.022613;0.022667;0.023854;0.022618;0.022716;0.022707;0.022742;0.022643;0.02293;0.023181;0.02337;0.023048;0.022655;0.022686;0.023564;0.022148;0.021966;0.022623;0.022275;0.022649;0.022615;0.0227;0.022713;0.022469;0.022408;0.022517;0.022403;0.02241;0.022005;0.02245;0.023106;0.02251;0.022103;0.022442;0.022546;0.022026;0.022523;0.021914;0.022624;0.022445;0.021899;0.022508;0.022804;0.023095;0.022502;0.022647;0.024239;0.022983;0.022728;0.022652;0.022761;0.023098;0.023538;0.023285;0.022987;0.023;0.023151;0.022998;0.022914;0.023085;0.022712;0.022604;0.02291;0.022504;0.022238;0.022562;0.022355;0.022449;0.022492;0.022628;0.023257;0.022683;0.022614;0.022226;0.022638;0.022365;0.022542;0.022837;0.022813;0.022583;0.022059;0.022679;0.022827;0.023054;0.022703;0.022594;0.02262;0.023224;0.022818;0.022448;0.02379;0.022522;0.022256;0.02238;0.022833;0.022498;0.022785;0.023287;0.023351;0.022948;0.022703;0.022872;0.022763;0.02248;0.022996;0.022608;0.022428;0.022459;0.022977;0.02288;0.022747;0.02285;0.022587;0.022056;0.022418;0.022545;0.023606;0.023132;0.02187;0.022522;0.022334;0.022521;0.022774;0.022166;0.022347;0.022812;0.022488;0.022498;0.022471;0.0226;0.022402;0.022705;0.022849;0.0222;0.024135;0.022878;0.022334;0.022601;0.023006;0.023196;0.023146;0.023228;0.022641;0.023015;0.023669;0.022859;0.023663;0.023286;0.023082;0.022974;0.022836;0.022607;0.022364;0.022435;0.022601;0.022281;0.02251;0.022228;0.022544;0.021899;0.022468;0.022244;0.022546;0.022489;0.022773;0.022941;0.022327;0.022785;0.022512;0.022391;0.022022;0.022266;0.022684;0.022786;0.022704;0.022705;0.022484;0.022752;0.023895;0.022628;0.022734;0.023468;0.023635;0.023035;0.023189;0.023186;0.022298;0.022338;0.02277;0.022365;0.021975;0.022389;0.022754;0.022227;0.022408;0.022426;0.022594;0.022426;0.022073;0.022742;0.022665;0.022255;0.022678;0.022776;0.0227;0.02262;0.022451;0.022712;0.022272;0.022401;0.022327;0.022649;0.022742;0.022316;0.022802;0.022649;0.022148;0.022245;0.022299;0.02267;0.022724;0.022682;0.023466;0.022933;0.022543;0.023075;0.022859;0.023393;0.022814;0.024203;0.023647;0.022905;0.022528;0.023154;0.023025;0.023071;0.022877;0.022709;0.022637;0.022489;0.022148;0.022057;0.02292;0.022473;0.02252;0.022367;0.022628;0.022458;0.022296;0.022209;0.022539;0.02231;0.022021;0.022427;0.022584;0.022463;0.02226;0.022528;0.022287;0.022494;0.022343;0.022528;0.022504;0.02237;0.022587;0.022428;0.023668;0.022357;0.022274;0.022978;0.022765;0.022889;0.022812;0.022951;0.022598;0.023195;0.022896;0.022865;0.022648;0.022375;0.022294;0.022469;0.022572;0.022728;0.022598;0.022797;0.023431;0.022517;0.022976;0.022819;0.022178;0.022758;0.02303;0.022148;0.022627;0.022834;0.022175;0.022459;0.022677;0.022665;0.022438;0.022294;0.02255;0.022351;0.022441;0.022926;0.022167;0.022423;0.022353;0.022098;0.023932;0.022603;0.022703;0.023257;0.023348;0.02317;0.023283;0.023158;0.023015;0.023243;0.023451;0.023328;0.022837;0.022833;0.022411;0.023107;0.022359;0.023019;0.022742;0.023498;0.022651;0.022598;0.022531;0.022882;0.022124;0.022543;0.022598;0.022391;0.022276;0.022906;0.022291;0.023075;0.02278;0.022814;0.022771;0.022412;0.02305;0.022545;0.022407;0.022528;0.022861;0.023314;0.023044;0.022852;0.023686;0.022132;0.022396;0.023148;0.022691;0.022856;0.022771;0.023259;0.022993;0.022852;0.023102;0.022487;0.022368;0.022307;0.023012;0.02257;0.022286;0.02244;0.022803;0.022982;0.022335;0.022657;0.023034;0.022694;0.023093;0.022672;0.022674;0.022606;0.022297;0.022254;0.022275;0.02247;0.022544;0.023104;0.023186;0.022286;0.022614;0.022623;0.022298;0.022236;0.022604;0.022861;0.02235;0.022097;0.024407;0.022711;0.022516;0.022438;0.022756;0.023442;0.022561;0.023112;0.023063;0.023187;0.023434;0.023448;0.023429;0.022873;0.023042;0.023067;0.023184;0.023497;0.022944;0.022969;0.02311;0.023234;0.022931;0.023277;0.023339;0.022625;0.022927;0.02273;0.022648;0.02289;0.022075;0.022647;0.022417;0.022648;0.022713;0.022423;0.023717;0.022672;0.022211;0.022745;0.022771;0.02239;0.022096;0.022818;0.023406;0.022469;0.02277;0.02295;0.02314;0.023308;0.023003;0.023232;0.02269;0.022817;0.022405;0.022412;0.022601;0.022671;0.022622;0.022654;0.022479;0.02237;0.022473;0.022139;0.023132;0.022174;0.02249;0.022488;0.022481;0.022358;0.022732;0.022794;0.022398;0.022427;0.022442;0.022687;0.02296;0.022823;0.022775;0.022444;0.022377;0.02263;0.021908;0.02277;0.02268;0.023022;0.022353;0.022391;0.023385;0.022476;0.023005;0.022951;0.023558;0.024201;0.023451;0.02355;0.02313;0.022999;0.023066;0.022944;0.022836;0.02299;0.023019;0.022674;0.022902;0.022758;0.022549;0.022575;0.023105;0.022823;0.022777;0.022388;0.02248;0.022722;0.022707;0.022281;0.022757;0.022065;0.022251;0.023015;0.022543;0.022532;0.022749;0.022756;0.02238;0.022912;0.022704;0.022503;0.023287;0.023113;0.023399;0.024561;0.02262;0.02294;0.022963;0.022471;0.023736;0.023387;0.022815;0.023445;0.022657;0.022974;0.022528;0.022717;0.021875;0.022751;0.022324;0.022387;0.022473;0.022489;0.022714;0.022747;0.02256;0.022783;0.022433;0.02225;0.022344;0.022289;0.022649;0.022729;0.022938;0.022364;0.022584;0.022905;0.02236;0.022659;0.022786;0.023672;0.023266;0.022683;0.022332;0.023014;0.022985;0.022752;0.022624;0.023328;0.022174;0.023284;0.02358;0.023161;0.02389;0.023029;0.023021;0.023389;0.023365;0.023303;0.022636;0.022725;0.022883;0.022439;0.02293;0.022613;0.022773;0.022169;0.022489;0.022562;0.022755;0.022364;0.022506;0.022167;0.022213;0.022546;0.022544;0.022147;0.022466;0.022327;0.022379;0.022451;0.023136;0.022389;0.022667;0.022392;0.022244;0.022489;0.022018;0.022558;0.021891;0.021973;0.022686;0.022629;0.02588;0.02266;0.022713;0.023297;0.024308;0.023425;0.02302;0.023185;0.022841;0.022941;0.023342;0.022221;0.022412;0.022171;0.022136;0.022161;0.022445;0.022372;0.022527;0.022417;0.022351;0.022052;0.02312;0.02259;0.022172;0.021919;0.022383;0.02223;0.022192;0.022198;0.022561;0.022456;0.022189;0.022599;0.022402;0.02239;0.022465;0.02232;0.022708;0.022381;0.022482;0.022611;0.022467;0.02241;0.023501;0.022463;0.022833;0.022953;0.02273;0.023082;0.023492;0.022981;0.022748;0.022903;0.022705;0.023161;0.022784;0.022474;0.02276;0.022536;0.021882;0.022162;0.022672;0.021975;0.022293;0.022517;0.022654;0.022768;0.023009;0.022959;0.023243;0.023534;0.022638;0.022694;0.022498;0.022287;0.022688;0.022265;0.022489;0.022179;0.022549;0.022032;0.022109;0.022653;0.022652;0.022528;0.022324;0.022442;0.023644;0.022931;0.022812;0.023002;0.022878;0.023151;0.022664;0.02324;0.023156;0.023463;0.022582;0.023003;0.022158;0.022566;0.022502;0.022812;0.022634;0.022731;0.022528;0.022947;0.022532;0.022721;0.022489;0.022861;0.022571;0.023021;0.022405;0.022334;0.022585;0.022325;0.022504;0.022248;0.02276;0.022413;0.022571;0.022822;0.022346;0.022517;0.022423;0.02221;0.022041;0.022365;0.022457;0.022411;0.024292;0.022463;0.022661;0.023282;0.023482;0.024147;0.023879;0.023327;0.022941;0.022803;0.022786;0.022764;0.02266;0.022716;0.02276;0.022427;0.022476;0.022752;0.022403;0.0226;0.023299;0.02317;0.023015;0.022618;0.023444;0.022853;0.022637;0.022075;0.022628;0.022617;0.022277;0.022196;0.022785;0.022383;0.023009;0.022632;0.022629;0.023131;0.022432;0.022453;0.022927;0.022913;0.022755;0.022638;0.024038;0.023197;0.023;0.023018;0.022569;0.022531;0.022523;0.022472;0.022354;0.022751;0.0223;0.022659;0.022426;0.022056;0.022265;0.022526;0.022466;0.022634;0.022817;0.022708;0.022621;0.022281;0.022056;0.022703;0.022148;0.022575;0.022327;0.022101;0.022738;0.022284;0.022707;0.022204;0.022359;0.022545;0.022567;0.021908;0.022446;0.023635;0.022305;0.022008;0.022856;0.022315;0.022838;0.022409;0.023746;0.022471;0.02295;0.022549;0.022803;0.023089;0.023348;0.022666;0.022998;0.02326;0.022802;0.023226;0.022667;0.02318;0.022602;0.022717;0.022988;0.023362;0.023005;0.022804;0.02296;0.02261;0.022745;0.023221;0.023255;0.02327;0.023306;0.023075;0.023281;0.023296;0.022579;0.022961;0.022998;0.022872;0.022952;0.02294;0.022921;0.023046;0.023073;0.022927;0.023193;0.023358;0.023111;0.025347;0.022497;0.023174;0.02268;0.022474;0.02257;0.022875;0.02268;0.023244;0.022819;0.022784;0.023241;0.023086;0.022926;0.023955;0.022579;0.02275;0.02258;0.022678;0.023034;0.022953;0.022968;0.022921;0.02312;0.023063;0.022903;0.022885;0.022858;0.02263;0.02294;0.022935;0.022581;0.023078;0.022504;0.023203;0.023068;0.023189;0.022782;0.023101;0.023058;0.023095;0.022954;0.023262;0.022757;0.023725;0.02267;0.022482;0.0224;0.022481;0.023339;0.022964;0.02273;0.023257;0.02255;0.022779;0.022705;0.023374;0.022902;0.023516;0.022696;0.022173;0.022536;0.022623;0.023109;0.02295;0.022803;0.022884;0.022917;0.023546;0.0233;0.023206;0.023277;0.023058;0.022717;0.023213;0.022901;0.022534;0.02339;0.024083;0.02349;0.023;0.023134;0.022555;0.023221;0.022636;0.022857;0.022773;0.024838;0.022238;0.022698;0.022938;0.023172;0.022913;0.022733;0.023024;0.023392;0.022708;0.023271;0.022905;0.023093;0.023631;0.022737;0.022853;0.022769;0.023062;0.022789;0.022907;0.023002;0.022846;0.023358;0.023314;0.023341;0.022881;0.022703;0.022971;0.022592;0.022796;0.022627;0.022878;0.023351;0.022821;0.022785;0.022651;0.022377;0.022682;0.02272;0.022985;0.022501;0.022998;0.023477;0.02323;0.024442;0.022299;0.022618;0.022689;0.022714;0.023285;0.023146;0.023163;0.022949;0.022806;0.022882;0.023475;0.024092;0.023015;0.023301;0.022425;0.023473;0.023106;0.022894;0.022911;0.022994;0.022947;0.023116;0.022593;0.02269;0.022876;0.022916;0.023218;0.022962;0.02263;0.023099;0.022936;0.02286;0.023245;0.022983;0.022858;0.022941;0.022916;0.02302;0.023137;0.023364;0.02305;0.022859;0.029106;0.022734;0.023361;0.022776;0.022967;0.023081;0.023047;0.023445;0.023077;0.022717;0.023309;0.023073;0.022876;0.022966;0.023282;0.022909;0.023113;0.022869;0.023096;0.023476;0.022562;0.022654;0.023039;0.022679;0.023295;0.024144;0.023118;0.022635;0.02294;0.023702;0.022819;0.023351;0.023194;0.02327;0.023092;0.022655;0.022833;0.022998;0.02288;0.022992;0.023102;0.022624;0.023158;0.025182;0.022569;0.022445;0.022729;0.022468;0.022847;0.022502;0.022614;0.023029;0.0228;0.022729;0.022869;0.022772;0.022733;0.022974;0.023087;0.022602;0.022786;0.022983;0.022802;0.02284;0.022425;0.023063;0.023029;0.022528;0.022509;0.022587;0.022826;0.02279;0.022569;0.022709;0.022515;0.023124;0.022723;0.023396;0.023299;0.023213;0.023113;0.022876;0.022858;0.02257;0.022793;0.022615;0.02299;0.024434;0.022854;0.024204;0.023072;0.022895;0.022989;0.023393;0.022671;0.02297;0.023292;0.023244;0.022809;0.023248;0.023214;0.023354;0.022776;0.022834;0.022373;0.023195;0.022634;0.022621;0.02278;0.022415;0.022723;0.022889;0.023477;0.022801;0.02322;0.023101;0.023464;0.022692;0.023388;0.022788;0.023044;0.022884;0.023197;0.022812;0.023076;0.022699;0.02282;0.023187;0.023152;0.023452;0.024638;0.022569;0.022739;0.022768;0.022945;0.023039;0.023043;0.023357;0.022728;0.022745;0.022775;0.023085;0.023267;0.022789;0.023172;0.023061;0.022798;0.022997;0.023603;0.023398;0.023321;0.023263;0.022982;0.02281;0.023269;0.023314;0.022899;0.023565;0.023092;0.023478;0.022549;0.022987;0.022991;0.023541;0.023213;0.022948;0.022999;0.022501;0.022697;0.022893;0.022775;0.023067;0.023781;0.022612;0.02509;0.022729;0.023242;0.022869;0.022511;0.023168;0.023096;0.023098;0.022731;0.022627;0.022755;0.023386;0.022729;0.022748;0.022825;0.02256;0.022975;0.023216;0.023416;0.023107;0.022853;0.022922;0.023075;0.02274;0.023083;0.022949;0.02224;0.022693;0.022732;0.022875;0.022887;0.022727;0.022504;0.022719;0.022946;0.023257;0.023533;0.022917;0.022748;0.023025;0.023112;0.023206;0.022747;0.024065;0.022667;0.022838;0.022999;0.022928;0.023126;0.023219;0.022627;0.023167;0.023212;0.023023;0.023084;0.023227;0.023004;0.022994;0.022642;0.022897;0.022508;0.022402;0.022538;0.02258;0.022779;0.023243;0.023088;0.022666;0.022596;0.02303;0.022786;0.023119;0.023481;0.022936;0.022795;0.022793;0.022459;0.022361;0.02224;0.02253;0.022923;0.022899;0.022848;0.022571;0.022302;0.022863;0.022772;0.025154;0.023111;0.023329;0.023199;0.02307;0.022936;0.02316;0.022657;0.023407;0.022768;0.022733;0.023008;0.023016;0.024009;0.022824;0.023419;0.02303;0.023153;0.023036;0.022614;0.022347;0.022828;0.02264;0.023281;0.023175;0.022746;0.023075;0.022622;0.022079;0.022329;0.021925;0.022302;0.022079;0.02257;0.022367;0.022395;0.022859;0.023222;0.022064;0.022313;0.022188;0.022471;0.022618;0.022531;0.023905;0.022783;0.02285;0.022698;0.022631;0.022667;0.023182;0.02356;0.022948;0.022659;0.023111;0.022873;0.022819;0.022133;0.022548;0.02314;0.023227;0.022324;0.023277;0.022372;0.02243;0.022457;0.022164;0.022535;0.022388;0.022032;0.022496;0.022726;0.022708;0.02276;0.022417;0.022583;0.022789;0.022363;0.02218;0.022943;0.022436;0.022618;0.022443;0.022633;0.022389;0.022266;0.02244;0.022891;0.02388;0.02342;0.02273;0.02236;0.022975;0.02331;0.023242;0.022617;0.02276;0.023267;0.023088;0.022524;0.022542;0.022671;0.022417;0.022386;0.022206;0.022896;0.02265;0.022868;0.022921;0.02243;0.022234;0.022367;0.02236;0.022731;0.022289;0.022753;0.022521;0.022322;0.022548;0.023108;0.022723;0.022373;0.022613;0.023164;0.022704;0.022296;0.02269;0.022427;0.022708;0.022724;0.022454;0.022675;0.02397;0.022337;0.022891;0.023563;0.022959;0.022747;0.022857;0.023029;0.022817;0.02308;0.02225;0.02238;0.022216;0.022725;0.023904;0.022128;0.022314;0.0223;0.022964;0.022522;0.022296;0.022255;0.022679;0.022234;0.022366;0.022582;0.022608;0.022759;0.0226;0.022453;0.021993;0.022654;0.022348;0.022225;0.022505;0.022483;0.022398;0.022552;0.022263;0.022368;0.022923;0.022479;0.022122;0.021876;0.023853;0.022308;0.022396;0.02294;0.023769;0.022904;0.022946;0.023006;0.022995;0.022863;0.022611;0.023064;0.022273;0.022636;0.022746;0.022535;0.022093;0.022398;0.022357;0.022475;0.022479;0.023007;0.022543;0.022562;0.022421;0.022406;0.022665;0.022297;0.022101;0.022247;0.0242;0.022591;0.022573;0.022424;0.022741;0.02339;0.023433;0.022727;0.02241;0.022367;0.022696;0.022757;0.02231;0.022722;0.023723;0.022586;0.022253;0.023437;0.023228;0.023125;0.02334;0.023122;0.023174;0.022372;0.022534;0.022609;0.022321;0.022697;0.022186;0.022671;0.022655;0.022551;0.022462;0.02235;0.022409;0.022458;0.02278;0.022741;0.023163;0.022648;0.022887;0.023134;0.02296;0.022818;0.023193;0.023038;0.023089;0.023323;0.02265;0.022836;0.0227;0.022701;0.023145;0.022803;0.022995;0.022556;0.023301;0.023023;0.024464;0.022806;0.022856;0.022659;0.022587;0.022605;0.022552;0.022505;0.022274;0.022398;0.02278;0.022212;0.022389;0.022101;0.022442;0.022689;0.022788;0.022509;0.022922;0.02259;0.022288;0.022524;0.022552;0.022457;0.022548;0.022665;0.022458;0.022474;0.022727;0.02283;0.022474;0.022284;0.0228;0.022434;0.022354;0.02265;0.022483;0.022777;0.023298;0.023311;0.02354;0.023217;0.02278;0.023181;0.024426;0.0231;0.023359;0.022592;0.022633;0.022945;0.023101;0.02313;0.022749;0.023317;0.023387;0.022969;0.022926;0.022684;0.022686;0.023198;0.024106;0.023317;0.023018;0.02313;0.022654;0.02274;0.023231;0.022832;0.022977;0.02305;0.023076;0.023426;0.022593;0.022989;0.023092;0.023011;0.022736;0.022572;0.022551;0.023002;0.023139;0.023318;0.023247;0.022985;0.023151;0.022789;0.022973;0.025128;0.022842;0.02285;0.022957;0.022638;0.022648;0.022706;0.022958;0.022955;0.022686;0.022921;0.022906;0.023042;0.023306;0.02331;0.022859;0.023324;0.023017;0.022644;0.023305;0.022669;0.023165;0.022817;0.022873;0.022689;0.02295;0.023131;0.022688;0.024073;0.023065;0.02277;0.022727;0.022562;0.023179;0.022986;0.022875;0.023088;0.022869;0.023162;0.022679;0.023084;0.0225;0.022852;0.022685;0.024659;0.023128;0.022774;0.022744;0.023034;0.022971;0.022856;0.023236;0.022731;0.023167;0.023351;0.023145;0.022753;0.023173;0.023011;0.023194;0.022969;0.023345;0.022763;0.023134;0.023331;0.023116;0.022618;0.023391;0.023229;0.023007;0.022949;0.023121;0.023457;0.022775;0.023767;0.023461;0.023048;0.023231;0.022779;0.022745;0.023098;0.022701;0.023154;0.023424;0.022421;0.023243;0.022581;0.024701;0.022997;0.022749;0.022783;0.022659;0.022703;0.023115;0.023072;0.023156;0.02335;0.023061;0.023091;0.023152;0.02245;0.022937;0.022878;0.022813;0.0232;0.022908;0.022981;0.023044;0.022649;0.023149;0.022838;0.023197;0.023107;0.023239;0.02229;0.022613;0.022877;0.023054;0.023221;0.022886;0.023108;0.022365;0.023491;0.022567;0.022782;0.022693;0.022616;0.022705;0.022687;0.02291;0.025912;0.023644;0.022598;0.023197;0.023158;0.022613;0.02305;0.023135;0.023147;0.023018;0.022952;0.022982;0.022671;0.022451;0.02295;0.022871;0.022611;0.023374;0.023071;0.022807;0.022421;0.022867;0.022486;0.022788;0.023122;0.022622;0.022544;0.022719;0.023103;0.023299;0.022758;0.023033;0.022746;0.023146;0.023351;0.022712;0.023098;0.022989;0.023054;0.023072;0.022949;0.022846;0.023025;0.023278;0.024985;0.022839;0.023693;0.023187;0.022902;0.022677;0.022893;0.022736;0.02284;0.02317;0.022742;0.023746;0.022771;0.022735;0.022934;0.022682;0.022575;0.022733;0.023245;0.023118;0.022774;0.022687;0.022536;0.022813;0.022726;0.022677;0.022896;0.023058;0.022893;0.023177;0.023443;0.022835;0.023207;0.022965;0.02272;0.023055;0.022573;0.023018;0.023463;0.022914;0.023311;0.022895;0.0227;0.024218;0.022676;0.022824;0.023508;0.022851;0.022836;0.023145;0.023177;0.023559;0.02308;0.023058;0.02279;0.022693;0.022607;0.023011;0.022698;0.022551;0.022393;0.023243;0.022487;0.023008;0.023143;0.023433;0.022375;0.022856;0.023227;0.022777;0.022828;0.023634;0.02317;0.022995;0.022532;0.023317;0.022838;0.022924;0.023001;0.023162;0.022781;0.023099;0.022778;0.023068;0.023355;0.023045;0.023365;0.024678;0.023039;0.022846;0.022543;0.022351;0.022972;0.023486;0.023;0.022746;0.023337;0.022913;0.022783;0.022533;0.022932;0.023169;0.022767;0.022815;0.022954;0.022724;0.023097;0.02276;0.022798;0.022869;0.022718;0.022895;0.023032;0.023003;0.022982;0.022881;0.023084;0.023032;0.023001;0.022484;0.022667;0.023525;0.022832;0.022452;0.022795;0.022857;0.022658;0.022152;0.021905;0.022038;0.023099;0.022554;0.022903;0.022806;0.022725;0.023116;0.023042;0.022866;0.022887;0.023033;0.022585;0.02239;0.022509;0.022848;0.022868;0.022721;0.022862;0.023048;0.022752;0.022665;0.02377;0.023058;0.022576;0.02258;0.022551;0.022749;0.022619;0.022971;0.022278;0.022475;0.022146;0.022346;0.02225;0.023008;0.022082;0.022586;0.022375;0.022324;0.02289;0.022684;0.022484;0.022773;0.022738;0.022744;0.023801;0.022497;0.022791;0.022762;0.022829;0.023333;0.022536;0.023012;0.022792;0.023027;0.02262;0.022403;0.022514;0.022372;0.022755;0.022607;0.022409;0.022499;0.022689;0.022501;0.022511;0.022207;0.023208;0.023627;0.022973;0.022711;0.022337;0.022227;0.022494;0.022943;0.022625;0.022836;0.022789;0.022644;0.022532;0.0219;0.022627;0.022469;0.02234;0.022346;0.022801;0.022555;0.02272;0.022389;0.022837;0.023337;0.022714;0.023278;0.022691;0.022808;0.023187;0.022836;0.023315;0.023646;0.022907;0.022899;0.02278;0.022525;0.022431;0.022201;0.022249;0.022386;0.022672;0.022677;0.022031;0.022699;0.022853;0.022601;0.022225;0.022915;0.022291;0.022381;0.022574;0.022602;0.022552;0.022224;0.022932;0.022553;0.023239;0.023214;0.022356;0.022522;0.022452;0.022647;0.022501;0.022691;0.022569;0.022412;0.022239;0.023766;0.022288;0.022819;0.023139;0.023516;0.023006;0.022588;0.023302;0.022549;0.022434;0.022337;0.022271;0.02279;0.022268;0.022628;0.022562;0.022327;0.02215;0.02254;0.022241;0.022242;0.022429;0.022193;0.022306;0.022886;0.022728;0.02236;0.022989;0.022411;0.022122;0.022431;0.022337;0.022427;0.022117;0.02212;0.022662;0.022084;0.022704;0.022402;0.022827;0.022624;0.021878;0.02232;0.022651;0.023869;0.022568;0.022628;0.023243;0.022925;0.022577;0.023279;0.023317;0.02324;0.022835;0.023212;0.024048;0.023074;0.022924;0.022813;0.022406;0.022644;0.022903;0.022267;0.022278;0.022598;0.022714;0.022585;0.022435;0.02322;0.023106;0.023137;0.023376;0.022883;0.023021;0.022616;0.022823;0.023309;0.023437;0.022718;0.022712;0.022919;0.023114;0.023341;0.023224;0.023221;0.023139;0.022846;0.025123;0.022941;0.022917;0.023045;0.022798;0.023114;0.022643;0.022239;0.022278;0.022858;0.023045;0.022877;0.022262;0.022065;0.022287;0.022152;0.022743;0.022411;0.022578;0.023062;0.022707;0.022591;0.022666;0.022606;0.023065;0.022543;0.02362;0.023768;0.023471;0.022729;0.022498;0.022778;0.021944;0.022389;0.022245;0.022016;0.022401;0.022292;0.022481;0.022328;0.022367;0.022899;0.022234;0.022778;0.024004;0.022303;0.022348;0.0226;0.02276;0.022761;0.022446;0.022739;0.023328;0.022984;0.022791;0.02321;0.022924;0.023333;0.023064;0.022946;0.022965;0.023179;0.022821;0.022883;0.022971;0.023433;0.023063;0.022571;0.022711;0.022883;0.022948;0.022883;0.022863;0.023106;0.022952;0.023224;0.023031;0.02276;0.022899;0.022748;0.023374;0.022819;0.023497;0.023412;0.023067;0.022996;0.022597;0.022644;0.024086;0.022831;0.023207;0.022776;0.023023;0.022632;0.023302;0.022804;0.02252;0.022872;0.022744;0.022611;0.023072;0.023134;0.023119;0.022804;0.022863;0.023205;0.022519;0.022837;0.02326;0.022709;0.02301;0.023844;0.02264;0.023355;0.022434;0.02304;0.022662;0.022398;0.022705;0.023013;0.023232;0.022513;0.022895;0.023164;0.022936;0.022824;0.022944;0.022773;0.022893;0.02238;0.022987;0.022975;0.023092;0.022559;0.02283;0.022792;0.022729;0.023054;0.022856;0.022836;0.022581;0.023299;0.022629;0.022541;0.022746;0.022576;0.022644;0.023066;0.022626;0.023226;0.022817;0.023098;0.022945;0.022695;0.022895;0.022975;0.022914;0.023009;0.023277;0.023159;0.023222;0.022869;0.022827;0.023025;0.022748;0.022552;0.023109;0.024612;0.023237;0.023111;0.0226;0.022824;0.023062;0.022992;0.022533;0.024734;0.022807;0.023226;0.022782;0.022944;0.023037;0.023036;0.022294;0.022692;0.023345;0.022845;0.02297;0.023007;0.022811;0.023094;0.023347;0.023375;0.023375;0.023312;0.022895;0.023;0.023145;0.023021;0.022558;0.022799;0.022968;0.022908;0.02275;0.02314;0.023024;0.023009;0.022938;0.022429;0.022678;0.022637;0.023191;0.023033;0.023438;0.024037;0.022851;0.023159;0.023152;0.023384;0.024811;0.02273;0.023009;0.022994;0.022644;0.023014;0.022998;0.02347;0.022993;0.023156;0.022898;0.023021;0.023118;0.023165;0.023524;0.023268;0.023043;0.023063;0.023073;0.022877;0.022812;0.023406;0.023148;0.022793;0.023032;0.022711;0.023159;0.022526;0.023221;0.022993;0.022874;0.022771;0.022791;0.022899;0.022936;0.022274;0.022854;0.023218;0.022562;0.023395;0.022814;0.022548;0.02293;0.022667;0.02428;0.022933;0.02244;0.022821;0.022458;0.022639;0.022704;0.022806;0.022793;0.022877;0.022615;0.022345;0.02245;0.022449;0.022675;0.022556;0.022552;0.022822;0.022824;0.023355;0.022909;0.023194;0.022589;0.023169;0.022473;0.023716;0.023315;0.022795;0.022876;0.0227;0.02276;0.022999;0.022997;0.022742;0.022561;0.022835;0.023012;0.022418;0.022398;0.022186;0.022061;0.022617;0.022539;0.022126;0.023681;0.022728;0.022485;0.022929;0.022822;0.022876;0.022849;0.02349;0.022594;0.02273;0.022954;0.022437;0.022843;0.022332;0.022378;0.022352;0.022213;0.022585;0.022009;0.022203;0.022556;0.022335;0.022873;0.022346;0.022857;0.02238;0.022657;0.022715;0.022633;0.022515;0.023057;0.023106;0.022315;0.02234;0.022921;0.022785;0.022287;0.022694;0.022271;0.022565;0.022498;0.022744;0.022575;0.022378;0.023846;0.023219;0.022972;0.022877;0.022621;0.022603;0.022839;0.022794;0.023015;0.02321;0.022975;0.022829;0.023139;0.022396;0.02425;0.023793;0.022825;0.023147;0.022765;0.022947;0.02321;0.02275;0.022553;0.022512;0.022856;0.022508;0.022396;0.022396;0.022647;0.022856;0.022881;0.022599;0.02258;0.022549;0.022737;0.022348;0.022494;0.022659;0.022479;0.022736;0.022781;0.023197;0.022413;0.022786;0.023606;0.022738;0.022943;0.02311;0.022616;0.023159;0.022987;0.022973;0.02304;0.022963;0.022994;0.022462;0.022417;0.022622;0.02248;0.022362;0.022566;0.022286;0.022485;0.022505;0.022318;0.022577;0.022618;0.02232;0.022269;0.022812;0.022777;0.022757;0.023626;0.022422;0.022405;0.022835;0.022338;0.022484;0.022292;0.022648;0.022405;0.021953;0.022236;0.022644;0.023057;0.023095;0.022996;0.022765;0.024349;0.022624;0.022481;0.023156;0.022568;0.022585;0.022447;0.02292;0.022603;0.02241;0.022522;0.022109;0.022267;0.02262;0.022849;0.022597;0.022506;0.022732;0.022371;0.022361;0.022645;0.022227;0.022744;0.022018;0.022375;0.022111;0.022599;0.022558;0.022442;0.022822;0.02242;0.02271;0.022123;0.022397;0.022024;0.022218;0.022306;0.022336;0.022608;0.022347;0.024132;0.02264;0.022223;0.022078;0.023722;0.022544;0.022524;0.022804;0.023636;0.022895;0.023064;0.023031;0.023047;0.022745;0.023282;0.022854;0.022767;0.022431;0.022698;0.022588;0.022433;0.022745;0.022277;0.022494;0.022687;0.022511;0.022608;0.023215;0.022704;0.022597;0.023048;0.022337;0.02268;0.02257;0.022704;0.022525;0.022936;0.022341;0.022967;0.022508;0.022811;0.022899;0.022413;0.02252;0.022287;0.022638;0.022268;0.022696;0.024294;0.022383;0.022692;0.022572;0.022556;0.023597;0.023308;0.022717;0.022681;0.022557;0.022522;0.02252;0.022885;0.022375;0.022406;0.02241;0.02239;0.023024;0.022645;0.023643;0.02335;0.022573;0.02277;0.022792;0.022896;0.022738;0.02299;0.022637;0.022915;0.022376;0.022582;0.022546;0.022535;0.022334;0.022433;0.022486;0.02209;0.022813;0.022373;0.022514;0.022246;0.022427;0.022636;0.022444;0.024356;0.022241;0.02277;0.023349;0.02314;0.022745;0.022749;0.022729;0.023078;0.022699;0.023024;0.022688;0.022391;0.021984;0.022591;0.022932;0.022684;0.022144;0.02296;0.022663;0.022298;0.023054;0.022528;0.023693;0.022702;0.022375;0.022749;0.022786;0.02247;0.022345;0.022708;0.023118;0.022582;0.022476;0.022126;0.022567;0.022263;0.022748;0.02296;0.022703;0.022174;0.022436;0.022347;0.022441;0.024258;0.022258;0.022866;0.022939;0.022584;0.02293;0.023211;0.022732;0.023326;0.023149;0.02283;0.022539;0.022518;0.022751;0.02272;0.022762;0.022355;0.022447;0.022579;0.022452;0.022751;0.022472;0.022057;0.022513;0.02251;0.022651;0.022362;0.022756;0.022947;0.022613;0.022804;0.022775;0.02228;0.022794;0.023002;0.022329;0.023763;0.022821;0.022479;0.023039;0.022869;0.02239;0.022592;0.023127;0.024084;0.022335;0.022558;0.023338;0.023015;0.022572;0.022881;0.022675;0.022443;0.022773;0.022545;0.022577;0.022201;0.02213;0.022354;0.022268;0.0223;0.022476;0.022885;0.022556;0.022777;0.022751;0.022432;0.022388;0.022912;0.02283;0.02216;0.022554;0.022584;0.022723;0.023012;0.02186;0.022282;0.022518;0.022814;0.022352;0.02238;0.022314;0.022714;0.023479;0.023524;0.022671;0.022697;0.022655;0.024013;0.022549;0.022475;0.022439;0.022523;0.022591;0.022719;0.022677;0.022893;0.023021;0.023158;0.022626;0.022788;0.022899;0.023034;0.022957;0.022732;0.022549;0.022419;0.022955;0.0226;0.023082;0.023069;0.022856;0.023267;0.022714;0.02284;0.022863;0.022285;0.02233;0.022318;0.022222;0.022469;0.022909;0.022432;0.022029;0.022055;0.022323;0.022611;0.022558;0.023227;0.022684;0.022737;0.022717;0.023859;0.022534;0.022869;0.022895;0.023096;0.022957;0.023017;0.023029;0.024121;0.023218;0.022201;0.022815;0.022648;0.022416;0.022557;0.022568;0.022557;0.022339;0.02279;0.022531;0.022759;0.022028;0.022581;0.023004;0.022634;0.022377;0.02231;0.022705;0.023117;0.022926;0.023255;0.023107;0.022543;0.022767;0.022931;0.022952;0.023327;0.022979;0.022783;0.022817;0.023541;0.022697;0.023472;0.022933;0.024138;0.022884;0.02328;0.023269;0.022712;0.022773;0.022981;0.022839;0.023381;0.02268;0.022655;0.022367;0.022485;0.022299;0.022551;0.023184;0.022882;0.022188;0.022401;0.022589;0.023203;0.023738;0.022393;0.021996;0.022542;0.022396;0.022247;0.022444;0.022757;0.023011;0.022541;0.022588;0.022178;0.022329;0.022567;0.022517;0.0222;0.022568;0.022653;0.022778;0.022423;0.022812;0.022156;0.022245;0.023903;0.022711;0.022895;0.022977;0.022629;0.023124;0.02332;0.02327;0.022765;0.022928;0.02293;0.022332;0.022705;0.022596;0.022851;0.022426;0.022998;0.022499;0.022528;0.02248;0.022646;0.023115;0.022764;0.02365;0.02284;0.022447;0.02252;0.022604;0.022754;0.022719;0.022055;0.022231;0.022229;0.022199;0.022506;0.022785;0.022758;0.02268;0.022473;0.022563;0.021993;0.022355;0.022916;0.022096;0.030348;0.022635;0.022962;0.022604;0.023008;0.022897;0.023092;0.023332;0.023211;0.023502;0.022807;0.023504;0.023076;0.022883;0.022447;0.022496;0.022641;0.022681;0.02272;0.022527;0.022321;0.023046;0.022443;0.022339;0.022692;0.0223;0.023576;0.024372;0.023326;0.02318;0.022817;0.023274;0.023056;0.02288;0.022625;0.022925;0.022712;0.022612;0.02263;0.023163;0.023009;0.022698;0.02264;0.023771;0.022723;0.022575;0.022316;0.02276;0.022986;0.023078;0.023268;0.02294;0.022861;0.023331;0.02314;0.02295;0.0224;0.02314;0.022945;0.023318;0.022467;0.022357;0.022554;0.022835;0.022188;0.022762;0.022626;0.022454;0.022256;0.022549;0.022772;0.022669;0.02205;0.022668;0.022374;0.022404;0.022829;0.022806;0.022461;0.022688;0.022677;0.022957;0.022714;0.022489;0.022856;0.023425;0.022585;0.023672;0.022405;0.023258;0.022967;0.023151;0.02298;0.023061;0.023315;0.023333;0.022232;0.022895;0.022523;0.022188;0.023095;0.022392;0.022727;0.02269;0.022125;0.022341;0.022369;0.022551;0.02253;0.022547;0.021961;0.022729;0.022876;0.022525;0.02236;0.022687;0.022825;0.023185;0.023043;0.022946;0.023081;0.022886;0.022685;0.022093;0.022343;0.022816;0.022481;0.022474;0.022643;0.022503;0.022495;0.023747;0.022799;0.022561;0.022558;0.023102;0.022986;0.023199;0.022952;0.023217;0.023179;0.024293;0.023152;0.022678;0.022851;0.022274;0.02246;0.021975;0.022813;0.022757;0.022583;0.022341;0.022534;0.022078;0.022377;0.022069;0.022899;0.022247;0.022172;0.022038;0.022654;0.022135;0.022398;0.022452;0.022596;0.022788;0.022011;0.022953;0.022447;0.022509;0.022756;0.022215;0.022442;0.022606;0.022515;0.024159;0.022494;0.022611;0.023212;0.02334;0.022865;0.022993;0.022832;0.022711;0.023003;0.022836;0.022938;0.023344;0.024593;0.022908;0.02346;0.02275;0.022505;0.023086;0.022668;0.023156;0.022782;0.022812;0.023014;0.022521;0.022551;0.022677;0.023013;0.023095;0.022695;0.022466;0.022125;0.022696;0.022557;0.022475;0.022732;0.022276;0.022567;0.022379;0.022529;0.022325;0.02262;0.022309;0.02236;0.02386;0.022467;0.023203;0.022842;0.023147;0.023016;0.022738;0.022824;0.023183;0.022862;0.023018;0.022707;0.022461;0.022711;0.022337;0.023009;0.023472;0.022995;0.023551;0.023135;0.02271;0.022362;0.023505;0.022717;0.023725;0.023637;0.023264;0.022878;0.022784;0.022723;0.022695;0.022701;0.022601;0.022288;0.022979;0.022688;0.022442;0.022207;0.022909;0.022407;0.022516;0.022707;0.022432;0.023139;0.023629;0.022245;0.022128;0.022604;0.022749;0.023163;0.023212;0.02306;0.022669;0.022934;0.02267;0.022884;0.022395;0.022327;0.022771;0.02246;0.022893;0.02312;0.022919;0.023015;0.023205;0.022696;0.022798;0.022842;0.022634;0.022602;0.022651;0.022335;0.022604;0.022072;0.022402;0.022821;0.022288;0.022264;0.022653;0.022772;0.02256;0.022721;0.023851;0.02295;0.022587;0.022065;0.022473;0.022398;0.023539;0.022317;0.022739;0.022643;0.022686;0.022835;0.022721;0.022824;0.022843;0.022646;0.022377;0.022675;0.022683;0.022927;0.022323;0.022608;0.022553;0.023096;0.022457;0.022225;0.022004;0.0227;0.022447;0.022639;0.022437;0.022508;0.023013;0.022916;0.022936;0.022672;0.02306;0.022619;0.022822;0.022482;0.022338;0.022582;0.022509;0.022447;0.022413;0.023009;0.023074;0.02312;0.022766;0.023076;0.024494;0.022428;0.022442;0.022737;0.02264;0.022589;0.023251;0.023726;0.022705;0.022487;0.021922;0.022466;0.022588;0.022864;0.022254;0.022621;0.02277;0.022416;0.022978;0.023154;0.022374;0.022617;0.022715;0.022313;0.022467;0.022331;0.022886;0.0228;0.022562;0.022333;0.022977;0.022581;0.022348;0.02257;0.022548;0.022016;0.022299;0.022598;0.02243;0.022078;0.022617;0.022379;0.02237;0.023158;0.023905;0.023513;0.023248;0.023323;0.023107;0.023224;0.023159;0.02287;0.022958;0.023662;0.0225;0.022875;0.022445;0.022821;0.022763;0.022678;0.022776;0.022977;0.023843;0.024026;0.022818;0.022549;0.022306;0.022982;0.02276;0.022522;0.022606;0.022315;0.022737;0.022999;0.022571;0.022427;0.022674;0.022662;0.02289;0.023092;0.023231;0.022751;0.022677;0.022704;0.022955;0.022701;0.022976;0.024285;0.022324;0.022878;0.022694;0.022975;0.023242;0.022691;0.023073;0.022988;0.023562;0.023303;0.023173;0.022848;0.022631;0.023012;0.022263;0.022679;0.022537;0.022825;0.022224;0.021962;0.022295;0.022756;0.022203;0.022418;0.022602;0.022396;0.022171;0.022258;0.022368;0.022692;0.022157;0.022346;0.022444;0.022469;0.02244;0.022691;0.022459;0.022229;0.022055;0.0224;0.022057;0.022534;0.022788;0.022906;0.024176;0.022097;0.022622;0.022667;0.022396;0.02248;0.023719;0.022814;0.022963;0.022753;0.02218;0.02241;0.022566;0.023029;0.022187;0.022595;0.02236;0.023102;0.022671;0.022309;0.022634;0.022675;0.022394;0.02212;0.022349;0.022915;0.022545;0.022571;0.022435;0.02237;0.022296;0.022697;0.022133;0.022497;0.022401;0.022069;0.022341;0.022136;0.022521;0.022095;0.022545;0.022323;0.022706;0.0228;0.024538;0.022807;0.022447;0.023067;0.022691;0.022967;0.022461;0.022762;0.022698;0.023751;0.022385;0.023409;0.022621;0.022722;0.022474;0.021878;0.022726;0.022928;0.022391;0.02278;0.022182;0.02244;0.02291;0.023079;0.022618;0.022265;0.02212;0.022307;0.022397;0.022145;0.022578;0.022687;0.022376;0.022813;0.022798;0.022891;0.022795;0.023301;0.02287;0.023055;0.022889;0.022448;0.022507;0.022814;0.023765;0.022387;0.022655;0.022616;0.023123;0.022853;0.022749;0.023325;0.023258;0.022819;0.02341;0.023156;0.023398;0.022785;0.022429;0.022581;0.022794;0.022502;0.022745;0.02257;0.023039;0.023155;0.02272;0.022791;0.022915;0.0227;0.022459;0.02213;0.022504;0.022344;0.023099;0.022499;0.022487;0.022346;0.022212;0.022527;0.022394;0.022981;0.022603;0.022281;0.022528;0.022246;0.022592;0.022626;0.02464;0.022263;0.022111;0.02283;0.022257;0.02265;0.022973;0.022698;0.022613;0.022314;0.022567;0.022229;0.022779;0.022372;0.022589;0.022603;0.022776;0.022646;0.022291;0.02249;0.022916;0.022526;0.022654;0.022552;0.022812;0.022802;0.022275;0.023225;0.022689;0.02221;0.02269;0.022815;0.022483;0.023355;0.022984;0.022644;0.022308;0.022687;0.023013;0.022855;0.022866;0.022907;0.022746;0.022865;0.02382;0.022414;0.022486;0.02252;0.022797;0.02324;0.02305;0.022999;0.023085;0.023028;0.022918;0.022484;0.021924;0.021944;0.022274;0.022396;0.022385;0.022292;0.022536;0.022431;0.022359;0.022495;0.02218;0.022577;0.022666;0.022494;0.022472;0.022533;0.022183;0.02237;0.022342;0.022271;0.022443;0.022383;0.022214;0.022315;0.022965;0.022459;0.022436;0.022948;0.022696;0.022177;0.022398;0.022387;0.025322;0.022519;0.022779;0.023139;0.023336;0.022827;0.023173;0.022677;0.022533;0.023283;0.023129;0.024149;0.022594;0.022151;0.022497;0.022316;0.022443;0.02254;0.022721;0.022583;0.023114;0.022567;0.022697;0.022564;0.022726;0.022598;0.022642;0.022741;0.022552;0.02304;0.022392;0.022194;0.022065;0.022752;0.022874;0.022695;0.023464;0.022491;0.022488;0.022772;0.022932;0.022092;0.022805;0.022326;0.024067;0.022585;0.022792;0.02313;0.023126;0.023149;0.023258;0.023582;0.02317;0.022447;0.022328;0.022595;0.022337;0.022232;0.02217;0.02255;0.022748;0.022664;0.022275;0.022504;0.022026;0.022527;0.022391;0.022995;0.022527;0.022616;0.022821;0.022395;0.022586;0.02267;0.022689;0.022812;0.022547;0.022713;0.02246;0.022514;0.022365;0.022849;0.023197;0.022992;0.022686;0.023124;0.023742;0.02343;0.023923;0.022635;0.023308;0.0227;0.022881;0.022723;0.023179;0.023262;0.022961;0.022783;0.022795;0.023029;0.022524;0.022508;0.022639;0.022523;0.022665;0.022807;0.022447;0.022565;0.022678;0.022299;0.022804;0.022448;0.022725;0.022909;0.022729;0.022501;0.022556;0.022547;0.02258;0.022884;0.022814;0.022709;0.022421;0.022527;0.022891;0.022771;0.022476;0.022463;0.022547;0.022405;0.022623;0.022372;0.023558;0.022484;0.023599;0.023373;0.022872;0.022956;0.02273;0.023262;0.022584;0.022712;0.023666;0.022683;0.022357;0.022556;0.022838;0.022677;0.022933;0.022428;0.02266;0.022758;0.022686;0.022528;0.022191;0.022235;0.02221;0.022597;0.022295;0.02278;0.0227;0.022647;0.022338;0.022708;0.022617;0.022064;0.022255;0.022344;0.022231;0.022359;0.022527;0.022368;0.022413;0.022709;0.022453;0.02248;0.024507;0.022617;0.022499;0.022245;0.023033;0.022742;0.023004;0.023056;0.022975;0.022728;0.02353;0.022781;0.024306;0.023378;0.023348;0.022855;0.022611;0.022072;0.022611;0.022436;0.022634;0.022642;0.022418;0.022451;0.022374;0.022564;0.022876;0.022516;0.022325;0.022371;0.022871;0.022824;0.022654;0.02254;0.022722;0.02278;0.022832;0.022434;0.022193;0.021953;0.022253;0.02278;0.022575;0.022568;0.024478;0.022126;0.022912;0.022991;0.022561;0.023127;0.023042;0.022215;0.022846;0.022323;0.022412;0.022447;0.022787;0.022235;0.022304;0.023198;0.022786;0.022658;0.022503;0.022302;0.022765;0.022811;0.02235;0.022529;0.023589;0.022953;0.022605;0.022363;0.022996;0.021828;0.022414;0.022547;0.022951;0.023079;0.023109;0.022115;0.02204;0.022338;0.022667;0.022501;0.02245;0.022538;0.022536;0.022383;0.023993;0.022574;0.022643;0.022809;0.022894;0.022783;0.022747;0.022561;0.022407;0.02244;0.022414;0.022536;0.022531;0.022958;0.022594;0.022209;0.02262;0.022283;0.022669;0.022733;0.022718;0.022634;0.022206;0.022653;0.022288;0.022096;0.02257;0.023402;0.022832;0.022489;0.022573;0.022607;0.022724;0.022719;0.02271;0.022374;0.022116;0.02293;0.022571;0.02348;0.022907;0.022984;0.022791;0.022869;0.024727;0.022817;0.022671;0.023044;0.022434;0.023246;0.023285;0.022876;0.023028;0.022772;0.022959;0.022683;0.022581;0.023171;0.023087;0.02254;0.022361;0.022406;0.02225;0.022483;0.022594;0.022105;0.02307;0.022599;0.022856;0.022813;0.022831;0.022433;0.022676;0.022963;0.022528;0.022601;0.021952;0.022388;0.022449;0.022636;0.022397;0.022532;0.022653;0.022311;0.022434;0.022559;0.022493;0.022244;0.023964;0.022201;0.022092;0.023652;0.02325;0.02248;0.022504;0.022323;0.022832;0.022394;0.022615;0.022743;0.022932;0.022651;0.022483;0.022057;0.022053;0.022468;0.022271;0.022389;0.022597;0.022723;0.022868;0.022924;0.022269;0.02266;0.022587;0.022778;0.022205;0.022549;0.022538;0.022275;0.023038;0.022593;0.022147;0.022318;0.022545;0.022456;0.022729;0.022648;0.022441;0.022683;0.022717;0.022414;0.024332;0.022549;0.022441;0.022652;0.022957;0.022866;0.023108;0.023165;0.023039;0.023127;0.022963;0.023256;0.022878;0.022437;0.022632;0.022142;0.022649;0.022437;0.022718;0.022694;0.022704;0.022848;0.022743;0.022753;0.022581;0.022591;0.022812;0.023135;0.022732;0.023284;0.022909;0.023304;0.022712;0.022617;0.022994;0.02288;0.023125;0.022603;0.022645;0.022702;0.022771;0.022799;0.023513;0.02318;0.024867;0.022974;0.023045;0.022718;0.022704;0.022213;0.022311;0.022542;0.023134;0.023239;0.022859;0.022837;0.02281;0.022857;0.022221;0.022486;0.022788;0.023012;0.022516;0.022378;0.022898;0.02258;0.022822;0.022677;0.022464;0.022912;0.022482;0.022574;0.022867;0.022829;0.022645;0.023258;0.022699;0.022774;0.022175;0.02249;0.022566;0.022627;0.022184;0.022694;0.022828;0.022339;0.022396;0.022194;0.02389;0.022815;0.022043;0.022977;0.02269;0.022638;0.022985;0.022318;0.023171;0.022947;0.02304;0.022531;0.022814;0.022955;0.022525;0.022869;0.023171;0.022929;0.02312;0.023513;0.022985;0.022866;0.02286;0.023202;0.022952;0.022668;0.022635;0.022562;0.023073;0.023448;0.022905;0.022848;0.023078;0.022678;0.023419;0.023027;0.022773;0.02354;0.02246;0.022797;0.023192;0.022594;0.022778;0.023037;0.024568;0.022814;0.022803;0.023221;0.022829;0.022577;0.022713;0.022536;0.02326;0.023405;0.02285;0.022954;0.023332;0.023042;0.023149;0.022891;0.022778;0.02318;0.0234;0.023078;0.023307;0.023006;0.023151;0.022653;0.023213;0.023023;0.023402;0.023264;0.02282;0.023335;0.023138;0.023023;0.022872;0.022839;0.02303;0.023045;0.023078;0.023487;0.022955;0.022972;0.022627;0.023316;0.022977;0.025337;0.022978;0.022972;0.022947;0.022749;0.023059;0.023013;0.02352;0.023502;0.023347;0.023669;0.022521;0.023241;0.022667;0.0232;0.022934;0.022852;0.023297;0.022957;0.023124;0.022838;0.022188;0.022756;0.022579;0.022669;0.02334;0.0228;0.023043;0.022877;0.023258;0.022655;0.022961;0.023281;0.023073;0.022942;0.022781;0.023755;0.023067;0.023267;0.023239;0.023476;0.023017;0.023362;0.024478;0.022702;0.022865;0.022727;0.022682;0.023132;0.023164;0.023243;0.023042;0.023114;0.023019;0.022625;0.022517;0.022989;0.022977;0.022659;0.022779;0.023127;0.022365;0.023001;0.023227;0.023182;0.022763;0.022592;0.022643;0.022921;0.023266;0.022565;0.023186;0.022732;0.022719;0.022629;0.023029;0.022988;0.023328;0.022978;0.022649;0.022776;0.022635;0.022817;0.023103;0.022847;0.022908;0.022809;0.024967;0.022597;0.022388;0.022945;0.022952;0.022671;0.022731;0.02292;0.022767;0.0232;0.023327;0.022981;0.023816;0.0237;0.022697;0.022928;0.023029;0.022934;0.02304;0.022932;0.02298;0.022566;0.022995;0.022892;0.022926;0.022651;0.022509;0.022689;0.022915;0.022778;0.023108;0.023171;0.022975;0.022515;0.02286;0.022879;0.02282;0.022584;0.022772;0.022848;0.023094;0.023004;0.022888;0.024601;0.022943;0.022526;0.02303;0.022532;0.023184;0.022807;0.023392;0.022864;0.022763;0.02294;0.022788;0.022866;0.022903;0.023378;0.022951;0.023058;0.023125;0.02293;0.022955;0.023333;0.022977;0.023025;0.022648;0.022613;0.023498;0.022587;0.022118;0.022802;0.022572;0.022371;0.022333;0.022532;0.022531;0.022462;0.02257;0.023087;0.022981;0.022214;0.022639;0.022231;0.022632;0.023551;0.023097;0.024436;0.02284;0.022845;0.022791;0.022951;0.02285;0.023033;0.023078;0.023115;0.023412;0.022718;0.023295;0.022924;0.022877;0.022865;0.022882;0.022914;0.023255;0.022971;0.022626;0.023342;0.02354;0.022931;0.023004;0.023271;0.023113;0.023688;0.0229;0.022957;0.022959;0.023315;0.022973;0.022705;0.023336;0.02275;0.02296;0.023443;0.023767;0.022855;0.022943;0.022961;0.022331;0.023143;0.024705;0.023054;0.022595;0.023294;0.02292;0.022674;0.023001;0.02292;0.022652;0.023424;0.022928;0.022968;0.022813;0.022881;0.023031;0.023114;0.023282;0.023411;0.022469;0.022602;0.022715;0.022886;0.023036;0.022978;0.022868;0.02329;0.022737;0.022561;0.023193;0.023181;0.023169;0.023118;0.022726;0.022473;0.022891;0.022889;0.023209;0.022808;0.023133;0.022827;0.023372;0.023239;0.022825;0.023084;0.025304;0.022867;0.022781;0.022979;0.02397;0.024063;0.023109;0.022837;0.022911;0.023241;0.022842;0.022758;0.022676;0.022885;0.022776;0.023021;0.022955;0.023082;0.023265;0.022612;0.022332;0.022468;0.022653;0.02241;0.022799;0.022324;0.022599;0.02271;0.022614;0.022667;0.022832;0.022927;0.022588;0.022211;0.022786;0.022709;0.022648;0.022448;0.022763;0.022463;0.02264;0.022676;0.022805;0.022786;0.023979;0.02292;0.023128;0.02259;0.022845;0.022823;0.022586;0.023399;0.02415;0.02316;0.022888;0.022946;0.022495;0.022726;0.022581;0.022328;0.022138;0.022597;0.022792;0.022492;0.02271;0.022397;0.022703;0.022728;0.022354;0.022044;0.022143;0.022402;0.022586;0.022346;0.022794;0.022428;0.022589;0.022486;0.022862;0.022516;0.022954;0.022439;0.022569;0.022848;0.022534;0.022521;0.022188;0.022733;0.023565;0.022101;0.021958;0.022978;0.022522;0.022337;0.023047;0.022788;0.023414;0.022905;0.023045;0.022745;0.0222;0.022484;0.022628;0.022448;0.02222;0.022354;0.022412;0.021951;0.022694;0.022264;0.022821;0.022477;0.022714;0.022404;0.022416;0.022103;0.022079;0.022815;0.023158;0.022215;0.022448;0.023175;0.023004;0.022213;0.022258;0.022047;0.022538;0.022525;0.022159;0.022252;0.022622;0.022679;0.023724;0.022148;0.022547;0.023086;0.022933;0.022604;0.022977;0.023462;0.022705;0.022549;0.022184;0.022356;0.022583;0.022838;0.022589;0.02274;0.022493;0.022488;0.022854;0.022136;0.022446;0.022659;0.022505;0.02252;0.022768;0.023047;0.022939;0.022953;0.022451;0.022554;0.023113;0.022851;0.023055;0.023243;0.022184;0.021907;0.022375;0.022968;0.022812;0.022417;0.022675;0.022498;0.022961;0.022511;0.023834;0.02263;0.022991;0.022703;0.023163;0.022788;0.023026;0.022796;0.022847;0.02293;0.022643;0.022942;0.022517;0.022583;0.022529;0.021903;0.022478;0.022652;0.022595;0.022118;0.022012;0.022325;0.022498;0.022047;0.02226;0.022608;0.022349;0.022569;0.02293;0.022531;0.022771;0.022209;0.022505;0.022448;0.021936;0.022655;0.022703;0.022311;0.021854;0.022481;0.022538;0.02251;0.022637;0.022131;0.023655;0.022744;0.023072;0.022958;0.022975;0.023117;0.023041;0.023365;0.023349;0.022881;0.0229;0.022742;0.022573;0.022956;0.022541;0.022623;0.022724;0.023399;0.023087;0.02319;0.022981;0.023147;0.022541;0.022667;0.022193;0.022509;0.02225;0.02269;0.022083;0.022515;0.022809;0.022793;0.022925;0.022559;0.022702;0.0226;0.022407;0.02242;0.022654;0.023638;0.022541;0.022908;0.022455;0.022377;0.023844;0.022385;0.022697;0.023105;0.022806;0.022587;0.02248;0.02338;0.022614;0.022478;0.022459;0.02231;0.022212;0.022682;0.022035;0.023054;0.022759;0.022691;0.022942;0.023042;0.022557;0.022328;0.022731;0.022886;0.022696;0.02246;0.022647;0.022637;0.022221;0.022659;0.022919;0.022944;0.022398;0.022307;0.022258;0.021991;0.022437;0.022962;0.022379;0.022429;0.022521;0.023707;0.022624;0.022596;0.024004;0.022659;0.022757;0.023191;0.023004;0.022935;0.023199;0.023065;0.023175;0.022852;0.022808;0.022882;0.022613;0.022441;0.022532;0.02262;0.022805;0.022542;0.022733;0.021958;0.022675;0.02254;0.022833;0.022473;0.022448;0.022053;0.02242;0.022535;0.022951;0.022475;0.022318;0.022603;0.02248;0.022314;0.022353;0.022623;0.02247;0.022689;0.022836;0.022732;0.022369;0.022515;0.022596;0.022498;0.024122;0.022088;0.022851;0.022802;0.023459;0.02333;0.022802;0.022765;0.023157;0.023972;0.023132;0.022989;0.023049;0.023268;0.022919;0.022191;0.023015;0.022832;0.022765;0.023163;0.02268;0.022387;0.022143;0.022095;0.022209;0.022091;0.02206;0.022526;0.022312;0.022558;0.022314;0.022227;0.022826;0.022012;0.022275;0.022695;0.022665;0.022073;0.022936;0.022609;0.022487;0.022537;0.022643;0.022038;0.024142;0.0225;0.023046;0.023155;0.022854;0.022955;0.022727;0.022923;0.022998;0.022375;0.021948;0.022333;0.022844;0.022485;0.022574;0.022609;0.022622;0.022133;0.022382;0.022356;0.022821;0.023039;0.023888;0.022555;0.022006;0.02212;0.02262;0.022361;0.022432;0.022175;0.022422;0.022543;0.022385;0.022818;0.022212;0.022088;0.022585;0.022657;0.02273;0.022502;0.02238;0.022506;0.022886;0.02233;0.024191;0.022818;0.022533;0.022786;0.022728;0.023162;0.023199;0.022464;0.022943;0.022958;0.023039;0.022763;0.023033;0.022642;0.022576;0.022651;0.022263;0.022116;0.022354;0.022128;0.022638;0.022124;0.022379;0.022823;0.023021;0.023039;0.0229;0.022689;0.022962;0.023182;0.022753;0.022781;0.022489;0.023419;0.023607;0.022227;0.022205;0.02269;0.022581;0.022365;0.022933;0.022355;0.022852;0.022655;0.023248;0.022567;0.022536;0.023196;0.022872;0.022858;0.023218;0.022523;0.021851;0.022538;0.022418;0.022342;0.022782;0.023111;0.022532;0.022605;0.022846;0.022674;0.022466;0.022723;0.022734;0.022275;0.022539;0.02234;0.022599;0.022592;0.022317;0.022741;0.022338;0.022203;0.022268;0.022098;0.022251;0.02187;0.022425;0.02282;0.022839;0.022519;0.02266;0.022777;0.022468;0.022405;0.022709;0.022723;0.022564;0.023435;0.022384;0.023002;0.023574;0.024061;0.023374;0.022985;0.023405;0.022599;0.022659;0.022793;0.022649;0.022709;0.022561;0.022847;0.022313;0.022636;0.02289;0.022594;0.022661;0.022465;0.02227;0.023419;0.022807;0.022329;0.022854;0.022582;0.022707;0.022754;0.022411;0.02248;0.022623;0.022626;0.022434;0.022541;0.023284;0.022929;0.022747;0.022641;0.023516;0.022478;0.022439;0.022999;0.023872;0.022736;0.023095;0.022701;0.022743;0.023414;0.022978;0.02225;0.023051;0.022536;0.02278;0.023247;0.023368;0.022779;0.022591;0.0227;0.022248;0.022261;0.022791;0.022778;0.022806;0.022183;0.022534;0.022351;0.022196;0.022529;0.022542;0.022838;0.022464;0.022283;0.022291;0.022118;0.022468;0.022571;0.022036;0.022854;0.022542;0.022382;0.02238;0.022812;0.022488;0.022478;0.022039;0.022532;0.023105;0.023225;0.024496;0.02308;0.022809;0.023025;0.022623;0.022407;0.02243;0.022854;0.022747;0.022636;0.022571;0.022569;0.022181;0.022256;0.022584;0.022966;0.023008;0.022524;0.022846;0.022945;0.022893;0.022706;0.022479;0.022286;0.022334;0.022216;0.022357;0.021991;0.022178;0.022447;0.022373;0.022766;0.022765;0.022361;0.022725;0.02251;0.022628;0.022508;0.02218;0.022531;0.022819;0.022315;0.022993;0.023694;0.022836;0.02335;0.022926;0.024097;0.024314;0.022876;0.023119;0.022984;0.022878;0.023107;0.022771;0.023238;0.023108;0.022998;0.022507;0.022713;0.022678;0.023054;0.022847;0.022886;0.022818;0.022993;0.023089;0.022434;0.022098;0.022381;0.022601;0.022274;0.022506;0.022745;0.022421;0.022574;0.022405;0.02226;0.022379;0.02292;0.022334;0.022461;0.022353;0.022021;0.022364;0.022997;0.02237;0.023524;0.022165;0.023061;0.02294;0.022978;0.022619;0.023339;0.022172;0.02264;0.022701;0.022561;0.022539;0.022759;0.022168;0.022243;0.022759;0.023311;0.022023;0.023032;0.022643;0.022332;0.023002;0.022418;0.02247;0.022649;0.022512;0.022981;0.023416;0.022648;0.022107;0.022542;0.022257;0.022404;0.022328;0.02266;0.022716;0.022546;0.022742;0.022846;0.022313;0.022478;0.022279;0.022357;0.022894;0.024202;0.022547;0.021961;0.022765;0.022779;0.022929;0.022747;0.022729;0.022782;0.023395;0.02343;0.022991;0.022725;0.022863;0.023081;0.022618;0.022432;0.022723;0.022587;0.02242;0.022197;0.022405;0.022439;0.022491;0.022661;0.022388;0.022364;0.022837;0.022375;0.02272;0.022829;0.022554;0.022608;0.022898;0.022533;0.022929;0.02262;0.022542;0.023217;0.023539;0.023308;0.022289;0.022538;0.022343;0.023429;0.022078;0.022924;0.022762;0.023274;0.022903;0.022635;0.022682;0.02343;0.02328;0.022091;0.022461;0.022538;0.022733;0.022801;0.022956;0.022568;0.022639;0.022834;0.023002;0.022339;0.022275;0.022829;0.022879;0.022446;0.022521;0.022466;0.022443;0.022522;0.022439;0.023004;0.021982;0.022439;0.022307;0.022654;0.022498;0.022596;0.022684;0.022634;0.022486;0.022321;0.022186;0.022444;0.022165;0.023593;0.022469;0.022378;0.022012;0.022212;0.022377;0.022702;0.02248;0.022249;0.021902;0.022546;0.022372;0.022375;0.022176;0.022121;0.022436;0.022411;0.02254;0.022765;0.022382;0.022633;0.022556;0.022537;0.02247;0.02226;0.022325;0.022347;0.022219;0.023547;0.022686;0.022548;0.02242;0.022817;0.022381;0.022479;0.022614;0.022555;0.02275;0.022506;0.022401;0.022331;0.022659;0.022157;0.022356;0.023915;0.022776;0.022654;0.023283;0.02346;0.022994;0.022582;0.022541;0.023219;0.022915;0.022356;0.023141;0.023044;0.022645;0.022256;0.022296;0.022744;0.022432;0.022125;0.022461;0.02328;0.022721;0.022222;0.02299;0.022896;0.02245;0.022462;0.022599;0.022603;0.022387;0.022689;0.022627;0.023687;0.023022;0.022403;0.02207;0.022503;0.022569;0.022333;0.022285;0.022366;0.022657;0.022496;0.022366;0.023604;0.022682;0.023026;0.022825;0.022925;0.022481;0.022632;0.022679;0.022649;0.022605;0.022373;0.022707;0.023022;0.023458;0.022969;0.023023;0.023675;0.022693;0.022878;0.022734;0.022639;0.022253;0.023136;0.022703;0.022651;0.022256;0.022583;0.022615;0.022114;0.022788;0.022462;0.022487;0.022626;0.02264;0.022269;0.022786;0.022442;0.022541;0.02252;0.022475;0.022603;0.022494;0.022577;0.022735;0.023678;0.022611;0.022523;0.022706;0.022763;0.023454;0.023071;0.023115;0.023504;0.023327;0.024446;0.024494;0.023181;0.02292;0.022343;0.022495;0.022581;0.02212;0.022371;0.022665;0.022553;0.022188;0.022472;0.022745;0.022033;0.022262;0.022886;0.022334;0.02231;0.022453;0.022492;0.022345;0.021962;0.022682;0.022752;0.022525;0.022832;0.022625;0.022603;0.022638;0.022177;0.02255;0.022795;0.022433;0.024689;0.022468;0.023008;0.02301;0.022895;0.023054;0.023046;0.023045;0.022753;0.022411;0.022475;0.022299;0.022517;0.022741;0.022163;0.022569;0.02251;0.022753;0.022661;0.022079;0.02265;0.022521;0.022797;0.022826;0.023098;0.022993;0.023086;0.022425;0.02338;0.022885;0.023072;0.02262;0.022954;0.023627;0.023661;0.023036;0.022953;0.022761;0.023258;0.023017;0.023228;0.02291;0.022747;0.023197;0.024223;0.023157;0.022535;0.022846;0.022957;0.022911;0.023088;0.023368;0.024009;0.023014;0.022888;0.023129;0.02322;0.023262;0.02287;0.022356;0.022593;0.022502;0.022657;0.02239;0.022665;0.022481;0.022693;0.022529;0.022427;0.022378;0.022077;0.02283;0.022839;0.022665;0.022241;0.022423;0.022537;0.0226;0.022981;0.022903;0.022714;0.022416;0.022469;0.022172;0.022221;0.022354;0.02259;0.022281;0.023457;0.022937;0.0229;0.022782;0.022822;0.023032;0.022738;0.022391;0.022832;0.022392;0.022163;0.02233;0.022905;0.022492;0.022421;0.02293;0.022735;0.022158;0.022165;0.022607;0.022112;0.022828;0.022571;0.022612;0.021963;0.022724;0.022632;0.022777;0.023225;0.022825;0.022714;0.022569;0.023963;0.023127;0.022453;0.022649;0.022251;0.022301;0.022474;0.023309;0.022209;0.022598;0.022338;0.022792;0.023903;0.022727;0.022611;0.023273;0.022577;0.022736;0.022716;0.023213;0.022805;0.02273;0.022552;0.022644;0.022874;0.022462;0.022313;0.022258;0.023029;0.022641;0.02248;0.022657;0.022642;0.022461;0.022367;0.02275;0.022667;0.02253;0.022746;0.02251;0.02307;0.023154;0.02235;0.022745;0.02242;0.022325;0.022948;0.023407;0.023138;0.022752;0.023357;0.023016;0.023204;0.022879;0.022595;0.022408;0.023514;0.023439;0.022503;0.022448;0.022519;0.022816;0.02216;0.021931;0.022437;0.022822;0.022321;0.022578;0.022566;0.022336;0.022473;0.022347;0.022768;0.022297;0.022606;0.022782;0.022966;0.022448;0.022237;0.022549;0.022431;0.022485;0.022764;0.022842;0.022228;0.022633;0.022461;0.022113;0.022444;0.022521;0.02261;0.022646;0.022781;0.022646;0.022185;0.022369;0.022692;0.022441;0.022589;0.022728;0.023612;0.022981;0.02227;0.023074;0.023274;0.023498;0.022616;0.023028;0.022679;0.023199;0.022937;0.023153;0.023072;0.022402;0.023385;0.022761;0.022607;0.022503;0.022822;0.022472;0.02313;0.022655;0.023275;0.023003;0.022697;0.022907;0.023545;0.022789;0.022266;0.02262;0.022457;0.022514;0.022851;0.022228;0.022704;0.022595;0.022601;0.022281;0.022803;0.022218;0.022661;0.022332;0.022056;0.022623;0.034967;0.022483;0.022531;0.022791;0.022479;0.023062;0.02263;0.022909;0.023218;0.023292;0.02316;0.022944;0.022337;0.022663;0.022235;0.022156;0.022012;0.022535;0.022144;0.022606;0.02222;0.022073;0.022507;0.022421;0.022418;0.022376;0.022724;0.022323;0.022151;0.022132;0.022308;0.02297;0.022149;0.022416;0.0223;0.022344;0.023425;0.023095;0.022919;0.02268;0.022258;0.022516;0.022485;0.022451;0.023939;0.022332;0.022583;0.022743;0.022792;0.023172;0.023077;0.022527;0.022773;0.022859;0.022914;0.023077;0.022452;0.022191;0.022356;0.021957;0.022312;0.022088;0.022222;0.022402;0.022626;0.022685;0.023207;0.022633;0.023334;0.023405;0.022793;0.023222;0.022888;0.022883;0.022774;0.023029;0.022974;0.022627;0.02252;0.022853;0.022926;0.022853;0.022707;0.022959;0.022989;0.023135;0.023374;0.022727;0.024369;0.022905;0.023067;0.023076;0.023171;0.023345;0.0228;0.022645;0.022468;0.022253;0.022213;0.022115;0.022272;0.022494;0.022513;0.0226;0.022904;0.02276;0.022937;0.022655;0.02245;0.022949;0.022279;0.021907;0.022385;0.022405;0.022684;0.022242;0.022153;0.022024;0.022303;0.022787;0.022807;0.021979;0.022463;0.022673;0.022639;0.022655;0.022378;0.022141;0.022283;0.022947;0.022268;0.022128;0.023783;0.022733;0.023249;0.022847;0.023044;0.02342;0.022929;0.022932;0.023033;0.022848;0.023177;0.022783;0.023492;0.022571;0.023092;0.022968;0.022912;0.022993;0.022981;0.023168;0.022818;0.022971;0.02296;0.023183;0.023051;0.022999;0.022951;0.023763;0.02273;0.022751;0.023237;0.023051;0.023069;0.023036;0.022814;0.023358;0.022823;0.023417;0.02306;0.02332;0.022804;0.023193;0.0227;0.024811;0.022804;0.022877;0.022774;0.022576;0.023112;0.023072;0.022378;0.022815;0.023111;0.022828;0.023317;0.023307;0.0227;0.022798;0.022512;0.023209;0.023291;0.022894;0.022955;0.023092;0.023174;0.022807;0.022628;0.022802;0.022733;0.023075;0.02329;0.022875;0.022622;0.022854;0.02291;0.022842;0.022624;0.022672;0.02255;0.022621;0.023067;0.023124;0.024031;0.023595;0.022786;0.022876;0.022594;0.024564;0.022812;0.022869;0.022822;0.022445;0.023485;0.022857;0.023094;0.023204;0.023143;0.023131;0.023359;0.023002;0.023076;0.022454;0.022854;0.023699;0.02309;0.023087;0.022636;0.023342;0.023435;0.023172;0.022969;0.023132;0.023141;0.022556;0.022949;0.023151;0.023038;0.022943;0.022675;0.022951;0.023124;0.023022;0.023378;0.023061;0.023113;0.023001;0.023159;0.022881;0.022929;0.022999;0.02419;0.02311;0.022972;0.022957;0.023532;0.022829;0.022969;0.022772;0.02318;0.022928;0.02269;0.022447;0.022769;0.023005;0.022827;0.023098;0.022673;0.022823;0.022811;0.02264;0.023106;0.022962;0.022691;0.022821;0.022668;0.023046;0.024217;0.02347;0.023315;0.023144;0.022723;0.022866;0.022647;0.022823;0.022889;0.022864;0.023561;0.023552;0.0234;0.023027;0.02306;0.022826;0.023135;0.024386;0.022584;0.022611;0.023215;0.022939;0.023227;0.022759;0.023121;0.022988;0.022992;0.022881;0.023309;0.023086;0.023426;0.023183;0.02336;0.023185;0.0231;0.022712;0.022994;0.02311;0.023397;0.02321;0.023032;0.023412;0.02299;0.022654;0.022746;0.023907;0.023322;0.022635;0.023016;0.022996;0.022675;0.023363;0.022881;0.02249;0.022773;0.022972;0.022879;0.023111;0.023025;0.023031;0.022583;0.024548;0.022817;0.023523;0.022886;0.022871;0.02302;0.023304;0.023043;0.02285;0.022944;0.022807;0.022823;0.022969;0.023213;0.02295;0.02286;0.022207;0.022955;0.022819;0.02283;0.023317;0.023207;0.022902;0.02317;0.023016;0.023027;0.023023;0.022814;0.023851;0.02311;0.023744;0.02395;0.023837;0.022741;0.022367;0.023034;0.022685;0.022631;0.022335;0.022328;0.022185;0.021885;0.022065;0.023954;0.02207;0.022405;0.022915;0.023093;0.023583;0.023076;0.022821;0.022429;0.022678;0.022789;0.023069;0.023269;0.022722;0.022742;0.022021;0.022869;0.022304;0.022415;0.022581;0.022807;0.022384;0.022585;0.022011;0.022844;0.023306;0.023056;0.023538;0.023773;0.022714;0.022938;0.022726;0.022786;0.023067;0.023803;0.022474;0.022778;0.022575;0.022955;0.022431;0.022188;0.022346;0.022283;0.022446;0.024507;0.022555;0.022775;0.022904;0.023028;0.022842;0.022438;0.022482;0.022854;0.022328;0.022583;0.02273;0.022227;0.022587;0.022471;0.02266;0.022333;0.022521;0.022499;0.022687;0.02226;0.022621;0.022447;0.022918;0.022405;0.022832;0.022464;0.022531;0.022769;0.02298;0.023048;0.022332;0.022619;0.022659;0.022437;0.022702;0.022257;0.022403;0.022774;0.022445;0.022252;0.022123;0.022521;0.022383;0.023625;0.022171;0.022427;0.022456;0.02261;0.022391;0.022591;0.022933;0.022422;0.022662;0.022608;0.022644;0.022772;0.022846;0.022822;0.022384;0.02251;0.022646;0.022446;0.022711;0.022365;0.022812;0.023556;0.022486;0.022622;0.022317;0.022352;0.022381;0.022845;0.022348;0.022165;0.022789;0.022523;0.022861;0.02257;0.022584;0.022363;0.022434;0.022232;0.022508;0.022992;0.022398;0.022228;0.022634;0.024067;0.022444;0.022172;0.023363;0.022625;0.022544;0.023006;0.02303;0.02329;0.023095;0.022948;0.022608;0.022679;0.022671;0.022375;0.022408;0.022788;0.022669;0.022897;0.022924;0.022446;0.022641;0.022266;0.02218;0.022393;0.022497;0.022546;0.022342;0.023157;0.022546;0.022465;0.023128;0.022364;0.022461;0.023382;0.022686;0.022406;0.022637;0.022549;0.022491;0.022485;0.02269;0.022606;0.023101;0.022487;0.023893;0.022774;0.022897;0.023058;0.023183;0.02354;0.022897;0.022471;0.022688;0.022865;0.022363;0.022237;0.022296;0.022502;0.022426;0.022679;0.022063;0.02265;0.022648;0.022864;0.022346;0.022554;0.02252;0.022358;0.022495;0.022421;0.022483;0.022184;0.022401;0.022491;0.022639;0.02251;0.022561;0.023087;0.022227;0.022555;0.022171;0.022528;0.022743;0.022339;0.02216;0.022792;0.02238;0.022457;0.023636;0.022945;0.022843;0.02306;0.023152;0.023088;0.022782;0.022859;0.022794;0.02289;0.023273;0.023378;0.022698;0.022667;0.022439;0.022856;0.022108;0.022618;0.022432;0.022356;0.022933;0.022619;0.022392;0.022296;0.02235;0.022521;0.022062;0.022776;0.022528;0.022458;0.022782;0.022776;0.022524;0.022662;0.0232;0.023343;0.023033;0.023465;0.022566;0.023725;0.024325;0.022726;0.023023;0.024156;0.023374;0.023299;0.023112;0.023199;0.023135;0.023142;0.022871;0.023344;0.023035;0.023325;0.023173;0.022538;0.022626;0.022415;0.02269;0.022598;0.022634;0.022196;0.022304;0.022514;0.022649;0.022274;0.022093;0.022294;0.022702;0.022074;0.021824;0.022421;0.022646;0.022352;0.022595;0.022721;0.02275;0.022415;0.022892;0.022641;0.023069;0.022783;0.022639;0.022462;0.022503;0.023011;0.022637;0.024871;0.022841;0.022504;0.022903;0.023052;0.022933;0.022635;0.022624;0.023238;0.023196;0.0235;0.022936;0.022775;0.022188;0.022606;0.022613;0.022685;0.02256;0.022972;0.022726;0.022445;0.022806;0.02274;0.02266;0.022406;0.022299;0.022752;0.022444;0.022231;0.022372;0.022553;0.02269;0.022441;0.022688;0.022762;0.02277;0.022708;0.023085;0.022765;0.022338;0.022836;0.023342;0.022813;0.022581;0.024627;0.022957;0.022739;0.023009;0.023328;0.022836;0.022993;0.023329;0.023299;0.023185;0.022886;0.023179;0.023188;0.023182;0.022918;0.022825;0.022863;0.02257;0.022749;0.022705;0.022563;0.022438;0.023865;0.022581;0.022766;0.022482;0.022366;0.022805;0.022548;0.022527;0.022889;0.022605;0.022204;0.022266;0.022605;0.02272;0.022492;0.022478;0.022817;0.022843;0.022773;0.022531;0.022719;0.022506;0.023431;0.022721;0.022638;0.023502;0.023067;0.022774;0.022914;0.02283;0.023563;0.023332;0.022945;0.02285;0.022434;0.022525;0.023245;0.022856;0.022154;0.02258;0.022474;0.022601;0.022735;0.022229;0.022184;0.022625;0.02373;0.02261;0.022362;0.02259;0.022655;0.022514;0.022648;0.022549;0.022225;0.022393;0.022753;0.022478;0.022335;0.02203;0.022382;0.022461;0.022449;0.022657;0.022212;0.022436;0.023874;0.022763;0.022751;0.022953;0.022847;0.023283;0.022831;0.022618;0.022447;0.023049;0.0235;0.023003;0.022645;0.022663;0.022734;0.022448;0.022764;0.022478;0.0223;0.022374;0.022954;0.022813;0.022753;0.022647;0.022535;0.022724;0.022521;0.023488;0.022402;0.022821;0.022836;0.023312;0.023194;0.022476;0.022964;0.023008;0.023221;0.02252;0.022474;0.022261;0.022496;0.022697;0.022456;0.022319;0.023638;0.022016;0.022725;0.023274;0.023021;0.022511;0.022902;0.022747;0.022634;0.022826;0.022627;0.022585;0.022453;0.022712;0.022556;0.022527;0.022332;0.022868;0.022566;0.022631;0.022517;0.022271;0.022359;0.022551;0.022633;0.022593;0.022569;0.022694;0.022138;0.022301;0.022758;0.022211;0.022313;0.022071;0.02251;0.022394;0.022765;0.022166;0.022389;0.023737;0.022926;0.021926;0.022365;0.022329;0.023789;0.022413;0.022211;0.023133;0.022676;0.022833;0.022472;0.022939;0.023062;0.022837;0.023172;0.02326;0.022556;0.022386;0.022589;0.02241;0.022193;0.022411;0.02261;0.02291;0.022474;0.022401;0.022268;0.022907;0.023628;0.022986;0.02293;0.023187;0.023288;0.023239;0.023237;0.023449;0.023369;0.023168;0.02272;0.022544;0.022479;0.022955;0.022473;0.022672;0.022756;0.022778;0.022786;0.022439;0.023622;0.022772;0.022418;0.022909;0.02314;0.023513;0.023212;0.023218;0.023251;0.022491;0.022067;0.022506;0.022693;0.022576;0.02213;0.023161;0.023541;0.022966;0.023045;0.021955;0.022381;0.022932;0.023224;0.022834;0.02269;0.022659;0.022683;0.022609;0.021948;0.022256;0.022206;0.022736;0.022662;0.022305;0.022352;0.022776;0.023029;0.022344;0.022774;0.022621;0.022254;0.021976;0.022471;0.022629;0.024545;0.023282;0.023022;0.022987;0.022928;0.022908;0.022836;0.02302;0.022923;0.02263;0.022869;0.022807;0.022925;0.02273;0.022502;0.02246;0.023016;0.022646;0.023716;0.022614;0.022375;0.022615;0.022234;0.02239;0.022683;0.022658;0.022534;0.022325;0.022509;0.022524;0.022643;0.022166;0.022211;0.022736;0.02198;0.022156;0.02255;0.022132;0.022104;0.02251;0.022556;0.02279;0.022684;0.022741;0.023515;0.022525;0.023008;0.022518;0.022832;0.023449;0.023151;0.023116;0.022666;0.022447;0.022516;0.022639;0.022651;0.022487;0.022455;0.022602;0.022362;0.022218;0.022522;0.022902;0.022301;0.022647;0.02277;0.022727;0.022769;0.022331;0.022469;0.022313;0.02269;0.022837;0.022361;0.022782;0.022259;0.022541;0.022788;0.022518;0.022637;0.022547;0.022368;0.022407;0.022518;0.022277;0.022429;0.022623;0.023714;0.022252;0.022914;0.023271;0.023242;0.02347;0.023865;0.024419;0.023443;0.023237;0.023033;0.023054;0.023359;0.022499;0.022906;0.022645;0.022795;0.02279;0.022589;0.022819;0.02281;0.022698;0.02323;0.022823;0.022676;0.02231;0.022495;0.0226;0.022744;0.02275;0.022559;0.02268;0.022706;0.022714;0.022335;0.022395;0.022937;0.022593;0.022571;0.022716;0.022452;0.022377;0.022509;0.022319;0.023556;0.022372;0.022931;0.022553;0.022468;0.022636;0.023212;0.022494;0.022649;0.022792;0.02246;0.022602;0.022225;0.022257;0.022547;0.022586;0.022073;0.022502;0.022431;0.02225;0.02322;0.022589;0.022736;0.022334;0.022435;0.022938;0.02269;0.022226;0.022491;0.022515;0.022642;0.022434;0.022288;0.022441;0.022079;0.022516;0.022576;0.022568;0.022295;0.022276;0.022513;0.022824;0.022708;0.022417;0.023737;0.022349;0.022901;0.02258;0.022972;0.022558;0.023;0.023052;0.022447;0.023282;0.023442;0.023308;0.022674;0.022673;0.022461;0.022444;0.022403;0.022393;0.022874;0.02238;0.022578;0.022308;0.023453;0.022975;0.022349;0.022926;0.02253;0.022539;0.022871;0.023097;0.02287;0.022289;0.023105;0.022836;0.022366;0.022536;0.022528;0.022546;0.022578;0.022652;0.022326;0.022271;0.022541;0.02265;0.024255;0.022223;0.022728;0.023171;0.023213;0.023304;0.022791;0.022814;0.022648;0.023012;0.022889;0.022731;0.023015;0.022567;0.023136;0.022401;0.022421;0.022523;0.022735;0.02226;0.022068;0.022637;0.022599;0.022235;0.02278;0.022312;0.022408;0.022911;0.022394;0.022348;0.022622;0.022682;0.022294;0.022528;0.022368;0.022252;0.022608;0.022541;0.022106;0.022553;0.022521;0.022124;0.022659;0.02291;0.02327;0.022582;0.022075;0.022214;0.023408;0.023028;0.022984;0.022974;0.023186;0.024196;0.023597;0.022875;0.022336;0.022389;0.022433;0.022352;0.022342;0.022512;0.022716;0.022891;0.02281;0.022707;0.022864;0.022674;0.02259;0.022754;0.02268;0.022106;0.022192;0.022397;0.022785;0.022708;0.022732;0.022612;0.022414;0.022093;0.022825;0.022648;0.022914;0.022736;0.022733;0.022896;0.023037;0.022433;0.024318;0.023279;0.022704;0.022668;0.023144;0.023013;0.023405;0.023346;0.022854;0.02322;0.022901;0.02288;0.022531;0.0227;0.022196;0.022835;0.02293;0.022634;0.022282;0.022169;0.022545;0.022647;0.022045;0.022316;0.022411;0.022561;0.022663;0.022521;0.022828;0.022373;0.022136;0.023653;0.022625;0.022444;0.022497;0.022908;0.022277;0.021938;0.022259;0.022124;0.022668;0.022563;0.022787;0.022807;0.023391;0.022516;0.022851;0.022921;0.022872;0.022762;0.022808;0.023319;0.022809;0.022604;0.023609;0.022723;0.022824;0.022733;0.022893;0.022893;0.022452;0.022578;0.022489;0.022939;0.022931;0.022412;0.022579;0.022358;0.02267;0.022525;0.022731;0.02236;0.022785;0.02228;0.022925;0.022818;0.022906;0.023023;0.022558;0.022547;0.022682;0.022651;0.022484;0.022613;0.022347;0.022879;0.023819;0.022995;0.023795;0.022356;0.022618;0.022536;0.023425;0.023018;0.022613;0.022825;0.022691;0.022959;0.022793;0.022853;0.022648;0.022526;0.023256;0.022885;0.022585;0.022496;0.022587;0.022484;0.02253;0.022478;0.022353;0.022282;0.022389;0.022819;0.022479;0.022422;0.022246;0.022594;0.022394;0.022859;0.022573;0.022736;0.022932;0.022415;0.022679;0.022766;0.022497;0.022672;0.022598;0.02225;0.022286;0.022447;0.024669;0.022896;0.022978;0.022537;0.022989;0.022902;0.023174;0.023062;0.022729;0.023101;0.022889;0.022901;0.022717;0.02255;0.022728;0.022242;0.022743;0.022353;0.022388;0.022694;0.022895;0.022661;0.02257;0.022827;0.022172;0.02203;0.022453;0.022224;0.022393;0.022928;0.022121;0.021933;0.022046;0.02255;0.022454;0.022585;0.021761;0.022454;0.022846;0.022378;0.023357;0.023023;0.022893;0.023435;0.024054;0.022926;0.022853;0.02272;0.022468;0.022686;0.02303;0.02241;0.022678;0.023154;0.023158;0.022905;0.023073;0.024056;0.023503;0.022415;0.022674;0.022822;0.022532;0.021935;0.022019;0.02227;0.022106;0.022105;0.022448;0.022804;0.022626;0.022777;0.022354;0.023213;0.02229;0.022591;0.022484;0.022471;0.022588;0.022376;0.022801;0.023191;0.021989;0.022136;0.022598;0.022685;0.022258;0.022778;0.023914;0.022311;0.022793;0.023494;0.022904;0.0225;0.023017;0.023065;0.022795;0.022975;0.022631;0.022265;0.022756;0.022478;0.022723;0.022683;0.022306;0.023001;0.022827;0.022745;0.02242;0.022681;0.022552;0.022546;0.022652;0.023222;0.022925;0.022678;0.022958;0.022437;0.022533;0.022146;0.022542;0.022437;0.022097;0.022396;0.022411;0.022478;0.02295;0.022174;0.022404;0.022619;0.02256;0.022404;0.022606;0.023632;0.022386;0.022462;0.022851;0.023304;0.023416;0.023063;0.022628;0.023013;0.023124;0.023266;0.023013;0.023159;0.022652;0.02333;0.023487;0.023213;0.022801;0.022854;0.023305;0.023265;0.022901;0.023051;0.022739;0.023086;0.023039;0.022963;0.023163;0.023213;0.023233;0.02311;0.02287;0.022587;0.023487;0.023065;0.023758;0.023749;0.022773;0.022918;0.022816;0.022823;0.022835;0.023049;0.02503;0.022939;0.023326;0.023079;0.023196;0.023143;0.022784;0.02305;0.023325;0.02331;0.023237;0.02329;0.023274;0.02312;0.023153;0.022835;0.022114;0.022441;0.022757;0.022656;0.022603;0.022888;0.022829;0.022832;0.022592;0.022742;0.022712;0.022142;0.022518;0.022446;0.023092;0.022458;0.022255;0.022901;0.022755;0.023183;0.022943;0.022814;0.022565;0.022688;0.022968;0.022578;0.022755;0.022644;0.023699;0.022998;0.023648;0.022897;0.023311;0.024039;0.024008;0.024;0.02332;0.022153;0.022555;0.02218;0.022633;0.022129;0.022304;0.02265;0.022173;0.022592;0.022357;0.022365;0.022598;0.022741;0.022735;0.02208;0.022188;0.022632;0.022763;0.022729;0.022474;0.022217;0.022227;0.022501;0.022751;0.022459;0.022621;0.022995;0.022666;0.022516;0.02278;0.02278;0.022622;0.022423;0.02233;0.022864;0.023501;0.022364;0.022523;0.023049;0.022459;0.022845;0.023004;0.022758;0.022701;0.02353;0.023999;0.022691;0.022791;0.02246;0.022601;0.022138;0.022619;0.022857;0.022412;0.022698;0.022654;0.022421;0.022487;0.022452;0.022394;0.022614;0.022812;0.022705;0.022648;0.022818;0.022693;0.023231;0.022467;0.022482;0.022327;0.022446;0.022313;0.022022;0.022631;0.022402;0.021971;0.022395;0.022737;0.022275;0.023716;0.022703;0.023113;0.022767;0.022768;0.023118;0.023305;0.022552;0.022141;0.022339;0.022686;0.02292;0.02234;0.022456;0.022653;0.022925;0.022383;0.022378;0.022566;0.022607;0.02253;0.022573;0.023304;0.02391;0.022642;0.022954;0.023057;0.023302;0.02353;0.023445;0.023437;0.023222;0.02299;0.023363;0.023043;0.023578;0.023246;0.022763;0.022772;0.022761;0.02255;0.022468;0.022401;0.024208;0.022469;0.022323;0.022938;0.022556;0.022905;0.023107;0.023557;0.022921;0.023147;0.022833;0.022785;0.023063;0.022825;0.023033;0.022997;0.023156;0.023113;0.023153;0.023446;0.022938;0.023115;0.023089;0.023143;0.022692;0.02395;0.024157;0.02395;0.023241;0.022835;0.023083;0.023207;0.023418;0.023113;0.023292;0.022928;0.0223;0.023339;0.023356;0.023076;0.023367;0.023107;0.023009;0.02552;0.023122;0.023189;0.022928;0.022799;0.023413;0.022533;0.022802;0.022856;0.022844;0.022909;0.022695;0.023125;0.022887;0.022996;0.022915;0.022679;0.02336;0.023296;0.023221;0.023019;0.023252;0.023355;0.023316;0.023019;0.023085;0.022503;0.023067;0.022986;0.023276;0.022861;0.022765;0.022753;0.02305;0.022481;0.023488;0.022864;0.022989;0.022667;0.024267;0.023259;0.022762;0.022868;0.023255;0.024952;0.023181;0.023242;0.022896;0.022905;0.022495;0.023086;0.022682;0.023001;0.022759;0.022919;0.023119;0.023377;0.023133;0.023921;0.022974;0.022377;0.022452;0.022634;0.022945;0.022905;0.022767;0.022818;0.022945;0.022571;0.023451;0.022972;0.023038;0.022815;0.02272;0.022907;0.023146;0.023194;0.022991;0.022613;0.022927;0.022716;0.023036;0.022601;0.022957;0.022892;0.023077;0.02303;0.024523;0.022759;0.023131;0.022999;0.02309;0.022763;0.022825;0.022617;0.02324;0.023251;0.023019;0.022868;0.022367;0.02272;0.022977;0.022634;0.022902;0.022877;0.022677;0.02295;0.023431;0.022928;0.022856;0.023321;0.022949;0.022966;0.023401;0.023005;0.02316;0.023081;0.023396;0.023007;0.022737;0.022759;0.023014;0.022401;0.02252;0.023311;0.023532;0.022858;0.023022;0.02264;0.023321;0.023385;0.025211;0.022637;0.022816;0.023226;0.022696;0.022887;0.022926;0.023305;0.022606;0.024231;0.023094;0.023355;0.023032;0.02281;0.022833;0.023333;0.022577;0.022781;0.022857;0.023187;0.023221;0.023137;0.02296;0.022858;0.022649;0.023327;0.023603;0.022795;0.022743;0.022858;0.022906;0.022987;0.023323;0.02288;0.022847;0.022962;0.023083;0.022791;0.022996;0.022616;0.023347;0.023497;0.022768;0.025354;0.022721;0.02281;0.022588;0.023171;0.022645;0.022919;0.02312;0.023512;0.023187;0.022744;0.023753;0.023927;0.022904;0.022744;0.022881;0.022988;0.02331;0.022818;0.023013;0.022638;0.022959;0.023424;0.023099;0.023514;0.022966;0.022947;0.022835;0.023255;0.023067;0.022851;0.023099;0.0227;0.023199;0.023225;0.022902;0.022854;0.023138;0.023032;0.022567;0.022983;0.02335;0.02326;0.024877;0.022223;0.022749;0.022785;0.022904;0.022848;0.022678;0.022855;0.022837;0.022568;0.022954;0.02293;0.022765;0.022675;0.022608;0.022911;0.023358;0.022881;0.022631;0.02271;0.022951;0.02316;0.022675;0.02282;0.023246;0.023087;0.022724;0.022842;0.022806;0.022888;0.022997;0.022733;0.022616;0.022648;0.023023;0.02255;0.022619;0.022728;0.02312;0.02277;0.022592;0.022986;0.02305;0.022842;0.024909;0.022535;0.023136;0.022654;0.022348;0.022573;0.022798;0.02268;0.022786;0.022543;0.022817;0.022409;0.022845;0.023404;0.022758;0.022894;0.023042;0.023144;0.023109;0.022597;0.023284;0.023218;0.023216;0.022715;0.023309;0.022603;0.022927;0.022587;0.022929;0.022866;0.023204;0.023056;0.023076;0.022716;0.022789;0.023583;0.023663;0.023006;0.0227;0.022617;0.023071;0.022805;0.02341;0.023295;0.024927;0.023231;0.022928;0.023673;0.022708;0.022531;0.022483;0.023014;0.023035;0.022867;0.022504;0.02279;0.023036;0.023202;0.022593;0.022766;0.022753;0.022635;0.022713;0.022848;0.022726;0.022875;0.022997;0.022892;0.022511;0.022646;0.022837;0.022572;0.022945;0.022801;0.023377;0.022818;0.023384;0.02333;0.023052;0.022611;0.022598;0.022908;0.022556;0.023263;0.022822;0.022427;0.022844;0.024769;0.023106;0.023328;0.023243;0.024322;0.022947;0.023163;0.022761;0.023538;0.023106;0.022851;0.022896;0.022825;0.022706;0.023035;0.02335;0.023333;0.022712;0.023231;0.023043;0.023382;0.022915;0.02278;0.022565;0.023162;0.022575;0.022699;0.023003;0.023131;0.022777;0.022589;0.023183;0.023363;0.022931;0.023313;0.022978;0.022663;0.023345;0.022939;0.023552;0.023063;0.023193;0.022815;0.024918;0.022777;0.022562;0.022932;0.023046;0.02287;0.023091;0.022646;0.022885;0.022509;0.022787;0.022676;0.022852;0.022632;0.022783;0.022704;0.022714;0.023155;0.022879;0.022512;0.022803;0.022699;0.022734;0.022934;0.023061;0.023199;0.022831;0.022621;0.022629;0.022541;0.02274;0.022912;0.022954;0.023021;0.022647;0.022681;0.022807;0.02274;0.022958;0.022973;0.02312;0.022867;0.022824;0.023053;0.024647;0.023005;0.022952;0.023357;0.023244;0.023061;0.022952;0.023055;0.02357;0.022852;0.022786;0.022918;0.023343;0.022713;0.023111;0.023462;0.023984;0.02308;0.023903;0.022851;0.022671;0.022733;0.023127;0.022978;0.02322;0.022653;0.02313;0.022657;0.022762;0.022553;0.023153;0.023091;0.023093;0.023156;0.023689;0.022927;0.023122;0.022565;0.022705;0.022689;0.022896;0.022988;0.023094;0.024792;0.022474;0.022588;0.022842;0.02322;0.023729;0.023356;0.023795;0.023283;0.022934;0.023185;0.022846;0.022965;0.022703;0.022708;0.022709;0.022822;0.022652;0.023042;0.023086;0.022884;0.022989;0.022726;0.023077;0.022731;0.022834;0.022813;0.022875;0.023039;0.023223;0.024324;0.023791;0.023021;0.023384;0.023507;0.023068;0.023049;0.023229;0.022526;0.022677;0.022795;0.022922;0.02326;0.02275;0.024378;0.023061;0.023538;0.023462;0.022631;0.023058;0.022727;0.022743;0.023319;0.02309;0.022794;0.022497;0.022708;0.023175;0.02252;0.022896;0.022713;0.022709;0.02244;0.023193;0.023126;0.023086;0.022981;0.023116;0.022589;0.022749;0.022884;0.023233;0.02279;0.022961;0.022734;0.022905;0.023259;0.022617;0.022734;0.022956;0.0229;0.022904;0.023096;0.023041;0.022817;0.023194;0.022882;0.024671;0.022732;0.022655;0.022948;0.022579;0.022847;0.02307;0.023266;0.023409;0.022792;0.022769;0.022957;0.022937;0.02266;0.022909;0.022906;0.022712;0.022892;0.02292;0.023244;0.022854;0.023102;0.02331;0.022404;0.022468;0.022726;0.022833;0.02279;0.022601;0.022751;0.022609;0.022803;0.022525;0.022913;0.022772;0.022881;0.022832;0.022605;0.022619;0.023216;0.023219;0.022945;0.022465;0.023016;0.02477;0.022854;0.02292;0.022995;0.022949;0.022741;0.022741;0.023252;0.023208;0.022893;0.02398;0.023789;0.023482;0.022953;0.023137;0.023026;0.023016;0.023004;0.022922;0.023072;0.022679;0.022824;0.02252;0.022821;0.023556;0.023581;0.023171;0.023269;0.023285;0.023377;0.022751;0.022757;0.022943;0.022949;0.023072;0.022963;0.023206;0.023266;0.02336;0.023905;0.022808;0.022663;0.023214;0.025242;0.023123;0.023732;0.023047;0.022748;0.022515;0.023288;0.022992;0.022821;0.022806;0.022692;0.023007;0.02316;0.022423;0.023294;0.022831;0.02302;0.023367;0.022754;0.023054;0.022823;0.023106;0.024086;0.023142;0.022953;0.022999;0.022989;0.022961;0.023033;0.023208;0.023292;0.02316;0.023;0.023038;0.022539;0.023227;0.022828;0.022918;0.023064;0.022664;0.02276;0.023307;0.022574;0.024327;0.022684;0.023163;0.022986;0.023424;0.023424;0.023454;0.023083;0.023015;0.022612;0.022859;0.023321;0.02263;0.022928;0.023;0.023109;0.022839;0.022919;0.023142;0.022772;0.023075;0.023114;0.023311;0.022831;0.022932;0.023064;0.022729;0.022928;0.023528;0.022937;0.022587;0.022899;0.023149;0.022882;0.022799;0.022099;0.02285;0.022753;0.022724;0.023256;0.022783;0.022745;0.023094;0.02375;0.025203;0.022876;0.022964;0.022836;0.02309;0.022747;0.022249;0.022755;0.022813;0.022816;0.023163;0.022882;0.022878;0.022644;0.023307;0.022961;0.022969;0.022682;0.023285;0.023163;0.022848;0.022778;0.022944;0.023024;0.022925;0.02302;0.023181;0.023049;0.02322;0.022676;0.022755;0.022758;0.022866;0.02281;0.022516;0.022892;0.023311;0.023376;0.02303;0.022861;0.02278;0.023463;0.023201;0.02427;0.022575;0.022772;0.0229;0.023271;0.023295;0.022829;0.022732;0.022422;0.023003;0.023089;0.022249;0.023231;0.022977;0.023256;0.022927;0.022404;0.022744;0.0232;0.023117;0.022764;0.022749;0.022922;0.022692;0.022852;0.022852;0.023239;0.022975;0.023236;0.022929;0.022473;0.023043;0.023015;0.023339;0.022902;0.023398;0.022477;0.023005;0.022702;0.023353;0.022767;0.023351;0.023574;0.023023;0.023805;0.022712;0.022793;0.022643;0.023263;0.023748;0.022835;0.022792;0.022661;0.023047;0.022624;0.022596;0.02311;0.023075;0.023006;0.023079;0.022903;0.02319;0.022897;0.022706;0.023418;0.023112;0.023362;0.022975;0.023055;0.023034;0.022623;0.022906;0.022917;0.022617;0.023184;0.022667;0.022933;0.023085;0.022935;0.022927;0.022361;0.022895;0.023035;0.022835;0.023005;0.023115;0.022979;0.023889;0.022632;0.022778;0.022821;0.022823;0.022634;0.022926;0.023269;0.023038;0.022892;0.02337;0.023098;0.022762;0.023267;0.023265;0.022689;0.023221;0.024011;0.022815;0.022984;0.022976;0.022986;0.022631;0.023365;0.022735;0.02324;0.022917;0.022785;0.022625;0.02305;0.022674;0.023068;0.022896;0.022837;0.022823;0.023034;0.022876;0.02349;0.023185;0.023163;0.022859;0.022902;0.02282;0.022923;0.023989;0.022859;0.022985;0.022594;0.022822;0.022843;0.023362;0.023109;0.023159;0.023249;0.02306;0.022658;0.022928;0.023128;0.02279;0.02298;0.023098;0.022884;0.023119;0.023362;0.023271;0.023144;0.023082;0.022629;0.022645;0.023058;0.023042;0.023441;0.023925;0.023104;0.023366;0.022953;0.023017;0.022984;0.023335;0.022836;0.023572;0.022705;0.023384;0.022894;0.022772;0.023182;0.022818;0.024694;0.022902;0.022684;0.023279;0.022689;0.022777;0.022979;0.023017;0.022935;0.023016;0.022479;0.022318;0.0231;0.02308;0.023155;0.022746;0.023089;0.023298;0.022572;0.023289;0.02286;0.023001;0.023257;0.023129;0.023091;0.023045;0.022847;0.023068;0.02274;0.022595;0.022974;0.022924;0.023108;0.023176;0.023431;0.023001;0.023362;0.023147;0.023082;0.023701;0.02384;0.022952;0.023001;0.025179;0.022774;0.022392;0.022652;0.022874;0.022839;0.023264;0.023062;0.02317;0.023006;0.022816;0.022638;0.022626;0.022472;0.022349;0.022785;0.022541;0.02226;0.022325;0.022551;0.02235;0.022431;0.022738;0.022567;0.02264;0.02221;0.022514;0.022448;0.022363;0.022988;0.022568;0.0224;0.022371;0.022271;0.022338;0.02235;0.02207;0.022407;0.022913;0.022217;0.022447;0.022804;0.022444;0.022873;0.023429;0.022437;0.023011;0.023568;0.02342;0.022779;0.022407;0.023093;0.024256;0.023705;0.023468;0.022975;0.022742;0.02272;0.022314;0.022521;0.022272;0.022395;0.022649;0.022899;0.022524;0.022655;0.022718;0.022605;0.022826;0.022439;0.022832;0.023316;0.022973;0.022562;0.022743;0.022717;0.022863;0.022522;0.0224;0.023051;0.022889;0.022414;0.022555;0.022192;0.022478;0.022609;0.02228;0.022752;0.023907;0.022015;0.022217;0.022537;0.022889;0.022999;0.023227;0.022534;0.022871;0.022558;0.022505;0.022858;0.022879;0.023341;0.022856;0.023672;0.023038;0.02301;0.022595;0.022764;0.022785;0.022782;0.02358;0.022529;0.022516;0.022273;0.022698;0.023045;0.022125;0.022414;0.022271;0.022586;0.022158;0.022486;0.021901;0.022739;0.022703;0.022883;0.022049;0.022469;0.02291;0.022483;0.022871;0.022365;0.023844;0.02253;0.022644;0.022526;0.022455;0.023086;0.023206;0.022553;0.023347;0.023088;0.022699;0.023101;0.022974;0.02391;0.024623;0.02302;0.02289;0.022602;0.022441;0.02238;0.022552;0.022679;0.0224;0.022344;0.022523;0.022079;0.022282;0.022085;0.022598;0.022785;0.022551;0.022028;0.022048;0.022488;0.022689;0.02226;0.022534;0.0223;0.022181;0.022557;0.022706;0.022727;0.022264;0.02207;0.024781;0.022263;0.022555;0.022387;0.02311;0.023162;0.023444;0.023355;0.02296;0.022955;0.023213;0.022968;0.02313;0.023262;0.023484;0.022678;0.022885;0.023428;0.022786;0.022364;0.022652;0.022387;0.022414;0.022621;0.022805;0.022579;0.02308;0.022536;0.022516;0.02265;0.02236;0.022042;0.022513;0.021991;0.02276;0.022294;0.022411;0.022237;0.022576;0.022307;0.022308;0.022061;0.022505;0.022789;0.023902;0.022196;0.023031;0.022209;0.022691;0.022814;0.022982;0.022759;0.023155;0.022863;0.023038;0.022693;0.02313;0.023055;0.023261;0.022936;0.022796;0.022617;0.021883;0.022137;0.022189;0.022365;0.022434;0.022967;0.022588;0.022695;0.0227;0.02272;0.022695;0.022467;0.022258;0.022356;0.022622;0.022576;0.022456;0.022358;0.022504;0.023004;0.023166;0.023783;0.02253;0.022696;0.022689;0.022487;0.023697;0.02226;0.022747;0.023376;0.022458;0.022706;0.023341;0.022905;0.023392;0.022985;0.023045;0.022654;0.022097;0.022542;0.022421;0.022787;0.02252;0.022491;0.022622;0.022433;0.022443;0.022567;0.022391;0.022884;0.02247;0.022757;0.022493;0.02271;0.022414;0.023013;0.022571;0.02249;0.022564;0.022836;0.022649;0.022482;0.022813;0.022441;0.022341;0.022197;0.022313;0.022412;0.022325;0.022113;0.02405;0.022392;0.022973;0.022654;0.023149;0.022773;0.023349;0.0234;0.023404;0.023059;0.022404;0.022726;0.023049;0.022939;0.022819;0.022663;0.023008;0.022886;0.022427;0.023158;0.023096;0.022859;0.022337;0.022231;0.02294;0.022702;0.022458;0.02214;0.022196;0.022457;0.022785;0.022388;0.02276;0.022782;0.022218;0.022826;0.0223;0.022313;0.022483;0.022463;0.022731;0.022171;0.022814;0.022545;0.024184;0.022733;0.022765;0.022958;0.023089;0.023265;0.022808;0.023072;0.023274;0.022629;0.023116;0.023076;0.023141;0.022492;0.023322;0.022739;0.022196;0.022523;0.022138;0.022629;0.022686;0.022222;0.02257;0.022752;0.022547;0.02212;0.0223;0.0226;0.022497;0.022639;0.022611;0.022463;0.022268;0.022299;0.022804;0.022779;0.023139;0.023524;0.022135;0.021888;0.022545;0.022605;0.022218;0.022566;0.023906;0.022008;0.022407;0.022843;0.02285;0.022831;0.022661;0.02316;0.023032;0.023023;0.023131;0.022916;0.022753;0.022307;0.023218;0.022634;0.022778;0.022309;0.022499;0.022764;0.022785;0.022594;0.022134;0.022109;0.02225;0.022446;0.02222;0.022429;0.022657;0.022447;0.022607;0.022577;0.022956;0.022804;0.022493;0.022719;0.022832;0.022138;0.022419;0.022488;0.022804;0.022053;0.022456;0.022501;0.023354;0.022936;0.022311;0.022432;0.022869;0.022919;0.023911;0.0239;0.02331;0.02314;0.022905;0.022865;0.022793;0.022931;0.022654;0.021923;0.022654;0.022297;0.02235;0.022406;0.022653;0.022566;0.022419;0.023063;0.022471;0.022724;0.022356;0.023089;0.022612;0.022689;0.022531;0.022121;0.022493;0.022035;0.022384;0.022396;0.022442;0.022624;0.021892;0.022148;0.022563;0.022339;0.022308;0.02335;0.022555;0.02329;0.022893;0.022522;0.02279;0.022388;0.023188;0.023085;0.022982;0.023055;0.022818;0.022676;0.023573;0.022749;0.023119;0.022476;0.022765;0.022614;0.022539;0.022022;0.023194;0.022711;0.022284;0.022707;0.022385;0.022814;0.02187;0.021807;0.023035;0.022147;0.022386;0.021968;0.022755;0.022623;0.022901;0.022186;0.022707;0.023007;0.023395;0.023116;0.022772;0.022576;0.022588;0.022752;0.022893;0.025029;0.022916;0.022672;0.022861;0.023105;0.023374;0.023755;0.022851;0.022786;0.022881;0.023148;0.022949;0.022863;0.022749;0.02264;0.023273;0.023083;0.023209;0.022817;0.02345;0.023172;0.023455;0.023048;0.023089;0.022916;0.022492;0.022535;0.022672;0.022434;0.02284;0.022315;0.022371;0.022421;0.022575;0.022524;0.022549;0.022605;0.02289;0.022814;0.02216;0.022695;0.023161;0.023119;0.024342;0.022406;0.0226;0.022479;0.02249;0.023607;0.023345;0.022674;0.022914;0.022902;0.022825;0.023193;0.022834;0.022067;0.02263;0.022651;0.022573;0.022883;0.022277;0.022343;0.023004;0.023162;0.022743;0.022683;0.022927;0.022347;0.02289;0.022629;0.022537;0.02224;0.022415;0.022604;0.022834;0.022687;0.022615;0.022521;0.022653;0.022205;0.02267;0.022233;0.022978;0.022501;0.022189;0.022588;0.023643;0.022071;0.022375;0.021985;0.022467;0.023465;0.022973;0.0228;0.022876;0.023298;0.022733;0.02314;0.022458;0.022442;0.022285;0.022519;0.022453;0.022462;0.02233;0.023185;0.022616;0.022202;0.022386;0.022574;0.022239;0.022232;0.02259;0.02229;0.022302;0.022226;0.022597;0.022378;0.022787;0.022998;0.022277;0.022775;0.02269;0.022539;0.022429;0.022584;0.023469;0.023066;0.022673;0.022521;0.024201;0.022439;0.022455;0.023305;0.023098;0.022856;0.022729;0.022758;0.022838;0.022641;0.022579;0.022907;0.023097;0.023071;0.023529;0.023181;0.023102;0.023504;0.023089;0.02309;0.022562;0.023075;0.022691;0.022944;0.023081;0.022818;0.022414;0.022776;0.02281;0.022682;0.023011;0.022654;0.022931;0.02305;0.022765;0.022735;0.022473;0.02258;0.02232;0.02294;0.022628;0.022533;0.022831;0.022239;0.024215;0.022267;0.022666;0.022829;0.023175;0.02303;0.022874;0.023417;0.022649;0.022801;0.02264;0.022852;0.02282;0.022521;0.02301;0.022523;0.023064;0.024185;0.024423;0.023097;0.022844;0.023431;0.023277;0.022628;0.022582;0.022482;0.022465;0.022512;0.022378;0.02256;0.022369;0.022641;0.022798;0.022308;0.02241;0.022249;0.022597;0.022413;0.022425;0.022574;0.022202;0.022073;0.022695;0.022299;0.02402;0.021848;0.022151;0.022474;0.022458;0.022981;0.023054;0.022662;0.022717;0.023319;0.023283;0.022916;0.023067;0.022978;0.022638;0.022856;0.022358;0.022747;0.022332;0.022024;0.022655;0.022278;0.022734;0.022489;0.022931;0.022441;0.022037;0.023212;0.022427;0.022267;0.022579;0.022599;0.022717;0.02278;0.022156;0.022391;0.022874;0.022624;0.022547;0.022103;0.022517;0.02237;0.022469;0.022755;0.023924;0.022275;0.022774;0.023125;0.023067;0.023208;0.02441;0.02461;0.022633;0.022805;0.023221;0.022443;0.022471;0.022422;0.022604;0.022326;0.022611;0.023091;0.022854;0.022839;0.022957;0.023069;0.022571;0.022679;0.022552;0.022418;0.022689;0.022736;0.022794;0.022396;0.022742;0.022583;0.022701;0.022715;0.022939;0.022566;0.022501;0.022795;0.02254;0.022476;0.022443;0.022486;0.022721;0.02262;0.023833;0.022041;0.02251;0.02299;0.023264;0.023027;0.022919;0.023139;0.023073;0.022866;0.022962;0.02324;0.023109;0.022776;0.023297;0.022672;0.023378;0.023049;0.022344;0.022418;0.023633;0.023233;0.022714;0.022401;0.022895;0.023042;0.02232;0.022423;0.022268;0.022474;0.022419;0.022431;0.02279;0.022315;0.02231;0.022402;0.022716;0.022446;0.022793;0.022297;0.022565;0.023056;0.022442;0.022756;0.024952;0.022658;0.022979;0.022771;0.02261;0.023154;0.022808;0.022733;0.022706;0.022486;0.023079;0.023132;0.023141;0.023032;0.02269;0.023026;0.022044;0.022422;0.022385;0.02245;0.022551;0.022884;0.022897;0.022681;0.022672;0.022466;0.022787;0.022387;0.022334;0.022746;0.022366;0.022381;0.023214;0.023673;0.022071;0.022454;0.022766;0.022469;0.02212;0.022594;0.02282;0.022231;0.022525;0.022662;0.023681;0.022376;0.022781;0.022791;0.023548;0.023084;0.023265;0.022948;0.022901;0.023016;0.023749;0.023457;0.02285;0.02269;0.022685;0.022671;0.023054;0.022888;0.022831;0.022665;0.022194;0.022621;0.023362;0.022452;0.02267;0.022731;0.022573;0.022195;0.022707;0.022701;0.022862;0.02225;0.02288;0.022654;0.022592;0.022629;0.022976;0.022838;0.022821;0.022512;0.022884;0.022733;0.022777;0.023843;0.023321;0.022854;0.022327;0.022861;0.022782;0.022537;0.023286;0.023147;0.02334;0.022703;0.022953;0.023297;0.022874;0.022926;0.023058;0.022806;0.022863;0.022601;0.02329;0.02332;0.023518;0.023164;0.022887;0.022579;0.023127;0.02326;0.022422;0.022219;0.02236;0.022072;0.022362;0.022572;0.022731;0.022127;0.022804;0.022883;0.022348;0.022744;0.022428;0.022309;0.022366;0.022375;0.022597;0.02349;0.022566;0.02311;0.022964;0.024073;0.02396;0.024105;0.023029;0.023206;0.022683;0.02268;0.022071;0.022694;0.022211;0.022312;0.022617;0.022563;0.022274;0.022393;0.02269;0.022191;0.022023;0.022476;0.02273;0.022699;0.022311;0.021817;0.022619;0.022195;0.022303;0.022477;0.022281;0.022409;0.022368;0.02226;0.022577;0.022225;0.022531;0.0223;0.022427;0.022498;0.022862;0.023123;0.022885;0.024902;0.023005;0.02301;0.022841;0.022599;0.022757;0.022515;0.023112;0.022585;0.022909;0.022825;0.022794;0.023028;0.022844;0.023198;0.022279;0.02235;0.022205;0.023874;0.022426;0.02201;0.023202;0.023171;0.023034;0.022959;0.022516;0.022707;0.022964;0.022885;0.023241;0.022506;0.022899;0.022802;0.023307;0.02274;0.022875;0.023226;0.022756;0.023204;0.022578;0.02354;0.02299;0.022699;0.022748;0.024265;0.02316;0.022927;0.022679;0.022901;0.023163;0.022909;0.022722;0.023021;0.023109;0.023142;0.022929;0.023024;0.022959;0.023035;0.023187;0.022936;0.023003;0.02264;0.022776;0.022285;0.022683;0.022654;0.022437;0.022173;0.022392;0.022827;0.022257;0.022632;0.022304;0.023161;0.023419;0.022635;0.022753;0.02286;0.022552;0.022584;0.022394;0.022462;0.022319;0.022699;0.022181;0.022682;0.022356;0.024114;0.02241;0.022807;0.022613;0.023415;0.022991;0.02263;0.022679;0.022932;0.02324;0.02311;0.022698;0.022132;0.021999;0.022203;0.022597;0.022131;0.022412;0.022473;0.02237;0.022206;0.02205;0.022087;0.022198;0.022215;0.02283;0.022487;0.022182;0.022257;0.022577;0.022598;0.02306;0.022901;0.022908;0.023122;0.022623;0.022708;0.022969;0.022748;0.022965;0.022564;0.022894;0.022551;0.022939;0.024095;0.022752;0.022741;0.023006;0.023003;0.022636;0.022623;0.023299;0.023185;0.022799;0.022726;0.022599;0.022901;0.023239;0.023065;0.023197;0.023571;0.022548;0.023238;0.023104;0.02294;0.023168;0.023176;0.022887;0.022628;0.022511;0.023232;0.024083;0.02294;0.022891;0.022648;0.022544;0.022318;0.022266;0.0225;0.022719;0.022449;0.022745;0.022375;0.02315;0.022574;0.02252;0.02227;0.022538;0.024292;0.022454;0.022999;0.022694;0.022915;0.023028;0.0226;0.022981;0.022402;0.022952;0.022939;0.022935;0.023168;0.022913;0.022768;0.022634;0.022907;0.022664;0.023011;0.023263;0.022535;0.022317;0.022429;0.022191;0.022646;0.022468;0.022536;0.023046;0.022619;0.022642;0.022755;0.022911;0.022693;0.022761;0.022447;0.022716;0.022549;0.022447;0.02299;0.022683;0.022659;0.022248;0.022781;0.023011;0.024595;0.022476;0.022055;0.022588;0.022851;0.022943;0.024323;0.024323;0.023237;0.023067;0.023305;0.0231;0.02282;0.022658;0.022923;0.02317;0.023412;0.022917;0.023063;0.023023;0.023484;0.022834;0.023136;0.02288;0.023328;0.023046;0.023111;0.023391;0.022928;0.023111;0.023119;0.023188;0.022713;0.022826;0.022935;0.022603;0.022256;0.022594;0.022739;0.022219;0.022674;0.022412;0.022261;0.024113;0.02272;0.022827;0.023114;0.02262;0.022641;0.02327;0.022902;0.022848;0.02214;0.023691;0.022883;0.022328;0.022415;0.022364;0.022724;0.022515;0.022393;0.022369;0.022382;0.022432;0.022771;0.022895;0.02256;0.022344;0.022604;0.02252;0.022353;0.022737;0.022643;0.022329;0.022457;0.022214;0.022242;0.022361;0.022845;0.02234;0.02255;0.022628;0.022397;0.022704;0.022868;0.022626;0.022508;0.023892;0.0225;0.022426;0.022277;0.022062;0.022452;0.023282;0.022911;0.023105;0.023188;0.023256;0.023122;0.023091;0.023236;0.023058;0.022737;0.02321;0.022591;0.022297;0.022517;0.02215;0.022395;0.022266;0.022582;0.022441;0.022478;0.022371;0.022489;0.022502;0.022591;0.022569;0.022529;0.022818;0.022403;0.022443;0.022431;0.023236;0.022245;0.022316;0.02199;0.022294;0.022712;0.022324;0.022468;0.023434;0.022312;0.022344;0.02283;0.02225;0.022247;0.023027;0.02302;0.023082;0.022613;0.023633;0.023211;0.023545;0.02314;0.023021;0.023191;0.023055;0.023057;0.022683;0.022798;0.022901;0.023155;0.022878;0.023256;0.022618;0.023066;0.023817;0.024489;0.023967;0.023059;0.023349;0.022737;0.022716;0.022327;0.022292;0.022579;0.022514;0.022792;0.022492;0.022528;0.022486;0.023034;0.022781;0.022579;0.024705;0.022547;0.02319;0.022929;0.02292;0.02269;0.022894;0.023004;0.023044;0.022674;0.022732;0.022774;0.022967;0.022634;0.022643;0.022416;0.023139;0.022741;0.022365;0.022008;0.02287;0.022099;0.022512;0.022701;0.022436;0.022662;0.022602;0.022585;0.022394;0.022317;0.022886;0.022416;0.02248;0.02309;0.022353;0.022445;0.022327;0.022498;0.022876;0.023035;0.022332;0.022131;0.022603;0.022738;0.024141;0.02225;0.022071;0.022532;0.022974;0.023657;0.023286;0.022617;0.022722;0.022999;0.023336;0.022669;0.023116;0.022856;0.022388;0.022933;0.022672;0.022471;0.022396;0.022235;0.022666;0.022397;0.022357;0.022329;0.022245;0.022504;0.022544;0.022354;0.022754;0.022477;0.022677;0.022618;0.022539;0.022722;0.021769;0.022378;0.022484;0.022323;0.022375;0.022492;0.022337;0.02262;0.022645;0.022823;0.024047;0.022554;0.022764;0.02263;0.02252;0.022954;0.023685;0.022827;0.022834;0.023075;0.02364;0.022787;0.022882;0.023241;0.022658;0.022731;0.021949;0.022467;0.022772;0.023033;0.022672;0.023047;0.023095;0.023262;0.02308;0.022992;0.023285;0.022938;0.022283;0.022319;0.022394;0.0223;0.022419;0.022485;0.022438;0.023043;0.022663;0.0225;0.02264;0.02234;0.022295;0.022798;0.022602;0.023153;0.023624;0.022234;0.022349;0.022362;0.022879;0.022918;0.022647;0.022799;0.022961;0.022675;0.023217;0.023994;0.024013;0.023158;0.023037;0.023046;0.02338;0.022905;0.022762;0.022941;0.022783;0.022941;0.022831;0.023306;0.023112;0.022903;0.022553;0.023238;0.023793;0.023197;0.023304;0.023043;0.023226;0.023208;0.022504;0.02317;0.022797;0.022459;0.023184;0.022907;0.02304;0.02282;0.022621;0.024893;0.023243;0.022635;0.0229;0.023233;0.02346;0.022407;0.022721;0.023339;0.02347;0.022949;0.022786;0.022883;0.023055;0.022568;0.023366;0.022738;0.022437;0.022422;0.022731;0.02209;0.022479;0.022394;0.02252;0.022121;0.022669;0.022716;0.022899;0.022704;0.022915;0.02276;0.022543;0.022699;0.022375;0.022386;0.022847;0.022891;0.022405;0.023037;0.02247;0.022598;0.022719;0.022644;0.022825;0.023776;0.022299;0.022715;0.022693;0.023037;0.023408;0.023078;0.022912;0.023114;0.022785;0.023377;0.023047;0.022928;0.023306;0.02292;0.022659;0.022855;0.023162;0.022812;0.022669;0.022915;0.022909;0.022476;0.02247;0.022811;0.022437;0.022651;0.023169;0.023562;0.022349;0.022958;0.022544;0.022306;0.02243;0.022705;0.022521;0.022746;0.022433;0.022713;0.022687;0.022636;0.022718;0.022631;0.0226;0.024113;0.02277;0.023036;0.022895;0.022846;0.022928;0.0228;0.022436;0.022444;0.022776;0.02259;0.022354;0.022338;0.0227;0.022347;0.022133;0.022788;0.022711;0.022357;0.022399;0.022501;0.022031;0.022058;0.022174;0.022398;0.022811;0.022844;0.022633;0.02226;0.022468;0.022583;0.022531;0.022465;0.022261;0.022742;0.022502;0.02255;0.021948;0.022436;0.022529;0.022493;0.022329;0.022542;0.022285;0.023333;0.021908;0.022125;0.022472;0.022573;0.023002;0.022882;0.022968;0.022499;0.022923;0.022823;0.022577;0.022064;0.022537;0.022396;0.022184;0.022216;0.022578;0.022701;0.022196;0.022427;0.022471;0.022103;0.02294;0.022242;0.022961;0.022133;0.02208;0.022284;0.022264;0.022442;0.022334;0.022591;0.022838;0.023162;0.022038;0.022715;0.022714;0.022073;0.022575;0.022304;0.022514;0.022645;0.022239;0.022338;0.024296;0.022838;0.022989;0.022645;0.022956;0.022947;0.022998;0.02303;0.022549;0.023006;0.023304;0.022849;0.022516;0.022385;0.022646;0.022624;0.022516;0.022758;0.022497;0.022527;0.022608;0.022567;0.022632;0.022763;0.022535;0.022563;0.022662;0.022389;0.022633;0.022625;0.022397;0.022648;0.022218;0.022032;0.022427;0.022297;0.021902;0.022489;0.02223;0.022615;0.022604;0.022134;0.022935;0.023226;0.024265;0.023489;0.022605;0.022473;0.022792;0.023427;0.023552;0.022772;0.023349;0.022821;0.023179;0.022882;0.023079;0.022726;0.022916;0.022702;0.022504;0.023158;0.022717;0.022586;0.022428;0.022697;0.022831;0.022567;0.022426;0.022331;0.022564;0.022931;0.02266;0.022357;0.023247;0.023115;0.023276;0.023269;0.022856;0.022736;0.022914;0.023004;0.022057;0.0224;0.022712;0.022417;0.022646;0.02345;0.022114;0.022715;0.022682;0.022632;0.023123;0.024411;0.024062;0.02272;0.022748;0.022964;0.022728;0.022588;0.02235;0.022577;0.02303;0.022385;0.02241;0.022376;0.022136;0.022611;0.022062;0.022228;0.022427;0.023061;0.022496;0.022421;0.022463;0.022607;0.022342;0.02202;0.022485;0.022379;0.022755;0.022352;0.022291;0.022671;0.023157;0.022694;0.022509;0.022328;0.02249;0.022601;0.022883;0.022108;0.023763;0.022105;0.022656;0.022817;0.022839;0.023051;0.023165;0.02284;0.023321;0.022894;0.022958;0.022823;0.023197;0.022953;0.022962;0.022845;0.02238;0.022681;0.022457;0.022943;0.022789;0.02309;0.023062;0.022769;0.022645;0.02309;0.022388;0.022904;0.02259;0.023084;0.022556;0.02269;0.022376;0.022656;0.022077;0.022596;0.022736;0.022653;0.022384;0.022548;0.022482;0.022596;0.022354;0.024554;0.022246;0.022419;0.022909;0.022718;0.022869;0.02304;0.022679;0.022856;0.022992;0.023303;0.022286;0.022424;0.022397;0.023161;0.022418;0.022254;0.022704;0.022204;0.022656;0.022483;0.022613;0.022862;0.023984;0.022486;0.023087;0.022585;0.023147;0.023063;0.023029;0.023456;0.023091;0.022798;0.022647;0.022612;0.022627;0.022777;0.022826;0.022593;0.022332;0.022685;0.022727;0.022859;0.022274;0.024013;0.022079;0.022531;0.022656;0.023012;0.022774;0.022713;0.022949;0.022654;0.023115;0.022786;0.023049;0.02298;0.023279;0.023142;0.022845;0.022779;0.022812;0.023335;0.022913;0.023257;0.023289;0.022911;0.023227;0.022745;0.022412;0.022645;0.022848;0.022653;0.022905;0.022681;0.022771;0.022797;0.022538;0.022291;0.022212;0.02341;0.02289;0.022698;0.022726;0.022582;0.022665;0.022557;0.022485;0.023594;0.022655;0.023586;0.022476;0.023138;0.022684;0.022851;0.023074;0.022498;0.022701;0.022474;0.022374;0.022615;0.022557;0.023132;0.02251;0.022511;0.022145;0.022724;0.022211;0.022628;0.022692;0.022583;0.022069;0.022363;0.022493;0.022693;0.022237;0.022705;0.022341;0.022796;0.023202;0.022753;0.023092;0.022556;0.022807;0.02232;0.022736;0.022663;0.022947;0.02325;0.023008;0.022854;0.022628;0.024113;0.022463;0.022442;0.0227;0.022846;0.023166;0.022971;0.023336;0.023376;0.023162;0.023203;0.022652;0.023445;0.022879;0.023277;0.022683;0.023042;0.022624;0.022571;0.022732;0.022157;0.022536;0.022552;0.022823;0.022341;0.022405;0.022228;0.022509;0.022126;0.02273;0.022423;0.022664;0.022418;0.023011;0.022803;0.022463;0.022698;0.022577;0.02276;0.023066;0.02269;0.023131;0.023527;0.023117;0.024;0.022401;0.022326;0.022837;0.023049;0.022815;0.022684;0.022921;0.022824;0.022275;0.022279;0.022234;0.022208;0.022544;0.02233;0.022638;0.022082;0.022444;0.022414;0.022158;0.022389;0.022557;0.022805;0.022511;0.022292;0.022831;0.022622;0.022232;0.022711;0.022403;0.022056;0.022772;0.022585;0.022489;0.022064;0.022225;0.022414;0.022816;0.022791;0.022533;0.022999;0.022752;0.022343;0.022601;0.024615;0.022691;0.022322;0.022521;0.022427;0.022493;0.022496;0.022788;0.02291;0.022894;0.023957;0.024402;0.02355;0.022926;0.023283;0.023084;0.022887;0.022882;0.02255;0.022285;0.022415;0.022781;0.02293;0.023009;0.022412;0.022374;0.022284;0.022417;0.022504;0.022252;0.022625;0.02293;0.022539;0.02251;0.022961;0.0219;0.022175;0.022222;0.022666;0.022518;0.022414;0.022592;0.022849;0.022815;0.024596;0.022258;0.022354;0.022569;0.022599;0.022495;0.022994;0.02292;0.022815;0.022324;0.022927;0.022925;0.022217;0.022242;0.022302;0.022462;0.022937;0.022769;0.022763;0.022616;0.02253;0.022169;0.022037;0.022295;0.022555;0.0229;0.022634;0.022878;0.022315;0.022775;0.022302;0.022743;0.021884;0.023204;0.022678;0.02251;0.022487;0.022182;0.02265;0.022822;0.022841;0.022316;0.022164;0.022382;0.023582;0.022321;0.022547;0.023342;0.022906;0.02304;0.022822;0.022948;0.022922;0.023205;0.022348;0.022289;0.022547;0.022771;0.022303;0.022778;0.022451;0.022668;0.022514;0.022504;0.02248;0.022459;0.022603;0.022889;0.023142;0.022541;0.022422;0.022277;0.02248;0.022449;0.023164;0.023056;0.022511;0.022563;0.022634;0.022285;0.023261;0.02299;0.022857;0.022983;0.022986;0.022671;0.022983;0.022979;0.024003;0.022467;0.022656;0.02265;0.023116;0.022624;0.024257;0.023935;0.022548;0.022478;0.023049;0.023325;0.023184;0.022626;0.022359;0.022565;0.022331;0.022583;0.022237;0.022456;0.022388;0.022261;0.021997;0.022594;0.022647;0.022301;0.022974;0.022431;0.022552;0.022348;0.022704;0.022746;0.023068;0.022466;0.022686;0.022491;0.022508;0.022548;0.022457;0.022732;0.022601;0.022532;0.022645;0.022522;0.023735;0.022331;0.022602;0.022979;0.023299;0.022738;0.023077;0.023099;0.023033;0.022918;0.022428;0.022769;0.022755;0.023121;0.022509;0.022847;0.02253;0.022712;0.023048;0.022548;0.022371;0.022554;0.022681;0.022268;0.02218;0.022592;0.022299;0.022766;0.022707;0.022195;0.02287;0.022668;0.022367;0.02292;0.02233;0.022744;0.022432;0.022587;0.022345;0.022418;0.022611;0.023916;0.024097;0.022494;0.023659;0.022438;0.022534;0.022997;0.022921;0.023229;0.022885;0.022934;0.02317;0.022913;0.022598;0.022839;0.022804;0.023008;0.022853;0.022086;0.022665;0.022119;0.022867;0.022613;0.022195;0.022369;0.022876;0.022413;0.022571;0.02278;0.022429;0.022839;0.023031;0.022583;0.022307;0.022488;0.023138;0.023285;0.022723;0.02287;0.022901;0.023361;0.023065;0.023577;0.023545;0.023426;0.023224;0.023274;0.024583;0.023068;0.022961;0.022933;0.022976;0.023023;0.022753;0.022875;0.0231;0.02322;0.023718;0.02375;0.023497;0.023017;0.023153;0.023371;0.02329;0.022931;0.02333;0.022893;0.023094;0.023128;0.02287;0.023153;0.02319;0.023282;0.023328;0.023303;0.022803;0.023074;0.022969;0.023026;0.022604;0.022752;0.022572;0.022686;0.02279;0.02223;0.022636;0.022426;0.02244;0.022417;0.022494;0.023702;0.022863;0.022164;0.022488;0.022868;0.023199;0.022874;0.023376;0.0234;0.022325;0.022292;0.022455;0.022746;0.022554;0.022563;0.022325;0.022376;0.022668;0.02285;0.022269;0.022723;0.022681;0.022597;0.022199;0.022376;0.023723;0.022476;0.022989;0.022372;0.022543;0.022182;0.023027;0.022513;0.023369;0.022575;0.022753;0.022472;0.022734;0.022405;0.022244;0.022704;0.022656;0.022677;0.022385;0.023915;0.022766;0.022935;0.023148;0.023279;0.022643;0.023112;0.022971;0.022822;0.022605;0.023117;0.023089;0.022927;0.022519;0.022426;0.022227;0.022337;0.022128;0.022308;0.022503;0.022462;0.02203;0.022219;0.02207;0.022513;0.022305;0.022457;0.022381;0.02237;0.02256;0.022199;0.022485;0.022512;0.022604;0.022635;0.022785;0.023209;0.023619;0.022779;0.022772;0.022109;0.022585;0.022885;0.022104;0.022462;0.023503;0.022333;0.022659;0.022303;0.02288;0.023068;0.022693;0.02281;0.023094;0.022255;0.022595;0.022537;0.022868;0.022229;0.022326;0.022098;0.022334;0.022793;0.022624;0.022886;0.022612;0.02272;0.022537;0.022099;0.022349;0.022573;0.022374;0.022333;0.023189;0.022949;0.022927;0.022717;0.022468;0.022498;0.022833;0.022266;0.022566;0.022955;0.022505;0.022799;0.02255;0.022423;0.022486;0.022143;0.023606;0.022191;0.022728;0.022907;0.023977;0.024338;0.02348;0.022736;0.022685;0.022831;0.023368;0.023106;0.022498;0.022956;0.023078;0.022542;0.02303;0.022386;0.022664;0.022914;0.022453;0.022476;0.022505;0.022591;0.022653;0.022662;0.022273;0.022223;0.022317;0.022396;0.022848;0.022257;0.022227;0.022617;0.022924;0.023131;0.022304;0.022158;0.022475;0.022001;0.022281;0.022252;0.021846;0.022513;0.023811;0.022611;0.023253;0.022874;0.023102;0.02282;0.022802;0.023044;0.024652;0.024176;0.023462;0.022803;0.022709;0.022663;0.022663;0.023426;0.022901;0.023698;0.02287;0.022999;0.022731;0.022804;0.022434;0.02247;0.021971;0.022603;0.022411;0.022451;0.02227;0.022471;0.022149;0.022683;0.022352;0.022453;0.022598;0.022318;0.02293;0.022408;0.022717;0.02283;0.022517;0.022462;0.022437;0.022478;0.023605;0.022481;0.023034;0.022721;0.022553;0.02305;0.022936;0.022922;0.022877;0.023157;0.023041;0.022693;0.022407;0.022949;0.02257;0.022939;0.022321;0.022174;0.022905;0.022614;0.022336;0.02316;0.023535;0.022557;0.022465;0.022503;0.022422;0.022637;0.022564;0.022441;0.022779;0.02263;0.022824;0.022203;0.022306;0.022238;0.022949;0.022439;0.022427;0.022679;0.022208;0.022847;0.02291;0.022728;0.036928;0.023159;0.023065;0.022811;0.022925;0.023414;0.023188;0.022992;0.023268;0.02281;0.02306;0.023543;0.023175;0.022581;0.02278;0.022547;0.022167;0.022686;0.022531;0.022498;0.022152;0.022891;0.022536;0.022644;0.022464;0.02229;0.022361;0.022302;0.022146;0.02238;0.022699;0.022557;0.022831;0.023891;0.02299;0.022549;0.022325;0.022268;0.022542;0.022404;0.02238;0.022904;0.022653;0.023684;0.02249;0.022965;0.022573;0.023118;0.023259;0.022886;0.023031;0.023032;0.023376;0.023068;0.022907;0.023358;0.023312;0.023348;0.023338;0.023315;0.02328;0.022977;0.022882;0.023397;0.022629;0.023105;0.023153;0.023466;0.023181;0.023171;0.023387;0.023641;0.023169;0.023222;0.022822;0.023183;0.023062;0.022928;0.022523;0.023181;0.022701;0.022646;0.023054;0.022954;0.022618;0.022986;0.025033;0.022639;0.022675;0.022669;0.022955;0.023076;0.022803;0.023287;0.023291;0.023177;0.022734;0.024365;0.024346;0.02328;0.022998;0.022987;0.023243;0.023205;0.023075;0.022879;0.022555;0.022925;0.023186;0.023025;0.023074;0.023154;0.022588;0.023224;0.023197;0.022517;0.023158;0.023017;0.023126;0.02285;0.023012;0.022809;0.022772;0.023479;0.02338;0.022647;0.022642;0.023253;0.022845;0.02255;0.024968;0.022603;0.02287;0.022893;0.023047;0.022797;0.022974;0.023067;0.022887;0.022776;0.022917;0.0228;0.022983;0.023874;0.02457;0.023005;0.023264;0.023066;0.023168;0.0232;0.022832;0.022909;0.022994;0.023082;0.02303;0.023165;0.023044;0.023234;0.023154;0.02339;0.02307;0.023136;0.023266;0.023112;0.022906;0.023351;0.023401;0.022663;0.023016;0.02289;0.022659;0.023008;0.022986;0.024955;0.023058;0.02282;0.0235;0.022654;0.022632;0.022764;0.022681;0.023027;0.022839;0.023036;0.022471;0.022508;0.023037;0.02284;0.02322;0.022587;0.02301;0.023233;0.023221;0.022828;0.022966;0.022672;0.023138;0.022998;0.023881;0.023205;0.023161;0.022587;0.023189;0.022911;0.022678;0.023032;0.022871;0.023017;0.022849;0.023099;0.022795;0.02293;0.023329;0.023204;0.023161;0.023122;0.024369;0.022693;0.022903;0.023006;0.022796;0.022894;0.022721;0.022994;0.023183;0.022416;0.023509;0.022859;0.022565;0.0234;0.022733;0.022791;0.022758;0.022758;0.022837;0.022831;0.022567;0.022962;0.023304;0.022535;0.022653;0.02304;0.022749;0.02284;0.023809;0.023054;0.022855;0.022861;0.022565;0.022548;0.022753;0.023273;0.022729;0.022638;0.023373;0.022944;0.022999;0.022954;0.022759;0.023118;0.024785;0.022639;0.02278;0.022595;0.022591;0.022851;0.023313;0.022686;0.022904;0.022724;0.022891;0.022647;0.022935;0.023142;0.023257;0.023189;0.022958;0.022923;0.023271;0.022899;0.023028;0.022709;0.023057;0.022852;0.023166;0.022651;0.022988;0.023009;0.022929;0.023657;0.023213;0.023045;0.023315;0.02311;0.022796;0.023611;0.022975;0.023015;0.023158;0.023047;0.023019;0.022828;0.022929;0.025999;0.022635;0.022928;0.023353;0.023017;0.022775;0.023036;0.022953;0.023267;0.023278;0.023079;0.022777;0.022645;0.023273;0.022903;0.023077;0.023097;0.022915;0.023267;0.022911;0.022839;0.023176;0.02291;0.022819;0.022858;0.022714;0.023222;0.023165;0.022971;0.023181;0.022716;0.022666;0.022903;0.022471;0.023192;0.023012;0.022966;0.023374;0.023064;0.022882;0.022979;0.024065;0.023188;0.025661;0.022861;0.02232;0.023125;0.022899;0.023196;0.023237;0.022642;0.022788;0.022447;0.022965;0.02252;0.022951;0.023246;0.022968;0.022721;0.022606;0.022635;0.022401;0.02265;0.022774;0.023382;0.023019;0.023259;0.023;0.023057;0.023115;0.023505;0.022461;0.02243;0.023011;0.023038;0.023141;0.022971;0.023272;0.022625;0.022909;0.022995;0.02299;0.023369;0.023261;0.023117;0.022264;0.022464;0.025002;0.022561;0.023137;0.022979;0.022606;0.02299;0.02308;0.023013;0.02315;0.023707;0.023539;0.023039;0.022643;0.022414;0.022504;0.022278;0.022538;0.022825;0.02239;0.022241;0.022839;0.022694;0.023301;0.022827;0.022838;0.022473;0.022827;0.022792;0.022522;0.022289;0.023167;0.022729;0.022746;0.022619;0.022453;0.02281;0.022627;0.022635;0.022406;0.02225;0.022705;0.022912;0.022494;0.022527;0.024701;0.023034;0.022748;0.022893;0.022961;0.023051;0.022809;0.022695;0.022572;0.022992;0.02301;0.023017;0.024304;0.024258;0.024366;0.022883;0.022619;0.022443;0.022877;0.022667;0.023187;0.022675;0.022327;0.022494;0.022817;0.02235;0.023111;0.022703;0.022708;0.022706;0.022651;0.022281;0.022321;0.022928;0.022568;0.022528;0.022348;0.022353;0.022699;0.022594;0.02239;0.022976;0.022755;0.030322;0.022681;0.022446;0.02223;0.022838;0.022919;0.022888;0.022882;0.023301;0.023383;0.023578;0.023153;0.023502;0.023125;0.02306;0.023598;0.024299;0.023975;0.023271;0.023424;0.023141;0.022746;0.023147;0.022781;0.022867;0.023379;0.023381;0.022538;0.02358;0.022776;0.022943;0.023205;0.023084;0.022908;0.023344;0.022417;0.022882;0.023128;0.023599;0.023398;0.023026;0.022687;0.022998;0.024612;0.023032;0.023396;0.023095;0.022961;0.023002;0.022967;0.022758;0.023071;0.023293;0.022929;0.022615;0.022303;0.022324;0.022675;0.022451;0.022621;0.022622;0.02207;0.023027;0.023338;0.022417;0.022314;0.021995;0.022476;0.023014;0.022853;0.022725;0.022569;0.022344;0.022981;0.022645;0.022112;0.022711;0.023113;0.022858;0.023211;0.023167;0.022752;0.022523;0.022815;0.022755;0.023261;0.022399;0.024194;0.022292;0.022209;0.02278;0.023192;0.022901;0.022749;0.022846;0.023198;0.023396;0.022989;0.023089;0.023538;0.02337;0.023018;0.02275;0.023013;0.02288;0.022276;0.022444;0.022522;0.022629;0.022208;0.02275;0.022703;0.022812;0.022902;0.023505;0.022765;0.022705;0.022501;0.024223;0.023511;0.022899;0.022959;0.023132;0.02276;0.022944;0.022898;0.022733;0.022553;0.022341;0.022669;0.022833;0.024501;0.022616;0.022783;0.022814;0.022329;0.023037;0.022719;0.022939;0.022809;0.023163;0.023218;0.022528;0.022635;0.022847;0.022067;0.022132;0.022061;0.022372;0.022601;0.022822;0.022604;0.022596;0.022225;0.022814;0.022764;0.0224;0.02282;0.022926;0.022474;0.021991;0.022469;0.022781;0.021961;0.023045;0.023682;0.022792;0.022177;0.022388;0.022505;0.022694;0.022597;0.022419;0.023069;0.022312;0.023546;0.022615;0.022798;0.022693;0.022698;0.022806;0.022652;0.023033;0.022525;0.022973;0.022964;0.022539;0.022543;0.022237;0.021993;0.022346;0.022045;0.022332;0.022615;0.022422;0.022247;0.02203;0.022029;0.022853;0.022162;0.022987;0.022108;0.022184;0.022277;0.022187;0.022214;0.021905;0.022494;0.02203;0.02235;0.022252;0.022616;0.022365;0.022244;0.022332;0.022595;0.02284;0.022751;0.022434;0.023671;0.022124;0.022431;0.022727;0.023201;0.022842;0.022991;0.022808;0.022351;0.022757;0.02345;0.022418;0.02342;0.022542;0.022866;0.022519;0.022538;0.022076;0.022383;0.022589;0.022572;0.022408;0.022742;0.022599;0.022402;0.02249;0.022154;0.022138;0.022207;0.02286;0.02249;0.023017;0.023113;0.022037;0.022579;0.022681;0.02308;0.022355;0.022657;0.022548;0.022679;0.022476;0.022162;0.022682;0.022723;0.024272;0.022061;0.022836;0.022858;0.022888;0.022884;0.023056;0.022708;0.022969;0.022938;0.022906;0.02252;0.022847;0.022547;0.022772;0.022496;0.022508;0.022564;0.022323;0.022596;0.022609;0.02264;0.022428;0.022648;0.022512;0.022241;0.022711;0.022578;0.022766;0.022385;0.022417;0.022024;0.022158;0.022091;0.022731;0.022339;0.022227;0.022091;0.022364;0.02256;0.022869;0.022097;0.022184;0.0227;0.0244;0.022399;0.022366;0.022301;0.023392;0.023029;0.023078;0.022614;0.023319;0.023995;0.023564;0.022675;0.023541;0.022736;0.022438;0.022625;0.022577;0.022626;0.022847;0.022319;0.022681;0.022755;0.02242;0.02282;0.022621;0.022445;0.022491;0.023058;0.02254;0.022344;0.022616;0.022378;0.022116;0.023058;0.022499;0.022805;0.022604;0.022354;0.022908;0.02256;0.02239;0.022331;0.022396;0.022477;0.024241;0.023098;0.023321;0.023084;0.023191;0.022725;0.023075;0.023366;0.023254;0.022604;0.022554;0.022683;0.022417;0.022797;0.022425;0.022579;0.02277;0.022517;0.022742;0.022578;0.022673;0.023821;0.022617;0.023435;0.022711;0.022872;0.022691;0.022721;0.022933;0.022399;0.022462;0.022388;0.023317;0.022737;0.022778;0.022727;0.022775;0.022688;0.022967;0.022766;0.022345;0.022814;0.022589;0.024317;0.022747;0.022573;0.022598;0.02308;0.022913;0.022622;0.022965;0.023074;0.022934;0.022969;0.022716;0.022869;0.023139;0.022862;0.02284;0.022742;0.023161;0.022586;0.022322;0.022365;0.02237;0.0224;0.022509;0.022565;0.022244;0.022608;0.022188;0.022669;0.022976;0.02229;0.022133;0.022601;0.022519;0.022502;0.022174;0.0224;0.022723;0.02292;0.0225;0.022829;0.022931;0.022429;0.023021;0.025413;0.022368;0.022993;0.022598;0.022666;0.023067;0.022919;0.022908;0.022411;0.022476;0.022678;0.022658;0.022451;0.022448;0.021923;0.021971;0.023036;0.02284;0.023061;0.02225;0.022047;0.02252;0.023329;0.022299;0.02225;0.022599;0.022287;0.02272;0.022011;0.022952;0.02259;0.023068;0.022011;0.022369;0.022844;0.022423;0.02197;0.022315;0.02272;0.022371;0.022704;0.022668;0.022153;0.022394;0.022471;0.027129;0.022288;0.024351;0.024206;0.02289;0.022603;0.023081;0.022932;0.022779;0.02316;0.02324;0.022881;0.022514;0.022235;0.022337;0.022238;0.022621;0.022385;0.02241;0.022873;0.022465;0.022698;0.022617;0.022898;0.022383;0.022632;0.022505;0.022924;0.022886;0.022271;0.022034;0.022165;0.022158;0.022817;0.022637;0.022548;0.022506;0.022695;0.022738;0.022688;0.022916;0.022543;0.022762;0.024252;0.022616;0.023133;0.022982;0.02278;0.022827;0.023106;0.023545;0.023891;0.023263;0.022385;0.022738;0.0224;0.022454;0.022736;0.022763;0.022564;0.022628;0.021846;0.022178;0.021986;0.022672;0.022481;0.022433;0.022591;0.022805;0.02259;0.02218;0.022932;0.022329;0.022129;0.0224;0.022426;0.022649;0.021919;0.022521;0.022623;0.022233;0.022406;0.022935;0.022608;0.022481;0.022639;0.022743;0.022272;0.023772;0.022926;0.022756;0.023165;0.023053;0.023135;0.022768;0.022787;0.022883;0.022346;0.022478;0.022413;0.022677;0.022335;0.022724;0.022113;0.022537;0.022198;0.022954;0.022513;0.023436;0.023064;0.022791;0.022629;0.022728;0.023052;0.022445;0.022442;0.022591;0.02208;0.022426;0.02287;0.022528;0.022512;0.023036;0.022432;0.022388;0.022558;0.022684;0.02249;0.022493;0.022834;0.022584;0.022238;0.02455;0.022938;0.02291;0.023431;0.02308;0.023121;0.022524;0.023133;0.023137;0.022827;0.022825;0.023192;0.022622;0.022482;0.022664;0.022585;0.022477;0.022526;0.022251;0.022019;0.022188;0.021921;0.022441;0.023846;0.02276;0.02228;0.022293;0.022058;0.022526;0.022658;0.02279;0.0225;0.022457;0.022527;0.022758;0.022233;0.022743;0.022775;0.022642;0.022417;0.02227;0.022381;0.02242;0.022713;0.02405;0.022296;0.022405;0.022616;0.022905;0.023577;0.023557;0.023297;0.023387;0.023151;0.022962;0.022612;0.022276;0.02263;0.022901;0.022654;0.022482;0.022434;0.022331;0.022298;0.022404;0.022467;0.023055;0.02288;0.022556;0.023396;0.023908;0.022453;0.022921;0.022927;0.022616;0.02289;0.022771;0.022491;0.023032;0.022561;0.022952;0.022537;0.022691;0.022425;0.022461;0.022214;0.02194;0.022635;0.023809;0.022408;0.023153;0.022923;0.022847;0.023036;0.023133;0.022915;0.022868;0.022389;0.022405;0.022936;0.022729;0.022094;0.02253;0.022639;0.022694;0.022953;0.02244;0.022571;0.022168;0.022664;0.022894;0.022257;0.022809;0.02248;0.022541;0.022899;0.022643;0.022726;0.02225;0.022058;0.02259;0.022964;0.022137;0.022588;0.022474;0.022815;0.023291;0.023126;0.021965;0.021886;0.022802;0.02264;0.023769;0.022399;0.022394;0.022123;0.022284;0.022696;0.022144;0.022411;0.022319;0.022769;0.022805;0.022157;0.02244;0.02258;0.022506;0.022538;0.022789;0.022725;0.022489;0.023069;0.022395;0.022862;0.022868;0.022339;0.022863;0.022669;0.022396;0.022606;0.022258;0.022601;0.022617;0.022705;0.022617;0.022617;0.022325;0.022366;0.022157;0.022417;0.022513;0.022458;0.022675;0.022435;0.022747;0.023081;0.023995;0.022629;0.022349;0.022465;0.022469;0.022743;0.022646;0.023957;0.022867;0.02255;0.022291;0.022248;0.022458;0.022645;0.022805;0.022972;0.022113;0.022237;0.022376;0.022453;0.022385;0.022952;0.022605;0.022522;0.022553;0.022312;0.022827;0.02261;0.022137;0.022743;0.022656;0.022572;0.022533;0.022645;0.021851;0.022459;0.022409;0.02273;0.022339;0.022519;0.022397;0.022408;0.02247;0.022115;0.024046;0.02269;0.022725;0.022186;0.022923;0.02263;0.022696;0.02246;0.022932;0.022434;0.022554;0.022283;0.02242;0.022544;0.022677;0.022671;0.022784;0.02285;0.022686;0.022642;0.023417;0.023296;0.022591;0.022595;0.022975;0.022416;0.022634;0.022417;0.022464;0.022486;0.023127;0.022532;0.022335;0.022347;0.022354;0.022614;0.022277;0.022292;0.022915;0.022701;0.022561;0.022497;0.022797;0.02269;0.023703;0.022442;0.022128;0.022674;0.022552;0.022323;0.022406;0.022023;0.022068;0.022249;0.022829;0.022576;0.022766;0.022491;0.022459;0.022758;0.02234;0.022555;0.022124;0.022615;0.022678;0.022375;0.022169;0.02215;0.022649;0.022692;0.02265;0.022406;0.022167;0.022415;0.022355;0.022453;0.022342;0.022154;0.022072;0.022248;0.022264;0.022144;0.022358;0.02227;0.021902;0.021923;0.022508;0.022507;0.022314;0.024185;0.022555;0.023;0.022547;0.022511;0.023117;0.022526;0.022667;0.022825;0.022503;0.022368;0.022831;0.022737;0.022416;0.022852;0.022908;0.023653;0.023589;0.022617;0.022428;0.022668;0.02229;0.022661;0.022785;0.022988;0.022413;0.022872;0.022638;0.022784;0.022305;0.022598;0.022756;0.022629;0.022498;0.022639;0.023086;0.022782;0.022161;0.022946;0.022094;0.02316;0.022867;0.022451;0.022384;0.023401;0.022016;0.02223;0.022261;0.022584;0.022821;0.022452;0.022644;0.022631;0.022721;0.022092;0.022448;0.022658;0.022515;0.022712;0.022584;0.022279;0.02236;0.022717;0.023705;0.02239;0.02252;0.022475;0.022662;0.022582;0.02276;0.022356;0.022603;0.022498;0.022813;0.022585;0.02307;0.022447;0.022424;0.022653;0.022673;0.023011;0.022641;0.022383;0.022296;0.022872;0.022404;0.022541;0.022483;0.024146;0.022084;0.022408;0.022585;0.022591;0.022414;0.022662;0.022469;0.022149;0.022684;0.022525;0.022592;0.022185;0.022147;0.022397;0.022218;0.0223;0.022935;0.022744;0.02271;0.022577;0.022254;0.022474;0.022391;0.022564;0.022342;0.022724;0.022493;0.022532;0.022737;0.022563;0.022796;0.023113;0.022474;0.0222;0.022614;0.022202;0.022537;0.022577;0.022503;0.022164;0.021863;0.022097;0.022661;0.027062;0.022433;0.021961;0.022732;0.022292;0.022609;0.022761;0.022864;0.02298;0.022574;0.022475;0.022365;0.022189;0.022518;0.022759;0.023002;0.022671;0.022775;0.022824;0.022714;0.022073;0.022193;0.022635;0.022164;0.022455;0.022952;0.022882;0.022015;0.022132;0.022785;0.022921;0.022632;0.022488;0.022268;0.022561;0.022208;0.022023;0.022893;0.022645;0.022291;0.022648;0.02221;0.022764;0.022426;0.022551;0.023725;0.022169;0.022256;0.022274;0.022029;0.022839;0.022579;0.022769;0.022496;0.022815;0.022436;0.022301;0.022419;0.022074;0.022056;0.02266;0.022443;0.022072;0.0223;0.022564;0.022686;0.022558;0.022636;0.02205;0.022165;0.022226;0.022608;0.022459;0.022678;0.022709;0.021988;0.022892;0.022057;0.022715;0.022373;0.022681;0.022823;0.023018;0.022032;0.022195;0.022714;0.022495;0.022118;0.022756;0.024344;0.022659;0.022635;0.022451;0.022511;0.022753;0.022368;0.022309;0.022261;0.022523;0.022745;0.022889;0.022674;0.022614;0.022592;0.022252;0.022699;0.022676;0.022643;0.022896;0.022825;0.023534;0.022528;0.022825;0.022308;0.022134;0.022655;0.022438;0.02238;0.022469;0.022376;0.022436;0.022954;0.022536;0.022346;0.022523;0.022092;0.022548;0.022328;0.022447;0.022352;0.022506;0.022444;0.022963;0.023797;0.022294;0.022078;0.02248;0.022092;0.022411;0.022734;0.022495;0.022307;0.022269;0.022331;0.022288;0.022448;0.022409;0.022519;0.021979;0.022188;0.022908;0.022427;0.023195;0.022758;0.022739;0.022601;0.023221;0.023102;0.022448;0.022723;0.022085;0.022678;0.022193;0.023029;0.022407;0.022734;0.022352;0.022484;0.022648;0.022625;0.02294;0.022504;0.022678;0.022417;0.022153;0.022354;0.022314;0.022408;0.02338;0.022651;0.022802;0.022405;0.022873;0.022328;0.02264;0.022592;0.022512;0.022681;0.02257;0.022758;0.022836;0.022602;0.022857;0.022559;0.022333;0.022422;0.02229;0.022712;0.022773;0.022368;0.022687;0.022724;0.022366;0.022844;0.022858;0.022251;0.022924;0.022239;0.02228;0.022751;0.02247;0.022693;0.023058;0.023237;0.022801;0.02233;0.022645;0.022594;0.022432;0.022569;0.022691;0.022456;0.023669;0.02249;0.022332;0.022741;0.022744;0.0225;0.022121;0.022155;0.022661;0.022047;0.022435;0.022467;0.022578;0.022241;0.022153;0.022984;0.022435;0.022443;0.022435;0.022091;0.022493;0.022466;0.022405;0.022753;0.022656;0.023006;0.022369;0.022303;0.023058;0.02233;0.022487;0.022741;0.022402;0.022546;0.022903;0.022215;0.022527;0.022283;0.022173;0.022462;0.022475;0.022442;0.022323;0.022081;0.023728;0.022418;0.022403;0.022354;0.022353;0.022668;0.022389;0.022488;0.022113;0.022371;0.022769;0.022923;0.022648;0.022055;0.022278;0.022222;0.022502;0.022399;0.022578;0.022148;0.022546;0.022334;0.022473;0.022336;0.022496;0.022501;0.022732;0.022314;0.022612;0.022684;0.022319;0.022955;0.022092;0.022765;0.022294;0.022404;0.022398;0.022309;0.022592;0.022444;0.022506;0.022575;0.022581;0.022618;0.022729;0.023422;0.022507;0.022969;0.022462;0.023548;0.022543;0.023021;0.022857;0.022033;0.022267;0.022261;0.022458;0.022481;0.022457;0.022253;0.022637;0.022692;0.022812;0.02245;0.022749;0.023047;0.022681;0.022642;0.022452;0.022793;0.022553;0.022578;0.022648;0.022444;0.022591;0.0227;0.023132;0.022426;0.022235;0.022701;0.022865;0.022508;0.022484;0.022615;0.022838;0.023094;0.022643;0.022524;0.022874;0.023649;0.022947;0.022455;0.022322;0.022052;0.022506;0.02242;0.022467;0.022726;0.022778;0.022803;0.02245;0.022968;0.022887;0.022614;0.022236;0.023222;0.023087;0.023079;0.022557;0.022555;0.022305;0.023151;0.022894;0.023179;0.022793;0.023013;0.022968;0.022291;0.022573;0.022741;0.022367;0.022687;0.022817;0.022707;0.022529;0.022408;0.022572;0.022769;0.02302;0.022848;0.022393;0.022365;0.022566;0.024042;0.021974;0.02238;0.022324;0.022881;0.023181;0.022506;0.022761;0.023099;0.022998;0.022855;0.023235;0.0231;0.022751;0.022402;0.022358;0.022431;0.022772;0.022422;0.022686;0.022241;0.022369;0.022498;0.022584;0.022062;0.02291;0.022663;0.022872;0.023276;0.023491;0.02242;0.022521;0.022166;0.022866;0.02298;0.022488;0.022166;0.022262;0.022888;0.02237;0.022525;0.022918;0.022398;0.02226;0.023788;0.022282;0.02234;0.022326;0.022025;0.021933;0.022503;0.022708;0.022163;0.0226;0.022776;0.022533;0.02247;0.022593;0.022776;0.02238;0.02272;0.022578;0.021745;0.022258;0.022443;0.022628;0.022888;0.022482;0.022851;0.023028;0.022622;0.022362;0.022326;0.022641;0.022428;0.022512;0.022564;0.022941;0.022774;0.02281;0.022592;0.022971;0.022814;0.022907;0.022722;0.022707;0.022724;0.022574;0.024118;0.022563;0.022245;0.022304;0.022256;0.022642;0.02249;0.022709;0.022095;0.022088;0.021935;0.022575;0.021953;0.022618;0.022456;0.022727;0.02243;0.022673;0.022226;0.022685;0.022958;0.022571;0.022327;0.022658;0.022962;0.023202;0.022979;0.022745;0.022211;0.02218;0.021988;0.022255;0.022658;0.022881;0.022175;0.022128;0.022534;0.022426;0.02217;0.022367;0.022259;0.022432;0.022437;0.022331;0.023789;0.022218;0.02265;0.022633;0.022859;0.022453;0.02259;0.022477;0.022448;0.02283;0.022725;0.022674;0.022721;0.022444;0.022854;0.022264;0.022868;0.022594;0.022579;0.022762;0.022774;0.022668;0.022599;0.022192;0.022615;0.022719;0.022648;0.023428;0.022874;0.02237;0.022442;0.022614;0.022448;0.022578;0.02279;0.022818;0.023185;0.022612;0.02233;0.022213;0.022116;0.022414;0.022563;0.022448;0.022607;0.023272;0.022291;0.022297;0.022665;0.022503;0.022296;0.022664;0.022585;0.022793;0.022557;0.022485;0.022177;0.022628;0.022394;0.022756;0.022117;0.022894;0.0227;0.022718;0.022681;0.022687;0.022319;0.022402;0.022648;0.022322;0.022173;0.023006;0.022715;0.022657;0.022759;0.022487;0.022771;0.022503;0.021981;0.022535;0.022582;0.022594;0.02268;0.023529;0.023027;0.022483;0.022357;0.022708;0.022979;0.023448;0.022798;0.02229;0.022457;0.022796;0.023028;0.022728;0.022852;0.022733;0.022497;0.022379;0.022277;0.022865;0.022448;0.022277;0.022324;0.022401;0.022943;0.022281;0.022541;0.022565;0.022552;0.022408;0.022885;0.022546;0.022467;0.023083;0.022494;0.02249;0.022951;0.022541;0.022385;0.022324;0.022821;0.022511;0.02304;0.022654;0.022769;0.02273;0.022345;0.022638;0.0223;0.02268;0.022699;0.023825;0.022662;0.022397;0.022825;0.022128;0.022522;0.024058;0.023071;0.022609;0.023042;0.022487;0.022803;0.022918;0.022324;0.022387;0.022306;0.022383;0.022792;0.022524;0.022479;0.022386;0.02226;0.022699;0.022792;0.022426;0.022674;0.02267;0.022851;0.022125;0.022071;0.022362;0.021943;0.02224;0.022151;0.022532;0.022546;0.022404;0.022703;0.023003;0.022955;0.022881;0.022424;0.02271;0.022219;0.023889;0.02275;0.022574;0.022399;0.022123;0.022079;0.022381;0.022361;0.02244;0.022818;0.022535;0.022482;0.022086;0.022394;0.022128;0.022442;0.022812;0.022836;0.022721;0.022168;0.022535;0.022379;0.022167;0.022498;0.02274;0.022471;0.022698;0.022251;0.022723;0.022212;0.022608;0.022727;0.022702;0.02215;0.022744;0.022881;0.022747;0.022676;0.022325;0.022785;0.022457;0.022148;0.022474;0.022533;0.023713;0.023231;0.023519;0.022405;0.02233;0.022438;0.022229;0.022909;0.022621;0.022604;0.022337;0.022635;0.02235;0.022706;0.02231;0.02241;0.022177;0.022752;0.022681;0.02283;0.022893;0.022607;0.022575;0.022391;0.022638;0.022812;0.022522;0.022286;0.022168;0.022558;0.022251;0.022166;0.022981;0.022838;0.022483;0.022441;0.022673;0.022146;0.022335;0.022255;0.022231;0.022103;0.022708;0.023383;0.022421;0.023701;0.022452;0.022435;0.022774;0.022468;0.022811;0.022946;0.022771;0.022483;0.023372;0.022876;0.023272;0.023873;0.02311;0.022447;0.022709;0.022755;0.022707;0.02246;0.022575;0.022898;0.022448;0.022532;0.022609;0.022673;0.022695;0.022676;0.022492;0.022278;0.022469;0.02247;0.0227;0.022758;0.022597;0.022094;0.022812;0.022567;0.022369;0.022457;0.0229;0.02248;0.022327;0.022753;0.022187;0.024246;0.022415;0.023064;0.022514;0.022542;0.023072;0.022997;0.023435;0.022544;0.022305;0.02246;0.022317;0.022898;0.022751;0.022976;0.022528;0.022489;0.022635;0.023103;0.022683;0.0227;0.022936;0.022486;0.022606;0.022816;0.02223;0.022835;0.022526;0.022801;0.022529;0.022703;0.022363;0.022382;0.022875;0.022509;0.022597;0.02236;0.022133;0.022379;0.022589;0.022863;0.022333;0.02263;0.022301;0.024108;0.02264;0.022648;0.022735;0.023136;0.022976;0.022751;0.023109;0.023417;0.023942;0.023695;0.022352;0.022718;0.022638;0.022604;0.022928;0.022289;0.022075;0.022623;0.022892;0.022583;0.022213;0.022208;0.022804;0.022668;0.02303;0.022799;0.023052;0.022852;0.022508;0.022522;0.022627;0.022329;0.022359;0.022555;0.022992;0.02296;0.022563;0.022505;0.022835;0.022348;0.022862;0.022512;0.022612;0.024513;0.022352;0.022811;0.023545;0.02286;0.023215;0.023231;0.023218;0.023295;0.022991;0.023394;0.022883;0.022994;0.022641;0.022888;0.022715;0.022909;0.022347;0.022962;0.022652;0.023136;0.023366;0.022363;0.022556;0.022162;0.022672;0.022444;0.022691;0.022058;0.022962;0.022844;0.022428;0.022807;0.023068;0.022759;0.022489;0.022751;0.022581;0.022404;0.02255;0.022331;0.02229;0.02239;0.023155;0.023635;0.022247;0.022169;0.022682;0.022673;0.022874;0.022519;0.022561;0.022609;0.022837;0.022791;0.022386;0.022475;0.023155;0.022501;0.022362;0.02214;0.022553;0.022621;0.022559;0.022632;0.022287;0.022554;0.022651;0.022794;0.02201;0.021981;0.022291;0.022193;0.022391;0.022301;0.022507;0.022747;0.022916;0.022521;0.022421;0.022319;0.022115;0.022295;0.022648;0.022522;0.022633;0.02345;0.022673;0.023803;0.022366;0.022266;0.022525;0.022715;0.022316;0.022966;0.022348;0.02232;0.022653;0.022602;0.023086;0.022412;0.022337;0.022631;0.022485;0.022493;0.022857;0.022603;0.022143;0.022663;0.022113;0.022459;0.022309;0.02266;0.022012;0.022534;0.02248;0.022734;0.022226;0.022493;0.022598;0.022458;0.022681;0.02261;0.022291;0.022406;0.022418;0.022976;0.022517;0.02255;0.022653;0.022845;0.022449;0.023609;0.023468;0.022416;0.02232;0.022034;0.022214;0.022492;0.022586;0.022782;0.022502;0.022903;0.022509;0.022429;0.022036;0.022492;0.022195;0.022457;0.022423;0.022266;0.022391;0.022771;0.02276;0.022216;0.022668;0.02234;0.023039;0.02262;0.022427;0.022543;0.022764;0.022348;0.022169;0.022428;0.0227;0.022322;0.022873;0.022992;0.022457;0.022191;0.022181;0.022474;0.022459;0.022345;0.02259;0.022926;0.023589;0.022364;0.022301;0.022732;0.022331;0.022531;0.022432;0.022146;0.022372;0.022843;0.022679;0.022803;0.022525;0.022233;0.022499;0.022608;0.022585;0.022838;0.02268;0.022694;0.02262;0.023558;0.022536;0.022819;0.022958;0.022379;0.022686;0.022593;0.022958;0.022709;0.02237;0.022724;0.022735;0.022551;0.022526;0.022233;0.022269;0.022594;0.022567;0.022947;0.022515;0.023092;0.022472;0.022875;0.024082;0.02308;0.022634;0.022622;0.02267;0.022709;0.022375;0.022775;0.022673;0.022394;0.023096;0.022834;0.02283;0.022702;0.022871;0.022805;0.022706;0.022676;0.022249;0.022273;0.02252;0.023044;0.022758;0.022218;0.022131;0.022646;0.022692;0.02257;0.022722;0.022312;0.022857;0.022986;0.023023;0.023119;0.02234;0.022446;0.022763;0.021629;0.022606;0.022304;0.022628;0.022075;0.02232;0.02276;0.023617;0.022635;0.022663;0.022314;0.022723;0.022502;0.022682;0.022086;0.022474;0.022879;0.02236;0.022925;0.022714;0.022318;0.022928;0.022416;0.022778;0.022784;0.022789;0.023116;0.022767;0.022979;0.022757;0.022515;0.022387;0.022559;0.022782;0.022505;0.023085;0.022706;0.022399;0.023104;0.022527;0.022893;0.022765;0.023755;0.023232;0.02274;0.023151;0.022568;0.022982;0.02279;0.022783;0.022292;0.023973;0.022652;0.022557;0.022489;0.022683;0.022681;0.022562;0.022079;0.022606;0.023006;0.022437;0.022196;0.022937;0.022935;0.02242;0.022395;0.02251;0.022141;0.022632;0.02274;0.022753;0.022656;0.022762;0.022656;0.022902;0.022928;0.022452;0.022447;0.022486;0.022808;0.022968;0.0224;0.022305;0.022794;0.022327;0.02252;0.022789;0.023778;0.022733;0.022884;0.022778;0.022423;0.022586;0.022437;0.031896;0.022653;0.022762;0.023101;0.022899;0.02297;0.022683;0.022631;0.023028;0.023045;0.023108;0.022917;0.023197;0.022974;0.022758;0.022588;0.022807;0.022439;0.022069;0.022199;0.022623;0.022475;0.022977;0.022616;0.022815;0.022173;0.022492;0.02252;0.02219;0.022766;0.022385;0.022309;0.022169;0.022619;0.022377;0.022614;0.022615;0.022462;0.022714;0.023412;0.022797;0.022371;0.022182;0.024009;0.022684;0.022308;0.022263;0.022843;0.022494;0.022509;0.023009;0.02251;0.022322;0.022453;0.021952;0.023033;0.022961;0.022861;0.02254;0.022797;0.023073;0.022778;0.022994;0.022788;0.022976;0.022511;0.022813;0.022674;0.022755;0.022452;0.022858;0.02266;0.022515;0.0227;0.022733;0.02318;0.023443;0.022784;0.022679;0.022792;0.023137;0.02274;0.022838;0.022594;0.022162;0.022592;0.022433;0.024681;0.022503;0.022498;0.022523;0.022646;0.02226;0.022543;0.022664;0.021999;0.022904;0.022639;0.022345;0.022159;0.022448;0.022919;0.022837;0.022456;0.022187;0.022625;0.023091;0.02286;0.022992;0.022592;0.022347;0.022725;0.022434;0.022695;0.022569;0.022507;0.022575;0.022528;0.022782;0.022833;0.022111;0.022162;0.022471;0.022701;0.022778;0.022469;0.022471;0.022178;0.02265;0.023044;0.023181;0.023007;0.025472;0.022924;0.022228;0.022785;0.022897;0.02299;0.022572;0.023205;0.022852;0.022818;0.022531;0.022511;0.021882;0.022555;0.022595;0.022475;0.022042;0.022671;0.022701;0.022521;0.022754;0.022516;0.022633;0.022561;0.022787;0.022527;0.022521;0.022367;0.022193;0.021963;0.022345;0.022378;0.022272;0.022677;0.022402;0.022793;0.022767;0.022545;0.022601;0.022754;0.022816;0.022729;0.022286;0.02262;0.023601;0.022569;0.022823;0.022549;0.022365;0.022603;0.022426;0.022293;0.022574;0.02253;0.022709;0.022613;0.022361;0.022666;0.022788;0.022673;0.022295;0.022471;0.022599;0.022508;0.022378;0.022679;0.022399;0.022451;0.022317;0.022257;0.0223;0.022969;0.022979;0.022514;0.022893;0.022645;0.022823;0.022569;0.022303;0.022656;0.022818;0.022388;0.022903;0.022365;0.022566;0.022894;0.022954;0.022608;0.02391;0.02243;0.02254;0.022263;0.022842;0.023643;0.023102;0.022464;0.022709;0.023275;0.022501;0.022588;0.022646;0.02267;0.022843;0.022763;0.022482;0.022457;0.022582;0.022775;0.022318;0.022846;0.022618;0.022395;0.022604;0.022726;0.022589;0.022942;0.022833;0.022288;0.022882;0.0227;0.022553;0.022619;0.022597;0.022974;0.022188;0.022446;0.022475;0.022554;0.023142;0.022608;0.022366;0.022394;0.023487;0.021927;0.022833;0.022407;0.022373;0.022603;0.021981;0.022313;0.022733;0.02279;0.021957;0.022239;0.022308;0.02266;0.022636;0.022048;0.022269;0.022268;0.02229;0.02266;0.022292;0.023328;0.022641;0.022498;0.022509;0.022206;0.022448;0.023636;0.022561;0.022754;0.022583;0.022694;0.022878;0.022636;0.022427;0.022626;0.023228;0.02256;0.02246;0.022338;0.022747;0.022296;0.022601;0.022289;0.023056;0.022507;0.022517;0.022472;0.022545;0.022378;0.022585;0.022674;0.022622;0.022413;0.022177;0.022472;0.022165;0.022262;0.022878;0.022667;0.022906;0.022602;0.022607;0.022646;0.022717;0.022301;0.022748;0.022588;0.02269;0.022777;0.02261;0.022316;0.022632;0.02292;0.02376;0.022424;0.022806;0.022655;0.022806;0.022521;0.022876;0.022674;0.022718;0.022563;0.022674;0.022868;0.022578;0.022124;0.023718;0.022102;0.022474;0.022186;0.022158;0.022233;0.022515;0.022402;0.022639;0.022578;0.022392;0.022091;0.022771;0.022291;0.022425;0.022397;0.022282;0.022461;0.021981;0.02244;0.022456;0.02234;0.023264;0.022529;0.022612;0.022389;0.022555;0.022054;0.022712;0.022491;0.02263;0.022148;0.022681;0.022311;0.02255;0.022728;0.0226;0.022538;0.02245;0.02262;0.022181;0.022004;0.02224;0.022424;0.022653;0.023787;0.022446;0.022528;0.022347;0.022677;0.022542;0.022415;0.022521;0.023304;0.022694;0.022272;0.02297;0.022583;0.022748;0.022881;0.022554;0.023539;0.022521;0.02281;0.022914;0.022559;0.022348;0.022346;0.022409;0.022513;0.022355;0.022333;0.022374;0.02227;0.02289;0.022714;0.022555;0.022404;0.022477;0.022025;0.022653;0.022494;0.022196;0.022986;0.022715;0.022566;0.022118;0.022328;0.022186;0.023887;0.022202;0.022851;0.022349;0.022631;0.02259;0.022213;0.022296;0.022737;0.022699;0.022687;0.022622;0.022177;0.022591;0.022464;0.022598;0.022511;0.022088;0.022597;0.022482;0.022399;0.022493;0.022344;0.02211;0.022542;0.022319;0.022497;0.022494;0.02318;0.022787;0.022876;0.022449;0.022376;0.022462;0.022186;0.022606;0.022223;0.022364;0.022579;0.022244;0.022743;0.022732;0.022582;0.022545;0.024324;0.022632;0.022337;0.022677;0.022407;0.022316;0.022268;0.022572;0.022338;0.022829;0.022519;0.02283;0.022834;0.022425;0.022623;0.022419;0.023105;0.022534;0.02242;0.022298;0.022724;0.0224;0.022612;0.022525;0.022732;0.022667;0.022738;0.022488;0.02265;0.023115;0.022516;0.022184;0.022032;0.022435;0.022059;0.022449;0.022092;0.022286;0.022686;0.022851;0.023084;0.022762;0.02292;0.022551;0.022966;0.02434;0.022517;0.022358;0.022038;0.022274;0.023681;0.022685;0.022675;0.022968;0.022709;0.022664;0.022413;0.022947;0.022743;0.022777;0.02268;0.022762;0.022504;0.021926;0.022359;0.022256;0.02251;0.022743;0.022828;0.022472;0.023043;0.022052;0.021976;0.022656;0.022327;0.02267;0.022769;0.022669;0.022265;0.022443;0.022459;0.022434;0.022596;0.02274;0.022386;0.022757;0.022848;0.023151;0.022633;0.024806;0.022542;0.022191;0.021824;0.022131;0.02245;0.022392;0.02221;0.022483;0.022062;0.022463;0.022372;0.022529;0.022372;0.022507;0.02272;0.022552;0.022359;0.022466;0.022782;0.022534;0.022343;0.023123;0.023051;0.022318;0.022655;0.022664;0.022736;0.022802;0.023287;0.022701;0.023043;0.022773;0.022666;0.0224;0.02197;0.022881;0.022212;0.022822;0.022841;0.022962;0.022738;0.022296;0.021998;0.024234;0.022442;0.022185;0.022528;0.022564;0.022388;0.022457;0.022543;0.022432;0.022681;0.022427;0.022692;0.0224;0.021919;0.022679;0.02287;0.023025;0.022534;0.022421;0.022052;0.02314;0.02255;0.022637;0.02259;0.022542;0.02221;0.02285;0.022223;0.022603;0.022784;0.022499;0.022369;0.022356;0.02283;0.022567;0.022642;0.022579;0.022423;0.022599;0.022532;0.022818;0.022576;0.023099;0.022286;0.024192;0.022264;0.022173;0.022065;0.022386;0.02245;0.0229;0.022647;0.022334;0.022857;0.022329;0.022089;0.022406;0.023299;0.022655;0.02268;0.022654;0.022945;0.022396;0.022176;0.022156;0.022522;0.022322;0.022258;0.02261;0.022347;0.023093;0.022801;0.022956;0.022639;0.022961;0.022634;0.022824;0.022443;0.022238;0.022734;0.022535;0.02294;0.022646;0.022796;0.022444;0.022899;0.022895;0.022622;0.022414;0.024304;0.022295;0.021935;0.021983;0.022045;0.022703;0.022344;0.022456;0.022804;0.02273;0.022513;0.02248;0.022741;0.022701;0.022875;0.023096;0.022536;0.022399;0.022023;0.022536;0.022983;0.022491;0.022401;0.022293;0.022726;0.022762;0.022585;0.022858;0.023066;0.022957;0.022179;0.022348;0.022296;0.02219;0.022175;0.022508;0.022781;0.022606;0.022079;0.022019;0.022506;0.022808;0.022598;0.022453;0.024696;0.022433;0.022398;0.022236;0.022527;0.022507;0.022255;0.022952;0.022337;0.022444;0.022942;0.022549;0.022434;0.022393;0.022274;0.022646;0.023179;0.02244;0.022746;0.022621;0.022585;0.022763;0.022535;0.022634;0.022691;0.022378;0.023567;0.023167;0.022914;0.022556;0.022707;0.02234;0.022516;0.02313;0.023268;0.022259;0.0227;0.022564;0.022916;0.02221;0.022381;0.023119;0.023268;0.022771;0.02479;0.022448;0.022121;0.02248;0.022678;0.022862;0.022639;0.022693;0.022416;0.0229;0.021945;0.022908;0.022814;0.022465;0.02303;0.022495;0.022386;0.023011;0.022448;0.022869;0.02238;0.022733;0.022436;0.022538;0.022368;0.022836;0.022972;0.022812;0.022875;0.022764;0.022405;0.022633;0.022573;0.022563;0.022791;0.022236;0.022492;0.022597;0.023221;0.022694;0.022702;0.022457;0.022182;0.02301;0.025188;0.022819;0.022322;0.022582;0.022332;0.022408;0.022504;0.022711;0.022259;0.0229;0.022599;0.022445;0.022584;0.023066;0.022223;0.022306;0.02246;0.022511;0.022434;0.022981;0.022595;0.022576;0.022571;0.022135;0.022637;0.022539;0.022767;0.022733;0.022683;0.022596;0.022489;0.022397;0.022423;0.022889;0.022985;0.022547;0.022992;0.02278;0.022478;0.022555;0.022605;0.023668;0.023096;0.022221;0.024014;0.022551;0.022801;0.022799;0.02265;0.022539;0.022102;0.023321;0.02212;0.022675;0.023011;0.022852;0.022466;0.022332;0.022222;0.022479;0.022065;0.022496;0.022437;0.022423;0.022761;0.022582;0.022624;0.022817;0.022618;0.02276;0.022687;0.022821;0.022199;0.022363;0.022414;0.022666;0.022511;0.022619;0.022994;0.022147;0.022593;0.022792;0.022571;0.02207;0.022697;0.02272;0.022537;0.022202;0.023575;0.022036;0.022832;0.022401;0.022236;0.022589;0.022156;0.022854;0.022772;0.023422;0.023208;0.022573;0.022986;0.022255;0.022633;0.022388;0.022051;0.022339;0.022845;0.022938;0.022264;0.022573;0.0225;0.022359;0.02257;0.022437;0.02256;0.022417;0.022693;0.022326;0.022766;0.022627;0.022578;0.022734;0.022466;0.022136;0.022431;0.022403;0.022811;0.023045;0.022395;0.022913;0.022724;0.022517;0.023407;0.022841;0.022529;0.022675;0.022372;0.02235;0.022754;0.022388;0.022571;0.022869;0.022468;0.022198;0.022416;0.022627;0.022615;0.022462;0.02276;0.022082;0.022793;0.022724;0.022181;0.022286;0.022691;0.022547;0.022211;0.022549;0.022955;0.022681;0.022527;0.022637;0.023269;0.023183;0.022325;0.022513;0.022174;0.022427;0.022838;0.022834;0.022436;0.022118;0.022821;0.022778;0.023062;0.022301;0.022611;0.023634;0.022632;0.022687;0.022464;0.022025;0.022104;0.022152;0.022506;0.022666;0.022559;0.022584;0.022505;0.022358;0.022903;0.022486;0.022884;0.02284;0.022371;0.022737;0.022793;0.022564;0.022826;0.022301;0.022282;0.022742;0.023026;0.022715;0.022832;0.022949;0.022779;0.022848;0.022311;0.022735;0.02236;0.022494;0.022613;0.022959;0.022774;0.022656;0.022516;0.022845;0.02342;0.02331;0.022866;0.023384;0.02228;0.022884;0.022411;0.022495;0.022453;0.022622;0.022595;0.022073;0.022221;0.023012;0.021971;0.022116;0.022769;0.022528;0.022358;0.023044;0.022679;0.022642;0.022886;0.0227;0.022682;0.022194;0.022502;0.022371;0.022269;0.022247;0.021892;0.0228;0.02258;0.022499;0.023381;0.022288;0.022815;0.022377;0.022347;0.022739;0.022629;0.022223;0.023053;0.022784;0.022069;0.022197;0.022604;0.024413;0.022898;0.02231;0.022559;0.022393;0.021913;0.022302;0.022859;0.022417;0.022339;0.022215;0.023016;0.022632;0.022122;0.022487;0.022245;0.0224;0.022831;0.02255;0.022236;0.02263;0.022312;0.022034;0.022437;0.022623;0.022519;0.022292;0.022401;0.022538;0.022632;0.021964;0.022558;0.022569;0.022428;0.022618;0.022788;0.022969;0.022495;0.022557;0.022576;0.022398;0.022566;0.022361;0.022817;0.023853;0.022826;0.022338;0.022458;0.022537;0.02288;0.022506;0.022186;0.022622;0.022143;0.022317;0.02256;0.022604;0.022692;0.022991;0.021843;0.022135;0.022358;0.022927;0.022508;0.022758;0.022452;0.022784;0.022663;0.022659;0.022587;0.022529;0.022339;0.022264;0.022672;0.022641;0.022329;0.023214;0.022677;0.022465;0.022535;0.022603;0.022476;0.022227;0.022319;0.0225;0.022583;0.022224;0.022473;0.022236;0.02345;0.022492;0.02228;0.022702;0.023062;0.022628;0.022387;0.022524;0.022702;0.022108;0.022241;0.022297;0.022178;0.02265;0.021897;0.022014;0.022474;0.022511;0.02254;0.022184;0.022348;0.022657;0.022768;0.022206;0.023029;0.022829;0.02238;0.022044;0.022339;0.02228;0.022995;0.022183;0.022721;0.022273;0.022249;0.022421;0.022307;0.022948;0.023093;0.02251;0.022056;0.022159;0.022348;0.022684;0.02339;0.022185;0.022626;0.022667;0.02244;0.022537;0.022152;0.023902;0.022417;0.022571;0.022489;0.02276;0.022322;0.022358;0.022786;0.022649;0.022553;0.02267;0.022708;0.022518;0.022537;0.022454;0.022259;0.022779;0.022582;0.022361;0.02252;0.022743;0.022746;0.022559;0.021952;0.022754;0.022815;0.022328;0.022579;0.022426;0.022752;0.022754;0.023327;0.022439;0.02275;0.022806;0.022074;0.022614;0.023979;0.022754;0.022303;0.022514;0.022034;0.022737;0.022314;0.022303;0.022523;0.022918;0.022556;0.022064;0.022708;0.022512;0.022579;0.022603;0.022389;0.022943;0.022805;0.023817;0.022929;0.022632;0.022752;0.022361;0.022605;0.022212;0.022116;0.022469;0.022429;0.022256;0.02218;0.022648;0.022598;0.022257;0.022487;0.022349;0.022786;0.022346;0.022563;0.022787;0.022704;0.022502;0.022382;0.022483;0.022409;0.023838;0.022753;0.022093;0.022374;0.02241;0.022498;0.022547;0.022625;0.022732;0.022327;0.022695;0.022586;0.022326;0.022069;0.022633;0.022528;0.022101;0.022153;0.022521;0.022589;0.022112;0.022656;0.022678;0.02299;0.022123;0.022007;0.022916;0.022378;0.022565;0.022884;0.023993;0.022187;0.022322;0.02207;0.02239;0.022363;0.022467;0.022365;0.02245;0.022361;0.022742;0.022555;0.022402;0.022887;0.024024;0.022526;0.022135;0.022664;0.022655;0.02217;0.022256;0.021938;0.022132;0.022701;0.022778;0.022694;0.022797;0.022836;0.022142;0.022165;0.021896;0.022465;0.022591;0.022719;0.022697;0.022569;0.022452;0.022255;0.02216;0.022684;0.022874;0.02244;0.022914;0.022186;0.022345;0.022799;0.022801;0.022432;0.022595;0.02293;0.022033;0.022566;0.022588;0.022769;0.022276;0.022778;0.022641;0.023;0.024198;0.022743;0.022602;0.022517;0.022554;0.022416;0.022312;0.023411;0.022505;0.022515;0.022945;0.022541;0.022167;0.022466;0.022201;0.022294;0.022555;0.022635;0.022334;0.022495;0.02251;0.022338;0.022464;0.022543;0.022265;0.022245;0.022086;0.022556;0.02299;0.02253;0.022454;0.0223;0.022287;0.022633;0.02247;0.022655;0.022138;0.02231;0.022219;0.022268;0.022658;0.022085;0.02223;0.022614;0.022376;0.023281;0.022328;0.02207;0.022157;0.022708;0.022296;0.02299;0.02221;0.022339;0.02228;0.022644;0.022367;0.023324;0.022902;0.022662;0.022074;0.022437;0.022858;0.022884;0.023134;0.023058;0.022482;0.022608;0.022684;0.023014;0.022243;0.022225;0.022256;0.022693;0.022491;0.02266;0.022535;0.022203;0.022756;0.022506;0.023248;0.022472;0.022662;0.022492;0.022475;0.022889;0.022296;0.022695;0.022262;0.023815;0.022692;0.022523;0.022292;0.022585;0.022784;0.022951;0.022705;0.022544;0.022466;0.022757;0.022796;0.022719;0.022832;0.022401;0.022779;0.022808;0.022554;0.022667;0.022573;0.02181;0.022073;0.022669;0.022653;0.022751;0.023047;0.022751;0.022412;0.022607;0.022735;0.022922;0.023945;0.022613;0.023005;0.022459;0.022088;0.02234;0.022765;0.022572;0.022667;0.02281;0.022621;0.022561;0.022737;0.023778;0.022029;0.02304;0.02237;0.022277;0.022696;0.022958;0.022508;0.022102;0.022407;0.022507;0.022283;0.022545;0.022515;0.022707;0.023023;0.022354;0.022533;0.02264;0.022514;0.022695;0.022398;0.022447;0.022568;0.022645;0.022482;0.022593;0.022374;0.022571;0.02272;0.022612;0.022468;0.022714;0.022496;0.023424;0.022534;0.02274;0.022848;0.02247;0.022581;0.022175;0.022329;0.022325;0.022917;0.024382;0.022487;0.022627;0.022705;0.023031;0.023115;0.022576;0.02261;0.022365;0.022731;0.022689;0.022557;0.022282;0.022644;0.022819;0.022815;0.022745;0.022496;0.02257;0.022698;0.022635;0.022524;0.022746;0.022704;0.02293;0.022706;0.022414;0.022631;0.022995;0.022995;0.022578;0.022628;0.022979;0.022452;0.022403;0.022522;0.022074;0.022169;0.022307;0.022362;0.022555;0.022388;0.022538;0.022132;0.023709;0.022251;0.022248;0.02259;0.022317;0.021981;0.023001;0.022695;0.022403;0.022749;0.023021;0.022412;0.022448;0.022332;0.022949;0.022789;0.022718;0.022169;0.022529;0.022792;0.022685;0.022576;0.022187;0.022771;0.022457;0.022887;0.022204;0.022554;0.022615;0.022831;0.022258;0.022684;0.022146;0.022126;0.022437;0.022158;0.022737;0.022645;0.022673;0.022276;0.022701;0.022639;0.022701;0.022092;0.022217;0.023562;0.022385;0.022417;0.022505;0.022635;0.023143;0.023243;0.02231;0.022472;0.022251;0.022974;0.022836;0.022816;0.022426;0.022625;0.022475;0.022736;0.022485;0.02267;0.022672;0.022724;0.022474;0.022665;0.022969;0.02225;0.022336;0.022372;0.022817;0.02269;0.022133;0.022406;0.022416;0.022796;0.022451;0.02281;0.022692;0.022337;0.022652;0.022879;0.022374;0.022658;0.022709;0.022475;0.022092;0.024038;0.022264;0.022521;0.022442;0.022334;0.022259;0.022002;0.022608;0.022582;0.022544;0.022689;0.022406;0.022173;0.022425;0.022566;0.022264;0.022165;0.0227;0.022698;0.023051;0.02238;0.022508;0.022359;0.022537;0.022527;0.022328;0.02248;0.022353;0.0222;0.022274;0.022434;0.022142;0.021644;0.02239;0.022941;0.022467;0.022468;0.022336;0.022997;0.022764;0.022483;0.022333;0.022468;0.022162;0.024014;0.022368;0.023295;0.022327;0.022647;0.022799;0.022212;0.022559;0.022088;0.022426;0.02215;0.02236;0.022569;0.022278;0.022755;0.022603;0.022743;0.022365;0.022461;0.022273;0.022581;0.022475;0.022713;0.023206;0.022439;0.022657;0.022594;0.022409;0.02276;0.022292;0.022787;0.022549;0.022263;0.022752;0.022178;0.022317;0.022466;0.022981;0.022844;0.021974;0.022189;0.022517;0.022644;0.022275;0.022642;0.023084;0.022911;0.023084;0.022627;0.023524;0.023145;0.022501;0.022558;0.022377;0.02247;0.022875;0.022141;0.022859;0.022447;0.022678;0.022277;0.022358;0.022153;0.022265;0.022325;0.022378;0.022484;0.022335;0.022316;0.02206;0.022107;0.022469;0.022815;0.02264;0.022153;0.022789;0.022528;0.02255;0.022877;0.02313;0.022036;0.021944;0.022473;0.021962;0.022451;0.022429;0.022627;0.022643;0.022425;0.023863;0.022445;0.022691;0.02231;0.022736;0.022173;0.022512;0.022589;0.022659;0.022334;0.022703;0.022599;0.022473;0.023037;0.022356;0.022479;0.02357;0.023601;0.02296;0.023055;0.022736;0.023315;0.023334;0.023452;0.023589;0.02297;0.022326;0.022345;0.022767;0.022369;0.022458;0.022308;0.022251;0.022586;0.022544;0.022316;0.022606;0.022793;0.02272;0.022469;0.022368;0.022997;0.02261;0.022708;0.023699;0.022622;0.022231;0.022527;0.02275;0.022991;0.022274;0.02227;0.022476;0.022594;0.022442;0.022477;0.022877;0.022707;0.022365;0.022726;0.022534;0.022287;0.023055;0.022231;0.022953;0.022396;0.022502;0.022599;0.022718;0.022465;0.022235;0.022306;0.023769;0.023299;0.022724;0.022674;0.022552;0.022625;0.022807;0.022602;0.022932;0.022382;0.02284;0.022435;0.022119;0.022269;0.022577;0.022243;0.024127;0.022524;0.02257;0.02242;0.022347;0.022573;0.022369;0.022228;0.022222;0.022626;0.022776;0.022151;0.02212;0.0224;0.021962;0.022821;0.022415;0.022513;0.022716;0.022544;0.02236;0.022188;0.022393;0.022664;0.022711;0.023077;0.022452;0.022622;0.022442;0.022471;0.022651;0.022183;0.02258;0.022933;0.022963;0.024261;0.023298;0.022147;0.022357;0.023459;0.022763;0.022849;0.022471;0.022311;0.022414;0.022852;0.022678;0.022964;0.022341;0.022717;0.022433;0.022462;0.022751;0.023001;0.022864;0.023134;0.022165;0.022111;0.022927;0.022447;0.022761;0.022649;0.022724;0.022612;0.022794;0.023114;0.023085;0.022824;0.022704;0.022781;0.02298;0.023026;0.022534;0.022748;0.022385;0.022646;0.022683;0.023152;0.023087;0.022817;0.022601;0.023519;0.023348;0.024072;0.022531;0.022049;0.022808;0.022339;0.02273;0.023042;0.022599;0.022314;0.022402;0.022725;0.022231;0.022375;0.022473;0.022342;0.022598;0.023172;0.022677;0.022355;0.02225;0.022508;0.022433;0.022964;0.022286;0.022474;0.022822;0.02283;0.02262;0.022629;0.022261;0.022165;0.022376;0.022314;0.022152;0.022543;0.022162;0.022707;0.022368;0.022531;0.022455;0.022416;0.022451;0.022751;0.022769;0.023709;0.022459;0.022386;0.022593;0.022506;0.022958;0.022583;0.022336;0.022479;0.022566;0.022196;0.022128;0.022403;0.022601;0.022001;0.022369;0.022143;0.022243;0.023039;0.022509;0.022855;0.02242;0.02295;0.022437;0.022065;0.022509;0.022572;0.022481;0.022265;0.022491;0.022725;0.022144;0.022475;0.022372;0.022813;0.022598;0.022084;0.022496;0.022426;0.022213;0.022696;0.022552;0.022704;0.022671;0.02421;0.022481;0.022493;0.023115;0.022925;0.023161;0.023624;0.023343;0.02281;0.023272;0.023308;0.023104;0.023728;0.023005;0.023895;0.024368;0.023186;0.022823;0.022793;0.022651;0.022439;0.02258;0.022787;0.022734;0.022482;0.022285;0.022542;0.022201;0.02216;0.022871;0.022442;0.022444;0.022207;0.022583;0.02296;0.022451;0.022645;0.022409;0.022757;0.022718;0.022281;0.022434;0.022885;0.022568;0.023665;0.022418;0.022368;0.022987;0.022777;0.022817;0.022852;0.022432;0.022702;0.022525;0.022766;0.022924;0.023187;0.022483;0.022657;0.023138;0.023195;0.023205;0.022849;0.02245;0.022767;0.022452;0.022391;0.022715;0.022843;0.02287;0.022839;0.02242;0.022654;0.022661;0.022609;0.022751;0.02285;0.022277;0.022565;0.02238;0.023512;0.023178;0.022538;0.022678;0.022436;0.022429;0.022847;0.022464;0.024088;0.02258;0.022877;0.023203;0.023201;0.023018;0.023256;0.023461;0.022796;0.022381;0.023191;0.022186;0.02278;0.022475;0.022634;0.02254;0.02264;0.02268;0.022464;0.023055;0.023025;0.023316;0.022405;0.022834;0.022308;0.02258;0.022768;0.0233;0.023065;0.022777;0.022695;0.022968;0.02298;0.022924;0.022789;0.023016;0.022582;0.02259;0.022807;0.02279;0.022591;0.022382;0.022856;0.022649;0.023565;0.022095;0.022422;0.022398;0.022816;0.023649;0.022866;0.022633;0.022812;0.022344;0.022702;0.022928;0.022458;0.02304;0.02249;0.0228;0.02274;0.022538;0.022492;0.022406;0.022126;0.022603;0.023328;0.022822;0.02262;0.022855;0.022585;0.022902;0.022449;0.023048;0.022501;0.022213;0.022501;0.022022;0.022797;0.023091;0.022924;0.022393;0.022757;0.023002;0.022976;0.022803;0.022473;0.022396;0.023658;0.022657;0.022388;0.022785;0.022275;0.022788;0.022298;0.022534;0.023822;0.023038;0.022684;0.022361;0.02229;0.022851;0.022138;0.022742;0.022634;0.022469;0.022347;0.022085;0.022195;0.022467;0.022846;0.022395;0.022382;0.022895;0.022343;0.02242;0.022427;0.022885;0.022597;0.022491;0.022477;0.022621;0.022487;0.022412;0.022293;0.022527;0.022395;0.022481;0.022686;0.022318;0.022218;0.022733;0.023887;0.022296;0.022753;0.022494;0.022136;0.022251;0.022483;0.023248;0.022816;0.022263;0.022672;0.022561;0.022659;0.022605;0.022538;0.022687;0.022984;0.023248;0.022536;0.022247;0.023498;0.023425;0.022329;0.021864;0.022198;0.022327;0.022551;0.022138;0.022325;0.022641;0.022572;0.022668;0.022257;0.022552;0.022683;0.022658;0.022296;0.022677;0.022559;0.023133;0.022363;0.022806;0.022661;0.022498;0.023465;0.02248;0.022856;0.022315;0.022375;0.022695;0.022615;0.022667;0.022714;0.022236;0.02267;0.022677;0.022397;0.022625;0.022594;0.022307;0.022388;0.02266;0.022849;0.022549;0.022799;0.022519;0.022596;0.022383;0.022373;0.022574;0.022536;0.022472;0.023065;0.022133;0.022894;0.022841;0.023121;0.022907;0.022251;0.02244;0.022528;0.023574;0.02227;0.022467;0.022373;0.022565;0.022725;0.022461;0.022681;0.023372;0.022122;0.02265;0.022517;0.022773;0.022188;0.022647;0.022651;0.022804;0.022258;0.022441;0.022741;0.022526;0.022366;0.022557;0.022519;0.022193;0.021817;0.022651;0.022362;0.022251;0.022812;0.022823;0.022642;0.022334;0.022268;0.022445;0.022572;0.022489;0.022676;0.022374;0.022887;0.022517;0.022157;0.023063;0.02283;0.022812;0.022523;0.022883;0.022838;0.022578;0.022509;0.022416;0.022734;0.023535;0.022335;0.022611;0.022366;0.022826;0.022394;0.023203;0.022579;0.022568;0.023508;0.022426;0.021969;0.022553;0.022611;0.022749;0.022702;0.022427;0.022595;0.022456;0.02254;0.022437;0.022591;0.022322;0.022443;0.022948;0.022615;0.022596;0.022518;0.022218;0.022543;0.022517;0.022316;0.022435;0.022752;0.022721;0.022214;0.02289;0.022713;0.02259;0.022543;0.022498;0.022368;0.022229;0.022735;0.023903;0.022978;0.022421;0.022649;0.022319;0.022073;0.022189;0.022117;0.022242;0.022538;0.022831;0.022468;0.023275;0.022831;0.022151;0.022549;0.022288;0.022609;0.022319;0.022435;0.022408;0.022752;0.022307;0.022705;0.022323;0.022256;0.022891;0.022644;0.02256;0.022689;0.022181;0.022398;0.022563;0.022374;0.022598;0.022433;0.022298;0.022764;0.022399;0.02242;0.022626;0.022231;0.022231;0.022434;0.023277;0.022566;0.022169;0.022366;0.022488;0.022301;0.023341;0.022069;0.022538;0.022339;0.022718;0.021906;0.022303;0.022793;0.02251;0.022219;0.022307;0.023355;0.022538;0.022434;0.022415;0.022485;0.022422;0.022566;0.022457;0.022518;0.022546;0.022793;0.022589;0.022742;0.023163;0.022804;0.022405;0.022501;0.023683;0.022988;0.022263;0.022373;0.023124;0.022251;0.022226;0.022758;0.021991;0.022391;0.022339;0.023672;0.022616;0.022406;0.022151;0.022594;0.022142;0.02278;0.022732;0.022924;0.022367;0.022232;0.022508;0.022817;0.022207;0.02249;0.022668;0.022455;0.022578;0.022666;0.022617;0.022183;0.022124;0.022727;0.022657;0.022273;0.022051;0.0224;0.022692;0.022573;0.022683;0.022411;0.022848;0.023028;0.022214;0.022438;0.022685;0.023175;0.02254;0.022755;0.022764;0.022471;0.022538;0.022373;0.022547;0.023998;0.022372;0.022438;0.022215;0.022337;0.022457;0.022896;0.022581;0.02251;0.022479;0.022685;0.022651;0.022202;0.022045;0.022701;0.022522;0.022807;0.022644;0.022473;0.022314;0.022542;0.022156;0.022216;0.022927;0.022622;0.022633;0.02235;0.022466;0.022904;0.022265;0.022214;0.021999;0.022528;0.022445;0.022334;0.022665;0.022288;0.022459;0.022314;0.022652;0.022428;0.022224;0.022763;0.022664;0.024005;0.022519;0.022716;0.022446;0.023477;0.023466;0.022746;0.023196;0.023002;0.022992;0.02303;0.022801;0.02273;0.02261;0.02267;0.022311;0.022373;0.022828;0.022467;0.022688;0.022782;0.022445;0.022446;0.02261;0.022932;0.022143;0.022497;0.021949;0.022567;0.02265;0.022687;0.022234;0.022456;0.022444;0.022832;0.022475;0.022168;0.022704;0.022578;0.022591;0.022624;0.022597;0.02292;0.022626;0.02348;0.022757;0.022861;0.02277;0.022638;0.02238;0.022502;0.022665;0.022724;0.022844;0.022096;0.022369;0.021704;0.022295;0.022824;0.022415;0.022587;0.023768;0.022634;0.022114;0.022637;0.0226;0.022524;0.022485;0.022355;0.022341;0.022747;0.022308;0.022737;0.022711;0.022452;0.022936;0.023101;0.02231;0.022901;0.02212;0.022822;0.022513;0.022803;0.022591;0.022961;0.022433;0.022634;0.022713;0.02248;0.023313;0.022307;0.022643;0.022479;0.022428;0.022594;0.022376;0.022464;0.022452;0.022652;0.022831;0.022311;0.022627;0.022739;0.022623;0.022595;0.022589;0.022743;0.0227;0.022554;0.022336;0.022581;0.022188;0.022788;0.022492;0.022192;0.022713;0.022244;0.022115;0.022224;0.02231;0.022122;0.022383;0.022797;0.022456;0.022929;0.023113;0.022559;0.022711;0.022403;0.022405;0.022674;0.022693;0.022843;0.02419;0.02238;0.022711;0.02368;0.023598;0.022974;0.022833;0.022505;0.02265;0.022018;0.022209;0.022277;0.022318;0.022389;0.022675;0.022301;0.02274;0.022857;0.022924;0.022576;0.022747;0.022644;0.022205;0.022664;0.023003;0.022337;0.022266;0.022571;0.022092;0.023021;0.02246;0.02257;0.022802;0.022838;0.022672;0.022736;0.022573;0.022404;0.022809;0.022553;0.021937;0.022598;0.022472;0.022243;0.023903;0.022618;0.023091;0.022444;0.022657;0.02334;0.023074;0.022115;0.022239;0.022293;0.022531;0.022421;0.022897;0.022691;0.022755;0.022509;0.022465;0.02233;0.02223;0.022387;0.022567;0.022239;0.022412;0.022959;0.022574;0.022512;0.022523;0.022585;0.02244;0.022479;0.022606;0.022535;0.022874;0.022455;0.022779;0.022534;0.022899;0.02255;0.022762;0.022492;0.021955;0.022385;0.022168;0.022416;0.023647;0.022578;0.02297;0.022484;0.022404;0.022603;0.022358;0.022381;0.022771;0.022337;0.022717;0.022222;0.022706;0.022422;0.022341;0.022417;0.022582;0.022288;0.022287;0.022315;0.022471;0.023195;0.022697;0.022685;0.022426;0.022655;0.022445;0.022331;0.022769;0.02296;0.022157;0.022538;0.022515;0.022243;0.022494;0.022378;0.022522;0.022514;0.022651;0.022837;0.022479;0.02309;0.022605;0.022671;0.022594;0.023547;0.023651;0.022366;0.021871;0.022007;0.022306;0.022436;0.022294;0.022375;0.022265;0.022536;0.022553;0.022934;0.022417;0.022352;0.022433;0.022173;0.022872;0.022587;0.022592;0.022309;0.022456;0.022546;0.022886;0.022501;0.022088;0.022761;0.022192;0.022334;0.022759;0.02266;0.022315;0.022328;0.022199;0.022401;0.022135;0.022542;0.022557;0.022599;0.022647;0.022198;0.022818;0.022559;0.022398;0.023524;0.022597;0.022282;0.022192;0.02256;0.022465;0.022633;0.022571;0.022423;0.022632;0.022137;0.022555;0.023206;0.022694;0.022153;0.022381;0.022135;0.022713;0.022049;0.022546;0.022776;0.022467;0.022357;0.023709;0.022403;0.022562;0.022857;0.022447;0.022597;0.023128;0.022518;0.022902;0.022497;0.022589;0.022391;0.022491;0.021924;0.022371;0.02231;0.022078;0.022339;0.022242;0.022601;0.022709;0.023818;0.022285;0.023024;0.022197;0.022431;0.022255;0.02224;0.022506;0.022377;0.022516;0.022395;0.022596;0.022097;0.022104;0.022334;0.022599;0.022839;0.02289;0.022538;0.022402;0.022853;0.022919;0.022983;0.022356;0.022896;0.022724;0.022419;0.022319;0.022155;0.022443;0.02305;0.023218;0.023295;0.02236;0.023027;0.023895;0.022904;0.022908;0.022644;0.022876;0.022347;0.022472;0.02207;0.022621;0.023447;0.022327;0.02255;0.022298;0.023036;0.022321;0.02264;0.022683;0.022634;0.022845;0.022381;0.022781;0.022415;0.022838;0.022672;0.022588;0.02206;0.022634;0.022459;0.022701;0.022502;0.0225;0.022656;0.022424;0.022759;0.022118;0.022686;0.02276;0.022958;0.022935;0.022534;0.022985;0.022277;0.022835;0.022716;0.022393;0.023023;0.023322;0.022978;0.022549;0.022524;0.022802;0.022423;0.022475;0.022482;0.023024;0.022229;0.022133;0.022726;0.022685;0.022373;0.022298;0.022762;0.022683;0.022234;0.022698;0.022679;0.022674;0.023007;0.022337;0.022205;0.022838;0.0222;0.022549;0.022653;0.022561;0.022386;0.022295;0.022415;0.022309;0.022229;0.022582;0.022475;0.022289;0.022673;0.022859;0.022477;0.022233;0.022669;0.022617;0.022296;0.02229;0.022809;0.023217;0.022739;0.022323;0.023208;0.022821;0.022733;0.023742;0.023107;0.022546;0.022197;0.022601;0.023405;0.022202;0.023082;0.022383;0.022455;0.022732;0.022622;0.022648;0.022645;0.022383;0.02254;0.022821;0.022102;0.022423;0.022703;0.022909;0.022569;0.022449;0.022401;0.022638;0.022458;0.022525;0.022724;0.022561;0.022842;0.022689;0.022373;0.02282;0.023042;0.022956;0.022153;0.022538;0.02206;0.022429;0.022368;0.022305;0.022848;0.022955;0.022666;0.023268;0.022595;0.022457;0.022687;0.022379;0.022254;0.022383;0.022221;0.022715;0.022599;0.022795;0.022467;0.022316;0.022317;0.02263;0.022132;0.022673;0.022365;0.022188;0.022659;0.022377;0.0229;0.02239;0.022488;0.022421;0.022591;0.022378;0.022191;0.023409;0.022473;0.022483;0.022406;0.02263;0.022744;0.023231;0.022626;0.022621;0.022134;0.02295;0.022174;0.022387;0.02319;0.022372;0.022201;0.023509;0.022444;0.022964;0.022424;0.022673;0.022567;0.022947;0.022383;0.022713;0.022371;0.02226;0.022822;0.022525;0.02276;0.023073;0.02275;0.022308;0.022771;0.0226;0.022704;0.022188;0.02221;0.022828;0.022697;0.023082;0.022146;0.022268;0.022683;0.022009;0.02226;0.022736;0.02309;0.022511;0.022144;0.022197;0.022904;0.022782;0.02236;0.022359;0.022476;0.023101;0.023692;0.02252;0.022887;0.02228;0.023151;0.022347;0.02237;0.022176;0.022421;0.022733;0.022141;0.022103;0.022598;0.021976;0.022688;0.022751;0.022606;0.022561;0.02239;0.022666;0.022727;0.022097;0.022699;0.022401;0.022551;0.022323;0.022275;0.022122;0.022154;0.022345;0.02215;0.022364;0.022637;0.022504;0.022535;0.022637;0.022406;0.021974;0.022222;0.022564;0.02225;0.022674;0.022321;0.022524;0.022377;0.022505;0.022734;0.022385;0.023235;0.022701;0.022726;0.022584;0.022565;0.022165;0.022441;0.022969;0.023444;0.022068;0.022487;0.022522;0.022473;0.022215;0.022319;0.022664;0.022453;0.022715;0.022415;0.022659;0.02262;0.022436;0.022292;0.022726;0.022907;0.022397;0.022442;0.022565;0.022376;0.02214;0.022257;0.022521;0.022399;0.022703;0.022713;0.022341;0.022378;0.022582;0.022703;0.022453;0.022377;0.022139;0.022479;0.021985;0.023794;0.022516;0.022103;0.022667;0.022081;0.022816;0.022916;0.022321;0.022902;0.022212;0.022771;0.022441;0.022244;0.022754;0.022461;0.02265;0.022299;0.02241;0.022339;0.022608;0.023851;0.02193;0.022561;0.022285;0.0225;0.022757;0.022289;0.022396;0.022342;0.022596;0.022586;0.022934;0.023017;0.022746;0.02247;0.023204;0.022414;0.022647;0.022758;0.022399;0.023058;0.022158;0.02252;0.022564;0.022309;0.02434;0.022718;0.0229;0.022464;0.023032;0.023121;0.022905;0.022993;0.022591;0.022115;0.022213;0.022175;0.022773;0.02267;0.022526;0.022814;0.022567;0.022577;0.022702;0.022475;0.022512;0.022362;0.022847;0.022981;0.022641;0.022517;0.022581;0.022275;0.022625;0.022116;0.022438;0.023476;0.023296;0.022531;0.022535;0.022732;0.02257;0.022462;0.022303;0.022531;0.022508;0.022131;0.022969;0.022334;0.02347;0.02221;0.022651;0.022451;0.0226;0.022469;0.022504;0.022334;0.022576;0.022804;0.022494;0.022801;0.022698;0.022753;0.022241;0.022856;0.0226;0.022924;0.022285;0.022729;0.022429;0.022466;0.022798;0.022721;0.022909;0.022875;0.022111;0.022455;0.022216;0.022483;0.022633;0.022537;0.02265;0.022707;0.022871;0.02302;0.022754;0.022869;0.022774;0.022224;0.022691;0.022548;0.022392;0.022744;0.023418;0.023294;0.022389;0.022547;0.022351;0.022542;0.023034;0.022807;0.022334;0.022588;0.022532;0.022253;0.02212;0.022587;0.022289;0.022323;0.022146;0.021685;0.022187;0.022293;0.022794;0.022265;0.022466;0.022599;0.022477;0.022468;0.022717;0.022624;0.02287;0.022297;0.022131;0.023;0.022366;0.022452;0.02235;0.022822;0.022714;0.02231;0.022498;0.022439;0.022537;0.022764;0.022325;0.022303;0.023751;0.022277;0.022739;0.022411;0.02252;0.022758;0.023072;0.022493;0.022227;0.02214;0.022465;0.022725;0.023054;0.02248;0.02222;0.022654;0.022291;0.022745;0.022829;0.022287;0.022403;0.022753;0.022409;0.023327;0.022361;0.02274;0.022512;0.02238;0.022546;0.022575;0.022622;0.022811;0.022458;0.022912;0.022716;0.022111;0.022855;0.02264;0.022556;0.022223;0.022397;0.022384;0.022553;0.022401;0.022679;0.023093;0.022624;0.022392;0.022235;0.022256;0.022417;0.022577;0.022608;0.022257;0.022292;0.022485;0.022936;0.022091;0.02222;0.022469;0.022524;0.022489;0.022143;0.022143;0.022149;0.022779;0.022196;0.02311;0.022327;0.022031;0.023601;0.022736;0.022681;0.022461;0.022161;0.022831;0.022596;0.022671;0.022381;0.022263;0.022727;0.022462;0.022929;0.022382;0.023111;0.022573;0.022904;0.022641;0.022355;0.023322;0.022238;0.02266;0.022875;0.022436;0.022492;0.022384;0.022297;0.02225;0.022345;0.022782;0.022313;0.022531;0.022564;0.022511;0.02249;0.02259;0.022603;0.022295;0.022501;0.02237;0.02206;0.022701;0.022984;0.022285;0.022956;0.022954;0.022551;0.023639;0.023499;0.022348;0.022417;0.022465;0.022567;0.022408;0.022778;0.02273;0.02256;0.022895;0.02286;0.02225;0.022503;0.022941;0.022664;0.023752;0.022705;0.022699;0.022683;0.022768;0.022828;0.022721;0.022677;0.022643;0.02225;0.022688;0.022921;0.022948;0.022282;0.022802;0.022506;0.022442;0.022599;0.022533;0.022711;0.022506;0.022685;0.022832;0.022655;0.022757;0.022482;0.022336;0.022155;0.022691;0.022737;0.022748;0.023749;0.022495;0.022197;0.022323;0.022237;0.022416;0.022587;0.022526;0.022548;0.022324;0.022364;0.022649;0.02226;0.024651;0.022332;0.022254;0.022439;0.02276;0.022926;0.022554;0.022474;0.02252;0.022397;0.022517;0.022665;0.022701;0.022252;0.022647;0.022237;0.022851;0.02274;0.022846;0.022289;0.02265;0.023148;0.022464;0.022374;0.022813;0.022294;0.022384;0.022766;0.02222;0.022851;0.022631;0.022655;0.02217;0.022672;0.022411;0.022439;0.022222;0.022468;0.022335;0.022372;0.022767;0.022405;0.022518;0.022822;0.023309;0.02246;0.02271;0.023239;0.022914;0.022958;0.022623;0.022817;0.024253;0.022942;0.022915;0.022892;0.022393;0.023065;0.022801;0.022545;0.022592;0.022555;0.022626;0.022471;0.022572;0.022722;0.022574;0.022591;0.022938;0.022634;0.022244;0.022403;0.022751;0.022525;0.022318;0.022665;0.022251;0.02262;0.022847;0.023148;0.022822;0.022751;0.022558;0.022538;0.02254;0.022396;0.022893;0.022887;0.023629;0.022732;0.022388;0.022382;0.022477;0.022532;0.022457;0.022456;0.022909;0.022888;0.022173;0.02234;0.022623;0.022527;0.02244;0.023113;0.022102;0.022649;0.022664;0.022839;0.022289;0.022228;0.022441;0.022243;0.023082;0.022416;0.022494;0.022661;0.022386;0.022429;0.023025;0.023011;0.022195;0.022425;0.022621;0.022747;0.022442;0.022437;0.02267;0.022206;0.022282;0.022059;0.022387;0.022167;0.022164;0.023354;0.022367;0.022873;0.023622;0.022787;0.02251;0.022744;0.022399;0.022238;0.022793;0.022045;0.022696;0.022758;0.022772;0.022397;0.022809;0.022365;0.022489;0.022377;0.022805;0.02242;0.02225;0.022181;0.022326;0.02208;0.022553;0.022706;0.022434;0.022365;0.022848;0.022769;0.022713;0.022515;0.02246;0.022374;0.02243;0.022383;0.022151;0.022383;0.02258;0.022146;0.022522;0.022496;0.022619;0.023871;0.022244;0.02235;0.022508;0.022314;0.02243;0.022347;0.022589;0.022561;0.02263;0.022754;0.02242;0.022738;0.022508;0.023039;0.023553;0.022847;0.022778;0.022122;0.022671;0.022495;0.022243;0.022245;0.02238;0.022195;0.022283;0.022501;0.022;0.022357;0.022223;0.022833;0.02268;0.022091;0.022322;0.022403;0.022394;0.02226;0.022534;0.022617;0.022407;0.022282;0.022349;0.022586;0.022594;0.024182;0.022574;0.022746;0.023226;0.023127;0.023071;0.022884;0.022862;0.02253;0.02254;0.02213;0.022306;0.022364;0.023399;0.022329;0.022759;0.022683;0.021963;0.022626;0.022763;0.022311;0.022076;0.022651;0.022855;0.022723;0.022972;0.022861;0.022834;0.02266;0.024068;0.022442;0.022081;0.022183;0.022541;0.02212;0.022651;0.022804;0.022568;0.022488;0.022398;0.022691;0.022309;0.022574;0.022185;0.02196;0.023339;0.02261;0.022636;0.022747;0.023363;0.023099;0.023259;0.023044;0.022878;0.022466;0.022976;0.022492;0.022434;0.022294;0.022076;0.022676;0.022301;0.022776;0.022823;0.022257;0.022263;0.022681;0.022882;0.022703;0.022641;0.023014;0.022753;0.022477;0.02256;0.022598;0.022588;0.02414;0.022668;0.022346;0.022217;0.022082;0.022468;0.022715;0.022779;0.022387;0.022297;0.022662;0.022567;0.022546;0.023839;0.022494;0.022084;0.022936;0.022484;0.023243;0.02321;0.023062;0.02307;0.023029;0.022777;0.022997;0.022732;0.023239;0.023115;0.022571;0.023155;0.023004;0.022501;0.022795;0.022785;0.023027;0.022839;0.022908;0.02293;0.022947;0.022397;0.022596;0.022266;0.022166;0.021845;0.022832;0.023083;0.022576;0.022838;0.022282;0.0226;0.022497;0.022461;0.022164;0.022494;0.022652;0.022735;0.023619;0.024072;0.022242;0.022402;0.022378;0.022575;0.021897;0.022168;0.022075;0.022376;0.02258;0.022119;0.02241;0.022861;0.022714;0.022405;0.022441;0.022349;0.02218;0.022178;0.022413;0.022868;0.022411;0.022682;0.022347;0.022246;0.021909;0.022618;0.022462;0.022083;0.022435;0.022994;0.022634;0.022031;0.022397;0.022802;0.022654;0.022234;0.022023;0.022068;0.022318;0.022342;0.022164;0.02257;0.022396;0.023899;0.022588;0.022918;0.02331;0.022454;0.022783;0.022991;0.022922;0.022629;0.022472;0.022448;0.022758;0.022348;0.022515;0.022571;0.022858;0.02235;0.022647;0.022834;0.022362;0.02289;0.022242;0.022353;0.022635;0.022882;0.022832;0.02254;0.022304;0.022271;0.022851;0.022443;0.02239;0.022156;0.022717;0.022502;0.022449;0.022652;0.022738;0.022604;0.022378;0.023209;0.022718;0.022604;0.022458;0.023967;0.022024;0.022364;0.022475;0.022401;0.023042;0.022444;0.022698;0.022016;0.022493;0.022907;0.022394;0.022466;0.022466;0.023446;0.022891;0.022893;0.022351;0.022343;0.022484;0.022575;0.022748;0.022037;0.022909;0.022628;0.02245;0.022464;0.022518;0.022673;0.022848;0.022068;0.022824;0.023036;0.023323;0.022512;0.022826;0.02281;0.022774;0.022586;0.0226;0.022738;0.022372;0.022556;0.022663;0.023929;0.02245;0.022529;0.022741;0.022839;0.022356;0.022732;0.022784;0.0222;0.022551;0.022274;0.022643;0.022597;0.022498;0.02252;0.022773;0.023485;0.023512;0.02244;0.02227;0.022716;0.022681;0.022354;0.022468;0.022228;0.022481;0.02283;0.022575;0.022725;0.022632;0.023031;0.022445;0.022689;0.022844;0.02242;0.022855;0.022645;0.022762;0.0224;0.022801;0.023161;0.022551;0.02291;0.02234;0.023423;0.022828;0.022624;0.022408;0.022769;0.02233;0.022312;0.022128;0.022986;0.022299;0.023035;0.022714;0.022603;0.022729;0.022602;0.022516;0.022559;0.02282;0.022609;0.023627;0.022749;0.021854;0.022417;0.022508;0.02246;0.022829;0.022686;0.021822;0.02208;0.022609;0.022502;0.022694;0.022582;0.022785;0.022304;0.02298;0.02253;0.022668;0.022699;0.022711;0.023202;0.02253;0.022571;0.022511;0.022504;0.023464;0.022482;0.022237;0.022702;0.022649;0.022329;0.022718;0.02266;0.022656;0.02282;0.023081;0.02251;0.022088;0.022498;0.022627;0.022291;0.022872;0.022406;0.022788;0.022794;0.022384;0.022282;0.022527;0.022797;0.022269;0.022569;0.022415;0.023268;0.022636;0.022568;0.023497;0.02262;0.022832;0.022591;0.022566;0.02275;0.022655;0.022295;0.021944;0.022378;0.02274;0.023035;0.022513;0.022194;0.023209;0.02196;0.022844;0.02248;0.022797;0.022882;0.022692;0.022999;0.022457;0.022612;0.02247;0.022253;0.022295;0.022294;0.022389;0.022495;0.023025;0.022578;0.022526;0.022646;0.022081;0.02268;0.022326;0.022672;0.022661;0.022795;0.022782;0.022703;0.022676;0.022172;0.022641;0.022552;0.023174;0.022977;0.022158;0.022515;0.022488;0.02263;0.022616;0.022397;0.02206;0.022646;0.022512;0.022393;0.023577;0.022059;0.023079;0.022701;0.022649;0.022124;0.02247;0.022731;0.023713;0.023148;0.022572;0.022799;0.022968;0.022382;0.022547;0.022813;0.022293;0.022568;0.022332;0.022702;0.022888;0.022723;0.022492;0.021975;0.022386;0.022196;0.022281;0.023048;0.022731;0.022504;0.022598;0.022544;0.022185;0.022261;0.022644;0.022553;0.021888;0.022355;0.023077;0.022765;0.022582;0.022542;0.022796;0.02293;0.023277;0.022461;0.022482;0.022499;0.023289;0.022954;0.023378;0.023172;0.022958;0.023018;0.023856;0.022618;0.022437;0.022585;0.022464;0.022655;0.022342;0.022746;0.022736;0.022615;0.022543;0.02272;0.02242;0.022287;0.023063;0.022843;0.022459;0.022806;0.022664;0.022554;0.023147;0.022871;0.022309;0.023149;0.022331;0.022583;0.023227;0.022564;0.022637;0.022579;0.022818;0.022299;0.0227;0.02245;0.024588;0.022271;0.022239;0.021909;0.022516;0.022658;0.022565;0.022285;0.023074;0.022699;0.022263;0.022644;0.022404;0.022252;0.022413;0.022399;0.02242;0.022878;0.022602;0.022181;0.02272;0.022569;0.023248;0.022895;0.022548;0.022301;0.022144;0.02264;0.022037;0.022266;0.02183;0.022411;0.022594;0.022378;0.022678;0.022659;0.022341;0.022454;0.022619;0.022298;0.022284;0.022112;0.02267;0.022211;0.022349;0.023227;0.022078;0.022758;0.02242;0.022742;0.023233;0.022702;0.022363;0.022617;0.022514;0.022957;0.02231;0.022312;0.022414;0.022377;0.022645;0.02256;0.022683;0.022949;0.02247;0.022114;0.023227;0.022702;0.022812;0.022462;0.022219;0.022398;0.022819;0.02269;0.022547;0.022641;0.02232;0.022557;0.022829;0.022685;0.022479;0.022454;0.022378;0.022404;0.022521;0.022593;0.022511;0.022728;0.022208;0.024507;0.022592;0.022385;0.022462;0.022302;0.022401;0.022757;0.022498;0.022422;0.022302;0.022806;0.022365;0.022615;0.022596;0.02252;0.022645;0.022441;0.022702;0.022392;0.022678;0.022659;0.02282;0.023059;0.022563;0.022797;0.022742;0.022529;0.022545;0.022721;0.022527;0.022722;0.022143;0.022342;0.022723;0.022653;0.0229;0.022548;0.022526;0.022421;0.022393;0.023055;0.022718;0.022879;0.022135;0.023721;0.022661;0.023124;0.022416;0.022779;0.022676;0.022859;0.023206;0.022525;0.022704;0.02266;0.023036;0.023809;0.022841;0.02295;0.022596;0.022719;0.022376;0.022405;0.022112;0.022632;0.022856;0.022425;0.022476;0.022858;0.022377;0.02276;0.022981;0.02281;0.022673;0.022536;0.022464;0.022397;0.023219;0.022978;0.022032;0.022391;0.022692;0.022942;0.022889;0.023024;0.022921;0.022262;0.022717;0.02352;0.022193;0.022419;0.022644;0.022628;0.022503;0.022554;0.022542;0.022303;0.02278;0.022494;0.022453;0.022625;0.022457;0.022699;0.022511;0.022791;0.022154;0.022626;0.022532;0.022291;0.022452;0.023051;0.022658;0.023657;0.023789;0.0226;0.022208;0.022904;0.022571;0.022766;0.022396;0.022856;0.022487;0.02274;0.022645;0.022487;0.022602;0.022414;0.022449;0.022908;0.022499;0.02268;0.022335;0.023511;0.022245;0.022212;0.022453;0.022656;0.022818;0.022299;0.022272;0.022264;0.022527;0.022439;0.022447;0.023222;0.02186;0.021957;0.022817;0.022456;0.022581;0.022708;0.022544;0.022605;0.022747;0.022911;0.0223;0.022843;0.022709;0.022343;0.022559;0.022899;0.022212;0.02238;0.022466;0.022813;0.022634;0.022522;0.022533;0.022664;0.022388;0.022952;0.022644;0.022771;0.022385;0.022209;0.021858;0.023681;0.022518;0.022126;0.022237;0.022719;0.022405;0.022712;0.022636;0.022193;0.022135;0.02245;0.022411;0.023076;0.022603;0.022472;0.022474;0.022291;0.022146;0.022701;0.022468;0.022738;0.023669;0.022292;0.022056;0.022608;0.022475;0.022546;0.022885;0.022535;0.022101;0.022674;0.022853;0.022921;0.022935;0.022717;0.022965;0.022763;0.022559;0.023022;0.0227;0.022359;0.022921;0.022594;0.029337;0.023694;0.022375;0.022762;0.022364;0.022654;0.022582;0.022285;0.022474;0.022307;0.022842;0.022419;0.022821;0.022974;0.022341;0.022674;0.022957;0.022882;0.022452;0.022382;0.022574;0.021822;0.0224;0.022808;0.022715;0.022965;0.022674;0.022565;0.02241;0.022506;0.022509;0.022669;0.022394;0.023494;0.023193;0.023311;0.022689;0.022834;0.022719;0.022259;0.022246;0.022767;0.022797;0.022982;0.022553;0.023454;0.022549;0.022615;0.023161;0.022882;0.022725;0.02298;0.022538;0.02215;0.022464;0.022786;0.023338;0.022623;0.022582;0.022706;0.022727;0.022596;0.02236;0.022383;0.02245;0.022443;0.022636;0.022854;0.022921;0.022813;0.022387;0.022739;0.022783;0.022665;0.022699;0.022551;0.022535;0.022994;0.022779;0.022138;0.022116;0.021999;0.022666;0.022247;0.02272;0.022789;0.022131;0.022602;0.022844;0.022524;0.024974;0.024085;0.022966;0.022687;0.02281;0.022905;0.022671;0.022972;0.022361;0.02242;0.02255;0.022477;0.022831;0.021974;0.022633;0.022659;0.022989;0.02259;0.02237;0.022227;0.022625;0.022737;0.02217;0.022669;0.022789;0.022506;0.022804;0.022359;0.022847;0.02227;0.022664;0.022698;0.022671;0.023025;0.022306;0.022448;0.022284;0.022471;0.022589;0.022317;0.022802;0.02258;0.022811;0.0226;0.024035;0.022301;0.023392;0.022971;0.022434;0.022689;0.022526;0.02257;0.022348;0.022712;0.022766;0.022593;0.022534;0.022364;0.022506;0.022626;0.022608;0.022406;0.022617;0.022312;0.022842;0.022553;0.022547;0.022313;0.022739;0.022453;0.021982;0.022021;0.022699;0.022064;0.022193;0.022578;0.022157;0.022909;0.022818;0.022392;0.02245;0.022809;0.022849;0.022572;0.022564;0.022308;0.023041;0.02288;0.023566;0.022443;0.022657;0.022462;0.022312;0.022334;0.02278;0.022757;0.022181;0.022565;0.022702;0.022914;0.022706;0.022406;0.022295;0.022688;0.023792;0.022631;0.022478;0.022561;0.022627;0.02272;0.022894;0.022546;0.022626;0.022495;0.023203;0.023045;0.022844;0.022023;0.022581;0.023159;0.022501;0.02261;0.022781;0.022879;0.022217;0.022666;0.022566;0.022983;0.02262;0.021873;0.022777;0.0225;0.023447;0.022581;0.022267;0.022663;0.022722;0.022425;0.022427;0.022709;0.022397;0.02248;0.02257;0.022433;0.022658;0.02251;0.022442;0.022725;0.022102;0.022272;0.022564;0.022418;0.022809;0.022605;0.022995;0.022227;0.022375;0.022629;0.022324;0.022868;0.023493;0.022826;0.022504;0.022596;0.022184;0.022959;0.02242;0.022251;0.022392;0.022353;0.022697;0.02241;0.022246;0.022614;0.022818;0.022283;0.023655;0.022188;0.022437;0.022291;0.022611;0.022648;0.022166;0.022685;0.022997;0.02257;0.022759;0.022196;0.022366;0.022524;0.022516;0.0222;0.022605;0.022318;0.022554;0.022756;0.022416;0.022723;0.022604;0.022445;0.022768;0.022053;0.022591;0.022574;0.022694;0.022402;0.022527;0.022933;0.022292;0.022807;0.022978;0.023149;0.022532;0.022973;0.022188;0.022933;0.02304;0.023984;0.023203;0.022993;0.023959;0.02301;0.022478;0.023025;0.022938;0.022679;0.022842;0.022663;0.022799;0.022498;0.022752;0.0226;0.022481;0.022781;0.022684;0.022724;0.023141;0.022905;0.022214;0.023146;0.022672;0.022953;0.022702;0.022623;0.022961;0.022582;0.022648;0.022583;0.022451;0.022481;0.023024;0.023043;0.022168;0.022548;0.022466;0.022698;0.022905;0.022328;0.022886;0.022815;0.022606;0.022935;0.022486;0.022525;0.023845;0.02251;0.022664;0.022408;0.022195;0.022713;0.022786;0.022489;0.022673;0.023555;0.022646;0.022157;0.022676;0.022594;0.022625;0.022212;0.021811;0.022552;0.022248;0.022146;0.022075;0.022302;0.022446;0.022469;0.022502;0.022584;0.022427;0.022573;0.022497;0.022732;0.023022;0.022261;0.02246;0.022503;0.022811;0.022934;0.02254;0.022189;0.022131;0.022409;0.022115;0.022401;0.022435;0.022485;0.022741;0.023919;0.022676;0.022528;0.022577;0.022655;0.022809;0.022502;0.022552;0.022708;0.022374;0.022759;0.022895;0.022212;0.022603;0.022378;0.022607;0.023297;0.022949;0.022512;0.0225;0.023103;0.023335;0.022755;0.022588;0.022216;0.022628;0.022994;0.022949;0.022748;0.022529;0.022392;0.022542;0.022931;0.022606;0.022447;0.02224;0.022554;0.022007;0.022296;0.022091;0.022827;0.02221;0.022112;0.022963;0.023611;0.022767;0.022665;0.022246;0.022314;0.022798;0.022524;0.022352;0.023002;0.022496;0.022627;0.022702;0.022677;0.022852;0.022409;0.022246;0.022142;0.022355;0.022561;0.02253;0.022446;0.02247;0.022796;0.022678;0.022308;0.022532;0.022267;0.022138;0.022404;0.022537;0.022806;0.022301;0.02344;0.022762;0.02245;0.022442;0.022199;0.022301;0.02227;0.022357;0.023083;0.022662;0.022345;0.022318;0.024039;0.022426;0.022727;0.022609;0.0227;0.022107;0.022389;0.022676;0.022806;0.022042;0.022416;0.022401;0.022082;0.022819;0.022332;0.022588;0.022226;0.022612;0.022593;0.022666;0.022562;0.022554;0.02243;0.022633;0.022685;0.022453;0.023183;0.022224;0.022855;0.022816;0.022845;0.022652;0.022441;0.022704;0.022939;0.023605;0.022472;0.023003;0.022477;0.022513;0.022661;0.022452;0.022708;0.022604;0.023936;0.022751;0.02255;0.022469;0.022139;0.022338;0.022776;0.022838;0.022229;0.022373;0.022483;0.022791;0.022795;0.02219;0.022388;0.022175;0.022393;0.022863;0.022723;0.022388;0.022531;0.022089;0.023048;0.022348;0.022351;0.022534;0.022421;0.022306;0.022587;0.022289;0.022578;0.022391;0.022565;0.022901;0.022916;0.022243;0.022463;0.022564;0.022949;0.02264;0.022772;0.02275;0.023244;0.022669;0.024183;0.023298;0.023569;0.024128;0.023004;0.022293;0.022304;0.022001;0.0226;0.022662;0.02225;0.022121;0.022543;0.02246;0.022554;0.022967;0.022858;0.022705;0.022014;0.022745;0.022628;0.0226;0.022742;0.022578;0.022514;0.022326;0.022456;0.023011;0.022998;0.022789;0.022892;0.022457;0.022618;0.02257;0.022181;0.02243;0.02248;0.022825;0.022853;0.022829;0.022602;0.022774;0.022505;0.022733;0.023606;0.02235;0.022569;0.022439;0.022726;0.022382;0.022621;0.022535;0.022627;0.022685;0.022548;0.022722;0.022825;0.022971;0.02301;0.023218;0.023788;0.023545;0.022989;0.02274;0.022662;0.022419;0.022384;0.022602;0.022621;0.022887;0.023295;0.022911;0.022813;0.022581;0.022247;0.022611;0.022628;0.022715;0.022456;0.022632;0.022888;0.022175;0.022321;0.022842;0.022449;0.021971;0.022501;0.022623;0.024227;0.022938;0.022935;0.022975;0.022829;0.022826;0.023304;0.0223;0.022461;0.022192;0.022696;0.022615;0.022381;0.022544;0.022195;0.022548;0.022589;0.022247;0.022681;0.022424;0.022639;0.022514;0.02247;0.022316;0.022466;0.023;0.022764;0.022386;0.023025;0.023917;0.022346;0.022435;0.022348;0.022524;0.022243;0.022147;0.022459;0.02263;0.022815;0.022521;0.022588;0.022302;0.02251;0.022569;0.022868;0.023637;0.022435;0.022961;0.022597;0.02305;0.023067;0.022671;0.022526;0.022533;0.023049;0.022739;0.022863;0.023074;0.022586;0.022317;0.022482;0.022903;0.022516;0.022983;0.021905;0.022333;0.022583;0.022758;0.022264;0.022107;0.022248;0.022666;0.022305;0.022345;0.022214;0.022451;0.022332;0.022738;0.022287;0.02265;0.022476;0.02254;0.022449;0.022643;0.022452;0.024361;0.022455;0.022294;0.022401;0.023791;0.022148;0.022139;0.022755;0.022695;0.02287;0.022732;0.021932;0.022378;0.022202;0.022897;0.0227;0.02274;0.022659;0.022405;0.023115;0.022637;0.022242;0.022712;0.022684;0.022211;0.022696;0.022704;0.02245;0.022594;0.022462;0.022447;0.022864;0.022909;0.022977;0.022719;0.022646;0.022417;0.022817;0.022568;0.022775;0.022531;0.022844;0.022836;0.022242;0.022244;0.022515;0.023119;0.022481;0.023152;0.022412;0.022493;0.022529;0.022646;0.022688;0.022279;0.022753;0.022736;0.022985;0.022874;0.022468;0.023126;0.023034;0.022662;0.022906;0.022456;0.02372;0.022671;0.02258;0.022818;0.022674;0.023167;0.022364;0.023303;0.023134;0.023053;0.022837;0.022399;0.022849;0.022648;0.02279;0.022615;0.022827;0.022573;0.022628;0.023061;0.022629;0.022749;0.02265;0.022491;0.022659;0.022727;0.022574;0.0247;0.0224;0.0222;0.022487;0.022353;0.02281;0.022547;0.022966;0.022418;0.022635;0.022532;0.022456;0.022288;0.023302;0.022796;0.022739;0.022703;0.022401;0.022904;0.02237;0.022956;0.022675;0.022851;0.022812;0.022565;0.022799;0.022771;0.022428;0.02297;0.022874;0.022872;0.022665;0.022506;0.022954;0.022481;0.022533;0.02277;0.02295;0.023895;0.023079;0.023078;0.02261;0.022492;0.022967;0.023134;0.022583;0.022537;0.022253;0.022493;0.023027;0.022702;0.02248;0.022224;0.022716;0.022476;0.022815;0.022859;0.022495;0.022714;0.023367;0.022906;0.022312;0.022355;0.02261;0.022798;0.023118;0.022769;0.022452;0.021993;0.022695;0.022757;0.022561;0.02307;0.02276;0.022552;0.022611;0.022386;0.022523;0.022893;0.022708;0.022696;0.022634;0.022584;0.022738;0.022445;0.022716;0.022331;0.022313;0.024075;0.02266;0.02231;0.022538;0.022828;0.022551;0.022859;0.022309;0.0227;0.022636;0.022449;0.022542;0.02253;0.022402;0.022511;0.022584;0.023728;0.022626;0.022391;0.022999;0.022663;0.022447;0.02205;0.0225;0.022548;0.022729;0.022234;0.022917;0.022451;0.022892;0.022425;0.022619;0.022318;0.023034;0.022711;0.02247;0.02261;0.022437;0.022733;0.022533;0.022894;0.022411;0.022248;0.023034;0.024052;0.022332;0.022509;0.023074;0.022366;0.022376;0.022089;0.022494;0.022569;0.022759;0.02265;0.022416;0.022361;0.022218;0.022995;0.022415;0.023347;0.02294;0.022242;0.022794;0.022563;0.02224;0.022381;0.022631;0.022709;0.022582;0.022873;0.022705;0.023844;0.022339;0.022294;0.022601;0.022578;0.022898;0.022618;0.022326;0.022976;0.022855;0.0226;0.022964;0.022498;0.021954;0.02242;0.022488;0.02349;0.022912;0.022457;0.022799;0.023266;0.022568;0.0226;0.022788;0.02281;0.023162;0.023247;0.022584;0.022437;0.022711;0.022256;0.022381;0.022758;0.022571;0.022151;0.02251;0.022495;0.022251;0.022419;0.022277;0.022091;0.022066;0.022395;0.022326;0.022226;0.022595;0.022556;0.022437;0.022622;0.022855;0.022953;0.022635;0.022527;0.022578;0.0229;0.022478;0.022856;0.023023;0.022373;0.022746;0.023726;0.022271;0.022324;0.02252;0.022495;0.022305;0.023695;0.022934;0.022725;0.022329;0.023254;0.022695;0.022527;0.02283;0.02296;0.022742;0.022406;0.022709;0.022899;0.022976;0.02277;0.022252;0.022797;0.022226;0.022426;0.022334;0.022368;0.022466;0.022696;0.022558;0.022706;0.022499;0.023313;0.022071;0.02284;0.022446;0.02261;0.022679;0.023178;0.023084;0.022825;0.022473;0.022775;0.022023;0.023657;0.022529;0.022447;0.022223;0.02258;0.022642;0.022311;0.022596;0.022426;0.022453;0.022838;0.02264;0.022484;0.022739;0.022819;0.022368;0.022915;0.022853;0.023329;0.023791;0.0239;0.022264;0.022114;0.022406;0.022547;0.022919;0.022728;0.022983;0.023073;0.022975;0.022808;0.022666;0.022398;0.022663;0.022395;0.022515;0.022894;0.022412;0.022689;0.02265;0.022925;0.022918;0.022574;0.022614;0.02377;0.022718;0.022072;0.022606;0.022485;0.02257;0.022767;0.022515;0.02221;0.022478;0.022789;0.022768;0.022343;0.022365;0.022639;0.022403;0.022769;0.022604;0.022406;0.022297;0.022568;0.023123;0.023672;0.022363;0.022748;0.02225;0.022515;0.022392;0.022535;0.022908;0.022779;0.02237;0.023184;0.022796;0.02228;0.022388;0.022227;0.022403;0.022004;0.022529;0.022054;0.023121;0.022597;0.022583;0.022533;0.023216;0.022507;0.022547;0.022551;0.022771;0.022581;0.022578;0.022293;0.022451;0.02268;0.022407;0.022432;0.022181;0.022635;0.022476;0.022414;0.022243;0.022588;0.022369;0.022424;0.022124;0.021972;0.022595;0.022876;0.02284;0.022288;0.022659;0.022127;0.022566;0.02239;0.022167;0.022307;0.022503;0.022418;0.022458;0.022751;0.022738;0.022022;0.022649;0.022327;0.022004;0.022687;0.022446;0.022297;0.023941;0.022286;0.022417;0.022204;0.022652;0.022352;0.022268;0.022996;0.024076;0.022115;0.022254;0.022714;0.022231;0.022581;0.022121;0.022088;0.022246;0.022555;0.022022;0.022038;0.022265;0.022549;0.022754;0.02255;0.022009;0.02235;0.022846;0.022482;0.022538;0.021993;0.022334;0.02265;0.022887;0.022497;0.02222;0.022414;0.022586;0.02222;0.022307;0.022293;0.022648;0.022403;0.022327;0.022524;0.023727;0.022312;0.022426;0.022204;0.022658;0.022365;0.022012;0.022064;0.022706;0.022504;0.022399;0.022464;0.022613;0.022648;0.022231;0.022353;0.022632;0.0226;0.022606;0.022676;0.023219;0.022987;0.022638;0.022115;0.022553;0.022472;0.022733;0.022181;0.022129;0.022582;0.022487;0.022612;0.022509;0.022424;0.02283;0.022527;0.022207;0.022476;0.022216;0.022258;0.022422;0.022558;0.022926;0.022548;0.022444;0.023826;0.022699;0.022318;0.02304;0.023228;0.022832;0.022772;0.022579;0.022892;0.022589;0.022657;0.022706;0.02205;0.022095;0.022431;0.022913;0.022713;0.022471;0.022209;0.022622;0.022365;0.022553;0.022807;0.022851;0.022629;0.022627;0.022738;0.022482;0.022717;0.022294;0.022204;0.02246;0.023078;0.023978;0.023383;0.022559;0.022263;0.022159;0.022549;0.02271;0.022533;0.022404;0.022824;0.022494;0.024368;0.02253;0.022432;0.022927;0.023181;0.022976;0.022416;0.022925;0.022924;0.022792;0.02265;0.022187;0.022858;0.022365;0.022688;0.022806;0.023034;0.022319;0.022305;0.022727;0.023076;0.022648;0.022825;0.022731;0.022707;0.022017;0.022639;0.022551;0.022621;0.022554;0.022835;0.022607;0.022722;0.022723;0.022218;0.022662;0.0223;0.022189;0.022303;0.022388;0.022537;0.02219;0.022293;0.022507;0.023958;0.023648;0.022962;0.022412;0.022573;0.022425;0.02274;0.022318;0.022357;0.022598;0.022331;0.022647;0.022394;0.022461;0.022587;0.022577;0.02279;0.022217;0.022731;0.023047;0.022688;0.022164;0.022633;0.022805;0.022784;0.022685;0.022419;0.022712;0.022643;0.022833;0.022443;0.022452;0.02275;0.023011;0.022544;0.022562;0.022944;0.022734;0.022841;0.02242;0.022532;0.022005;0.022306;0.022857;0.024906;0.022165;0.022342;0.022908;0.023851;0.023477;0.023084;0.023208;0.022946;0.023268;0.022219;0.022955;0.023208;0.022348;0.022588;0.022866;0.022554;0.022899;0.022629;0.023133;0.022744;0.022519;0.022669;0.022402;0.022188;0.022512;0.022656;0.022824;0.022682;0.022708;0.022871;0.022751;0.022918;0.023207;0.023325;0.022919;0.02266;0.022747;0.023027;0.023451;0.022835;0.022829;0.022764;0.022493;0.024323;0.022605;0.022483;0.022408;0.022167;0.022683;0.023407;0.023219;0.022206;0.022398;0.022886;0.022842;0.022461;0.02252;0.022223;0.022765;0.022462;0.022225;0.022402;0.022516;0.022758;0.022317;0.022636;0.022692;0.02259;0.022408;0.022655;0.022682;0.022281;0.023337;0.023084;0.022461;0.02214;0.022645;0.022935;0.022764;0.022382;0.022952;0.023107;0.022938;0.022756;0.022387;0.022742;0.022522;0.023564;0.022715;0.022974;0.022895;0.022965;0.023091;0.022968;0.023044;0.023051;0.02267;0.022191;0.022221;0.02211;0.022798;0.022333;0.022293;0.022904;0.02254;0.022722;0.022386;0.022671;0.022315;0.022589;0.022418;0.022493;0.022723;0.022328;0.022683;0.023586;0.022961;0.022878;0.0225;0.023316;0.022734;0.023;0.022266;0.022358;0.022509;0.022328;0.022283;0.023158;0.022541;0.022597;0.022398;0.023942;0.022796;0.02223;0.022621;0.022885;0.022318;0.022426;0.022679;0.022444;0.022534;0.022652;0.022529;0.023409;0.022469;0.022756;0.022192;0.022273;0.022394;0.022867;0.022828;0.022844;0.022922;0.022512;0.022744;0.022069;0.022458;0.022035;0.022492;0.022662;0.022176;0.022284;0.022802;0.022112;0.022419;0.022031;0.022358;0.022326;0.022696;0.022857;0.022133;0.022115;0.022833;0.022538;0.022567;0.023797;0.02271;0.022531;0.022774;0.02234;0.022172;0.022317;0.022315;0.023677;0.023814;0.022617;0.022215;0.022456;0.022476;0.02279;0.022627;0.022883;0.022878;0.022284;0.023145;0.022851;0.02279;0.022595;0.022693;0.022989;0.022342;0.022322;0.022339;0.022291;0.022171;0.022687;0.022472;0.022134;0.022236;0.02218;0.022175;0.022472;0.022459;0.023082;0.022633;0.022476;0.022332;0.022679;0.0225;0.022509;0.023107;0.022753;0.022826;0.022857;0.022862;0.022377;0.022719;0.023034;0.022674;0.022544;0.022061;0.022936;0.022625;0.022021;0.022481;0.022439;0.02236;0.022353;0.022671;0.022466;0.022595;0.022993;0.022642;0.022398;0.022362;0.022626;0.022355;0.022906;0.022652;0.023786;0.022824;0.022287;0.022063;0.022454;0.023285;0.02264;0.02221;0.022362;0.022892;0.022234;0.023152;0.022655;0.022644;0.02289;0.023472;0.022658;0.022586;0.022625;0.022461;0.022771;0.022848;0.022901;0.022781;0.022616;0.022965;0.022498;0.021922;0.022495;0.022828;0.022398;0.022859;0.022459;0.022637;0.023091;0.022447;0.022324;0.022568;0.022601;0.022564;0.022631;0.022471;0.022076;0.022299;0.022403;0.022743;0.022512;0.022392;0.022063;0.02258;0.02269;0.023111;0.022743;0.022555;0.022143;0.022419;0.022805;0.023346;0.023098;0.023485;0.022442;0.022651;0.022092;0.022427;0.022336;0.022576;0.022866;0.022697;0.022456;0.022474;0.022565;0.022377;0.022294;0.022887;0.022865;0.02231;0.022103;0.022576;0.022092;0.022559;0.022306;0.022092;0.023375;0.022761;0.022947;0.022354;0.022472;0.022886;0.022491;0.022537;0.022563;0.022551;0.022061;0.022528;0.022482;0.023084;0.022257;0.022578;0.022136;0.022341;0.022895;0.022597;0.022617;0.024348;0.023637;0.02371;0.022197;0.022045;0.022791;0.022323;0.022652;0.022477;0.022866;0.022267;0.022035;0.022521;0.02212;0.022173;0.02263;0.022454;0.022547;0.022266;0.022618;0.022763;0.02233;0.022986;0.02315;0.022616;0.022403;0.022497;0.022809;0.022347;0.022699;0.022559;0.022276;0.022415;0.022359;0.022281;0.022872;0.022413;0.022758;0.022341;0.022772;0.022248;0.022554;0.022424;0.022949;0.024113;0.022647;0.022656;0.022478;0.022333;0.022541;0.022239;0.022694;0.022859;0.022718;0.022528;0.022827;0.022778;0.022775;0.022695;0.023858;0.022747;0.022767;0.022685;0.022844;0.023182;0.022848;0.022667;0.022546;0.022617;0.022529;0.022233;0.02223;0.022649;0.022519;0.022319;0.022804;0.022819;0.022667;0.022458;0.022417;0.022472;0.022504;0.02268;0.022203;0.022665;0.022736;0.022737;0.023117;0.025077;0.02257;0.022411;0.022631;0.022528;0.022684;0.022452;0.022574;0.023128;0.022376;0.022564;0.022579;0.022906;0.022948;0.022705;0.022261;0.022336;0.022581;0.022148;0.022306;0.02292;0.023174;0.022647;0.022675;0.022267;0.022579;0.022953;0.022793;0.022739;0.021996;0.022614;0.022654;0.022366;0.022362;0.023183;0.022605;0.023685;0.023013;0.022727;0.022265;0.022701;0.022636;0.022542;0.022356;0.023235;0.022568;0.022302;0.022855;0.022847;0.022898;0.022791;0.022681;0.022046;0.022269;0.022515;0.022235;0.022643;0.022441;0.022648;0.022901;0.022525;0.022378;0.022827;0.022654;0.022133;0.02274;0.023071;0.022706;0.022937;0.022927;0.02283;0.022244;0.022974;0.022494;0.022554;0.022759;0.022656;0.022787;0.022429;0.02281;0.022274;0.022103;0.022415;0.022292;0.022877;0.022755;0.022608;0.022141;0.022111;0.023203;0.022434;0.022458;0.023658;0.022677;0.022315;0.022647;0.022631;0.022164;0.022666;0.022279;0.022443;0.022878;0.022475;0.022812;0.022639;0.022363;0.022415;0.022576;0.022342;0.022573;0.022306;0.02259;0.022651;0.022225;0.022036;0.022308;0.022694;0.022521;0.022407;0.022653;0.022413;0.022331;0.022405;0.022444;0.022422;0.022301;0.022386;0.02233;0.022247;0.022566;0.022627;0.022596;0.022347;0.023804;0.022817;0.022375;0.022935;0.022623;0.022486;0.022771;0.023141;0.022492;0.022691;0.022738;0.022873;0.02252;0.02245;0.022424;0.022826;0.023181;0.022623;0.022627;0.022917;0.022423;0.02234;0.02266;0.022692;0.022144;0.022715;0.022738;0.022721;0.022547;0.022654;0.022559;0.022427;0.022284;0.022723;0.022646;0.022846;0.022849;0.022487;0.022318;0.0226;0.022612;0.022366;0.022814;0.022426;0.023739;0.022516;0.02265;0.022775;0.022168;0.022368;0.022464;0.023111;0.022757;0.022794;0.022394;0.02266;0.022616;0.022679;0.022431;0.022073;0.022293;0.022485;0.022263;0.022045;0.022301;0.022431;0.022258;0.022307;0.02265;0.02253;0.022504;0.022344;0.023632;0.022647;0.022809;0.022655;0.023059;0.023125;0.022757;0.022583;0.022603;0.0228;0.022936;0.022839;0.022793;0.022549;0.022013;0.02224;0.023269;0.022565;0.022431;0.022333;0.023065;0.022784;0.022298;0.022579;0.022671;0.022672;0.022712;0.023167;0.02203;0.022813;0.022414;0.022165;0.02233;0.022865;0.022593;0.022677;0.022803;0.02242;0.022559;0.022029;0.022554;0.022756;0.022278;0.022774;0.022358;0.022238;0.022539;0.022274;0.022301;0.021968;0.022783;0.022287;0.023019;0.022795;0.022333;0.022259;0.022742;0.022486;0.022576;0.022504;0.022703;0.023179;0.022436;0.022606;0.022342;0.022701;0.023677;0.022714;0.022609;0.022219;0.022867;0.022804;0.022491;0.022158;0.022876;0.022783;0.022501;0.022453;0.02284;0.022526;0.022227;0.022559;0.022818;0.023106;0.022677;0.022531;0.022706;0.022649;0.021933;0.022793;0.022687;0.022956;0.022404;0.02306;0.0227;0.022026;0.022488;0.022469;0.023119;0.022619;0.022654;0.022741;0.02276;0.022579;0.022657;0.023228;0.02221;0.022222;0.022713;0.022175;0.022006;0.022001;0.02341;0.022697;0.022301;0.022689;0.023094;0.022569;0.022374;0.022555;0.022277;0.022914;0.022322;0.022302;0.022727;0.022293;0.022467;0.022404;0.022214;0.02245;0.022109;0.022818;0.022809;0.022429;0.022694;0.02285;0.022263;0.0225;0.022659;0.022354;0.022627;0.022385;0.02196;0.022398;0.022394;0.022424;0.022639;0.022689;0.022286;0.023517;0.022756;0.022845;0.022454;0.022483;0.021923;0.022551;0.022504;0.02254;0.022718;0.023386;0.022809;0.022603;0.022651;0.022279;0.022268;0.022614;0.022649;0.022696;0.022798;0.022304;0.022854;0.023228;0.022233;0.022204;0.022267;0.022385;0.02248;0.022484;0.022248;0.022676;0.022704;0.022206;0.022188;0.022356;0.02279;0.022965;0.022634;0.022674;0.022641;0.022571;0.022685;0.022434;0.022401;0.023433;0.022599;0.02258;0.022621;0.022439;0.02234;0.022268;0.022325;0.022509;0.022834;0.023146;0.022369;0.022416;0.02382;0.023089;0.022474;0.022947;0.022673;0.022834;0.02261;0.022618;0.022517;0.022636;0.022642;0.021853;0.022282;0.022634;0.022624;0.022505;0.022148;0.022564;0.022956;0.022897;0.022536;0.022286;0.022971;0.022604;0.022738;0.022849;0.022656;0.022649;0.02273;0.022609;0.022527;0.022287;0.023356;0.022172;0.02276;0.022537;0.022469;0.022563;0.022126;0.022813;0.022623;0.022768;0.022286;0.022311;0.022517;0.022327;0.022586;0.022608;0.022834;0.022612;0.022563;0.022632;0.022946;0.022554;0.022205;0.022679;0.022416;0.022442;0.022783;0.022282;0.022653;0.023242;0.022883;0.023003;0.022181;0.022324;0.022168;0.022147;0.022066;0.022179;0.022319;0.022512;0.022632;0.022453;0.022292;0.022413;0.023507;0.022993;0.022575;0.022625;0.022665;0.023012;0.022793;0.022269;0.022404;0.022254;0.022033;0.022223;0.022259;0.02255;0.022013;0.022628;0.022691;0.02268;0.022603;0.022406;0.022522;0.022579;0.022892;0.022867;0.023004;0.022818;0.022418;0.022539;0.022667;0.023027;0.022581;0.021977;0.022406;0.022381;0.022546;0.02235;0.022533;0.022928;0.02341;0.022568;0.0223;0.022487;0.022637;0.02229;0.023612;0.02247;0.022706;0.02248;0.02273;0.022669;0.022875;0.023083;0.02257;0.022395;0.021958;0.022446;0.022198;0.022688;0.02269;0.022452;0.022457;0.022697;0.022686;0.022612;0.022586;0.022117;0.022503;0.022746;0.022769;0.022484;0.022243;0.022455;0.022512;0.02267;0.022557;0.022783;0.022757;0.022209;0.022203;0.022668;0.022798;0.022209;0.022484;0.022716;0.022603;0.022388;0.023309;0.022515;0.02335;0.022325;0.022392;0.022602;0.02279;0.022763;0.022871;0.022472;0.022643;0.023209;0.022779;0.022695;0.022643;0.022723;0.022403;0.023037;0.023954;0.02357;0.022462;0.022653;0.022503;0.022338;0.022456;0.02256;0.02196;0.022606;0.022573;0.022826;0.022898;0.022231;0.02204;0.021951;0.022797;0.022837;0.022621;0.022383;0.022146;0.022614;0.022562;0.022813;0.022701;0.022378;0.022446;0.022709;0.023669;0.022546;0.022469;0.022179;0.02269;0.02263;0.02234;0.022806;0.022794;0.022996;0.022186;0.02232;0.023068;0.022509;0.0226;0.022993;0.022324;0.022431;0.022164;0.022406;0.022247;0.022659;0.022411;0.022509;0.022811;0.022468;0.022221;0.022493;0.022107;0.023342;0.023718;0.023712;0.022823;0.022801;0.022814;0.022456;0.022633;0.022509;0.022483;0.022612;0.022487;0.022388;0.0225;0.022264;0.022413;0.023622;0.022182;0.022658;0.022627;0.022894;0.022493;0.022707;0.022715;0.022455;0.022564;0.022901;0.022528;0.022487;0.022344;0.02294;0.022468;0.02261;0.022689;0.022845;0.022367;0.02253;0.022739;0.022513;0.022339;0.022796;0.022818;0.022534;0.022258;0.022667;0.022601;0.022783;0.022846;0.022626;0.022453;0.022851;0.022864;0.022702;0.022594;0.022654;0.022192;0.022672;0.023488;0.023019;0.022556;0.023217;0.022093;0.02272;0.022327;0.02233;0.022531;0.022475;0.022963;0.022009;0.022634;0.022901;0.022612;0.022511;0.022374;0.022478;0.02273;0.02277;0.022479;0.02208;0.022237;0.022541;0.02272;0.022585;0.022666;0.022575;0.022478;0.022592;0.022408;0.022444;0.023108;0.022662;0.023055;0.022804;0.022461;0.022721;0.022362;0.022119;0.022521;0.02245;0.023275;0.022351;0.022139;0.022679;0.022898;0.023876;0.022548;0.023069;0.022382;0.022287;0.022603;0.02243;0.022424;0.022419;0.023457;0.023316;0.022411;0.022394;0.022032;0.022479;0.022227;0.022065;0.022331;0.022276;0.022593;0.022402;0.022403;0.022389;0.022182;0.022721;0.022494;0.02246;0.022482;0.022549;0.023048;0.023371;0.02271;0.02233;0.022672;0.022588;0.022329;0.022451;0.022687;0.022671;0.02312;0.022614;0.022857;0.022722;0.022739;0.023485;0.022397;0.022398;0.022394;0.02286;0.022602;0.022574;0.022327;0.022668;0.022529;0.022983;0.022728;0.022758;0.022657;0.022506;0.022531;0.022421;0.022473;0.022482;0.022635;0.023157;0.022905;0.023635;0.022185;0.022465;0.022551;0.022667;0.022827;0.022647;0.022559;0.022413;0.022997;0.02243;0.022371;0.022725;0.022657;0.022913;0.022546;0.022286;0.022893;0.022849;0.022003;0.02246;0.022716;0.023106;0.022095;0.023051;0.022934;0.022816;0.02291;0.022615;0.023431;0.02279;0.022557;0.022588;0.022674;0.02254;0.02281;0.022218;0.022437;0.022311;0.022343;0.022473;0.022454;0.022212;0.022555;0.023329;0.023007;0.023507;0.023456;0.022499;0.022763;0.022483;0.022725;0.022449;0.022587;0.022463;0.022728;0.022579;0.022514;0.022552;0.022318;0.02261;0.023039;0.02304;0.022435;0.022645;0.022756;0.0233;0.022242;0.022112;0.022377;0.022386;0.022079;0.02236;0.022633;0.022681;0.022562;0.022424;0.022917;0.02253;0.022263;0.022425;0.022631;0.022412;0.022628;0.022356;0.022225;0.022629;0.022782;0.022996;0.022819;0.02286;0.022364;0.022578;0.022785;0.022648;0.022568;0.022216;0.022363;0.022488;0.022611;0.022518;0.022903;0.022576;0.022852;0.022702;0.023186;0.022826;0.022831;0.022139;0.022848;0.022314;0.023497;0.023727;0.022861;0.021967;0.022097;0.022184;0.022447;0.022249;0.022074;0.022548;0.02228;0.02236;0.022486;0.022538;0.022536;0.022289;0.022028;0.022616;0.022535;0.02228;0.022468;0.022661;0.022588;0.023007;0.022761;0.022437;0.022632;0.022954;0.022481;0.022419;0.02252;0.022382;0.022638;0.022478;0.022573;0.023004;0.022637;0.022565;0.022573;0.022052;0.022452;0.022637;0.021984;0.022212;0.024149;0.022696;0.022213;0.022657;0.023395;0.022545;0.022547;0.022227;0.02253;0.022801;0.022507;0.022551;0.022245;0.022304;0.022596;0.022246;0.02227;0.022606;0.02265;0.022258;0.0228;0.02225;0.022321;0.022551;0.022768;0.022348;0.022418;0.022772;0.022667;0.022867;0.022271;0.022239;0.022567;0.02235;0.022808;0.022716;0.022874;0.023175;0.022806;0.022651;0.022683;0.022914;0.022125;0.022118;0.023395;0.022148;0.022507;0.021897;0.022961;0.022556;0.022841;0.023877;0.022879;0.022351;0.022799;0.022688;0.022718;0.022531;0.022486;0.022763;0.022577;0.022458;0.022294;0.022467;0.023157;0.022608;0.022559;0.022467;0.022526;0.022838;0.022321;0.022827;0.022608;0.021997;0.022401;0.022459;0.02268;0.022582;0.022654;0.022648;0.023004;0.022803;0.02266;0.02228;0.022576;0.022364;0.022485;0.022146;0.023354;0.02238;0.022947;0.022361;0.022137;0.022353;0.022563;0.022571;0.022348;0.022086;0.022033;0.022332;0.022376;0.022243;0.022469;0.022336;0.022299;0.022248;0.022304;0.02227;0.022829;0.022404;0.022499;0.022214;0.022638;0.022849;0.022728;0.022393;0.022669;0.022496;0.022544;0.022361;0.022476;0.022133;0.022152;0.022828;0.022566;0.022352;0.022424;0.022686;0.022127;0.022259;0.022397;0.022352;0.022505;0.023471;0.022504;0.023554;0.022852;0.022342;0.022434;0.022241;0.022477;0.02279;0.022488;0.022499;0.022723;0.02235;0.02256;0.022492;0.022749;0.022412;0.022077;0.022621;0.022483;0.022522;0.022322;0.022423;0.022515;0.022217;0.022377;0.022516;0.022916;0.022424;0.022435;0.022436;0.022315;0.022546;0.022357;0.022506;0.022225;0.022367;0.021897;0.022491;0.022495;0.022748;0.022505;0.0222;0.022933;0.023308;0.021876;0.022399;0.022631;0.022261;0.022743;0.022753;0.022494;0.02242;0.022454;0.022523;0.022323;0.022412;0.022203;0.022415;0.023401;0.022879;0.022501;0.022259;0.022487;0.023029;0.022616;0.022388;0.022468;0.022446;0.022693;0.022587;0.022883;0.022946;0.02203;0.022639;0.022613;0.022384;0.0225;0.02247;0.022865;0.02202;0.022851;0.022119;0.022472;0.022517;0.022865;0.022683;0.022369;0.022448;0.023428;0.02198;0.022757;0.022465;0.022371;0.022272;0.022582;0.022552;0.022179;0.022436;0.022098;0.02266;0.023122;0.022838;0.022301;0.022652;0.022967;0.022947;0.023241;0.022692;0.022193;0.022634;0.022409;0.022543;0.022489;0.022543;0.022731;0.022187;0.022444;0.022272;0.022339;0.022428;0.022602;0.022432;0.02229;0.022084;0.022659;0.022614;0.022629;0.022849;0.022647;0.02279;0.022284;0.022;0.024101;0.022879;0.02235;0.022851;0.022718;0.022708;0.02271;0.022571;0.023095;0.022306;0.022582;0.022735;0.022422;0.022724;0.022356;0.022698;0.022804;0.022816;0.022846;0.022575;0.022341;0.022809;0.02247;0.022324;0.022629;0.022017;0.022551;0.022194;0.022329;0.022206;0.022783;0.023076;0.022742;0.02233;0.022052;0.022934;0.022667;0.022701;0.022659;0.022781;0.022597;0.022842;0.022523;0.022562;0.024032;0.022345;0.022539;0.022572;0.022911;0.02268;0.02267;0.022185;0.022562;0.022452;0.022445;0.022487;0.022733;0.022629;0.022533;0.022447;0.022872;0.022686;0.022517;0.022226;0.022243;0.022694;0.0229;0.022611;0.02243;0.023268;0.022756;0.02239;0.022879;0.022752;0.022568;0.022894;0.022591;0.02239;0.022808;0.022613;0.022461;0.023008;0.023137;0.02257;0.022317;0.022848;0.022409;0.022431;0.02376;0.02235;0.022692;0.022393;0.022427;0.022733;0.023231;0.022337;0.022169;0.022207;0.022743;0.022578;0.022701;0.022702;0.022257;0.022812;0.022037;0.02181;0.022697;0.022465;0.022311;0.022506;0.022615;0.022281;0.022469;0.022691;0.02248;0.022158;0.022235;0.022214;0.023017;0.022462;0.022432;0.022339;0.02284;0.022603;0.022493;0.022173;0.022885;0.022713;0.022272;0.022335;0.022201;0.022571;0.022688;0.023367;0.022346;0.022625;0.022879;0.022744;0.022608;0.022753;0.022756;0.023566;0.022859;0.02282;0.021948;0.022653;0.022896;0.022982;0.022887;0.022524;0.022524;0.022575;0.022589;0.022691;0.022614;0.022527;0.022427;0.022487;0.022714;0.022379;0.02225;0.02281;0.022224;0.022534;0.022571;0.022439;0.022149;0.022342;0.022221;0.022493;0.022555;0.022765;0.022459;0.022591;0.022438;0.022478;0.022341;0.023805;0.022734;0.022578;0.022005;0.022261;0.022583;0.022375;0.022627;0.022472;0.022505;0.022361;0.02239;0.022132;0.022721;0.022399;0.022238;0.022248;0.022815;0.022849;0.022512;0.02253;0.022498;0.022303;0.022831;0.02255;0.022619;0.022406;0.023205;0.022578;0.023231;0.023063;0.022816;0.022607;0.022717;0.022294;0.022384;0.022411;0.022456;0.022718;0.022813;0.022515;0.022735;0.022532;0.022197;0.024019;0.022408;0.022138;0.022378;0.022534;0.023171;0.022269;0.022497;0.022225;0.022265;0.022428;0.02308;0.022713;0.022766;0.022617;0.022664;0.02307;0.022602;0.022733;0.022552;0.022721;0.022793;0.022462;0.022535;0.022267;0.022988;0.022549;0.022702;0.022225;0.022624;0.022338;0.022341;0.023786;0.022554;0.022772;0.022407;0.022386;0.02224;0.022223;0.022289;0.022556;0.022591;0.022537;0.022105;0.023572;0.022689;0.022481;0.022858;0.023042;0.022883;0.022802;0.022709;0.022701;0.022614;0.023164;0.022945;0.023247;0.02237;0.022948;0.023026;0.022659;0.022739;0.022892;0.02316;0.022857;0.023254;0.022632;0.022085;0.022473;0.022733;0.022367;0.02216;0.022985;0.022921;0.02239;0.022844;0.022807;0.022061;0.022769;0.023839;0.022953;0.023013;0.02227;0.022405;0.022723;0.022856;0.022742;0.022519;0.023513;0.022585;0.022126;0.022692;0.022606;0.022543;0.022423;0.022493;0.022563;0.022898;0.02301;0.022682;0.022079;0.022491;0.022656;0.022742;0.02247;0.023024;0.022615;0.02256;0.022931;0.022559;0.022588;0.022359;0.022787;0.022551;0.022878;0.022643;0.022558;0.022792;0.022457;0.022718;0.022887;0.022424;0.022301;0.022178;0.022535;0.022751;0.023372;0.022415;0.022602;0.022628;0.02279;0.022474;0.023933;0.022069;0.022645;0.022976;0.021974;0.022098;0.02227;0.022394;0.022547;0.022033;0.022034;0.022738;0.022573;0.022639;0.022446;0.022477;0.022608;0.022304;0.022413;0.022458;0.022625;0.022145;0.022974;0.022806;0.022362;0.022209;0.02207;0.022275;0.022027;0.022397;0.022555;0.022618;0.022413;0.022415;0.022678;0.022259;0.022594;0.022505;0.02254;0.022643;0.022156;0.022588;0.022545;0.023127;0.022645;0.023131;0.022305;0.023015;0.022639;0.022809;0.023816;0.022734;0.023151;0.022809;0.022314;0.022671;0.023;0.022678;0.0224;0.022253;0.02256;0.02186;0.022886;0.0223;0.023009;0.022915;0.022463;0.02296;0.022329;0.022211;0.02257;0.022526;0.022783;0.022796;0.022547;0.022532;0.022593;0.02251;0.02278;0.022551;0.022848;0.022496;0.022964;0.022847;0.022434;0.022445;0.022397;0.022571;0.022674;0.023345;0.02268;0.02236;0.022801;0.022832;0.022825;0.023053;0.022995;0.022633;0.023025;0.022526;0.022562;0.022301;0.022776;0.022297;0.022148;0.022624;0.02306;0.023295;0.022178;0.022504;0.022056;0.022921;0.022746;0.022762;0.022347;0.022382;0.022223;0.022578;0.022359;0.022797;0.022189;0.022578;0.022781;0.022458;0.022145;0.022522;0.022435;0.022507;0.022766;0.022165;0.022555;0.02257;0.022291;0.023591;0.022708;0.022941;0.023185;0.022487;0.022454;0.022347;0.022483;0.022543;0.022105;0.022515;0.022729;0.022432;0.022642;0.021895;0.022283;0.022366;0.022695;0.022562;0.0223;0.023028;0.023653;0.022598;0.022479;0.022099;0.022773;0.022036;0.022361;0.022332;0.02237;0.022672;0.022728;0.023104;0.021943;0.022172;0.022354;0.022435;0.02257;0.022474;0.022198;0.021983;0.022223;0.022608;0.022475;0.029208;0.0228;0.023599;0.023402;0.023088;0.023401;0.023191;0.022852;0.022514;0.022469;0.022371;0.022459;0.022677;0.022815;0.022333;0.022431;0.022795;0.022415;0.022368;0.022687;0.02273;0.022708;0.022703;0.022702;0.022345;0.022741;0.022483;0.023335;0.022211;0.022311;0.022355;0.022416;0.023766;0.02285;0.022668;0.023223;0.023208;0.023291;0.023064;0.023443;0.023194;0.023003;0.02295;0.022735;0.023835;0.022662;0.022795;0.022507;0.022846;0.022679;0.022505;0.022441;0.021936;0.022403;0.022955;0.022773;0.022507;0.022253;0.022251;0.022336;0.022349;0.022612;0.022863;0.022729;0.022679;0.022362;0.022873;0.022009;0.022583;0.022725;0.022842;0.0227;0.022538;0.022499;0.02219;0.023057;0.022551;0.022513;0.022772;0.022364;0.022481;0.022611;0.022623;0.022803;0.022531;0.022679;0.022465;0.022368;0.023583;0.021917;0.021971;0.022234;0.022474;0.0223;0.022374;0.022723;0.022158;0.023559;0.022539;0.022427;0.02186;0.022571;0.022568;0.022624;0.02204;0.022207;0.022616;0.022456;0.022914;0.023253;0.022788;0.022624;0.023103;0.022272;0.022676;0.022187;0.022321;0.022328;0.022479;0.022578;0.022418;0.02299;0.022786;0.022494;0.022724;0.022469;0.022141;0.022646;0.022345;0.022139;0.022118;0.022271;0.022703;0.023575;0.022245;0.022908;0.022428;0.022546;0.022099;0.022151;0.022621;0.022593;0.022591;0.02203;0.02234;0.022327;0.022291;0.022645;0.02267;0.022834;0.022237;0.022764;0.022991;0.022699;0.022921;0.023801;0.023085;0.022632;0.022704;0.02257;0.023138;0.022557;0.022663;0.022182;0.022032;0.02282;0.022772;0.022038;0.022523;0.022334;0.022425;0.022265;0.022564;0.022523;0.022797;0.022353;0.022702;0.024302;0.022127;0.023221;0.022175;0.022672;0.022265;0.022387;0.022699;0.022449;0.02265;0.022492;0.022819;0.022325;0.022588;0.02286;0.022761;0.022342;0.022025;0.022545;0.02226;0.022698;0.022078;0.022456;0.022111;0.022592;0.023153;0.022644;0.022561;0.022513;0.022308;0.022568;0.022824;0.022604;0.022473;0.022833;0.023117;0.022954;0.022501;0.022295;0.022436;0.022359;0.022658;0.022445;0.022237;0.023006;0.022525;0.023055;0.022253;0.022595;0.022339;0.022109;0.022458;0.022794;0.022623;0.022549;0.022693;0.022361;0.022506;0.022529;0.022395;0.022524;0.022425;0.022415;0.022793;0.022489;0.022219;0.022348;0.021904;0.022512;0.022805;0.02269;0.022756;0.022595;0.022222;0.022721;0.023079;0.022826;0.022924;0.022584;0.022401;0.022482;0.02246;0.022767;0.022662;0.022711;0.022615;0.022348;0.022155;0.023894;0.022264;0.023323;0.023307;0.022104;0.022169;0.0222;0.022456;0.022132;0.022368;0.022693;0.022269;0.02203;0.022329;0.022391;0.022392;0.022348;0.02239;0.022261;0.022574;0.0223;0.022154;0.022406;0.022299;0.02291;0.022669;0.022417;0.022541;0.022526;0.022619;0.022341;0.022609;0.022564;0.022416;0.022663;0.022806;0.022194;0.022231;0.022263;0.021973;0.022404;0.022334;0.022396;0.022281;0.02235;0.02394;0.022668;0.0227;0.022553;0.023476;0.023205;0.022483;0.022614;0.022645;0.022726;0.022294;0.022654;0.022736;0.022431;0.022573;0.022865;0.02279;0.022737;0.022358;0.022355;0.023072;0.022951;0.022897;0.022631;0.02282;0.022522;0.022547;0.022445;0.022842;0.022981;0.02246;0.022896;0.022595;0.02262;0.022589;0.022204;0.022435;0.022297;0.022445;0.022601;0.022776;0.022632;0.022293;0.022508;0.023275;0.022684;0.022023;0.021918;0.022236;0.022171;0.02204;0.022469;0.02373;0.02319;0.022682;0.022199;0.022436;0.022344;0.02245;0.02228;0.022634;0.022699;0.022915;0.022735;0.021996;0.022552;0.02254;0.022971;0.023003;0.023052;0.022524;0.021886;0.022524;0.022218;0.022548;0.022405;0.022789;0.022446;0.022446;0.021946;0.022636;0.022582;0.022623;0.022749;0.02284;0.022977;0.022311;0.022247;0.023593;0.022367;0.022667;0.022875;0.023047;0.022949;0.022998;0.022763;0.022998;0.022513;0.023107;0.023821;0.023888;0.022331;0.022827;0.022426;0.022479;0.022565;0.022548;0.022329;0.022583;0.022311;0.022413;0.022131;0.022256;0.022301;0.02251;0.022461;0.022157;0.022289;0.022301;0.022946;0.022664;0.022547;0.022833;0.022683;0.022139;0.022069;0.02234;0.022577;0.022648;0.022509;0.022219;0.022607;0.023232;0.022529;0.022893;0.022993;0.022714;0.022271;0.022705;0.022392;0.022636;0.022827;0.023196;0.022629;0.023133;0.023043;0.022886;0.022483;0.022603;0.022434;0.022513;0.022683;0.022961;0.02266;0.022872;0.022251;0.022636;0.021969;0.022437;0.022293;0.022828;0.022311;0.022712;0.022483;0.02303;0.022486;0.023634;0.023655;0.0227;0.022839;0.022666;0.022584;0.022772;0.022673;0.02247;0.022648;0.023992;0.022333;0.022448;0.022743;0.023;0.022584;0.02318;0.022895;0.022788;0.022711;0.022982;0.023186;0.022613;0.022331;0.022528;0.022739;0.022639;0.02261;0.021915;0.022114;0.02228;0.022821;0.022238;0.022495;0.022998;0.022264;0.022017;0.022483;0.022552;0.023039;0.022506;0.022335;0.022245;0.023188;0.022611;0.022208;0.022006;0.022739;0.022742;0.022816;0.023472;0.022546;0.022665;0.022636;0.023731;0.022348;0.023258;0.022403;0.023095;0.023315;0.023263;0.02297;0.022846;0.02277;0.022561;0.022626;0.022669;0.022656;0.02277;0.02267;0.022728;0.022426;0.022779;0.022606;0.022902;0.02245;0.022397;0.022564;0.022285;0.022607;0.022738;0.022401;0.022361;0.022002;0.023348;0.023229;0.023323;0.022896;0.022694;0.022643;0.023436;0.022639;0.022485;0.023007;0.022046;0.022354;0.022672;0.022378;0.024676;0.023046;0.022603;0.02312;0.022811;0.02284;0.022524;0.023172;0.022973;0.022381;0.022336;0.022918;0.022622;0.023142;0.022997;0.022844;0.02259;0.022199;0.022845;0.022673;0.022724;0.022097;0.02245;0.022241;0.022676;0.023046;0.023455;0.022578;0.022651;0.02285;0.023194;0.022683;0.023161;0.023115;0.02318;0.022958;0.022375;0.022805;0.022946;0.022575;0.021953;0.022842;0.022319;0.022684;0.023537;0.022083;0.022195;0.022713;0.023415;0.024061;0.022778;0.022848;0.022753;0.022965;0.022864;0.022809;0.022952;0.023243;0.023225;0.022532;0.022564;0.022436;0.022414;0.022584;0.022131;0.022853;0.022128;0.022078;0.022249;0.021941;0.022278;0.022803;0.022884;0.022084;0.022519;0.02215;0.02208;0.022445;0.022241;0.022316;0.022505;0.022726;0.022065;0.021939;0.022434;0.022431;0.022373;0.0225;0.02448;0.022554;0.022303;0.022494;0.023095;0.022702;0.022641;0.022882;0.022878;0.022856;0.022698;0.02251;0.022328;0.021974;0.022503;0.022609;0.022757;0.022282;0.022447;0.022657;0.023048;0.022787;0.022357;0.022647;0.022486;0.022524;0.023514;0.022726;0.022829;0.022642;0.022602;0.02262;0.022656;0.022644;0.022902;0.022456;0.022572;0.022072;0.02245;0.022944;0.022624;0.022757;0.022257;0.022552;0.022469;0.023363;0.0227;0.023066;0.023002;0.023161;0.023165;0.022711;0.022523;0.022124;0.022278;0.022457;0.022729;0.022407;0.022568;0.022407;0.022862;0.022577;0.022347;0.022749;0.022446;0.022007;0.022816;0.022642;0.02253;0.022751;0.022736;0.022812;0.022666;0.022669;0.022454;0.022554;0.022495;0.022985;0.02283;0.022631;0.02268;0.023155;0.023815;0.022701;0.022544;0.022564;0.022422;0.022437;0.0226;0.023373;0.022782;0.022554;0.02274;0.02293;0.022919;0.022713;0.022461;0.022571;0.022433;0.022199;0.022585;0.022235;0.022244;0.02241;0.022619;0.022176;0.02241;0.022255;0.022637;0.022779;0.022589;0.022891;0.022993;0.023032;0.022667;0.022396;0.022154;0.022613;0.022795;0.02242;0.022148;0.022349;0.02262;0.022537;0.022374;0.022955;0.022657;0.023238;0.022452;0.022753;0.022676;0.022598;0.022781;0.023811;0.022438;0.022643;0.022615;0.022364;0.023427;0.022105;0.021984;0.022449;0.022366;0.022475;0.022258;0.022764;0.022994;0.022929;0.022764;0.022733;0.022403;0.022462;0.022846;0.022566;0.022702;0.022612;0.022438;0.022841;0.022793;0.0225;0.022597;0.02252;0.022687;0.022442;0.022851;0.022696;0.02244;0.022769;0.02233;0.022668;0.022723;0.022535;0.022176;0.022745;0.022733;0.022427;0.022721;0.023802;0.022438;0.022293;0.022293;0.022501;0.022621;0.022672;0.022503;0.022365;0.022809;0.022348;0.022247;0.022621;0.022509;0.022301;0.022657;0.022593;0.023465;0.022723;0.022443;0.022856;0.022425;0.02246;0.022458;0.02328;0.022384;0.022203;0.022433;0.022305;0.022452;0.022252;0.022423;0.022456;0.022893;0.022618;0.022444;0.022544;0.023185;0.022389;0.02258;0.022731;0.022714;0.022507;0.022389;0.023629;0.022208;0.022155;0.022331;0.0223;0.022463;0.022187;0.022423;0.022398;0.022284;0.022562;0.021958;0.022609;0.023003;0.023324;0.022398;0.022845;0.022114;0.02274;0.022768;0.022421;0.02256;0.022268;0.022048;0.022505;0.02252;0.022487;0.022468;0.022587;0.022517;0.022431;0.022382;0.022291;0.022388;0.022292;0.022481;0.022527;0.022328;0.02255;0.022952;0.022392;0.022305;0.022964;0.022902;0.022623;0.023488;0.022561;0.022624;0.022129;0.022803;0.022574;0.022893;0.023069;0.022946;0.022836;0.022941;0.022851;0.024168;0.023063;0.022556;0.02227;0.022234;0.02288;0.022147;0.022131;0.022711;0.022634;0.021978;0.022551;0.022232;0.022115;0.022544;0.022691;0.022388;0.022876;0.022313;0.022696;0.022327;0.022819;0.022383;0.022199;0.02246;0.0228;0.02244;0.022772;0.02285;0.022346;0.022837;0.023038;0.023415;0.022736;0.022209;0.022421;0.022433;0.022677;0.022993;0.022838;0.022762;0.02189;0.022427;0.022324;0.022433;0.021883;0.022639;0.022472;0.022722;0.022246;0.022597;0.022569;0.022025;0.021943;0.022591;0.022305;0.022349;0.022659;0.022324;0.022504;0.022186;0.02248;0.022214;0.022446;0.022205;0.022333;0.021972;0.022353;0.022705;0.02242;0.02276;0.022677;0.022293;0.022309;0.022614;0.022232;0.023287;0.022588;0.022535;0.022718;0.022588;0.022439;0.022297;0.022906;0.022601;0.02375;0.023148;0.02274;0.022538;0.022442;0.022785;0.022971;0.022586;0.022876;0.022366;0.022233;0.022821;0.022762;0.022439;0.022631;0.022409;0.022933;0.022785;0.022813;0.022278;0.022836;0.022689;0.022738;0.022535;0.022552;0.022494;0.0225;0.022646;0.022751;0.022394;0.022501;0.022368;0.022411;0.022187;0.022171;0.023428;0.022272;0.022807;0.022573;0.02226;0.022678;0.023026;0.022635;0.022383;0.022633;0.022445;0.022852;0.022615;0.023201;0.022673;0.022244;0.022343;0.022335;0.022656;0.022708;0.02305;0.022492;0.023741;0.022626;0.022418;0.02254;0.023055;0.022113;0.0225;0.022508;0.022789;0.022739;0.022492;0.022244;0.022712;0.022566;0.022451;0.022027;0.022633;0.022758;0.022589;0.022527;0.022761;0.022838;0.022921;0.023581;0.022275;0.022558;0.022362;0.022747;0.022735;0.022179;0.022181;0.022287;0.022527;0.022792;0.022662;0.022623;0.022678;0.022748;0.022724;0.022468;0.022165;0.022559;0.022595;0.022719;0.023016;0.022255;0.021958;0.022027;0.022716;0.022832;0.022575;0.022663;0.022979;0.022531;0.022656;0.022556;0.023704;0.022674;0.022118;0.02232;0.022862;0.022524;0.022798;0.022641;0.022861;0.022836;0.02291;0.024252;0.022402;0.023004;0.02249;0.02263;0.02258;0.022591;0.022181;0.02232;0.022526;0.022918;0.022679;0.022534;0.022941;0.022408;0.022968;0.022572;0.022612;0.022727;0.022347;0.022508;0.022001;0.022081;0.022438;0.022619;0.022692;0.022438;0.023062;0.022095;0.022185;0.022169;0.022443;0.022554;0.022794;0.022273;0.022927;0.023179;0.022375;0.022201;0.02253;0.022429;0.022487;0.022291;0.022276;0.023488;0.022411;0.022934;0.022502;0.022622;0.022502;0.022346;0.022747;0.022635;0.022566;0.02234;0.022377;0.02284;0.022657;0.022631;0.02257;0.022448;0.022786;0.022537;0.022381;0.022735;0.022164;0.02284;0.022163;0.022428;0.022378;0.022434;0.022895;0.022569;0.022591;0.022715;0.022742;0.022571;0.022487;0.022557;0.022766;0.022616;0.022666;0.022756;0.023413;0.022168;0.022408;0.022449;0.022153;0.023486;0.022432;0.022498;0.022178;0.02269;0.022388;0.022784;0.022195;0.022162;0.022992;0.02279;0.022733;0.022949;0.022457;0.022921;0.022608;0.022073;0.02222;0.022836;0.023033;0.022286;0.023029;0.0224;0.022726;0.022784;0.022506;0.022419;0.022795;0.022376;0.022492;0.022932;0.022867;0.022528;0.022622;0.022659;0.022311;0.022104;0.022488;0.022168;0.022568;0.022935;0.023826;0.022613;0.022666;0.023435;0.022422;0.022558;0.023098;0.023023;0.022857;0.022707;0.023099;0.02244;0.02252;0.022393;0.022719;0.022502;0.022633;0.022272;0.022415;0.022523;0.02229;0.022646;0.022568;0.022859;0.022418;0.022355;0.022598;0.022452;0.02254;0.022978;0.022667;0.02312;0.022768;0.022246;0.022611;0.022515;0.022444;0.022031;0.022616;0.022618;0.022503;0.022626;0.021815;0.02206;0.022334;0.022233;0.022832;0.022544;0.023735;0.022495;0.022371;0.022027;0.022201;0.022593;0.022866;0.022676;0.023788;0.023072;0.022779;0.022765;0.022337;0.022741;0.022345;0.022425;0.022779;0.022627;0.022543;0.022754;0.022568;0.022704;0.022551;0.022542;0.022788;0.022385;0.02221;0.022265;0.022584;0.022866;0.023116;0.022545;0.022512;0.022627;0.022423;0.022533;0.023124;0.022677;0.022791;0.022603;0.022597;0.022622;0.022376;0.022435;0.02322;0.022493;0.022281;0.02225;0.022336;0.022377;0.022343;0.02237;0.022341;0.022772;0.022404;0.022605;0.022491;0.022773;0.022494;0.022244;0.022431;0.022805;0.022693;0.0226;0.02257;0.022649;0.02377;0.024018;0.022981;0.02282;0.022626;0.02202;0.022442;0.022491;0.023023;0.022771;0.02285;0.022563;0.022369;0.021807;0.022385;0.022545;0.022554;0.022399;0.02222;0.022857;0.022557;0.022962;0.024258;0.022782;0.022599;0.022352;0.022685;0.022597;0.022658;0.022146;0.022719;0.022682;0.022319;0.02199;0.021965;0.022664;0.02278;0.022761;0.022317;0.022398;0.022173;0.022481;0.022301;0.022723;0.022595;0.022628;0.022925;0.022723;0.022692;0.022449;0.0228;0.022403;0.022491;0.02259;0.022408;0.022472;0.022853;0.022411;0.022553;0.022543;0.022375;0.023308;0.023069;0.022659;0.022954;0.022959;0.023585;0.022331;0.022202;0.022163;0.022449;0.022793;0.022992;0.023069;0.022393;0.02254;0.02232;0.022515;0.02308;0.022936;0.022099;0.022461;0.022597;0.022324;0.022317;0.022363;0.022744;0.022469;0.022623;0.022453;0.022876;0.022623;0.022428;0.022477;0.022331;0.02306;0.023195;0.022815;0.022679;0.022425;0.022275;0.022426;0.022328;0.022194;0.022431;0.023282;0.022283;0.022544;0.022477;0.022462;0.023739;0.022519;0.022403;0.022698;0.022467;0.02246;0.022614;0.022767;0.02209;0.022466;0.022502;0.022562;0.022362;0.022252;0.022315;0.022425;0.022293;0.02224;0.022501;0.02241;0.021886;0.022328;0.022336;0.022448;0.023025;0.022343;0.022583;0.022647;0.022757;0.022414;0.022396;0.022608;0.0224;0.022432;0.022068;0.022293;0.02261;0.022195;0.022199;0.022712;0.023101;0.022618;0.023759;0.022721;0.022779;0.024081;0.022167;0.022813;0.022632;0.021946;0.022344;0.022669;0.022823;0.022818;0.022448;0.02313;0.022717;0.022403;0.02256;0.023011;0.02237;0.022638;0.02286;0.022913;0.022916;0.02239;0.022112;0.022699;0.022362;0.023309;0.022951;0.022725;0.022736;0.022567;0.022972;0.022247;0.022264;0.022442;0.022427;0.02252;0.022286;0.022352;0.022823;0.022345;0.022656;0.022608;0.022193;0.022799;0.023542;0.024186;0.022785;0.022845;0.022582;0.022244;0.022322;0.022534;0.022837;0.02279;0.022901;0.02275;0.022475;0.022588;0.02228;0.022417;0.022372;0.022841;0.022804;0.022012;0.02292;0.022549;0.022487;0.022333;0.022463;0.022971;0.022338;0.022412;0.022357;0.022356;0.022548;0.0228;0.022845;0.022626;0.02214;0.022259;0.022385;0.022504;0.022623;0.022543;0.022514;0.02262;0.022412;0.022368;0.023193;0.023423;0.02241;0.022381;0.022258;0.022269;0.022721;0.023138;0.02238;0.022611;0.022062;0.022925;0.023104;0.023327;0.022329;0.022276;0.022849;0.022801;0.022981;0.022643;0.022822;0.022875;0.023126;0.022747;0.022552;0.023231;0.022181;0.022333;0.022535;0.022778;0.023344;0.023451;0.022882;0.022704;0.022651;0.022026;0.022522;0.022481;0.022707;0.02229;0.022235;0.023015;0.02254;0.022634;0.022726;0.024053;0.022207;0.022213;0.022709;0.022833;0.022978;0.023198;0.022527;0.022405;0.022223;0.02218;0.022446;0.02242;0.022214;0.022676;0.022409;0.0223;0.022306;0.022587;0.022249;0.022919;0.022461;0.022726;0.022527;0.023382;0.022809;0.022166;0.022813;0.022458;0.022313;0.022316;0.022702;0.02271;0.022834;0.022739;0.022307;0.02249;0.022199;0.022112;0.022607;0.022055;0.022457;0.022274;0.022866;0.024084;0.022745;0.022507;0.022932;0.023289;0.02272;0.022915;0.02246;0.022168;0.022151;0.022331;0.022445;0.022019;0.022317;0.022158;0.02254;0.022273;0.022244;0.022137;0.022825;0.022584;0.022426;0.022543;0.022647;0.022424;0.022184;0.022033;0.022365;0.022023;0.02241;0.022585;0.022194;0.022678;0.023035;0.022428;0.022912;0.023041;0.022732;0.022873;0.022638;0.022657;0.022401;0.022537;0.022925;0.022386;0.023852;0.022817;0.022536;0.022745;0.022832;0.023103;0.022803;0.022828;0.023017;0.022778;0.022122;0.022531;0.022519;0.022303;0.022287;0.022191;0.023092;0.022553;0.023196;0.022221;0.022816;0.022794;0.022552;0.022674;0.022329;0.02248;0.022635;0.022286;0.02236;0.021907;0.022707;0.022895;0.022612;0.022634;0.021981;0.022109;0.02258;0.022855;0.022469;0.022707;0.022653;0.022755;0.022621;0.022977;0.024198;0.022711;0.02255;0.022786;0.023036;0.024177;0.022988;0.023299;0.02254;0.022693;0.022477;0.022612;0.022595;0.023046;0.022774;0.022357;0.022603;0.022717;0.022736;0.022604;0.022611;0.022823;0.023017;0.022598;0.022439;0.02275;0.022105;0.023262;0.022979;0.022734;0.022871;0.022213;0.022159;0.022448;0.022564;0.02255;0.02268;0.022456;0.022523;0.022761;0.022352;0.022687;0.02233;0.022339;0.023615;0.022389;0.022775;0.022312;0.02249;0.022175;0.02222;0.023184;0.023946;0.02276;0.022339;0.022211;0.022298;0.022751;0.02215;0.022271;0.022467;0.022628;0.022338;0.022323;0.022108;0.023027;0.022719;0.022611;0.023112;0.022633;0.022438;0.02266;0.022393;0.022421;0.022186;0.022198;0.022261;0.02241;0.022335;0.022144;0.022496;0.021841;0.022342;0.022159;0.022761;0.022192;0.022298;0.022531;0.023864;0.022699;0.02268;0.023126;0.022802;0.022599;0.023032;0.02203;0.022354;0.02268;0.022831;0.024092;0.022558;0.022809;0.022724;0.022352;0.022772;0.022829;0.022593;0.023032;0.022748;0.022989;0.022817;0.022358;0.022787;0.022878;0.022441;0.022205;0.022578;0.022671;0.022749;0.022293;0.022809;0.022635;0.022438;0.023073;0.022469;0.022552;0.022618;0.02221;0.02256;0.022262;0.02258;0.02259;0.023414;0.022172;0.022836;0.022216;0.022394;0.022597;0.022749;0.022559;0.022904;0.022636;0.022864;0.023281;0.022595;0.022311;0.022541;0.022;0.022326;0.021744;0.022529;0.022422;0.021834;0.022074;0.02247;0.023624;0.022007;0.02261;0.022254;0.02304;0.022707;0.022705;0.022297;0.022892;0.022933;0.022677;0.022186;0.022542;0.022819;0.022099;0.022831;0.022757;0.02252;0.022822;0.022293;0.022591;0.02258;0.023352;0.022217;0.021944;0.022334;0.022224;0.022292;0.022261;0.022732;0.022694;0.022542;0.022257;0.022667;0.02237;0.022308;0.022414;0.022122;0.022594;0.023083;0.022708;0.022742;0.022999;0.02238;0.022648;0.022495;0.022184;0.023101;0.02256;0.02237;0.02273;0.022633;0.022854;0.022603;0.022165;0.022439;0.022552;0.022783;0.022152;0.022441;0.02271;0.022574;0.022738;0.02279;0.02252;0.022345;0.023701;0.022508;0.022769;0.022977;0.022511;0.022205;0.023269;0.022997;0.022907;0.023756;0.023885;0.023252;0.023123;0.022669;0.02269;0.02235;0.022318;0.022134;0.022689;0.022724;0.022576;0.022407;0.022735;0.022149;0.022164;0.022065;0.022088;0.022474;0.022458;0.022703;0.022608;0.022404;0.022627;0.022528;0.022185;0.022044;0.022499;0.022929;0.022133;0.022859;0.022488;0.022333;0.022834;0.02301;0.024307;0.023073;0.023166;0.023084;0.022881;0.022643;0.022507;0.022055;0.022526;0.02272;0.022602;0.022239;0.022527;0.023787;0.023304;0.022833;0.022832;0.022731;0.022655;0.02273;0.022671;0.022585;0.022674;0.022096;0.022399;0.022289;0.022261;0.022452;0.022226;0.022629;0.022888;0.022948;0.022241;0.022232;0.022494;0.022742;0.022703;0.022162;0.022457;0.02204;0.022656;0.022771;0.022537;0.022123;0.024135;0.022113;0.022402;0.022533;0.022747;0.022512;0.022787;0.022312;0.022702;0.022924;0.022136;0.022742;0.022851;0.022902;0.022143;0.022661;0.022622;0.023075;0.022783;0.022566;0.022959;0.022434;0.022431;0.02345;0.022474;0.02243;0.022959;0.022606;0.022658;0.023056;0.022568;0.022543;0.022709;0.022522;0.021988;0.022323;0.022258;0.022431;0.022416;0.022177;0.022412;0.022938;0.022365;0.022658;0.023885;0.022458;0.02282;0.022572;0.022582;0.022529;0.022253;0.021985;0.022283;0.022584;0.022554;0.023829;0.022782;0.022892;0.022378;0.022413;0.022388;0.022305;0.022448;0.022433;0.022588;0.022795;0.022771;0.022893;0.022468;0.022899;0.022975;0.022252;0.022439;0.022536;0.022413;0.022392;0.022483;0.022675;0.022685;0.022881;0.022235;0.022594;0.022541;0.022189;0.022264;0.022313;0.022263;0.022901;0.023899;0.022222;0.022568;0.022525;0.022631;0.02266;0.02263;0.02229;0.022931;0.022662;0.022305;0.022294;0.022883;0.02337;0.023685;0.022819;0.022295;0.022639;0.022762;0.022511;0.02286;0.022744;0.022514;0.022296;0.022194;0.022795;0.022825;0.022548;0.022471;0.022164;0.022756;0.022509;0.022367;0.022623;0.022475;0.022825;0.022426;0.022609;0.022734;0.023073;0.022369;0.022704;0.02317;0.022866;0.022586;0.024296;0.022645;0.02267;0.0224;0.022666;0.02266;0.022264;0.022394;0.022006;0.022837;0.022796;0.022993;0.022171;0.02206;0.022466;0.022536;0.022389;0.022221;0.022845;0.022413;0.022526;0.022707;0.022887;0.023297;0.022645;0.022893;0.022933;0.022879;0.022642;0.022976;0.022876;0.022635;0.022381;0.022148;0.022801;0.022499;0.022047;0.022479;0.02266;0.0227;0.022423;0.021893;0.022606;0.022943;0.023901;0.02255;0.022178;0.022491;0.022685;0.022966;0.022611;0.02266;0.022619;0.022261;0.022055;0.02252;0.022566;0.022788;0.022785;0.022573;0.022424;0.022629;0.022663;0.022354;0.022433;0.022327;0.022249;0.022417;0.02234;0.022377;0.022301;0.022555;0.023129;0.022285;0.022705;0.022517;0.022349;0.022176;0.022633;0.022972;0.022425;0.022941;0.022522;0.022559;0.022666;0.02235;0.022167;0.022631;0.023302;0.022259;0.022089;0.022326;0.022234;0.022809;0.022783;0.022967;0.022634;0.022613;0.022784;0.022647;0.022614;0.022551;0.022243;0.022736;0.022492;0.022437;0.022765;0.023008;0.022807;0.022804;0.022453;0.02211;0.022492;0.022863;0.022413;0.022696;0.022648;0.022795;0.022222;0.022135;0.022551;0.022187;0.022555;0.022954;0.022042;0.022066;0.022107;0.022075;0.022614;0.022773;0.022615;0.022368;0.023456;0.022811;0.02278;0.022534;0.022651;0.02271;0.022243;0.022692;0.022608;0.022498;0.022278;0.022537;0.022644;0.022603;0.022788;0.023476;0.022142;0.022884;0.022749;0.02234;0.022262;0.022424;0.022366;0.022679;0.022638;0.022748;0.022693;0.022305;0.02252;0.022712;0.022482;0.022285;0.022498;0.022572;0.022513;0.022186;0.022575;0.022148;0.022777;0.022423;0.022315;0.022619;0.023023;0.022128;0.022485;0.02379;0.022603;0.022825;0.022943;0.022348;0.022316;0.022611;0.022695;0.02286;0.022751;0.022558;0.022541;0.022663;0.022632;0.022673;0.022534;0.022725;0.02229;0.022486;0.022517;0.022517;0.022331;0.023162;0.022434;0.022511;0.022628;0.023431;0.023468;0.022656;0.02282;0.022733;0.022296;0.022268;0.022386;0.022542;0.022627;0.022432;0.022778;0.022504;0.022632;0.022058;0.022213;0.022449;0.022606;0.023731;0.022542;0.02226;0.022982;0.0232;0.023085;0.023382;0.023136;0.022329;0.022414;0.022383;0.02289;0.022749;0.02283;0.022925;0.022553;0.023058;0.02288;0.022863;0.022781;0.022975;0.022699;0.022787;0.022688;0.02289;0.022902;0.022394;0.022618;0.022556;0.022711;0.022918;0.022938;0.022312;0.022479;0.022604;0.022776;0.022473;0.022797;0.023728;0.022213;0.022652;0.022386;0.022566;0.022516;0.023508;0.022361;0.022365;0.022371;0.022534;0.022782;0.022499;0.022612;0.022552;0.022549;0.022823;0.022319;0.02236;0.022622;0.02236;0.022381;0.022439;0.02243;0.022702;0.022411;0.022407;0.022557;0.022607;0.022427;0.022287;0.02241;0.022491;0.023185;0.022126;0.022625;0.022994;0.022698;0.022603;0.022395;0.022513;0.022352;0.02242;0.022893;0.022657;0.022461;0.022752;0.022376;0.022374;0.022637;0.023432;0.022183;0.02258;0.022516;0.022607;0.022398;0.022815;0.02237;0.023945;0.023065;0.022718;0.022614;0.022693;0.022817;0.022505;0.022924;0.022173;0.022863;0.022539;0.02245;0.022628;0.022373;0.02274;0.023007;0.022155;0.022035;0.022787;0.022191;0.022326;0.022401;0.022366;0.022652;0.022671;0.022984;0.022089;0.022672;0.022634;0.022589;0.022585;0.022369;0.02241;0.022979;0.022552;0.022379;0.023656;0.022362;0.022336;0.023136;0.022986;0.022527;0.022587;0.022604;0.022813;0.022325;0.022607;0.022474;0.022372;0.022833;0.022813;0.022711;0.022686;0.022398;0.022258;0.022522;0.023007;0.02327;0.022483;0.022657;0.022307;0.022052;0.022525;0.022463;0.022673;0.022678;0.023131;0.022735;0.022295;0.022317;0.022838;0.02235;0.022181;0.022065;0.022396;0.022759;0.022318;0.0224;0.022417;0.022928;0.023214;0.0226;0.022519;0.022465;0.022281;0.022447;0.022519;0.022495;0.022778;0.023052;0.022893;0.022804;0.02243;0.022342;0.022986;0.022595;0.022948;0.022532;0.022384;0.022129;0.022515;0.022749;0.022843;0.022388;0.022494;0.022195;0.021992;0.022791;0.022724;0.022598;0.022791;0.022745;0.023137;0.023248;0.022205;0.022512;0.022632;0.022243;0.022634;0.022254;0.022586;0.022698;0.022252;0.022937;0.022911;0.023215;0.022426;0.022256;0.022432;0.023067;0.022579;0.02267;0.022481;0.02275;0.022714;0.022587;0.022527;0.022874;0.022502;0.022324;0.022483;0.022821;0.022232;0.022617;0.022348;0.022967;0.022196;0.022893;0.022637;0.022149;0.022138;0.022317;0.022717;0.022727;0.022413;0.022328;0.022119;0.022313;0.02277;0.023696;0.022554;0.022841;0.022771;0.022426;0.022686;0.02279;0.02286;0.022352;0.022351;0.023791;0.02252;0.022985;0.023038;0.022479;0.022781;0.02248;0.022474;0.022507;0.023044;0.022978;0.022767;0.023;0.022832;0.022825;0.02264;0.022328;0.022695;0.022959;0.022317;0.022478;0.022256;0.022741;0.02259;0.023184;0.022999;0.022353;0.022541;0.022499;0.02291;0.022841;0.02281;0.022981;0.022826;0.02293;0.02247;0.023471;0.02334;0.022704;0.022716;0.022648;0.02291;0.02275;0.022674;0.023596;0.022116;0.022166;0.022834;0.022541;0.022638;0.02259;0.02256;0.02254;0.023005;0.022488;0.022435;0.022719;0.022598;0.022879;0.022361;0.022757;0.022956;0.022786;0.022272;0.022571;0.022566;0.022385;0.022666;0.022515;0.022454;0.022776;0.022806;0.022545;0.022261;0.022558;0.022941;0.022379;0.022681;0.02284;0.022933;0.022135;0.022404;0.022711;0.022624;0.022565;0.022663;0.022805;0.022282;0.172006;0.02304;0.022741;0.022385;0.022684;0.022501;0.022364;0.022792;0.022518;0.022456;0.023007;0.02282;0.022654;0.02286;0.022406;0.022433;0.02273;0.022974;0.022821;0.022747;0.022683;0.022772;0.022921;0.022382;0.022778;0.022468;0.022314;0.022575;0.022366;0.022439;0.022693;0.022668;0.023052;0.022925;0.02302;0.022722;0.022937;0.024164;0.022809;0.022428;0.022252;0.023485;0.022695;0.022778;0.022401;0.022991;0.022952;0.022422;0.022286;0.0225;0.022402;0.022539;0.022626;0.022748;0.022412;0.022421;0.022443;0.022755;0.022346;0.022629;0.022932;0.022843;0.022586;0.022609;0.022224;0.022141;0.022454;0.023659;0.022679;0.022874;0.02264;0.022643;0.022392;0.02243;0.022319;0.022621;0.022786;0.022434;0.022574;0.022585;0.022419;0.022404;0.023631;0.02239;0.022638;0.021929;0.022435;0.022126;0.022238;0.022344;0.022752;0.022518;0.022557;0.022833;0.022609;0.022585;0.02259;0.022078;0.02288;0.022252;0.022678;0.022803;0.022667;0.022286;0.022018;0.021961;0.022751;0.022719;0.023259;0.022836;0.022474;0.022687;0.022809;0.022213;0.021939;0.022524;0.022095;0.022787;0.022375;0.022014;0.022665;0.02258;0.02246;0.023832;0.021992;0.022695;0.024233;0.02307;0.022864;0.023213;0.022615;0.022307;0.022207;0.022139;0.022508;0.022387;0.022658;0.022375;0.022693;0.022073;0.022661;0.022461;0.022764;0.022266;0.022159;0.022065;0.022166;0.022413;0.022718;0.022419;0.022555;0.022952;0.022882;0.022534;0.022715;0.022478;0.022257;0.022279;0.02264;0.022573;0.02263;0.022928;0.022904;0.022879;0.022306;0.022706;0.022449;0.022884;0.022257;0.022579;0.023956;0.022317;0.022224;0.022898;0.022187;0.022576;0.022427;0.022256;0.02298;0.0236;0.022434;0.022655;0.02225;0.022298;0.022338;0.022115;0.02237;0.022704;0.022476;0.022403;0.022402;0.02253;0.022484;0.022732;0.022511;0.022433;0.022481;0.022586;0.022835;0.022532;0.022683;0.022707;0.022775;0.022761;0.022493;0.022212;0.022074;0.022657;0.02279;0.022773;0.022991;0.022573;0.022613;0.022305;0.023446;0.022364;0.022507;0.022371;0.02263;0.02298;0.022636;0.022432;0.022463;0.022848;0.02243;0.02343;0.023113;0.022608;0.02215;0.022593;0.022835;0.02248;0.02243;0.022078;0.022842;0.023006;0.022522;0.022708;0.022269;0.022274;0.022146;0.022175;0.022309;0.022248;0.022273;0.022047;0.022336;0.022275;0.022218;0.022444;0.022317;0.022762;0.022267;0.022467;0.02215;0.022654;0.0223;0.022831;0.022675;0.023506;0.022546;0.022538;0.022279;0.022146;0.022841;0.022542;0.0223;0.022397;0.022163;0.0224;0.02232;0.022518;0.022483;0.022363;0.022278;0.022696;0.022336;0.022544;0.022625;0.022163;0.022347;0.022733;0.02265;0.022226;0.023102;0.022387;0.022656;0.022689;0.02258;0.022375;0.022339;0.022976;0.023111;0.022719;0.022707;0.022656;0.023066;0.022263;0.022344;0.022763;0.022339;0.022206;0.022303;0.023878;0.022478;0.022448;0.022264;0.022167;0.022577;0.022792;0.023575;0.022725;0.022319;0.022531;0.022094;0.023032;0.02283;0.022187;0.022868;0.022673;0.022283;0.022325;0.022953;0.022796;0.022266;0.022521;0.023146;0.022261;0.022788;0.022547;0.022291;0.022839;0.022789;0.023006;0.02306;0.02299;0.022965;0.022527;0.022753;0.023173;0.022442;0.022595;0.022326;0.022386;0.022721;0.022688;0.02229;0.023733;0.022475;0.022663;0.022418;0.022336;0.022317;0.022587;0.022395;0.022007;0.023706;0.022655;0.022331;0.022868;0.022599;0.022947;0.022683;0.02278;0.02263;0.022525;0.022314;0.02287;0.022189;0.022812;0.022551;0.022179;0.022714;0.022467;0.022624;0.022558;0.022736;0.022656;0.0225;0.022487;0.021958;0.022448;0.02255;0.022427;0.02287;0.022638;0.0222;0.022422;0.022455;0.022586;0.022795;0.02351;0.022505;0.022417;0.022488;0.022592;0.022324;0.022398;0.023039;0.022285;0.022826;0.022305;0.023038;0.022261;0.024061;0.023871;0.022536;0.022489;0.022575;0.022621;0.022256;0.022362;0.022903;0.023349;0.022838;0.022869;0.022802;0.023269;0.023023;0.022791;0.022579;0.022492;0.022995;0.022319;0.022367;0.022733;0.022733;0.022053;0.022437;0.022468;0.022503;0.022466;0.022012;0.022606;0.022283;0.023422;0.022741;0.0229;0.022419;0.022447;0.022414;0.022144;0.022195;0.022538;0.02263;0.022163;0.022637;0.022499;0.022517;0.02262;0.022604;0.022892;0.022521;0.022619;0.022813;0.022294;0.022114;0.022411;0.022536;0.022528;0.022132;0.022747;0.022503;0.022673;0.022594;0.02236;0.022652;0.022534;0.022823;0.022328;0.022723;0.023384;0.022663;0.022505;0.022534;0.022741;0.022503;0.022766;0.022872;0.023023;0.023425;0.022502;0.022601;0.022233;0.022215;0.022211;0.022419;0.02277;0.022323;0.022206;0.022611;0.0226;0.022346;0.022685;0.023034;0.022498;0.022153;0.022492;0.022808;0.022343;0.022818;0.022542;0.022837;0.022231;0.022422;0.022373;0.02188;0.022203;0.022364;0.022508;0.021933;0.022577;0.022876;0.022378;0.022233;0.022365;0.021994;0.021882;0.022459;0.022811;0.02238;0.022357;0.022882;0.02296;0.023968;0.022102;0.022619;0.02226;0.022364;0.023207;0.023335;0.022635;0.022732;0.022521;0.022339;0.022859;0.022691;0.02243;0.022281;0.021855;0.02262;0.022772;0.022587;0.022805;0.022692;0.022302;0.022654;0.022838;0.022369;0.022663;0.022268;0.022429;0.022549;0.022841;0.022954;0.022399;0.022686;0.022391;0.022917;0.022975;0.0225;0.022529;0.0228;0.022624;0.022529;0.022751;0.022781;0.022479;0.023765;0.022583;0.023177;0.022417;0.022478;0.022718;0.022531;0.022533;0.022465;0.022414;0.02266;0.02273;0.022696;0.022197;0.022369;0.02307;0.022672;0.022511;0.02363;0.023711;0.023346;0.022723;0.022795;0.022908;0.022898;0.022634;0.02268;0.022174;0.022255;0.02265;0.022359;0.022268;0.022963;0.022657;0.022449;0.022753;0.022583;0.02224;0.022666;0.022751;0.022816;0.02246;0.022587;0.022766;0.02361;0.022434;0.022867;0.022368;0.022566;0.022916;0.022342;0.022549;0.022031;0.022834;0.022636;0.02252;0.022349;0.023042;0.022627;0.022246;0.022398;0.02227;0.022611;0.022626;0.022337;0.022822;0.022556;0.022442;0.02264;0.022201;0.02227;0.022228;0.022243;0.022395;0.022713;0.023655;0.022454;0.022678;0.022479;0.022522;0.022207;0.022411;0.022533;0.022835;0.022706;0.022182;0.022364;0.022593;0.022557;0.023477;0.022481;0.022393;0.022846;0.022568;0.022441;0.022606;0.022694;0.022493;0.022845;0.022378;0.02223;0.022851;0.022335;0.022055;0.022521;0.022187;0.022809;0.022343;0.022719;0.022407;0.02279;0.022053;0.022334;0.022159;0.022168;0.0227;0.02231;0.02242;0.022471;0.02264;0.022964;0.02227;0.022321;0.022518;0.022318;0.022782;0.022399;0.022303;0.022764;0.022585;0.022779;0.023535;0.02247;0.023763;0.022313;0.022327;0.022168;0.022616;0.022276;0.022384;0.022206;0.022457;0.022627;0.022652;0.02248;0.022115;0.022668;0.022435;0.02245;0.022458;0.02241;0.022379;0.022248;0.022197;0.02237;0.022456;0.022757;0.022676;0.022288;0.022515;0.022642;0.022258;0.022628;0.022253;0.022841;0.022474;0.022446;0.02232;0.023275;0.022803;0.022985;0.022551;0.022791;0.022545;0.022481;0.022214;0.022533;0.023752;0.022524;0.02255;0.022757;0.023136;0.023081;0.022883;0.022663;0.023359;0.023415;0.024302;0.022861;0.022927;0.022593;0.022337;0.022777;0.022761;0.022849;0.022763;0.022392;0.022773;0.022536;0.022896;0.022364;0.022498;0.022332;0.022381;0.022384;0.022147;0.022413;0.022005;0.022185;0.02242;0.022526;0.022467;0.022108;0.0224;0.022445;0.022217;0.022375;0.022535;0.022797;0.022776;0.022759;0.023458;0.022511;0.022938;0.022522;0.022283;0.022391;0.022489;0.022835;0.022359;0.022885;0.022469;0.022425;0.022559;0.022259;0.022371;0.022672;0.022682;0.022178;0.022254;0.022652;0.022642;0.022641;0.023403;0.023652;0.02287;0.022735;0.022777;0.022707;0.022242;0.022894;0.022398;0.022873;0.022948;0.022602;0.023283;0.022529;0.022667;0.022618;0.022679;0.022426;0.022572;0.022482;0.022698;0.022921;0.023745;0.022678;0.022799;0.022644;0.022662;0.023011;0.022722;0.02286;0.022791;0.022541;0.022409;0.022585;0.022523;0.022301;0.022615;0.022791;0.0222;0.022466;0.022512;0.022527;0.022343;0.022289;0.022533;0.022814;0.022902;0.022939;0.022698;0.022433;0.022913;0.022821;0.022462;0.022475;0.022759;0.022293;0.022399;0.023503;0.023063;0.022726;0.023043;0.022448;0.022355;0.022987;0.022715;0.022091;0.021908;0.023371;0.022655;0.022597;0.022161;0.022377;0.022363;0.022049;0.022719;0.022437;0.022569;0.023118;0.022776;0.022958;0.022763;0.022647;0.02234;0.022428;0.022086;0.022582;0.022399;0.022817;0.022705;0.022335;0.022161;0.022069;0.022163;0.022026;0.022494;0.022781;0.022615;0.022707;0.022849;0.022923;0.022561;0.02246;0.022571;0.02276;0.022594;0.022206;0.022357;0.022316;0.02254;0.022621;0.022217;0.023599;0.022375;0.022388;0.022664;0.023339;0.022847;0.022289;0.022462;0.022422;0.022366;0.022775;0.022638;0.022419;0.022677;0.022252;0.022416;0.022601;0.022462;0.022245;0.022004;0.022254;0.022821;0.022968;0.022329;0.022273;0.022357;0.022676;0.022355;0.022447;0.02232;0.022968;0.022491;0.023024;0.022454;0.02227;0.022523;0.022695;0.022907;0.02211;0.02228;0.022597;0.022225;0.022206;0.0222;0.023708;0.02207;0.022485;0.022537;0.02242;0.022805;0.022365;0.023696;0.022667;0.022711;0.022509;0.022027;0.02286;0.02268;0.022293;0.02234;0.022264;0.022572;0.022289;0.022055;0.022004;0.021842;0.022635;0.022203;0.02219;0.022506;0.02277;0.022615;0.022346;0.022091;0.023191;0.02191;0.022287;0.022471;0.022161;0.022131;0.022555;0.022553;0.022796;0.022159;0.022762;0.022691;0.022245;0.022575;0.02262;0.023791;0.022516;0.022475;0.022334;0.022803;0.02287;0.022726;0.022595;0.022676;0.023065;0.023633;0.022633;0.022406;0.022382;0.022511;0.02289;0.022957;0.022381;0.022408;0.022266;0.022435;0.02265;0.022885;0.02254;0.022193;0.022077;0.022907;0.022341;0.022069;0.022596;0.022415;0.022494;0.022269;0.022027;0.022555;0.022226;0.022322;0.022739;0.022393;0.022726;0.02248;0.022179;0.022901;0.022604;0.023923;0.022276;0.02234;0.022681;0.022;0.022064;0.02243;0.022219;0.022295;0.022506;0.02262;0.022191;0.022274;0.022639;0.022723;0.023046;0.022588;0.022592;0.022183;0.022397;0.022443;0.021613;0.022489;0.023803;0.023358;0.02243;0.022281;0.022293;0.022665;0.022721;0.022076;0.022223;0.022377;0.022334;0.022391;0.0224;0.022029;0.02242;0.022527;0.022427;0.022368;0.022171;0.022199;0.022422;0.023916;0.022941;0.02232;0.02267;0.022668;0.022457;0.022913;0.022842;0.022762;0.022714;0.022303;0.022619;0.022555;0.022431;0.022838;0.022463;0.022592;0.022919;0.022337;0.022178;0.022891;0.02262;0.023127;0.022821;0.022548;0.023011;0.022538;0.022848;0.022775;0.02254;0.023005;0.022353;0.022708;0.022735;0.022112;0.022752;0.023986;0.022736;0.022447;0.022686;0.022754;0.022297;0.022194;0.022564;0.022123;0.023269;0.022605;0.022707;0.022612;0.022719;0.02223;0.022339;0.022014;0.023172;0.022942;0.022765;0.022631;0.022532;0.022863;0.022971;0.022277;0.023229;0.022571;0.02277;0.022542;0.022814;0.022423;0.022852;0.022594;0.022615;0.022936;0.022609;0.022596;0.022851;0.022796;0.022782;0.022305;0.022245;0.022308;0.022354;0.02292;0.022719;0.022635;0.023701;0.022881;0.022734;0.022589;0.022459;0.022554;0.023245;0.022552;0.02259;0.022998;0.022451;0.022977;0.022948;0.022432;0.022641;0.022235;0.022715;0.022745;0.022821;0.022744;0.023019;0.022841;0.022276;0.022292;0.022224;0.022948;0.02226;0.022777;0.022379;0.022507;0.02274;0.022659;0.022506;0.022565;0.022687;0.02269;0.022266;0.022651;0.022206;0.022626;0.022677;0.022588;0.022366;0.022616;0.022117;0.022241;0.022621;0.022554;0.02239;0.022266;0.023603;0.02214;0.022567;0.022832;0.023053;0.023262;0.022911;0.02334;0.022435;0.022334;0.022956;0.022593;0.022157;0.022428;0.022295;0.022393;0.022317;0.022485;0.022735;0.022827;0.022347;0.022545;0.022184;0.022506;0.022684;0.022425;0.022703;0.022026;0.022628;0.022752;0.022933;0.022791;0.022374;0.022321;0.022148;0.02236;0.022785;0.022281;0.021909;0.022396;0.022484;0.022301;0.022665;0.022628;0.023174;0.022664;0.022811;0.022473;0.022476;0.023092;0.022948;0.022389;0.022584;0.022784;0.022608;0.022639;0.023098;0.023282;0.023055;0.022628;0.022157;0.022873;0.023007;0.023408;0.022523;0.022903;0.022593;0.022682;0.023074;0.02297;0.022557;0.02268;0.022922;0.021967;0.022417;0.022434;0.022248;0.022397;0.022738;0.022674;0.023055;0.022401;0.022415;0.022705;0.022328;0.022225;0.02257;0.022535;0.023542;0.022345;0.022169;0.022329;0.022564;0.022586;0.02248;0.022199;0.022332;0.022542;0.022787;0.022578;0.022417;0.022438;0.022626;0.022468;0.022396;0.022812;0.022549;0.022442;0.022791;0.022578;0.022728;0.022761;0.022564;0.02279;0.022781;0.022906;0.022642;0.022405;0.02324;0.023472;0.022421;0.022313;0.022457;0.022472;0.022294;0.022303;0.022304;0.022282;0.02236;0.022712;0.022482;0.022435;0.023497;0.022809;0.02268;0.022804;0.022162;0.021998;0.02289;0.022417;0.021676;0.022297;0.022359;0.022982;0.02263;0.022397;0.022375;0.022547;0.02238;0.022564;0.022722;0.022431;0.022598;0.022477;0.022304;0.022718;0.022278;0.023344;0.022514;0.022662;0.02264;0.022525;0.022197;0.022626;0.022733;0.022739;0.022784;0.023012;0.023072;0.022685;0.023148;0.022498;0.022937;0.022503;0.022331;0.022835;0.02287;0.023685;0.022146;0.02227;0.022595;0.022795;0.022239;0.022553;0.022751;0.022532;0.02272;0.022151;0.021897;0.022524;0.022252;0.022412;0.02234;0.022732;0.022064;0.021928;0.02267;0.022938;0.022392;0.022737;0.022301;0.022668;0.023035;0.023934;0.022247;0.022606;0.022494;0.022288;0.022255;0.022611;0.022179;0.022581;0.023194;0.022603;0.022417;0.02253;0.02278;0.022598;0.022652;0.022755;0.022915;0.023551;0.023056;0.022492;0.022337;0.022434,0.055828;0.045842;0.041985;0.040954;0.040311;0.039988;0.039029;0.03889;0.038941;0.039319;0.040806;0.038995;0.038494;0.03814;0.038188;0.038478;0.038321;0.038411;0.038287;0.040828;0.038697;0.037938;0.039184;0.038174;0.038359;0.039312;0.038564;0.038377;0.0379;0.03782;0.038156;0.037835;0.038572;0.0378;0.038916;0.038115;0.037839;0.039368;0.037896;0.037767;0.03751;0.037068;0.038029;0.037849;0.04006;0.037844;0.03884;0.038601;0.039209;0.038553;0.038731;0.038661;0.038529;0.038682;0.038708;0.038362;0.038916;0.038416;0.037736;0.037314;0.038041;0.03831;0.037954;0.037168;0.038942;0.037799;0.037898;0.037922;0.037885;0.03846;0.039506;0.038011;0.038407;0.038364;0.038543;0.038168;0.037336;0.038226;0.03715;0.037643;0.038268;0.038223;0.038102;0.037143;0.03799;0.037558;0.037976;0.037894;0.037284;0.037978;0.037183;0.038445;0.039475;0.038139;0.038918;0.039924;0.038646;0.03838;0.03794;0.037691;0.03773;0.038042;0.037742;0.038333;0.03844;0.037785;0.037906;0.037987;0.038094;0.038121;0.038023;0.037919;0.037522;0.03771;0.037966;0.037438;0.038868;0.037908;0.037844;0.038518;0.039147;0.039383;0.038279;0.038386;0.038858;0.038038;0.038533;0.038313;0.038205;0.038396;0.038704;0.038238;0.038582;0.03855;0.039049;0.038153;0.037959;0.038036;0.038134;0.037758;0.038525;0.038015;0.03813;0.037957;0.038269;0.037531;0.039238;0.037372;0.038224;0.037903;0.038031;0.038095;0.037644;0.038618;0.037746;0.037852;0.038007;0.038154;0.03859;0.037748;0.038125;0.037832;0.037694;0.037688;0.037737;0.037628;0.038305;0.038296;0.037862;0.0379;0.037585;0.038161;0.039557;0.038231;0.037753;0.038022;0.037532;0.038068;0.037935;0.037838;0.038264;0.039569;0.037463;0.037694;0.038759;0.037858;0.038286;0.038471;0.038274;0.038412;0.038174;0.038379;0.038291;0.038335;0.037678;0.037915;0.037353;0.038276;0.039129;0.037536;0.037736;0.037742;0.038067;0.038012;0.038429;0.037929;0.037385;0.038003;0.039109;0.038264;0.037796;0.03858;0.038792;0.037978;0.037356;0.037848;0.038032;0.037815;0.038354;0.03763;0.038042;0.037266;0.038775;0.039398;0.037486;0.037698;0.037357;0.037101;0.03727;0.037254;0.037538;0.037322;0.037666;0.037195;0.037687;0.037583;0.038596;0.037846;0.037136;0.037472;0.037185;0.038804;0.038485;0.039021;0.037959;0.037922;0.037452;0.037953;0.038038;0.040199;0.039117;0.038456;0.038351;0.038812;0.039198;0.039666;0.038722;0.039906;0.039678;0.038535;0.038806;0.039235;0.039269;0.039258;0.039558;0.038442;0.038188;0.03943;0.038312;0.03806;0.037919;0.037379;0.038139;0.038247;0.039367;0.037875;0.038771;0.038645;0.038348;0.038589;0.038395;0.037172;0.037785;0.037393;0.038239;0.037942;0.037645;0.037739;0.038011;0.037925;0.038395;0.038196;0.038167;0.038146;0.038481;0.037378;0.037895;0.037972;0.037762;0.038015;0.039327;0.037384;0.038412;0.038253;0.038699;0.039186;0.037948;0.037934;0.03795;0.037481;0.037869;0.038447;0.037064;0.037934;0.037541;0.03766;0.038226;0.037535;0.037717;0.038806;0.038487;0.037708;0.037868;0.037909;0.037845;0.038727;0.039878;0.038458;0.038339;0.039451;0.038513;0.038532;0.038314;0.038336;0.03817;0.037897;0.038088;0.03799;0.037894;0.038648;0.037978;0.038691;0.0385;0.037407;0.037414;0.037954;0.039149;0.038444;0.038362;0.038627;0.038426;0.039083;0.038253;0.038633;0.038354;0.038586;0.038567;0.038646;0.037968;0.038566;0.03866;0.037788;0.037991;0.037147;0.037243;0.037648;0.037645;0.037627;0.038285;0.037741;0.038791;0.038495;0.038058;0.039606;0.037953;0.038101;0.037778;0.038778;0.037782;0.038518;0.038622;0.038112;0.037624;0.037611;0.038147;0.03805;0.038025;0.037387;0.03735;0.038177;0.037962;0.037397;0.037982;0.03798;0.037706;0.037742;0.037949;0.037487;0.03824;0.03799;0.037815;0.03811;0.037658;0.038563;0.037524;0.037713;0.03776;0.037898;0.037583;0.038062;0.038273;0.037119;0.037351;0.038047;0.038009;0.038316;0.037737;0.038153;0.038081;0.038424;0.037886;0.037795;0.038218;0.037823;0.038168;0.03812;0.037651;0.03786;0.039479;0.038994;0.037574;0.037541;0.038406;0.038534;0.038705;0.037794;0.037547;0.038608;0.038038;0.037879;0.038184;0.037194;0.038267;0.037744;0.037857;0.037762;0.037389;0.038572;0.038176;0.038797;0.038385;0.038457;0.038182;0.037349;0.038937;0.037951;0.039399;0.039174;0.037937;0.037878;0.038408;0.038685;0.038454;0.038063;0.038205;0.03769;0.03863;0.038445;0.037998;0.037539;0.037284;0.038246;0.037923;0.038094;0.037545;0.038035;0.037852;0.038306;0.038011;0.038014;0.040423;0.038314;0.038471;0.036991;0.039221;0.037989;0.037562;0.037074;0.037964;0.037946;0.038352;0.037781;0.038178;0.037459;0.037524;0.038015;0.037962;0.038232;0.037754;0.037706;0.037508;0.037871;0.038218;0.037956;0.03757;0.039141;0.038215;0.038174;0.038476;0.038697;0.038349;0.038355;0.039963;0.039233;0.039134;0.038237;0.038549;0.038002;0.038408;0.038917;0.038407;0.038623;0.038443;0.038175;0.038149;0.038559;0.038415;0.038471;0.037937;0.038538;0.037876;0.040073;0.038485;0.038;0.038932;0.038724;0.037694;0.038408;0.038153;0.039409;0.038456;0.038502;0.038133;0.038324;0.03814;0.038083;0.037761;0.038444;0.038392;0.03782;0.037626;0.037449;0.03805;0.037911;0.038205;0.038914;0.039469;0.03839;0.037758;0.03816;0.037958;0.037808;0.037232;0.037495;0.038626;0.038028;0.038104;0.037507;0.038246;0.0372;0.037579;0.037465;0.038045;0.037867;0.037829;0.038058;0.03795;0.037439;0.037977;0.038008;0.037319;0.037435;0.038589;0.037253;0.038063;0.037827;0.037102;0.038078;0.037576;0.038854;0.037931;0.038141;0.038032;0.037355;0.040045;0.037851;0.037472;0.037377;0.037581;0.038473;0.037723;0.037712;0.037932;0.037829;0.038514;0.037815;0.038271;0.038302;0.037958;0.038181;0.037273;0.037891;0.037681;0.037438;0.037997;0.037633;0.037326;0.038225;0.038694;0.037805;0.037559;0.038105;0.038969;0.038242;0.038245;0.038043;0.038337;0.03822;0.038391;0.038632;0.03776;0.037694;0.03757;0.038847;0.037752;0.037257;0.037761;0.037796;0.03742;0.037236;0.038283;0.038075;0.037959;0.037375;0.037576;0.03758;0.037648;0.037527;0.03783;0.039669;0.037561;0.038462;0.038764;0.037912;0.038014;0.038282;0.037484;0.037772;0.038361;0.039537;0.037912;0.038072;0.037647;0.038325;0.038237;0.038165;0.037872;0.037859;0.03756;0.038451;0.037541;0.038048;0.037463;0.036808;0.03758;0.03816;0.036882;0.037858;0.037863;0.037845;0.038044;0.038093;0.0368;0.037906;0.038217;0.039223;0.038022;0.03787;0.037648;0.038356;0.037977;0.037355;0.03798;0.038078;0.038024;0.038205;0.037462;0.037934;0.038123;0.038281;0.03798;0.037774;0.03785;0.038249;0.038452;0.038092;0.038353;0.037676;0.038112;0.038292;0.039216;0.037566;0.037492;0.037894;0.037751;0.037483;0.037928;0.038282;0.037736;0.037641;0.038049;0.038528;0.037939;0.037823;0.037246;0.038516;0.037316;0.037977;0.037839;0.038451;0.037071;0.038855;0.037864;0.037055;0.037759;0.03834;0.03893;0.037831;0.037602;0.038099;0.037678;0.037897;0.037863;0.038831;0.037453;0.038511;0.037598;0.037459;0.0376;0.03779;0.038047;0.03741;0.037509;0.038064;0.037717;0.037732;0.038686;0.038323;0.038386;0.037768;0.037869;0.0373;0.039718;0.037926;0.037916;0.037798;0.037292;0.037783;0.037315;0.037834;0.037413;0.037356;0.037906;0.038217;0.037818;0.03789;0.037678;0.037958;0.037791;0.038257;0.037559;0.03883;0.037969;0.037674;0.037966;0.037989;0.038725;0.0376;0.0458;0.037914;0.037447;0.038557;0.037792;0.037956;0.03824;0.038999;0.038772;0.036968;0.038094;0.03873;0.03811;0.038869;0.038672;0.03866;0.038396;0.039103;0.038414;0.0385;0.038669;0.038991;0.038605;0.039257;0.038973;0.040821;0.038905;0.039071;0.038765;0.038688;0.038186;0.038756;0.038018;0.038728;0.03758;0.038401;0.038438;0.038752;0.037889;0.039135;0.038649;0.03913;0.037929;0.038608;0.038376;0.038302;0.039394;0.038569;0.037825;0.038584;0.039874;0.0384;0.03932;0.038471;0.039255;0.037902;0.038469;0.038904;0.038912;0.03836;0.039274;0.039011;0.038283;0.038227;0.039204;0.038478;0.039789;0.038225;0.038465;0.038595;0.039225;0.038883;0.038643;0.037956;0.038234;0.03975;0.038724;0.038443;0.039276;0.03872;0.039117;0.038325;0.037611;0.039332;0.038825;0.03843;0.038444;0.038043;0.038177;0.038453;0.037343;0.03801;0.037719;0.03789;0.037468;0.037722;0.03813;0.038063;0.03795;0.037964;0.03878;0.039129;0.037753;0.037805;0.03789;0.037961;0.038232;0.038501;0.037847;0.03774;0.037839;0.038344;0.037347;0.038159;0.037313;0.038133;0.038055;0.037587;0.038182;0.03763;0.037841;0.038139;0.03816;0.038137;0.038013;0.037741;0.037621;0.039091;0.037822;0.038028;0.038117;0.037985;0.037788;0.03884;0.037966;0.038382;0.038022;0.03797;0.038097;0.038228;0.037875;0.038277;0.038111;0.03772;0.038199;0.037866;0.037389;0.037868;0.038925;0.038847;0.038605;0.037758;0.038531;0.037551;0.03769;0.038507;0.03847;0.037821;0.03761;0.03786;0.037973;0.037987;0.037736;0.038558;0.038296;0.03789;0.037926;0.038128;0.037757;0.038375;0.038652;0.037729;0.037762;0.037896;0.037641;0.036754;0.037808;0.037891;0.039656;0.037826;0.038013;0.037638;0.03759;0.037901;0.037896;0.038006;0.037744;0.037994;0.038726;0.037905;0.037317;0.037807;0.037718;0.037922;0.037523;0.037531;0.038449;0.037741;0.037695;0.037503;0.03818;0.037952;0.03807;0.037134;0.039074;0.038345;0.038122;0.037627;0.037675;0.037874;0.038399;0.038343;0.038591;0.037968;0.038197;0.037984;0.038187;0.038439;0.037686;0.038339;0.037822;0.038514;0.0378;0.037392;0.038472;0.038745;0.038973;0.038318;0.038811;0.039114;0.037643;0.037543;0.037462;0.038676;0.037224;0.037563;0.038194;0.038327;0.038914;0.038655;0.038517;0.038014;0.038252;0.038303;0.038042;0.038885;0.03891;0.037931;0.038468;0.0383;0.038208;0.037708;0.038666;0.038754;0.037665;0.039423;0.037438;0.037556;0.038764;0.038566;0.038636;0.038727;0.038133;0.037994;0.038103;0.039;0.038561;0.038455;0.03814;0.039038;0.037733;0.037477;0.03867;0.037611;0.038653;0.038577;0.037935;0.038355;0.037719;0.037763;0.039624;0.037689;0.037921;0.038059;0.03817;0.038111;0.037908;0.038082;0.038225;0.037413;0.03793;0.03797;0.038244;0.037109;0.03838;0.037811;0.037642;0.038711;0.038545;0.037784;0.038125;0.037386;0.038679;0.036557;0.038183;0.037878;0.038224;0.038304;0.037926;0.036811;0.038018;0.037369;0.037869;0.03739;0.038062;0.038038;0.038202;0.037891;0.037371;0.037787;0.037493;0.038227;0.038385;0.037567;0.039115;0.038165;0.037493;0.038379;0.038271;0.038331;0.037823;0.037871;0.038913;0.037267;0.03761;0.037585;0.037242;0.037382;0.037756;0.037522;0.037302;0.037301;0.037285;0.037672;0.038555;0.037809;0.037766;0.038008;0.038025;0.037587;0.038307;0.037966;0.038444;0.037821;0.038088;0.037646;0.038864;0.038007;0.038894;0.037819;0.038139;0.037906;0.037653;0.037667;0.03822;0.038151;0.037424;0.037498;0.037952;0.037483;0.037432;0.038146;0.037522;0.037629;0.038541;0.037369;0.038218;0.037445;0.038082;0.039076;0.038172;0.038097;0.037808;0.038746;0.038122;0.037093;0.037762;0.037367;0.037738;0.037321;0.037702;0.037706;0.037825;0.037726;0.038479;0.037167;0.038384;0.037613;0.037743;0.037998;0.038041;0.037641;0.038263;0.037941;0.038392;0.038014;0.038128;0.038345;0.03834;0.038685;0.037946;0.038367;0.038789;0.038599;0.037882;0.037535;0.037973;0.037342;0.038353;0.037802;0.037152;0.037246;0.038331;0.037227;0.038648;0.037671;0.037554;0.038155;0.037375;0.038078;0.038055;0.037532;0.037931;0.037929;0.038482;0.039032;0.038068;0.038194;0.037664;0.03785;0.038454;0.038481;0.038156;0.038066;0.038128;0.037806;0.038391;0.037761;0.038201;0.03721;0.037808;0.037763;0.03825;0.038196;0.038709;0.037525;0.03794;0.037005;0.038708;0.037568;0.037919;0.039348;0.038213;0.037641;0.038042;0.037589;0.038167;0.037947;0.038209;0.03783;0.037259;0.038243;0.037811;0.03741;0.03782;0.037539;0.037871;0.037811;0.038129;0.037934;0.037509;0.037704;0.037958;0.037884;0.037742;0.037237;0.038333;0.037402;0.039424;0.037597;0.037376;0.03772;0.037942;0.036766;0.038149;0.037324;0.037698;0.037679;0.037508;0.037667;0.038051;0.037675;0.037988;0.037736;0.038134;0.037977;0.03772;0.037645;0.03777;0.037711;0.038737;0.037897;0.039438;0.037089;0.037691;0.038811;0.038445;0.037688;0.037639;0.038043;0.038075;0.03809;0.037834;0.037518;0.037705;0.037326;0.037495;0.037489;0.037975;0.037854;0.038263;0.037672;0.03835;0.039001;0.037342;0.038237;0.038595;0.037272;0.039371;0.036879;0.037415;0.03721;0.038959;0.037486;0.038003;0.037124;0.037638;0.038135;0.037813;0.037562;0.037811;0.038452;0.037527;0.037176;0.037645;0.038108;0.037767;0.037856;0.03803;0.037304;0.037867;0.037796;0.038087;0.038047;0.039442;0.03873;0.038281;0.038178;0.038266;0.038637;0.037373;0.039571;0.0382;0.03767;0.038768;0.03769;0.037627;0.0375;0.03764;0.038181;0.037515;0.037834;0.039454;0.037968;0.03817;0.03814;0.037696;0.037804;0.038245;0.037956;0.039587;0.039193;0.038634;0.038887;0.038778;0.038347;0.039032;0.038346;0.039716;0.038698;0.037975;0.037659;0.038571;0.037991;0.037645;0.038018;0.038625;0.037796;0.038527;0.038343;0.037165;0.037261;0.038261;0.03797;0.037982;0.039754;0.038029;0.038195;0.038718;0.037356;0.038544;0.037504;0.037934;0.037535;0.037895;0.037886;0.039121;0.037488;0.038375;0.037478;0.038892;0.037797;0.038431;0.037226;0.037614;0.037706;0.038312;0.037482;0.037955;0.038086;0.037788;0.038598;0.038411;0.037531;0.037952;0.03783;0.038523;0.037235;0.037653;0.037741;0.037292;0.037869;0.038307;0.038366;0.037718;0.037637;0.037608;0.038197;0.03776;0.03772;0.037318;0.037464;0.037336;0.037345;0.037672;0.03735;0.038448;0.038663;0.038491;0.038169;0.038512;0.038481;0.039258;0.037262;0.037879;0.038236;0.038047;0.037936;0.037231;0.037896;0.038291;0.038413;0.038983;0.038332;0.0393;0.037315;0.03808;0.037971;0.038132;0.038594;0.037698;0.038003;0.040359;0.037962;0.038486;0.03861;0.038433;0.037683;0.037476;0.037773;0.037355;0.037708;0.038168;0.037683;0.038276;0.037726;0.037844;0.037221;0.037889;0.038364;0.037704;0.03763;0.03755;0.038554;0.038072;0.037854;0.037675;0.037383;0.039224;0.037496;0.038351;0.038637;0.039137;0.038578;0.038951;0.038151;0.038404;0.03874;0.038858;0.037984;0.038604;0.037504;0.037694;0.037815;0.038433;0.038414;0.039123;0.039003;0.038695;0.038466;0.038793;0.038336;0.038776;0.040593;0.038492;0.038697;0.038738;0.038832;0.038093;0.037839;0.037749;0.037794;0.037652;0.038043;0.038519;0.037895;0.037269;0.038156;0.03868;0.038788;0.037933;0.038314;0.039274;0.0384;0.037909;0.037573;0.037121;0.037746;0.037483;0.038972;0.038199;0.037836;0.038829;0.038484;0.03898;0.038024;0.03736;0.037535;0.037789;0.037492;0.038118;0.038616;0.037912;0.037613;0.037332;0.037628;0.037742;0.038068;0.037881;0.038497;0.040268;0.038768;0.038366;0.037703;0.038523;0.039711;0.039203;0.038259;0.038237;0.037789;0.038454;0.037947;0.03841;0.038663;0.038384;0.038153;0.037729;0.038035;0.037699;0.037838;0.037602;0.037857;0.037646;0.037766;0.037557;0.037934;0.038451;0.038935;0.037486;0.037847;0.039615;0.03792;0.038509;0.038746;0.038889;0.038246;0.038375;0.037205;0.037736;0.037416;0.038194;0.037778;0.038276;0.037517;0.038126;0.037504;0.038047;0.03751;0.03744;0.037777;0.038255;0.038167;0.037642;0.037919;0.038624;0.037728;0.038911;0.038202;0.03922;0.03826;0.038605;0.037801;0.038309;0.03813;0.038288;0.037481;0.03823;0.038493;0.03799;0.037237;0.03823;0.037181;0.037432;0.037467;0.037762;0.037833;0.037855;0.038185;0.037877;0.038074;0.038086;0.038176;0.040779;0.038586;0.039261;0.038482;0.038461;0.037658;0.037402;0.036776;0.03822;0.037586;0.037829;0.037714;0.037497;0.037947;0.038298;0.037605;0.038024;0.037881;0.037769;0.038505;0.037561;0.037715;0.037807;0.037567;0.038316;0.038955;0.037885;0.038951;0.03839;0.037614;0.037879;0.038201;0.038141;0.037052;0.037497;0.037033;0.038153;0.037105;0.037319;0.037488;0.037615;0.038717;0.037932;0.037509;0.038074;0.037512;0.037474;0.037415;0.038377;0.037474;0.038423;0.038781;0.038202;0.038728;0.03984;0.038327;0.038907;0.038286;0.037659;0.037368;0.038292;0.037417;0.037176;0.037654;0.037498;0.0376;0.038054;0.037684;0.037964;0.037681;0.037999;0.037702;0.037957;0.037494;0.037571;0.038044;0.037773;0.03906;0.037818;0.038072;0.037809;0.038955;0.03762;0.037902;0.03801;0.037341;0.03792;0.03793;0.037671;0.03808;0.038295;0.038273;0.038065;0.037754;0.037783;0.038259;0.038072;0.037836;0.037737;0.037884;0.03742;0.038409;0.037921;0.038853;0.038297;0.037601;0.037402;0.038153;0.038549;0.03859;0.037253;0.037624;0.037612;0.037648;0.037826;0.03734;0.03688;0.037493;0.038169;0.03775;0.037773;0.038096;0.037928;0.038183;0.037722;0.037735;0.037281;0.037398;0.046542;0.037716;0.037683;0.037935;0.038003;0.03738;0.037963;0.037561;0.039584;0.03897;0.03762;0.037043;0.038014;0.037921;0.037949;0.037915;0.038917;0.037701;0.038132;0.037739;0.037767;0.038164;0.037475;0.03727;0.038018;0.038786;0.038753;0.038172;0.03754;0.038035;0.037403;0.037783;0.038044;0.038529;0.038141;0.03741;0.039271;0.037417;0.037792;0.037418;0.037714;0.037789;0.037874;0.037995;0.037764;0.037835;0.038402;0.037764;0.037659;0.03742;0.037661;0.037374;0.0388;0.037239;0.037556;0.03777;0.038247;0.038081;0.037765;0.037165;0.038214;0.037818;0.037967;0.038327;0.038571;0.038112;0.037377;0.037982;0.037984;0.037816;0.037689;0.037132;0.03742;0.038182;0.037825;0.037929;0.037979;0.037717;0.04018;0.037846;0.038289;0.037804;0.038124;0.037409;0.037826;0.038191;0.03803;0.037844;0.037885;0.037918;0.038343;0.038029;0.038689;0.038249;0.038245;0.037404;0.037775;0.038249;0.037965;0.037994;0.037584;0.037965;0.037934;0.039371;0.037557;0.037293;0.03851;0.037618;0.038411;0.037546;0.038193;0.037616;0.037573;0.037754;0.037984;0.038261;0.037955;0.037702;0.038304;0.037894;0.038206;0.036999;0.037334;0.037924;0.038135;0.037184;0.037681;0.037978;0.037123;0.038447;0.037995;0.037582;0.037893;0.037382;0.037928;0.038152;0.037733;0.037521;0.03805;0.037467;0.038423;0.038213;0.037536;0.037783;0.037983;0.039109;0.03756;0.038015;0.037513;0.037612;0.037909;0.037736;0.038079;0.037943;0.038244;0.038579;0.038556;0.037929;0.038242;0.038127;0.037883;0.037639;0.037467;0.03866;0.038297;0.03821;0.037235;0.037887;0.037643;0.037518;0.037381;0.037746;0.037335;0.037707;0.037864;0.037322;0.038119;0.03792;0.039017;0.037631;0.038118;0.038321;0.037796;0.037385;0.03809;0.037627;0.038285;0.038231;0.037872;0.037613;0.038014;0.03803;0.037765;0.037187;0.038435;0.038065;0.037715;0.037439;0.037716;0.038103;0.038127;0.038373;0.038293;0.038435;0.038283;0.038177;0.039441;0.037742;0.037296;0.037511;0.037504;0.038334;0.037859;0.037902;0.037944;0.0375;0.037936;0.037653;0.037214;0.037221;0.037481;0.037948;0.037498;0.038257;0.037801;0.037764;0.037931;0.037448;0.037549;0.037893;0.037687;0.037573;0.03919;0.038925;0.03744;0.03755;0.037648;0.037721;0.037987;0.038254;0.038749;0.037785;0.038273;0.037559;0.037906;0.037704;0.038061;0.037363;0.038327;0.038138;0.037697;0.037738;0.038029;0.037669;0.038239;0.037703;0.037872;0.037973;0.039291;0.037573;0.03928;0.038084;0.039072;0.038738;0.037973;0.038698;0.038696;0.038702;0.038304;0.038653;0.03836;0.038621;0.038847;0.03894;0.038323;0.037869;0.038538;0.037627;0.037769;0.038278;0.038581;0.037542;0.038542;0.040453;0.038451;0.039017;0.038934;0.039871;0.038454;0.038454;0.037926;0.037828;0.037962;0.038502;0.0385;0.038404;0.037823;0.037922;0.037405;0.038361;0.037065;0.037832;0.037731;0.038182;0.038313;0.038293;0.038052;0.037833;0.037601;0.040733;0.03822;0.038759;0.038815;0.038434;0.038335;0.038637;0.037484;0.038461;0.03797;0.038437;0.038087;0.038491;0.038399;0.037679;0.037717;0.037641;0.037688;0.038068;0.038071;0.03763;0.038174;0.038223;0.038101;0.037803;0.04034;0.03799;0.038374;0.038127;0.038193;0.037972;0.037605;0.037583;0.039441;0.038053;0.038711;0.038306;0.038342;0.03796;0.0383;0.038166;0.03837;0.03814;0.038;0.038285;0.038619;0.037945;0.03793;0.0377;0.037528;0.03792;0.039768;0.038063;0.037734;0.03854;0.038922;0.038676;0.038178;0.038115;0.037817;0.04016;0.038461;0.038215;0.039115;0.037929;0.037648;0.038204;0.037571;0.037662;0.038058;0.038221;0.038832;0.038446;0.038416;0.037874;0.038563;0.039944;0.037703;0.037717;0.038101;0.038258;0.037808;0.038074;0.037689;0.038277;0.037959;0.037369;0.037903;0.0391;0.037549;0.038123;0.038273;0.037637;0.037552;0.036806;0.038303;0.038087;0.037517;0.038019;0.037822;0.038083;0.037591;0.039336;0.037883;0.038192;0.038609;0.037545;0.037724;0.037966;0.03778;0.037447;0.037781;0.038055;0.038154;0.037605;0.038298;0.039364;0.038515;0.03781;0.038553;0.038184;0.038209;0.03804;0.037461;0.038219;0.038102;0.038365;0.037843;0.039038;0.037545;0.037502;0.037779;0.037912;0.037791;0.037157;0.037457;0.037241;0.038173;0.038102;0.037336;0.038106;0.038079;0.037817;0.037915;0.039377;0.037962;0.037552;0.037406;0.038293;0.037715;0.037807;0.03709;0.03823;0.038687;0.038772;0.039092;0.037767;0.037449;0.037706;0.037404;0.038307;0.037758;0.037726;0.037967;0.037958;0.037132;0.038526;0.037909;0.038489;0.037606;0.038017;0.038357;0.037996;0.037744;0.038147;0.038043;0.03785;0.038075;0.037673;0.040109;0.038562;0.038165;0.038052;0.037653;0.037524;0.038499;0.038351;0.036933;0.037431;0.037901;0.037614;0.038182;0.038325;0.037125;0.037567;0.038172;0.037484;0.03723;0.038226;0.038916;0.037732;0.038276;0.037482;0.038119;0.037753;0.039476;0.03825;0.037979;0.038496;0.037665;0.038004;0.037957;0.03771;0.038322;0.037531;0.038172;0.037098;0.036535;0.037354;0.037926;0.037732;0.037387;0.036957;0.037723;0.037776;0.038163;0.039197;0.037911;0.037564;0.037929;0.038198;0.038892;0.03733;0.038372;0.037658;0.037577;0.038121;0.037882;0.038392;0.037891;0.038329;0.03781;0.038019;0.037762;0.037593;0.037764;0.037581;0.038086;0.038002;0.037257;0.037367;0.037695;0.037739;0.037353;0.038311;0.037835;0.037889;0.039025;0.038769;0.03775;0.037434;0.03743;0.038263;0.037997;0.03754;0.038506;0.037642;0.037972;0.037502;0.037618;0.037289;0.037964;0.038051;0.037392;0.038079;0.037542;0.037979;0.03778;0.038383;0.03779;0.038304;0.037685;0.041415;0.038762;0.038977;0.038353;0.038777;0.037879;0.03832;0.037694;0.037624;0.038304;0.03787;0.038027;0.038514;0.037877;0.038035;0.03833;0.037832;0.037072;0.038211;0.037872;0.038061;0.038295;0.037793;0.03846;0.0382;0.038258;0.03917;0.039782;0.038198;0.037721;0.038217;0.038254;0.03798;0.03805;0.038012;0.038186;0.038086;0.037972;0.038004;0.037467;0.037544;0.038356;0.037628;0.038109;0.037709;0.037464;0.037708;0.037602;0.037713;0.037828;0.038017;0.037978;0.038524;0.038356;0.037415;0.039141;0.038107;0.03753;0.038216;0.038171;0.037799;0.037063;0.037495;0.038527;0.036987;0.037897;0.037324;0.037802;0.037897;0.037627;0.037522;0.038018;0.037704;0.037727;0.038013;0.037706;0.037608;0.038523;0.038076;0.03826;0.037936;0.038142;0.038055;0.038821;0.038298;0.037756;0.037712;0.037826;0.038366;0.038025;0.037657;0.038116;0.03771;0.03877;0.03787;0.037541;0.038453;0.037931;0.037786;0.037336;0.03756;0.037987;0.038323;0.03884;0.038128;0.037938;0.037798;0.038187;0.037548;0.037602;0.039789;0.038282;0.038962;0.037909;0.038121;0.037799;0.037605;0.037856;0.037733;0.037762;0.037468;0.037742;0.037881;0.037739;0.037558;0.037711;0.037711;0.037638;0.037056;0.038688;0.037053;0.038248;0.038514;0.03815;0.03781;0.038236;0.038375;0.038008;0.039698;0.038561;0.038018;0.037651;0.037787;0.038182;0.038467;0.037647;0.039037;0.037944;0.038457;0.038184;0.038484;0.038459;0.038364;0.038434;0.038836;0.03818;0.038326;0.037977;0.037543;0.038407;0.036895;0.037787;0.038011;0.038259;0.037942;0.039294;0.038213;0.037953;0.037688;0.037702;0.037829;0.03805;0.038055;0.038265;0.037647;0.03767;0.037415;0.037532;0.038609;0.037626;0.039069;0.037245;0.038238;0.038122;0.038456;0.038197;0.038254;0.03763;0.037961;0.038145;0.037674;0.037684;0.039157;0.038089;0.03766;0.038031;0.037734;0.037828;0.037908;0.037683;0.037184;0.03772;0.038074;0.038664;0.038149;0.037552;0.039334;0.038436;0.038142;0.038411;0.037985;0.037954;0.037789;0.037834;0.038133;0.038143;0.037785;0.038227;0.038457;0.038122;0.037766;0.037685;0.037392;0.037928;0.037469;0.037339;0.037404;0.036763;0.037914;0.03781;0.037546;0.037498;0.039118;0.038831;0.038256;0.038789;0.038991;0.037456;0.03848;0.037731;0.038592;0.03785;0.038108;0.037626;0.038026;0.0378;0.037364;0.03854;0.037439;0.037916;0.037535;0.037332;0.037743;0.038038;0.037411;0.037854;0.037374;0.039913;0.038086;0.037925;0.038528;0.038116;0.038173;0.037836;0.037511;0.037575;0.038272;0.037191;0.037403;0.038022;0.037695;0.037665;0.037638;0.037798;0.039273;0.038182;0.037558;0.037379;0.038148;0.037304;0.037337;0.037745;0.037779;0.039295;0.037453;0.037408;0.037357;0.037535;0.038175;0.038036;0.038489;0.038377;0.038917;0.038891;0.038533;0.037513;0.038242;0.037488;0.037819;0.038231;0.037884;0.038286;0.037751;0.038259;0.038144;0.03763;0.037298;0.037369;0.03748;0.039506;0.037175;0.038089;0.037549;0.038472;0.037017;0.037528;0.037895;0.038068;0.038045;0.03816;0.037453;0.037963;0.03746;0.038664;0.037987;0.037947;0.037356;0.037501;0.038168;0.038694;0.03808;0.037845;0.038307;0.038611;0.039476;0.03724;0.037432;0.038184;0.037404;0.038339;0.037786;0.038116;0.037626;0.037757;0.037506;0.037378;0.037488;0.037837;0.038385;0.037766;0.037586;0.037233;0.038188;0.038697;0.037428;0.037376;0.039413;0.037836;0.037708;0.037807;0.039155;0.037436;0.038581;0.038047;0.037946;0.037121;0.037463;0.038084;0.037614;0.037491;0.038175;0.038177;0.036715;0.037496;0.037898;0.037937;0.037955;0.037462;0.038081;0.0384;0.038015;0.03738;0.037827;0.037594;0.03769;0.037708;0.038899;0.037127;0.037922;0.037983;0.039472;0.038212;0.038173;0.037886;0.037559;0.038287;0.038151;0.038769;0.038184;0.037777;0.038289;0.038181;0.038766;0.03806;0.038229;0.038334;0.038558;0.038022;0.037764;0.038003;0.037601;0.038001;0.038891;0.037693;0.037521;0.03727;0.03765;0.039224;0.038586;0.037935;0.037948;0.037083;0.038037;0.037701;0.037228;0.037378;0.037861;0.037676;0.037228;0.037987;0.037934;0.03744;0.037706;0.038566;0.037426;0.037308;0.037456;0.038139;0.039382;0.03804;0.03724;0.03743;0.037322;0.037733;0.03765;0.038451;0.03777;0.037534;0.037314;0.037979;0.037228;0.037921;0.037937;0.037796;0.037127;0.038165;0.038091;0.037451;0.037869;0.037824;0.038405;0.038639;0.037103;0.039346;0.037872;0.037879;0.037889;0.037849;0.038311;0.037665;0.037171;0.039022;0.038263;0.037584;0.037455;0.038466;0.037471;0.037246;0.037903;0.037937;0.038057;0.038245;0.037679;0.037826;0.038414;0.038158;0.037705;0.037361;0.037993;0.038359;0.037741;0.037785;0.037261;0.03781;0.03771;0.037809;0.037676;0.037958;0.038323;0.037397;0.039362;0.03727;0.038286;0.037889;0.037874;0.03831;0.038065;0.037694;0.037995;0.037306;0.037841;0.03752;0.037995;0.037612;0.03757;0.038605;0.037422;0.03757;0.03884;0.038551;0.03737;0.037347;0.037761;0.037918;0.038135;0.038042;0.038556;0.037436;0.038157;0.037863;0.037374;0.037592;0.037665;0.037909;0.037954;0.037445;0.038351;0.03663;0.037075;0.037578;0.038022;0.0388;0.038185;0.039435;0.038217;0.038971;0.037956;0.038402;0.037601;0.037797;0.037863;0.037824;0.038597;0.038097;0.037964;0.0381;0.038223;0.038073;0.03817;0.037548;0.037531;0.037575;0.038043;0.037828;0.037892;0.037996;0.03897;0.037828;0.037477;0.038069;0.038233;0.038487;0.03738;0.037814;0.037869;0.038175;0.038228;0.038166;0.037912;0.037773;0.036876;0.03768;0.038025;0.039896;0.038381;0.037034;0.037485;0.037982;0.038646;0.037792;0.03815;0.037901;0.038052;0.038043;0.037804;0.03767;0.03755;0.037207;0.038381;0.037096;0.038102;0.038414;0.038459;0.038104;0.037931;0.037672;0.037433;0.038231;0.037969;0.038026;0.038244;0.03765;0.037759;0.037683;0.038438;0.037806;0.038267;0.03775;0.039238;0.038295;0.037732;0.038127;0.037715;0.038333;0.038265;0.037589;0.037861;0.03685;0.037759;0.038533;0.037404;0.037668;0.037604;0.038106;0.037992;0.037916;0.037902;0.037719;0.038367;0.03809;0.038279;0.038957;0.038472;0.037054;0.04101;0.038025;0.037718;0.03743;0.037724;0.038103;0.038032;0.037916;0.037956;0.037158;0.03785;0.037421;0.037557;0.037774;0.038164;0.037863;0.037589;0.037827;0.037631;0.038374;0.037902;0.038561;0.038362;0.037857;0.038201;0.039285;0.037537;0.038407;0.039586;0.03824;0.037336;0.037662;0.038065;0.038344;0.03768;0.037424;0.03793;0.037724;0.037932;0.037674;0.038316;0.037536;0.037816;0.038745;0.038638;0.037667;0.038474;0.037848;0.037917;0.037664;0.037245;0.039159;0.038009;0.037339;0.038497;0.038489;0.037635;0.037667;0.038169;0.038477;0.038606;0.037662;0.037935;0.037852;0.038;0.038462;0.037667;0.038045;0.038319;0.037634;0.038011;0.037539;0.037872;0.038041;0.037625;0.038831;0.03771;0.038939;0.03793;0.038111;0.037683;0.038447;0.038539;0.037588;0.038148;0.038547;0.037937;0.03733;0.038882;0.038116;0.038052;0.037569;0.037472;0.03768;0.037497;0.03706;0.037949;0.037186;0.037949;0.03731;0.037726;0.037296;0.039019;0.037965;0.037117;0.037994;0.037985;0.038778;0.038154;0.038319;0.038317;0.037801;0.037985;0.038341;0.03809;0.038987;0.038447;0.038332;0.037611;0.037325;0.038108;0.03799;0.038109;0.037484;0.037822;0.038096;0.037479;0.038089;0.039759;0.038043;0.037564;0.037637;0.037732;0.037628;0.038413;0.038056;0.036748;0.037946;0.038259;0.038339;0.038257;0.038095;0.038176;0.038501;0.037631;0.037982;0.037529;0.037157;0.037544;0.037885;0.037523;0.03727;0.037643;0.037502;0.039058;0.03748;0.03723;0.037902;0.038644;0.03797;0.037836;0.037557;0.038073;0.037364;0.03778;0.037289;0.037499;0.038381;0.03833;0.037789;0.037649;0.037992;0.038743;0.038229;0.038111;0.037782;0.038272;0.038351;0.03794;0.03811;0.03976;0.038292;0.03849;0.038251;0.038359;0.037591;0.037367;0.037912;0.037581;0.037579;0.037199;0.037524;0.037672;0.037668;0.037834;0.037343;0.03827;0.037492;0.038221;0.039402;0.037337;0.037934;0.038331;0.038378;0.037322;0.039034;0.0376;0.039099;0.038138;0.038392;0.038419;0.038535;0.037209;0.037147;0.037884;0.037587;0.037739;0.038057;0.03834;0.037997;0.037513;0.038132;0.037681;0.037337;0.037894;0.037667;0.037886;0.037558;0.038156;0.037804;0.038014;0.038743;0.037911;0.038047;0.037559;0.037818;0.037481;0.038001;0.038589;0.037619;0.037457;0.038033;0.03802;0.037189;0.037656;0.037332;0.03741;0.038316;0.038173;0.0383;0.037588;0.037552;0.038196;0.03803;0.038284;0.037924;0.037426;0.039029;0.037078;0.038479;0.03836;0.03767;0.037765;0.037646;0.038214;0.037681;0.038501;0.037158;0.037573;0.037743;0.0379;0.037464;0.037982;0.037443;0.038098;0.037985;0.037483;0.037592;0.037955;0.038257;0.037218;0.038033;0.03777;0.039061;0.038677;0.038981;0.038889;0.037992;0.038452;0.037834;0.038137;0.038102;0.037749;0.037936;0.038651;0.03775;0.037908;0.037873;0.037626;0.037512;0.037838;0.037485;0.038052;0.03745;0.037623;0.038319;0.037437;0.038042;0.040508;0.037701;0.038212;0.038917;0.038123;0.037532;0.037805;0.037516;0.037798;0.03796;0.038039;0.037519;0.038229;0.037689;0.038215;0.03702;0.037058;0.037772;0.037575;0.037319;0.03739;0.038166;0.037782;0.037967;0.037594;0.037403;0.039109;0.039072;0.038192;0.037626;0.037614;0.03737;0.037808;0.037788;0.037754;0.037557;0.038243;0.037319;0.037596;0.038028;0.038343;0.037465;0.037885;0.037498;0.037902;0.037775;0.037878;0.038182;0.037438;0.037654;0.037042;0.038387;0.039444;0.037286;0.039096;0.037574;0.03792;0.037448;0.037985;0.037028;0.038215;0.038406;0.037756;0.036973;0.038013;0.037727;0.037971;0.037906;0.037649;0.037848;0.037482;0.037167;0.03789;0.036963;0.037885;0.037899;0.037927;0.03768;0.039155;0.037884;0.037643;0.038919;0.038405;0.037313;0.037635;0.037672;0.037453;0.037685;0.03798;0.037283;0.038312;0.038454;0.037515;0.03736;0.03804;0.038032;0.037735;0.037247;0.038136;0.03785;0.037388;0.037981;0.036394;0.038293;0.038694;0.037554;0.038003;0.037359;0.03754;0.037515;0.037414;0.037797;0.037808;0.037649;0.037743;0.03768;0.037726;0.038422;0.037322;0.038291;0.037941;0.037843;0.038217;0.037682;0.037734;0.038062;0.037934;0.037262;0.038099;0.037809;0.039067;0.038011;0.038262;0.037498;0.038181;0.037543;0.038988;0.037498;0.037964;0.037739;0.038217;0.037653;0.038119;0.037582;0.037598;0.037334;0.038733;0.037242;0.037758;0.037758;0.038711;0.038552;0.037515;0.038057;0.037511;0.038474;0.038206;0.038;0.038495;0.038484;0.037693;0.038065;0.038509;0.038057;0.038806;0.038333;0.039222;0.038718;0.038813;0.038348;0.03808;0.0391;0.039173;0.038127;0.038316;0.038361;0.038381;0.03874;0.038086;0.038463;0.038401;0.040089;0.03764;0.037962;0.037805;0.037721;0.037107;0.038055;0.037387;0.037232;0.037711;0.038278;0.038794;0.037686;0.03748;0.037391;0.037908;0.037292;0.038163;0.037689;0.037702;0.037818;0.037987;0.037585;0.038524;0.037971;0.039875;0.037492;0.037539;0.037407;0.037571;0.037832;0.038258;0.03828;0.038241;0.03822;0.038102;0.038099;0.037711;0.03879;0.037448;0.037754;0.03771;0.038585;0.037585;0.037744;0.038281;0.037453;0.037329;0.038632;0.038224;0.037911;0.039857;0.037841;0.03701;0.037606;0.037787;0.03862;0.037527;0.037687;0.037647;0.037155;0.037911;0.038069;0.037933;0.037711;0.038239;0.038081;0.038053;0.038904;0.037497;0.037935;0.038135;0.037609;0.03754;0.037713;0.037317;0.037209;0.039635;0.038427;0.038295;0.037615;0.037218;0.038035;0.037441;0.037973;0.03811;0.037448;0.038211;0.038372;0.037382;0.03835;0.037914;0.03761;0.040052;0.039204;0.038442;0.037872;0.038608;0.037197;0.038719;0.038068;0.038059;0.037539;0.039148;0.037534;0.03829;0.037329;0.038065;0.037414;0.038101;0.037704;0.037714;0.03917;0.037941;0.038289;0.037439;0.03843;0.03831;0.037955;0.03781;0.038792;0.037866;0.037669;0.037675;0.038174;0.03793;0.037052;0.038124;0.038877;0.037461;0.038442;0.037847;0.036998;0.037651;0.037916;0.037931;0.037374;0.037765;0.038628;0.037934;0.037295;0.038096;0.037579;0.038173;0.037298;0.037827;0.038454;0.038106;0.038159;0.037599;0.038105;0.037487;0.037644;0.037923;0.039087;0.038179;0.037299;0.037589;0.037963;0.03823;0.037409;0.037701;0.037599;0.037779;0.037239;0.037566;0.037703;0.037521;0.037329;0.037729;0.038147;0.037323;0.037786;0.037982;0.038167;0.03926;0.037141;0.037717;0.037474;0.038099;0.039097;0.038729;0.03726;0.037998;0.038172;0.037068;0.03822;0.036868;0.038008;0.037185;0.03786;0.038069;0.038075;0.037201;0.037963;0.038124;0.038202;0.037883;0.037553;0.037441;0.038612;0.037662;0.038327;0.037967;0.03783;0.038895;0.038996;0.037199;0.037469;0.037942;0.038075;0.037899;0.038201;0.03816;0.037753;0.037381;0.037754;0.037326;0.037987;0.037535;0.037167;0.037945;0.037715;0.038417;0.037299;0.038459;0.038268;0.037673;0.037173;0.03755;0.038609;0.037855;0.038505;0.037656;0.03796;0.038309;0.037963;0.038713;0.038411;0.038027;0.037688;0.03764;0.038292;0.037726;0.038524;0.037686;0.037372;0.037798;0.037156;0.038645;0.037935;0.038313;0.037976;0.038203;0.038419;0.038172;0.037674;0.039758;0.038632;0.038219;0.037909;0.037321;0.03821;0.038104;0.037717;0.038233;0.037658;0.038127;0.037121;0.037935;0.038112;0.037964;0.037229;0.03735;0.038128;0.037149;0.038756;0.037619;0.037479;0.037588;0.037412;0.037508;0.037259;0.03902;0.037324;0.038592;0.038675;0.03759;0.037619;0.038405;0.038035;0.037571;0.037911;0.038299;0.037963;0.037813;0.038332;0.037893;0.038695;0.038228;0.03827;0.037922;0.038013;0.038581;0.037463;0.037802;0.038866;0.037978;0.03816;0.039064;0.037773;0.037965;0.037343;0.038017;0.037431;0.037934;0.037727;0.037728;0.038053;0.037728;0.038312;0.038417;0.037935;0.037991;0.037049;0.03851;0.037621;0.037864;0.037276;0.03831;0.038251;0.038584;0.037997;0.038274;0.039389;0.038648;0.037774;0.037897;0.038265;0.037554;0.038038;0.037942;0.037053;0.037795;0.037689;0.038158;0.037655;0.037908;0.038041;0.03783;0.038464;0.038144;0.037799;0.03836;0.038123;0.037841;0.037316;0.038203;0.037819;0.038013;0.039462;0.038044;0.037932;0.037938;0.03904;0.037171;0.039653;0.038215;0.037853;0.038105;0.037553;0.03839;0.037257;0.037501;0.037933;0.038361;0.038104;0.038041;0.038066;0.03748;0.03753;0.038263;0.037877;0.037739;0.038102;0.038477;0.038965;0.037604;0.037704;0.037576;0.037978;0.037598;0.037631;0.038007;0.038855;0.037642;0.038117;0.037215;0.038328;0.037544;0.037909;0.037749;0.037852;0.037541;0.037808;0.037984;0.03737;0.037577;0.037531;0.037847;0.038225;0.037821;0.038858;0.037439;0.037754;0.037495;0.03799;0.0383;0.038234;0.037673;0.037504;0.037826;0.037776;0.038338;0.03761;0.038194;0.037661;0.038461;0.037683;0.037733;0.037884;0.037264;0.037584;0.038211;0.038042;0.037321;0.037727;0.039345;0.03754;0.037164;0.038014;0.037306;0.037688;0.038032;0.038133;0.038136;0.038198;0.037325;0.038137;0.039012;0.0384;0.037944;0.037918;0.037515;0.037545;0.038175;0.038089;0.038515;0.03829;0.037748;0.037327;0.03747;0.03814;0.03993;0.037933;0.038531;0.038753;0.037327;0.037338;0.037901;0.038208;0.037778;0.037932;0.038184;0.038249;0.037715;0.038246;0.037583;0.038148;0.038282;0.037686;0.039172;0.038289;0.037384;0.037924;0.037816;0.037753;0.03721;0.037798;0.039049;0.037897;0.037487;0.037397;0.039014;0.037661;0.037886;0.037547;0.03782;0.037997;0.037751;0.037529;0.037781;0.037473;0.038017;0.039105;0.038043;0.037811;0.038144;0.037562;0.038187;0.03813;0.037615;0.036997;0.03803;0.038127;0.039413;0.038264;0.038115;0.037727;0.037826;0.038134;0.037884;0.038095;0.03792;0.038094;0.038608;0.037533;0.037885;0.038075;0.038063;0.038343;0.038148;0.039707;0.038256;0.038141;0.03853;0.038477;0.038047;0.038587;0.038132;0.039982;0.037761;0.038206;0.03827;0.037685;0.038292;0.037913;0.037013;0.038125;0.037255;0.038144;0.03725;0.037965;0.038133;0.037944;0.03803;0.037329;0.038682;0.038503;0.037618;0.039222;0.037926;0.037587;0.037825;0.038043;0.037775;0.045262;0.038132;0.037327;0.037881;0.038092;0.037971;0.037631;0.03816;0.037868;0.03829;0.037966;0.038171;0.037751;0.038164;0.03802;0.036944;0.038074;0.038438;0.037867;0.037802;0.038399;0.038992;0.038178;0.038121;0.037749;0.039629;0.038545;0.038721;0.038387;0.037771;0.038226;0.037912;0.037983;0.037998;0.038318;0.037556;0.037852;0.038567;0.038156;0.038293;0.038347;0.038356;0.038609;0.038547;0.037617;0.037707;0.037754;0.037496;0.039503;0.039341;0.037803;0.040233;0.038956;0.038417;0.038447;0.038472;0.037349;0.037396;0.038042;0.037486;0.038127;0.038004;0.037941;0.03806;0.03813;0.037857;0.037514;0.037923;0.038163;0.038154;0.037538;0.038198;0.038031;0.037792;0.037732;0.037768;0.040355;0.03808;0.038026;0.038496;0.038564;0.038711;0.038698;0.038376;0.037793;0.038097;0.038199;0.037702;0.037896;0.037949;0.037676;0.037758;0.037962;0.038022;0.037548;0.037032;0.037857;0.037357;0.037641;0.037714;0.03799;0.037458;0.039597;0.038202;0.037715;0.03856;0.038578;0.038806;0.038366;0.038274;0.037618;0.037699;0.037954;0.037737;0.037629;0.03781;0.03738;0.037585;0.038094;0.037995;0.037604;0.037202;0.037427;0.037427;0.03728;0.037544;0.037696;0.038059;0.03882;0.038519;0.038589;0.040003;0.038612;0.037623;0.037785;0.037149;0.037315;0.037473;0.037586;0.037351;0.037846;0.037384;0.037836;0.037924;0.037945;0.03742;0.037757;0.038407;0.037598;0.038086;0.037999;0.038084;0.037526;0.039579;0.037591;0.038456;0.038234;0.038504;0.037915;0.039274;0.037702;0.03731;0.038019;0.037977;0.038309;0.037766;0.037687;0.038097;0.037925;0.037943;0.037988;0.037749;0.037738;0.037491;0.037995;0.037881;0.038092;0.037728;0.038083;0.038959;0.038111;0.037881;0.037974;0.039403;0.038657;0.037292;0.038146;0.038752;0.037801;0.038017;0.037757;0.038062;0.037926;0.038463;0.037993;0.037285;0.037955;0.038701;0.037178;0.037999;0.038641;0.03764;0.037703;0.037631;0.038732;0.038376;0.038114;0.038244;0.038601;0.038381;0.0382;0.038484;0.037958;0.038262;0.038126;0.038122;0.037881;0.037796;0.037741;0.038402;0.038337;0.037955;0.038312;0.038701;0.038516;0.038913;0.038045;0.038214;0.038535;0.038807;0.039807;0.037752;0.03832;0.037781;0.037193;0.038343;0.037627;0.038427;0.037316;0.037671;0.038545;0.037577;0.039412;0.038271;0.038109;0.037644;0.038017;0.038129;0.038027;0.037674;0.038032;0.037425;0.037234;0.037908;0.038065;0.038191;0.039199;0.037744;0.037452;0.037837;0.038062;0.037443;0.038105;0.037251;0.037941;0.037622;0.037638;0.037985;0.037355;0.038542;0.038116;0.038281;0.037206;0.037784;0.038166;0.038438;0.03696;0.038178;0.037356;0.03759;0.038037;0.038104;0.039477;0.038091;0.038147;0.038324;0.039106;0.038491;0.037566;0.037419;0.038366;0.037514;0.038106;0.038747;0.037223;0.037792;0.037476;0.039353;0.038132;0.037618;0.037695;0.038015;0.03711;0.037836;0.037301;0.037406;0.037675;0.039883;0.037548;0.038741;0.038179;0.037785;0.03762;0.037311;0.037145;0.03773;0.038016;0.037989;0.037735;0.03777;0.037942;0.038161;0.037317;0.037875;0.039297;0.037986;0.037288;0.03751;0.037901;0.037544;0.037911;0.037725;0.037443;0.038998;0.03801;0.037227;0.037253;0.036855;0.037781;0.038117;0.037972;0.03721;0.037866;0.037284;0.037417;0.037908;0.03849;0.037819;0.037807;0.037945;0.037817;0.038278;0.038024;0.037271;0.037861;0.037417;0.037481;0.037447;0.037565;0.039556;0.037858;0.037129;0.038044;0.038186;0.037659;0.037847;0.038166;0.037774;0.03776;0.037338;0.037941;0.037882;0.037909;0.037711;0.03755;0.037789;0.037345;0.037793;0.037377;0.038301;0.038114;0.036857;0.037439;0.038047;0.038251;0.038798;0.037719;0.038614;0.037134;0.037937;0.037584;0.037633;0.037812;0.038191;0.037763;0.037687;0.038055;0.037445;0.037672;0.038791;0.037731;0.037955;0.037916;0.037893;0.038592;0.037994;0.039327;0.037122;0.038266;0.037757;0.040116;0.037736;0.037667;0.037811;0.037518;0.037056;0.038379;0.037869;0.037747;0.038293;0.037833;0.037921;0.037538;0.037867;0.037813;0.038384;0.038443;0.038107;0.037531;0.038245;0.038136;0.038768;0.038374;0.038054;0.038375;0.037361;0.040951;0.037769;0.037581;0.038482;0.037875;0.036835;0.037729;0.0375;0.038153;0.037615;0.03746;0.037534;0.037944;0.037983;0.037782;0.037104;0.037614;0.038095;0.037569;0.037699;0.037329;0.037837;0.037459;0.038849;0.037872;0.037626;0.03897;0.038147;0.038466;0.039413;0.0387;0.038786;0.038748;0.038167;0.037644;0.038052;0.037715;0.037878;0.037382;0.037975;0.037339;0.037804;0.037718;0.038158;0.038331;0.03806;0.038315;0.038462;0.038733;0.038075;0.037598;0.039372;0.037669;0.037582;0.037773;0.03706;0.038625;0.037624;0.037752;0.037508;0.037852;0.037176;0.037929;0.038373;0.037341;0.037804;0.038257;0.03806;0.038248;0.03771;0.037849;0.03741;0.037895;0.037186;0.038486;0.038122;0.038153;0.039428;0.037787;0.037564;0.037956;0.037721;0.037607;0.037814;0.037769;0.03771;0.037955;0.037354;0.038196;0.037905;0.037935;0.037757;0.037585;0.037808;0.037682;0.038444;0.03786;0.037868;0.037733;0.037543;0.037357;0.037597;0.038132;0.039063;0.037986;0.038638;0.037054;0.038128;0.038111;0.038211;0.038073;0.037907;0.03779;0.037432;0.037551;0.037804;0.037304;0.037582;0.037402;0.037452;0.038838;0.038333;0.0377;0.037874;0.037772;0.038099;0.037941;0.037564;0.038164;0.039267;0.037847;0.037933;0.038367;0.038133;0.037837;0.037459;0.037794;0.037152;0.037116;0.037657;0.037913;0.038053;0.03799;0.037693;0.038307;0.037935;0.038335;0.037946;0.037947;0.037705;0.037918;0.037949;0.037508;0.037425;0.038386;0.037547;0.037643;0.037499;0.038283;0.03827;0.039402;0.037564;0.038042;0.037804;0.037803;0.037284;0.037452;0.037904;0.037526;0.037373;0.037422;0.037583;0.037455;0.03805;0.037523;0.03831;0.03758;0.037891;0.038019;0.037754;0.039375;0.037912;0.037804;0.038379;0.03819;0.037421;0.038176;0.038079;0.039796;0.037738;0.037587;0.037853;0.037062;0.037261;0.038111;0.037874;0.037419;0.037643;0.038456;0.037218;0.037761;0.038209;0.037689;0.038174;0.037718;0.03789;0.038994;0.037707;0.037676;0.037825;0.037577;0.037723;0.037478;0.038162;0.037611;0.03775;0.038304;0.037341;0.037879;0.038205;0.037417;0.037878;0.037858;0.037949;0.03781;0.037434;0.037588;0.037219;0.037416;0.038125;0.037497;0.037777;0.038314;0.038349;0.037862;0.037515;0.037295;0.037436;0.038031;0.03794;0.037734;0.03783;0.037841;0.038259;0.037743;0.03828;0.038129;0.037977;0.037677;0.037992;0.037604;0.03733;0.037192;0.038167;0.038025;0.037831;0.037958;0.03739;0.039288;0.037621;0.038129;0.03771;0.037985;0.037523;0.037776;0.038047;0.037115;0.037722;0.03765;0.037973;0.037496;0.038655;0.037548;0.037824;0.037819;0.037733;0.037441;0.038135;0.037748;0.037836;0.037484;0.037685;0.037348;0.0397;0.037018;0.037974;0.037806;0.038256;0.037983;0.038261;0.037656;0.037544;0.037929;0.037673;0.038516;0.037263;0.037283;0.037515;0.039146;0.038016;0.037468;0.03758;0.037082;0.037684;0.037768;0.037722;0.038132;0.038084;0.037745;0.039603;0.038126;0.037948;0.037583;0.037564;0.037901;0.038244;0.038608;0.037563;0.037756;0.0376;0.037846;0.038055;0.037796;0.038427;0.037546;0.038223;0.037306;0.038526;0.037811;0.037671;0.038093;0.03768;0.037346;0.03805;0.037996;0.039266;0.037767;0.038398;0.039407;0.037792;0.038685;0.038769;0.037864;0.038202;0.037448;0.038335;0.037792;0.037695;0.037729;0.037946;0.037732;0.037687;0.037337;0.038885;0.037716;0.037176;0.038142;0.037565;0.037483;0.037593;0.037856;0.039454;0.037907;0.03809;0.037755;0.038013;0.037975;0.037446;0.038536;0.038188;0.037769;0.037969;0.03781;0.03821;0.037767;0.037518;0.037217;0.038079;0.037853;0.037437;0.039073;0.038085;0.037562;0.037736;0.037523;0.038103;0.038694;0.037469;0.037778;0.03723;0.037936;0.037714;0.03835;0.038222;0.037194;0.038165;0.038175;0.038072;0.037985;0.03849;0.038092;0.038198;0.037744;0.037905;0.037079;0.037504;0.038091;0.038361;0.038262;0.038522;0.038061;0.037481;0.039879;0.038532;0.038161;0.038062;0.038263;0.03792;0.037875;0.037745;0.037658;0.038451;0.037812;0.037788;0.038272;0.037334;0.037715;0.038127;0.038232;0.037855;0.037819;0.037778;0.037902;0.037909;0.038547;0.037567;0.03739;0.038845;0.038873;0.037656;0.037423;0.037553;0.037781;0.038384;0.03772;0.037325;0.037939;0.037589;0.038422;0.038789;0.037945;0.03816;0.037701;0.037872;0.038274;0.037682;0.038194;0.038105;0.03768;0.037905;0.03762;0.037939;0.037559;0.038796;0.038007;0.037883;0.037973;0.037809;0.03803;0.037628;0.038275;0.03787;0.037753;0.037567;0.038596;0.037982;0.037643;0.03809;0.037847;0.037994;0.037687;0.038032;0.038052;0.037795;0.037871;0.03762;0.037445;0.037473;0.037803;0.040716;0.038593;0.038372;0.03834;0.038264;0.037749;0.037327;0.0385;0.03794;0.03812;0.037194;0.037831;0.03839;0.038761;0.03811;0.038557;0.037267;0.038057;0.037595;0.038209;0.037602;0.038027;0.038451;0.037964;0.038344;0.038038;0.038359;0.039028;0.037712;0.037872;0.037958;0.037689;0.03799;0.038148;0.037821;0.038476;0.03765;0.037473;0.03803;0.038225;0.038379;0.037347;0.037987;0.037223;0.037474;0.037575;0.038052;0.036905;0.037325;0.037717;0.037988;0.037869;0.03943;0.038186;0.037853;0.038038;0.037851;0.038127;0.037861;0.037761;0.037193;0.037728;0.038095;0.038014;0.038177;0.038226;0.037658;0.03759;0.037511;0.03836;0.037537;0.037752;0.037707;0.037166;0.037304;0.037359;0.037425;0.038714;0.037649;0.037572;0.038041;0.037488;0.038321;0.037482;0.037352;0.037723;0.037177;0.037749;0.037109;0.037232;0.03778;0.037774;0.037141;0.038011;0.038094;0.037906;0.037671;0.03807;0.037796;0.037794;0.037794;0.037837;0.037684;0.039162;0.038215;0.038533;0.037549;0.037833;0.038267;0.038699;0.037481;0.038001;0.037488;0.037924;0.038059;0.037979;0.03735;0.037421;0.038125;0.0376;0.038004;0.038181;0.036943;0.037878;0.037779;0.037524;0.037529;0.037323;0.037959;0.038617;0.037858;0.037742;0.038301;0.037972;0.037608;0.037849;0.038952;0.037165;0.03881;0.037754;0.037486;0.036967;0.037626;0.037807;0.038211;0.037945;0.037799;0.037278;0.038035;0.03827;0.037543;0.037062;0.037672;0.037501;0.038529;0.039325;0.038292;0.03758;0.038464;0.039022;0.03835;0.037951;0.038455;0.038379;0.037802;0.038077;0.037598;0.037988;0.03867;0.038745;0.038071;0.037816;0.038355;0.038163;0.03846;0.037924;0.038062;0.037428;0.038237;0.038074;0.039241;0.037233;0.037677;0.037396;0.037802;0.037778;0.037703;0.038123;0.037782;0.03754;0.037869;0.038589;0.037727;0.037651;0.038119;0.037497;0.038482;0.037629;0.038033;0.038745;0.03738;0.038122;0.037983;0.037391;0.037807;0.037801;0.038452;0.038242;0.037451;0.03814;0.038294;0.038021;0.037635;0.037925;0.037769;0.037484;0.037536;0.037922;0.038568;0.037463;0.03812;0.037985;0.038247;0.038181;0.038211;0.038361;0.038278;0.037976;0.03721;0.037888;0.038099;0.037915;0.039278;0.037945;0.038184;0.037327;0.036994;0.037593;0.037983;0.037558;0.038347;0.03801;0.037505;0.037289;0.037671;0.037323;0.037915;0.039718;0.037692;0.037978;0.037945;0.0378;0.038414;0.037729;0.037356;0.037521;0.03769;0.037845;0.039086;0.038672;0.038196;0.037408;0.037751;0.037782;0.038104;0.038138;0.03737;0.038503;0.037679;0.03744;0.037638;0.037569;0.038308;0.037888;0.037965;0.038824;0.037307;0.038131;0.038005;0.03775;0.037901;0.037448;0.038363;0.039128;0.037966;0.037857;0.038171;0.037441;0.038352;0.038189;0.037687;0.037577;0.037713;0.037792;0.038894;0.036909;0.037314;0.037821;0.037838;0.038327;0.03785;0.037937;0.038074;0.037747;0.037266;0.038047;0.037698;0.037751;0.038194;0.039372;0.03797;0.037552;0.037478;0.037628;0.037592;0.038006;0.037337;0.03737;0.037446;0.03807;0.037651;0.037436;0.037714;0.037432;0.037132;0.038275;0.037667;0.037294;0.038448;0.037874;0.038705;0.037735;0.037202;0.037444;0.038156;0.039309;0.037855;0.037099;0.037373;0.037822;0.037978;0.037109;0.037819;0.038332;0.037683;0.037926;0.037437;0.037567;0.037934;0.037751;0.037131;0.037723;0.037655;0.037509;0.037991;0.038004;0.037291;0.038292;0.037767;0.037642;0.037896;0.039331;0.037394;0.038017;0.038067;0.03783;0.037485;0.037918;0.038038;0.038269;0.038433;0.037974;0.03766;0.037901;0.038063;0.038371;0.037237;0.038259;0.037966;0.037903;0.038087;0.037562;0.037745;0.037292;0.037063;0.03816;0.040224;0.039646;0.037851;0.037836;0.037898;0.037777;0.037545;0.037811;0.037525;0.038397;0.037983;0.037885;0.03868;0.037168;0.037515;0.037713;0.037691;0.038149;0.038075;0.037937;0.037574;0.038418;0.038059;0.038035;0.038258;0.037624;0.039358;0.037746;0.038347;0.03968;0.037296;0.037023;0.037669;0.037785;0.037781;0.038201;0.038323;0.037847;0.038031;0.037972;0.038262;0.038057;0.038432;0.038339;0.038123;0.037627;0.037288;0.037664;0.037645;0.037739;0.037543;0.037808;0.039029;0.039257;0.038393;0.037509;0.038583;0.037881;0.039073;0.038568;0.038243;0.03867;0.037572;0.037007;0.037094;0.037636;0.03853;0.037895;0.037262;0.03762;0.037608;0.038314;0.038063;0.037739;0.037848;0.037252;0.03738;0.038478;0.037853;0.03839;0.038156;0.038161;0.037471;0.038014;0.037747;0.03884;0.037437;0.037303;0.038065;0.037269;0.038038;0.037749;0.037667;0.037245;0.037096;0.038241;0.038003;0.038038;0.038494;0.037486;0.037352;0.038017;0.037343;0.039146;0.037533;0.03795;0.037897;0.038312;0.037951;0.037635;0.036908;0.037226;0.037344;0.038589;0.037364;0.037546;0.038172;0.037221;0.037293;0.038091;0.037272;0.037878;0.038003;0.037661;0.037556;0.037977;0.037326;0.038223;0.038291;0.038835;0.038028;0.037989;0.037932;0.038005;0.038089;0.038447;0.037913;0.037697;0.037399;0.038157;0.039039;0.037344;0.037686;0.037472;0.037832;0.037828;0.038255;0.037452;0.038112;0.037738;0.037474;0.037591;0.03756;0.037518;0.037828;0.038493;0.037798;0.037479;0.037968;0.038288;0.03776;0.037959;0.038442;0.038415;0.037905;0.03854;0.038349;0.03786;0.037973;0.037498;0.037945;0.03782;0.038085;0.03764;0.038366;0.038023;0.038047;0.037586;0.037711;0.038357;0.037857;0.038461;0.038014;0.037532;0.03722;0.037648;0.03817;0.037725;0.037838;0.037534;0.037665;0.038312;0.037619;0.037515;0.038933;0.037455;0.037527;0.038015;0.037854;0.037829;0.038278;0.037221;0.037446;0.036783;0.03777;0.037113;0.038701;0.037735;0.038293;0.037654;0.038054;0.03786;0.038602;0.038175;0.038088;0.038301;0.038069;0.037524;0.037879;0.037596;0.037922;0.037709;0.039371;0.037457;0.037434;0.037681;0.038144;0.038167;0.038178;0.038004;0.037989;0.038007;0.038873;0.037728;0.0381;0.038048;0.037965;0.037893;0.038;0.037818;0.03813;0.038266;0.038026;0.037934;0.038316;0.03756;0.038348;0.037817;0.03915;0.039494;0.037737;0.038531;0.037897;0.038576;0.038351;0.037835;0.038047;0.037825;0.039247;0.03791;0.038212;0.0376;0.037829;0.037311;0.038566;0.037957;0.037658;0.038453;0.037974;0.037965;0.03842;0.037396;0.03744;0.037598;0.038667;0.037738;0.038219;0.037811;0.037622;0.037916;0.037613;0.037623;0.037703;0.039802;0.037591;0.037767;0.038031;0.038116;0.038423;0.037949;0.038106;0.038679;0.03762;0.038492;0.03758;0.037967;0.038096;0.037999;0.037766;0.038304;0.037865;0.038572;0.03786;0.037865;0.038032;0.037865;0.037096;0.03731;0.03812;0.038712;0.038435;0.037534;0.037932;0.037255;0.037934;0.037856;0.03746;0.038061;0.038168;0.037549;0.038062;0.03825;0.0384;0.037528;0.038275;0.038412;0.037329;0.037484;0.038302;0.037846;0.03801;0.039217;0.037955;0.037387;0.038;0.038708;0.037868;0.037996;0.037546;0.038986;0.037662;0.03806;0.038091;0.039102;0.037723;0.037772;0.037577;0.03804;0.037887;0.038128;0.037822;0.037594;0.037563;0.037572;0.037376;0.037706;0.037546;0.037545;0.039487;0.037547;0.039507;0.037838;0.037625;0.038;0.038019;0.037783;0.037912;0.037541;0.03916;0.037709;0.037061;0.037608;0.038355;0.038203;0.037525;0.037674;0.037843;0.037579;0.037544;0.037448;0.03757;0.037923;0.037587;0.037708;0.0384;0.037649;0.039445;0.038759;0.037799;0.037665;0.037689;0.037418;0.037474;0.037828;0.03714;0.038229;0.038554;0.037662;0.037482;0.037606;0.03754;0.03797;0.038001;0.038028;0.037553;0.037827;0.038009;0.038729;0.03787;0.038053;0.037825;0.038127;0.039636;0.040097;0.03725;0.0379;0.038202;0.037535;0.037486;0.037278;0.037965;0.03781;0.037469;0.037198;0.037843;0.03732;0.038152;0.037201;0.03755;0.037663;0.037029;0.037771;0.037625;0.037852;0.037863;0.038061;0.037705;0.038231;0.039375;0.037787;0.038464;0.039472;0.037649;0.038273;0.037247;0.03772;0.038052;0.037838;0.038322;0.037758;0.038078;0.038062;0.037694;0.037336;0.037277;0.0376;0.038581;0.038107;0.039064;0.038583;0.038701;0.03885;0.037722;0.040671;0.038421;0.037719;0.037697;0.038465;0.039143;0.039654;0.038421;0.037555;0.037504;0.037453;0.03714;0.037491;0.037434;0.037725;0.03791;0.037989;0.037375;0.037126;0.037104;0.038282;0.037568;0.037743;0.037593;0.037648;0.037816;0.040228;0.037377;0.038387;0.038543;0.0387;0.037953;0.038405;0.038855;0.038274;0.0381;0.037303;0.037236;0.038002;0.037504;0.03787;0.037549;0.038161;0.037981;0.039218;0.038045;0.038673;0.037976;0.038726;0.038305;0.038679;0.038314;0.040464;0.038723;0.038606;0.03842;0.038271;0.037987;0.037918;0.03767;0.037993;0.037666;0.037437;0.037396;0.037561;0.03775;0.037845;0.037279;0.037817;0.036947;0.037658;0.037916;0.037139;0.037263;0.037923;0.037682;0.037702;0.041326;0.03774;0.038579;0.038499;0.038812;0.038161;0.038518;0.038157;0.038743;0.038369;0.037927;0.037691;0.038022;0.037977;0.038347;0.037221;0.038398;0.037364;0.037741;0.037756;0.03733;0.03739;0.037155;0.038057;0.037661;0.037453;0.039445;0.037048;0.038276;0.038428;0.0385;0.03816;0.038483;0.038757;0.038413;0.037419;0.03793;0.037015;0.038705;0.038326;0.038304;0.037246;0.037292;0.03722;0.037812;0.037761;0.038601;0.037719;0.03783;0.03728;0.037562;0.036717;0.03983;0.037777;0.038596;0.038886;0.038195;0.038522;0.038478;0.037987;0.037813;0.037581;0.038003;0.037966;0.03761;0.039095;0.037592;0.037648;0.038813;0.037655;0.037985;0.037258;0.038123;0.03767;0.037538;0.037476;0.037736;0.038943;0.037577;0.038461;0.0383;0.038589;0.038219;0.038139;0.037305;0.038138;0.037822;0.037215;0.038041;0.037401;0.037175;0.038173;0.037892;0.039077;0.037946;0.038264;0.037649;0.037821;0.037877;0.037504;0.038334;0.037411;0.037608;0.039928;0.037214;0.038472;0.03819;0.038436;0.039545;0.03862;0.037582;0.038163;0.03783;0.038351;0.037753;0.037872;0.037857;0.037538;0.03798;0.038055;0.038795;0.03801;0.037987;0.037935;0.037439;0.038114;0.037862;0.037345;0.038164;0.039135;0.037596;0.038664;0.038296;0.038646;0.037226;0.037613;0.038613;0.037915;0.038016;0.037905;0.038013;0.037588;0.03818;0.037515;0.037771;0.037677;0.037555;0.037851;0.037843;0.038013;0.038258;0.038283;0.038029;0.037871;0.038796;0.03844;0.038408;0.038273;0.038319;0.037637;0.038156;0.037697;0.037754;0.0381;0.037202;0.037715;0.037786;0.036962;0.037835;0.037791;0.038007;0.03826;0.037591;0.037766;0.037517;0.038545;0.037688;0.037897;0.038947;0.038104;0.040208;0.038189;0.037724;0.038745;0.038703;0.037997;0.038352;0.037295;0.037474;0.037486;0.03724;0.03711;0.037944;0.037687;0.037679;0.037851;0.037913;0.037961;0.037978;0.037502;0.037705;0.038074;0.03867;0.038076;0.037295;0.037133;0.039687;0.038405;0.038188;0.038393;0.038016;0.037993;0.037817;0.03736;0.037465;0.03805;0.037875;0.038069;0.038062;0.038088;0.038378;0.038182;0.037235;0.037622;0.037786;0.037098;0.037808;0.037471;0.038154;0.037491;0.038839;0.039431;0.038047;0.038275;0.038297;0.038039;0.038903;0.037741;0.037644;0.037755;0.037938;0.037745;0.037984;0.037549;0.037932;0.037538;0.038314;0.038282;0.038993;0.038436;0.037827;0.037425;0.038432;0.038766;0.037189;0.038269;0.037366;0.039538;0.039325;0.038338;0.038692;0.03832;0.038489;0.038598;0.038242;0.037121;0.037783;0.037484;0.037793;0.037733;0.037392;0.037146;0.038172;0.038193;0.037641;0.037724;0.037808;0.037793;0.03829;0.038249;0.037238;0.037781;0.037362;0.03948;0.038058;0.040224;0.038628;0.039123;0.039172;0.038359;0.038089;0.037876;0.037508;0.037765;0.037435;0.03779;0.03795;0.038097;0.037861;0.037869;0.038145;0.037357;0.037352;0.037476;0.037415;0.037925;0.038218;0.037795;0.039426;0.037959;0.03782;0.038248;0.038064;0.039333;0.037785;0.037956;0.037699;0.03801;0.037593;0.037851;0.038409;0.037855;0.03803;0.038504;0.03727;0.038356;0.03817;0.038216;0.037872;0.038221;0.037769;0.038603;0.03775;0.03787;0.039636;0.038532;0.038447;0.038486;0.038573;0.038473;0.03965;0.038796;0.037553;0.03804;0.037582;0.037859;0.037325;0.037531;0.037668;0.037947;0.037585;0.038533;0.038226;0.037453;0.037978;0.037756;0.038683;0.03772;0.038369;0.037876;0.039997;0.03781;0.038848;0.038883;0.03828;0.037398;0.038051;0.037789;0.03948;0.038407;0.037497;0.038071;0.037217;0.038522;0.038227;0.038031;0.037414;0.037606;0.037906;0.038167;0.03777;0.038216;0.038487;0.038555;0.037935;0.039339;0.038207;0.039307;0.039458;0.038971;0.039504;0.038416;0.039009;0.03856;0.037908;0.038483;0.039606;0.037893;0.037944;0.037876;0.038377;0.03814;0.038032;0.038394;0.037804;0.037629;0.038914;0.037679;0.037645;0.037765;0.03755;0.039499;0.038039;0.037679;0.038285;0.037754;0.03818;0.037567;0.037983;0.037951;0.037483;0.03783;0.037711;0.038545;0.037837;0.037585;0.037968;0.036966;0.037851;0.037914;0.037298;0.037478;0.03754;0.037418;0.037587;0.037988;0.039246;0.037549;0.03848;0.038993;0.038243;0.038815;0.038296;0.037609;0.0376;0.037816;0.037228;0.038124;0.038464;0.03753;0.038222;0.037504;0.037806;0.037992;0.037882;0.03706;0.037788;0.037436;0.037399;0.03745;0.037516;0.038025;0.038864;0.03761;0.038247;0.038247;0.038931;0.038683;0.038917;0.038003;0.037484;0.037316;0.037725;0.038106;0.0383;0.037904;0.038053;0.037807;0.038792;0.038268;0.037637;0.037957;0.03784;0.037206;0.037941;0.037854;0.038206;0.038656;0.039801;0.038927;0.038595;0.039308;0.038435;0.038802;0.038532;0.039124;0.038093;0.038691;0.038537;0.038261;0.038006;0.038215;0.037886;0.038135;0.037284;0.039517;0.037836;0.038289;0.038438;0.037635;0.037665;0.037722;0.038372;0.03952;0.038337;0.037931;0.037903;0.038192;0.038293;0.037387;0.037751;0.037587;0.03722;0.0383;0.037654;0.0375;0.038089;0.037962;0.037945;0.038722;0.038372;0.038652;0.039898;0.038487;0.037919;0.038103;0.037241;0.037628;0.03785;0.038602;0.038118;0.037648;0.038197;0.039066;0.038164;0.038441;0.037482;0.038206;0.03832;0.037415;0.037153;0.037328;0.037967;0.037556;0.038214;0.037802;0.038624;0.038496;0.03772;0.038561;0.037253;0.037793;0.037981;0.03832;0.039491;0.038841;0.038486;0.039003;0.03917;0.038487;0.0386;0.038438;0.038244;0.038666;0.038639;0.038363;0.037959;0.038503;0.038739;0.038404;0.03852;0.038247;0.038401;0.037689;0.037885;0.037685;0.037967;0.037752;0.037833;0.038195;0.039307;0.037995;0.038625;0.037851;0.039029;0.038096;0.037801;0.037752;0.037746;0.037159;0.037855;0.037872;0.037824;0.038507;0.037136;0.038552;0.038192;0.038351;0.039304;0.038321;0.038508;0.038737;0.039055;0.038863;0.040092;0.039363;0.037876;0.037782;0.03771;0.037797;0.037113;0.037333;0.037991;0.037302;0.037736;0.037617;0.038031;0.037935;0.038029;0.037837;0.037333;0.037326;0.037877;0.038253;0.037953;0.037807;0.038236;0.037712;0.038357;0.037992;0.038083;0.040497;0.038327;0.038302;0.038609;0.03849;0.037875;0.037501;0.038684;0.037746;0.037607;0.037438;0.037512;0.038637;0.038486;0.038136;0.038367;0.037948;0.037474;0.038048;0.038042;0.038588;0.038849;0.038553;0.038592;0.038482;0.03853;0.040708;0.040163;0.038571;0.038067;0.039243;0.03796;0.038251;0.038352;0.037992;0.038388;0.037436;0.03736;0.037878;0.037114;0.037968;0.038082;0.03757;0.037074;0.03738;0.037839;0.038023;0.038563;0.038683;0.037719;0.03783;0.039721;0.037519;0.038813;0.038504;0.03964;0.039016;0.039209;0.038835;0.037985;0.037928;0.038028;0.037572;0.038643;0.037493;0.03815;0.037921;0.039002;0.037904;0.038139;0.037925;0.037775;0.038522;0.037024;0.03768;0.038399;0.037508;0.039404;0.03835;0.038348;0.038066;0.038404;0.039165;0.037959;0.038202;0.038322;0.037863;0.038204;0.037498;0.037581;0.038399;0.037759;0.037757;0.037428;0.037929;0.038214;0.038081;0.038358;0.038075;0.037627;0.038312;0.037801;0.039574;0.037941;0.038391;0.038432;0.037826;0.03839;0.038159;0.037843;0.039092;0.03802;0.038193;0.038735;0.038473;0.037582;0.037303;0.037461;0.037443;0.037783;0.038093;0.038295;0.038065;0.038747;0.037936;0.038091;0.037604;0.038138;0.03907;0.038582;0.038666;0.039148;0.038619;0.037553;0.037879;0.038312;0.037597;0.038433;0.03902;0.037857;0.038149;0.038711;0.038357;0.038314;0.038012;0.038191;0.038019;0.038822;0.038;0.038081;0.037972;0.038207;0.038502;0.039473;0.037631;0.038542;0.039021;0.038995;0.038577;0.038085;0.037676;0.038293;0.037806;0.038084;0.038016;0.03806;0.039101;0.038311;0.038318;0.037354;0.037437;0.038097;0.037616;0.038135;0.038175;0.037553;0.037782;0.038083;0.038041;0.039082;0.037867;0.038455;0.039107;0.038658;0.038053;0.037517;0.037959;0.038742;0.037109;0.037921;0.037889;0.037968;0.038607;0.038401;0.039127;0.038596;0.037599;0.038293;0.038343;0.038059;0.037304;0.037962;0.037894;0.038226;0.037643;0.039562;0.037697;0.037878;0.038071;0.037552;0.037778;0.038106;0.037915;0.037569;0.037827;0.037906;0.037595;0.038146;0.038054;0.037283;0.037971;0.037578;0.038912;0.037744;0.038288;0.037716;0.03808;0.038334;0.038114;0.037825;0.039118;0.038473;0.038637;0.038594;0.038749;0.038348;0.037629;0.038226;0.038012;0.037911;0.037697;0.038008;0.038216;0.038129;0.037736;0.038201;0.037649;0.038729;0.038231;0.038096;0.038119;0.039705;0.038636;0.03797;0.038277;0.038349;0.044072;0.038958;0.038855;0.038631;0.038532;0.037661;0.038052;0.037974;0.038044;0.037996;0.037747;0.037966;0.038544;0.037544;0.038166;0.038051;0.038299;0.037978;0.037661;0.038168;0.03797;0.037986;0.03763;0.039693;0.037543;0.039808;0.038064;0.038173;0.039044;0.038631;0.037489;0.037329;0.038062;0.03839;0.038032;0.037426;0.037847;0.038412;0.03733;0.037713;0.037541;0.038183;0.038238;0.036931;0.037611;0.037798;0.037363;0.038305;0.037763;0.037238;0.037716;0.040584;0.03797;0.038671;0.038566;0.03861;0.038849;0.038309;0.039146;0.038627;0.038597;0.037872;0.039118;0.038612;0.038746;0.038428;0.039566;0.038091;0.038305;0.037643;0.038049;0.038311;0.038354;0.03819;0.038071;0.038748;0.040981;0.037984;0.039803;0.038483;0.037862;0.038339;0.03757;0.037388;0.037578;0.037614;0.037413;0.037762;0.037397;0.037543;0.038154;0.037985;0.038058;0.037769;0.037876;0.037325;0.037993;0.038005;0.037781;0.037914;0.037529;0.037064;0.039172;0.038132;0.037846;0.0393;0.037849;0.038013;0.038241;0.037649;0.037499;0.03882;0.039649;0.038323;0.037902;0.037302;0.037971;0.038345;0.037466;0.03771;0.037701;0.037668;0.037684;0.037409;0.037807;0.037572;0.038126;0.038044;0.038952;0.037606;0.037783;0.038981;0.039309;0.039068;0.038248;0.037621;0.037805;0.037693;0.037458;0.038298;0.037428;0.038116;0.038397;0.037624;0.03748;0.037573;0.037213;0.037777;0.037485;0.037665;0.037895;0.038252;0.038069;0.038945;0.037695;0.038157;0.038206;0.037324;0.037554;0.037661;0.037903;0.037548;0.037209;0.037791;0.037888;0.037019;0.038115;0.037887;0.037365;0.037788;0.038122;0.038218;0.037746;0.037334;0.037744;0.038155;0.038437;0.0375;0.037903;0.039771;0.038506;0.038273;0.038177;0.038151;0.038444;0.037944;0.037887;0.038261;0.039109;0.038698;0.038558;0.03769;0.037724;0.038116;0.038329;0.038032;0.038324;0.038241;0.037869;0.037735;0.037603;0.037493;0.037559;0.038165;0.037744;0.03981;0.038651;0.038294;0.038667;0.038369;0.037938;0.037989;0.037872;0.037455;0.037039;0.037317;0.039078;0.037254;0.037307;0.038155;0.037585;0.038262;0.038079;0.037961;0.03788;0.037545;0.038145;0.037291;0.038206;0.038068;0.040117;0.038256;0.038824;0.038605;0.038823;0.03908;0.038392;0.037823;0.037427;0.038304;0.038081;0.037576;0.037803;0.038031;0.037666;0.03734;0.037721;0.037674;0.03783;0.037875;0.037682;0.038359;0.03823;0.037759;0.038191;0.038017;0.038838;0.038012;0.038699;0.038654;0.038371;0.038872;0.038584;0.037708;0.038407;0.037965;0.037847;0.038045;0.037686;0.037398;0.038225;0.038306;0.038009;0.038383;0.03775;0.037889;0.037533;0.037381;0.03691;0.037741;0.037575;0.03813;0.038931;0.038537;0.037662;0.038418;0.038439;0.037836;0.038074;0.037403;0.038302;0.038242;0.037708;0.037174;0.037996;0.037993;0.038295;0.03856;0.038092;0.038997;0.037843;0.037682;0.037842;0.037317;0.037765;0.037454;0.038108;0.038751;0.038585;0.038352;0.0383;0.038924;0.038773;0.037664;0.038224;0.037674;0.037818;0.038314;0.037808;0.038056;0.037779;0.03824;0.037898;0.037602;0.037458;0.038592;0.037612;0.039621;0.0377;0.038729;0.037973;0.038148;0.03744;0.038839;0.037817;0.038143;0.038713;0.039245;0.038162;0.037544;0.037809;0.03783;0.037395;0.037996;0.037062;0.037176;0.038107;0.038227;0.037581;0.037824;0.037699;0.037968;0.037527;0.037682;0.038196;0.038252;0.03846;0.038148;0.038233;0.039158;0.0383;0.038586;0.038644;0.038333;0.038227;0.037518;0.037277;0.037434;0.03744;0.036648;0.037799;0.038043;0.038335;0.037745;0.037859;0.038896;0.039043;0.038459;0.038379;0.038875;0.037757;0.038273;0.038594;0.038808;0.039413;0.038604;0.038157;0.038384;0.0387;0.038001;0.037841;0.037704;0.037793;0.037702;0.037569;0.037839;0.037585;0.037334;0.037539;0.037806;0.038286;0.038139;0.038002;0.037854;0.037345;0.038119;0.037297;0.037763;0.038206;0.037297;0.03834;0.038835;0.039638;0.038704;0.037319;0.039165;0.038222;0.037853;0.038307;0.038447;0.037404;0.03785;0.037589;0.037675;0.037932;0.038341;0.037562;0.037673;0.037125;0.037792;0.037567;0.038165;0.037232;0.037735;0.037886;0.038325;0.037279;0.037861;0.037854;0.03852;0.037464;0.038107;0.03752;0.037457;0.037762;0.037564;0.037519;0.037867;0.038038;0.038147;0.037699;0.038373;0.037356;0.037914;0.038289;0.038249;0.037944;0.037936;0.037852;0.037332;0.038112;0.038951;0.037219;0.037252;0.037572;0.037502;0.03794;0.038725;0.038773;0.03812;0.037355;0.037857;0.03755;0.03763;0.038248;0.037636;0.037767;0.037829;0.038242;0.037754;0.037829;0.038637;0.038361;0.038918;0.037664;0.037611;0.037713;0.03883;0.037876;0.038907;0.038175;0.03864;0.03836;0.037328;0.037552;0.038815;0.037723;0.038023;0.038181;0.03823;0.038064;0.038458;0.038085;0.038852;0.038236;0.037984;0.038536;0.039072;0.038426;0.038427;0.037773;0.038438;0.0399;0.037444;0.038285;0.038343;0.039622;0.038758;0.038213;0.038092;0.037576;0.037181;0.038047;0.037857;0.037209;0.037923;0.038454;0.037906;0.036977;0.037297;0.037611;0.037605;0.037284;0.037282;0.037398;0.038277;0.038754;0.03808;0.040141;0.037617;0.038214;0.038332;0.038795;0.03809;0.038436;0.037861;0.038253;0.03721;0.038401;0.038153;0.038221;0.038323;0.038558;0.037404;0.037865;0.038006;0.037674;0.038033;0.037396;0.038007;0.038422;0.038678;0.037906;0.037802;0.039099;0.037695;0.038831;0.038168;0.037611;0.037903;0.037224;0.038081;0.038035;0.037943;0.037872;0.037842;0.037682;0.038229;0.037641;0.038156;0.037472;0.038146;0.037475;0.037993;0.037627;0.037735;0.037475;0.038145;0.038219;0.037673;0.037815;0.037646;0.038743;0.037995;0.038243;0.037822;0.03773;0.037919;0.038506;0.038015;0.037393;0.038087;0.037793;0.037199;0.039272;0.037773;0.036991;0.037361;0.037638;0.037956;0.037521;0.038486;0.038482;0.037153;0.037814;0.03964;0.037631;0.03853;0.038397;0.039171;0.037688;0.037966;0.037706;0.037478;0.037229;0.038171;0.03754;0.038001;0.037855;0.038115;0.037531;0.03908;0.037653;0.037429;0.037537;0.038301;0.037829;0.037952;0.037893;0.037678;0.038026;0.039176;0.038567;0.038275;0.03832;0.037792;0.037874;0.037077;0.038202;0.037546;0.037667;0.038578;0.037285;0.03787;0.037217;0.038172;0.037509;0.037801;0.037822;0.03897;0.037623;0.037802;0.038632;0.037436;0.037892;0.037896;0.03774;0.038931;0.037705;0.037902;0.037751;0.03779;0.037724;0.038014;0.037318;0.037789;0.038113;0.037743;0.037938;0.038022;0.037607;0.038313;0.037552;0.03778;0.037922;0.037724;0.039331;0.038317;0.03815;0.03765;0.037826;0.038442;0.039326;0.03837;0.038202;0.038202;0.039099;0.038019;0.037676;0.038302;0.038357;0.037892;0.038608;0.038401;0.037864;0.038107;0.038061;0.03818;0.037554;0.038163;0.038317;0.038222;0.038105;0.038001;0.038225;0.039627;0.038296;0.037699;0.039304;0.038472;0.03859;0.038431;0.038732;0.038543;0.037792;0.038631;0.038044;0.038116;0.03841;0.037479;0.037521;0.03767;0.037608;0.038234;0.037573;0.037812;0.037911;0.038223;0.037321;0.036991;0.037336;0.037877;0.038005;0.039937;0.037674;0.0381;0.03807;0.03813;0.038031;0.037464;0.037748;0.038341;0.037785;0.038336;0.037815;0.037281;0.037666;0.037889;0.038031;0.037763;0.036779;0.037599;0.038046;0.037867;0.03819;0.037887;0.037345;0.037545;0.038163;0.039431;0.038901;0.040938;0.038313;0.03861;0.037474;0.037433;0.037854;0.037772;0.037597;0.037635;0.037548;0.037684;0.037702;0.037865;0.037893;0.037841;0.037734;0.038276;0.037672;0.037724;0.037729;0.038095;0.037928;0.037257;0.037847;0.038473;0.037684;0.038197;0.03992;0.038816;0.038014;0.03769;0.036744;0.037802;0.037538;0.038043;0.037263;0.037667;0.037018;0.037498;0.037581;0.037326;0.03794;0.037766;0.037864;0.037419;0.037816;0.037232;0.037048;0.038083;0.037112;0.039426;0.037956;0.038619;0.038195;0.039441;0.037856;0.038352;0.037838;0.037607;0.037619;0.037443;0.0374;0.038357;0.038372;0.037592;0.038037;0.037876;0.038036;0.037906;0.037345;0.037792;0.038211;0.038138;0.037642;0.037643;0.03945;0.038101;0.03762;0.037492;0.037705;0.03794;0.037821;0.038965;0.037112;0.038303;0.037444;0.038038;0.037722;0.037905;0.037499;0.037751;0.037242;0.037966;0.037499;0.037653;0.037288;0.037761;0.038161;0.038082;0.037529;0.037659;0.039127;0.037974;0.038297;0.038909;0.03845;0.038365;0.037949;0.037924;0.038756;0.03784;0.037834;0.03777;0.037531;0.037718;0.038912;0.038075;0.038201;0.038044;0.037523;0.03775;0.037721;0.038124;0.037656;0.037951;0.037666;0.037762;0.03959;0.038079;0.038377;0.038785;0.039079;0.03876;0.037642;0.038052;0.038609;0.037813;0.038693;0.037366;0.037985;0.03851;0.037839;0.037574;0.037948;0.037287;0.037927;0.037581;0.038314;0.038236;0.038184;0.037289;0.038035;0.039082;0.03775;0.037397;0.038855;0.037898;0.038335;0.037606;0.036691;0.037167;0.038164;0.037638;0.037152;0.03788;0.037395;0.03749;0.038062;0.03754;0.037821;0.037962;0.038046;0.036781;0.038318;0.037598;0.037475;0.037815;0.038081;0.038826;0.03812;0.038459;0.038212;0.038545;0.037799;0.03762;0.0377;0.037743;0.037922;0.038037;0.037584;0.038083;0.037932;0.037645;0.037532;0.037682;0.037567;0.037897;0.039161;0.037941;0.037315;0.038221;0.037346;0.03799;0.037434;0.038999;0.038076;0.038826;0.038985;0.037916;0.037355;0.037911;0.038191;0.038934;0.037667;0.037704;0.037641;0.037067;0.037998;0.038339;0.037315;0.038375;0.038028;0.037681;0.038447;0.039449;0.038343;0.038288;0.038122;0.038011;0.038151;0.039929;0.038234;0.038544;0.038914;0.039226;0.038439;0.038684;0.038134;0.039088;0.038504;0.038472;0.03752;0.037432;0.037367;0.037552;0.038109;0.038108;0.03797;0.037747;0.037862;0.037566;0.038933;0.038142;0.03761;0.037576;0.039209;0.038187;0.038623;0.039016;0.037772;0.038523;0.037593;0.037691;0.037563;0.037394;0.037488;0.037583;0.037547;0.037651;0.037497;0.037693;0.037598;0.038226;0.037806;0.037642;0.037878;0.038195;0.0378;0.037475;0.038969;0.037927;0.039583;0.038482;0.037623;0.03833;0.038793;0.038146;0.037171;0.037856;0.038201;0.038637;0.038519;0.037034;0.038149;0.037842;0.038092;0.037869;0.038732;0.03844;0.037509;0.038177;0.0378;0.038067;0.03758;0.038034;0.037937;0.039481;0.038418;0.038703;0.038202;0.038213;0.039182;0.03849;0.038797;0.038417;0.03795;0.03783;0.037995;0.037292;0.037701;0.038204;0.037086;0.037808;0.037871;0.038446;0.038121;0.037349;0.038095;0.037586;0.037714;0.037682;0.037506;0.039029;0.038076;0.039013;0.039267;0.03878;0.038806;0.039124;0.038398;0.038756;0.038238;0.038557;0.03746;0.037785;0.037785;0.037828;0.038275;0.039121;0.038955;0.03812;0.038485;0.03898;0.038368;0.038499;0.038283;0.038636;0.040054;0.038487;0.038199;0.039002;0.038567;0.039153;0.038482;0.038183;0.03854;0.037718;0.037581;0.037687;0.037639;0.037894;0.037882;0.038256;0.037568;0.037481;0.038554;0.037957;0.037809;0.037506;0.037715;0.038392;0.038027;0.037786;0.038793;0.038502;0.038934;0.038619;0.039093;0.038599;0.039593;0.038962;0.038539;0.038363;0.039091;0.038647;0.037714;0.038411;0.037824;0.038355;0.038089;0.038492;0.037979;0.037214;0.037638;0.038595;0.038816;0.038088;0.037521;0.037315;0.038241;0.038585;0.038526;0.038422;0.038936;0.038273;0.039151;0.039091;0.038239;0.037902;0.039042;0.038954;0.038409;0.038613;0.03832;0.038055;0.038109;0.03785;0.037578;0.037636;0.037729;0.03831;0.038644;0.037618;0.037889;0.039373;0.038081;0.038332;0.038588;0.038653;0.038306;0.038142;0.037728;0.037544;0.038016;0.039487;0.038154;0.037588;0.037927;0.037713;0.037518;0.037967;0.037419;0.037344;0.037659;0.037524;0.037366;0.037753;0.037451;0.037745;0.037912;0.039091;0.038033;0.038343;0.038659;0.038185;0.038787;0.037698;0.038127;0.037666;0.037892;0.037114;0.039542;0.037812;0.037728;0.038073;0.038414;0.037763;0.038568;0.038497;0.038656;0.039705;0.038379;0.038209;0.037985;0.038578;0.039477;0.038382;0.038831;0.03878;0.038399;0.038801;0.038795;0.037302;0.037488;0.03785;0.037844;0.037607;0.03722;0.038831;0.037785;0.038936;0.037916;0.038122;0.038859;0.038845;0.039099;0.037952;0.037357;0.037464;0.038811;0.037865;0.039131;0.037604;0.038382;0.038191;0.038292;0.038102;0.037806;0.037609;0.038121;0.037973;0.037662;0.037846;0.037822;0.038252;0.038644;0.037898;0.037833;0.037275;0.037916;0.038153;0.037851;0.038264;0.037938;0.037422;0.037778;0.039678;0.038031;0.037966;0.038142;0.038609;0.038287;0.038478;0.038533;0.038701;0.038654;0.037942;0.038223;0.038571;0.037902;0.037927;0.038094;0.038666;0.037789;0.037596;0.038407;0.03852;0.038039;0.036868;0.037729;0.03818;0.037632;0.038871;0.037769;0.038548;0.039742;0.038478;0.038256;0.038194;0.038195;0.037919;0.037548;0.037343;0.037052;0.037579;0.038285;0.038394;0.038087;0.038148;0.038692;0.038103;0.037287;0.038252;0.038334;0.038167;0.037708;0.038263;0.038302;0.037352;0.038245;0.03828;0.037968;0.037045;0.037622;0.038004;0.037458;0.038747;0.037692;0.037721;0.038129;0.038182;0.037411;0.037881;0.037677;0.038658;0.037993;0.037811;0.037984;0.037247;0.037621;0.037921;0.037581;0.038256;0.040636;0.036677;0.039198;0.039521;0.039431;0.039561;0.039293;0.039967;0.038281;0.03919;0.038757;0.038513;0.038865;0.038536;0.037738;0.038544;0.037808;0.03718;0.037858;0.038274;0.03804;0.038143;0.038219;0.038185;0.037337;0.039533;0.037463;0.0389;0.038444;0.03877;0.03826;0.03765;0.03749;0.037634;0.037445;0.038398;0.038318;0.037798;0.037893;0.037944;0.037826;0.037582;0.038337;0.037412;0.037467;0.036782;0.037637;0.037574;0.037322;0.037315;0.03856;0.039222;0.038192;0.039008;0.038927;0.038644;0.03856;0.039096;0.037452;0.037341;0.038173;0.037769;0.038773;0.038265;0.038359;0.037575;0.037652;0.037978;0.038105;0.037624;0.037632;0.037565;0.037491;0.037947;0.03791;0.038293;0.039413;0.037407;0.039493;0.038559;0.038581;0.037906;0.03825;0.0376;0.038228;0.038473;0.037421;0.038168;0.0379;0.037491;0.03752;0.037299;0.037417;0.037053;0.037952;0.037903;0.037726;0.03802;0.037929;0.037407;0.037838;0.038292;0.039554;0.038368;0.038078;0.038299;0.037727;0.038849;0.038731;0.037342;0.037881;0.037426;0.037583;0.037464;0.037174;0.037754;0.03726;0.037695;0.0379;0.037273;0.03798;0.037479;0.03758;0.037919;0.037883;0.037638;0.037356;0.037311;0.038054;0.038014;0.038525;0.03861;0.038427;0.037944;0.038703;0.038363;0.037708;0.038468;0.038031;0.038281;0.037149;0.037811;0.037652;0.038245;0.038014;0.037878;0.037236;0.037698;0.037842;0.037644;0.037743;0.038139;0.037616;0.037911;0.040219;0.038506;0.03812;0.038778;0.038491;0.038712;0.038342;0.037396;0.038825;0.038351;0.037903;0.03791;0.037435;0.037324;0.037658;0.037453;0.0387;0.037489;0.038008;0.037408;0.037744;0.037529;0.037985;0.038004;0.037667;0.039227;0.037774;0.037646;0.037768;0.037927;0.037379;0.038046;0.037421;0.037565;0.037837;0.037921;0.039216;0.037777;0.037534;0.037965;0.037835;0.037825;0.038548;0.037747;0.037786;0.037326;0.037251;0.037767;0.038344;0.038485;0.038138;0.03933;0.037854;0.03845;0.038739;0.037626;0.038244;0.038147;0.037041;0.037609;0.037549;0.038147;0.037716;0.038525;0.03865;0.037603;0.037649;0.03714;0.03785;0.038162;0.038004;0.037822;0.037738;0.038339;0.037413;0.038391;0.037407;0.039411;0.037366;0.038479;0.037973;0.038613;0.037365;0.037584;0.037088;0.037284;0.037857;0.037972;0.037528;0.037988;0.037729;0.039369;0.039206;0.037785;0.037588;0.038388;0.038176;0.038429;0.038259;0.036765;0.03737;0.037917;0.038934;0.038123;0.038233;0.037206;0.037822;0.037557;0.037778;0.038151;0.03788;0.038014;0.037253;0.037901;0.037534;0.037458;0.0376;0.03783;0.03701;0.038261;0.037534;0.037676;0.037927;0.037424;0.037658;0.037163;0.038078;0.038339;0.038899;0.038232;0.038177;0.038035;0.037543;0.037569;0.037451;0.037876;0.038105;0.037446;0.037591;0.037936;0.038161;0.037748;0.037935;0.03795;0.038066;0.037181;0.037879;0.038275;0.037976;0.037591;0.037353;0.037782;0.037677;0.037634;0.039403;0.038031;0.037449;0.037575;0.037424;0.037604;0.038785;0.037741;0.038088;0.038172;0.038338;0.037626;0.03743;0.038349;0.038092;0.038399;0.037987;0.038301;0.037537;0.037962;0.039203;0.039617;0.03814;0.037875;0.037959;0.037722;0.03912;0.037992;0.037835;0.038137;0.036892;0.037844;0.038314;0.037852;0.037926;0.037724;0.038501;0.037853;0.037101;0.036798;0.037602;0.03743;0.037363;0.038636;0.037596;0.038696;0.037639;0.037356;0.039578;0.038206;0.03761;0.039053;0.037889;0.037387;0.037621;0.03803;0.038167;0.037874;0.037231;0.037372;0.038023;0.037745;0.037485;0.037023;0.037337;0.037522;0.037936;0.038021;0.037679;0.037655;0.03766;0.037423;0.037713;0.038668;0.037891;0.037662;0.038153;0.040388;0.037997;0.038047;0.037912;0.038406;0.038202;0.037895;0.037381;0.038218;0.0375;0.038101;0.038715;0.038611;0.03813;0.037908;0.037488;0.037799;0.038595;0.03804;0.038211;0.037784;0.038709;0.037657;0.037311;0.037779;0.037616;0.0388;0.037895;0.038495;0.038704;0.038201;0.037752;0.037634;0.037919;0.038292;0.038195;0.03805;0.038019;0.038398;0.038419;0.038187;0.037641;0.037725;0.037654;0.03864;0.037892;0.037572;0.037659;0.037789;0.037703;0.037137;0.037677;0.039305;0.037676;0.037707;0.037886;0.036965;0.037746;0.037685;0.037962;0.038109;0.037192;0.03976;0.037694;0.037781;0.03813;0.038503;0.037412;0.037421;0.037651;0.037333;0.038099;0.037367;0.038466;0.037824;0.037885;0.037541;0.039612;0.037481;0.03743;0.037984;0.038091;0.038342;0.037611;0.037655;0.037845;0.03783;0.037799;0.037816;0.038146;0.03974;0.038125;0.038297;0.037424;0.038098;0.037532;0.037824;0.037634;0.038311;0.037651;0.038286;0.037231;0.037554;0.038651;0.037066;0.037194;0.038059;0.037359;0.037172;0.037506;0.037496;0.037657;0.037907;0.038107;0.038325;0.037496;0.037999;0.038197;0.039407;0.037943;0.038268;0.038098;0.037825;0.03728;0.038238;0.038084;0.037576;0.038116;0.038082;0.038378;0.037676;0.038159;0.038414;0.0379;0.038174;0.037824;0.038184;0.038389;0.037805;0.037888;0.038389;0.037915;0.038196;0.037615;0.038626;0.039608;0.039501;0.038067;0.038197;0.037792;0.038334;0.037952;0.037745;0.037397;0.040083;0.037894;0.038293;0.038535;0.038183;0.037599;0.038137;0.037682;0.03786;0.037415;0.037823;0.037901;0.037706;0.03773;0.0376;0.037861;0.037841;0.03753;0.037444;0.037968;0.037889;0.036857;0.037427;0.038001;0.037629;0.037535;0.039311;0.038055;0.037571;0.037296;0.03766;0.037247;0.037692;0.037476;0.037659;0.037218;0.037898;0.037682;0.037651;0.037336;0.038066;0.037625;0.038034;0.03793;0.037673;0.038028;0.03782;0.039242;0.037736;0.038156;0.038424;0.037322;0.039275;0.038455;0.038173;0.03778;0.037869;0.037897;0.037536;0.03745;0.038002;0.037878;0.038141;0.037709;0.038009;0.037572;0.037533;0.037904;0.037513;0.037545;0.037912;0.037591;0.037886;0.037973;0.038162;0.038978;0.037646;0.037458;0.038638;0.037599;0.038042;0.037674;0.037544;0.038062;0.03769;0.038125;0.037541;0.037743;0.038006;0.038312;0.037163;0.038308;0.038578;0.038528;0.03849;0.038252;0.038516;0.038433;0.037636;0.037506;0.038172;0.037918;0.037403;0.039418;0.039433;0.038146;0.037981;0.038134;0.037369;0.037281;0.038182;0.037439;0.038284;0.038361;0.037526;0.038426;0.037852;0.037769;0.038023;0.038177;0.037562;0.038051;0.037937;0.038145;0.038241;0.037537;0.038512;0.037854;0.038176;0.039281;0.037959;0.037721;0.038712;0.038704;0.03851;0.03815;0.038096;0.038522;0.038278;0.037616;0.037587;0.03779;0.037378;0.038395;0.0377;0.038008;0.037827;0.038004;0.037749;0.03777;0.038066;0.037552;0.037837;0.037407;0.038017;0.038975;0.03753;0.037476;0.037873;0.037664;0.039418;0.038511;0.037559;0.038199;0.038444;0.037466;0.03804;0.037881;0.037514;0.0379;0.037879;0.037354;0.037845;0.037935;0.038203;0.037808;0.037473;0.03735;0.037681;0.036973;0.03777;0.038743;0.038084;0.037861;0.037562;0.037349;0.038136;0.038803;0.038561;0.038014;0.038142;0.037714;0.037579;0.037454;0.037214;0.038066;0.037981;0.037736;0.03762;0.038171;0.037592;0.03764;0.038344;0.038897;0.037955;0.037987;0.039072;0.037533;0.037522;0.037204;0.038543;0.037518;0.037787;0.038246;0.038572;0.037409;0.039239;0.037886;0.038149;0.03746;0.03848;0.037738;0.037811;0.038111;0.03777;0.037669;0.037736;0.037886;0.038074;0.037252;0.03845;0.0371;0.038703;0.037723;0.038144;0.03813;0.037726;0.037528;0.038078;0.037381;0.037598;0.037316;0.037867;0.038644;0.038134;0.037957;0.0377;0.038056;0.037959;0.03766;0.037375;0.03764;0.037714;0.037431;0.037918;0.037333;0.038019;0.037598;0.352628;0.038239;0.037381;0.037315;0.038897;0.037858;0.037387;0.037399;0.037787;0.037827;0.037984;0.038195;0.038228;0.03822;0.037051;0.038483;0.037759;0.038583;0.037544;0.038516;0.039257;0.037647;0.038595;0.037542;0.037552;0.037828;0.037677;0.037495;0.037667;0.03791;0.038138;0.038439;0.039159;0.037575;0.037372;0.037739;0.037545;0.037978;0.039506;0.037561;0.037832;0.037286;0.037692;0.039525;0.038349;0.038946;0.038437;0.038462;0.038232;0.036852;0.038231;0.038114;0.038542;0.037524;0.037802;0.03784;0.037912;0.03781;0.037743;0.039483;0.037083;0.037619;0.037813;0.037472;0.037723;0.037741;0.038013;0.037219;0.03788;0.039258;0.038566;0.038102;0.037931;0.03843;0.037322;0.037691;0.038099;0.037245;0.037939;0.03782;0.037955;0.037853;0.037656;0.037995;0.038096;0.03844;0.039156;0.037731;0.037818;0.037936;0.037693;0.038338;0.038005;0.038287;0.040848;0.038332;0.038975;0.038694;0.038792;0.038187;0.038117;0.037954;0.038057;0.037786;0.038529;0.038493;0.038078;0.037221;0.038286;0.037711;0.037857;0.037953;0.038015;0.038399;0.038128;0.038431;0.036991;0.038102;0.038182;0.03725;0.039329;0.0379;0.038107;0.039139;0.038616;0.038578;0.037708;0.038396;0.037376;0.037198;0.038289;0.037848;0.03832;0.037272;0.037393;0.038443;0.038269;0.037721;0.037652;0.037719;0.038298;0.039891;0.038338;0.038147;0.038381;0.037784;0.0396;0.038083;0.038634;0.038333;0.039233;0.037608;0.038319;0.038294;0.037769;0.038243;0.038363;0.037435;0.038414;0.038134;0.038608;0.039242;0.037891;0.037433;0.037917;0.038138;0.037476;0.038528;0.038668;0.037623;0.037148;0.039341;0.037762;0.038706;0.037885;0.03877;0.038222;0.038489;0.038676;0.03824;0.038622;0.03879;0.038608;0.037806;0.037729;0.038172;0.037936;0.03811;0.037607;0.037294;0.037945;0.038003;0.038203;0.037575;0.037855;0.038597;0.037243;0.038659;0.037611;0.038573;0.038836;0.037494;0.037976;0.037253;0.037693;0.037904;0.037678;0.037215;0.037569;0.037444;0.037966;0.0375;0.038088;0.037486;0.037029;0.037892;0.037468;0.037633;0.037726;0.03753;0.038005;0.037834;0.038;0.040528;0.038604;0.038399;0.038567;0.038194;0.038337;0.038521;0.038274;0.038563;0.038247;0.038108;0.037788;0.037916;0.037593;0.037739;0.037478;0.03764;0.037571;0.037313;0.037764;0.038211;0.038249;0.038137;0.037561;0.036784;0.038772;0.037843;0.038273;0.039404;0.039203;0.038077;0.037409;0.037805;0.037573;0.03748;0.037166;0.037676;0.037408;0.037969;0.038215;0.037753;0.038267;0.038451;0.037811;0.03787;0.037423;0.037248;0.037512;0.037626;0.037803;0.037237;0.039516;0.038124;0.038588;0.038911;0.038338;0.037796;0.038392;0.036758;0.038446;0.037577;0.03801;0.038024;0.037511;0.037856;0.037334;0.037262;0.037471;0.037368;0.03745;0.037541;0.037661;0.038197;0.038468;0.036946;0.037721;0.037588;0.038437;0.03736;0.037671;0.037987;0.037555;0.038093;0.03896;0.037471;0.037615;0.037616;0.037458;0.037781;0.037805;0.038028;0.037373;0.038106;0.038354;0.037547;0.037533;0.038475;0.037591;0.037659;0.037461;0.037779;0.037328;0.038261;0.039283;0.038091;0.038023;0.038539;0.038193;0.038797;0.038616;0.038091;0.039231;0.03869;0.037224;0.037303;0.038294;0.03813;0.038533;0.037002;0.038226;0.037599;0.038124;0.037737;0.037437;0.037501;0.037583;0.038249;0.037466;0.039633;0.037891;0.038333;0.038352;0.0384;0.037967;0.037553;0.037537;0.037523;0.037361;0.037587;0.039247;0.037619;0.037706;0.038289;0.037311;0.037156;0.037982;0.037666;0.038179;0.037778;0.03796;0.037992;0.037961;0.0374;0.038218;0.039321;0.037594;0.037988;0.039377;0.038726;0.038329;0.037827;0.037326;0.037813;0.037841;0.037575;0.03825;0.037979;0.039524;0.037555;0.038116;0.037758;0.038042;0.038071;0.038484;0.037707;0.038731;0.038343;0.037619;0.03846;0.038058;0.046354;0.037502;0.037185;0.037322;0.037623;0.037697;0.037901;0.037337;0.037827;0.038254;0.037752;0.037768;0.038494;0.038225;0.039212;0.038044;0.038381;0.037816;0.037441;0.038321;0.037842;0.037861;0.037523;0.037881;0.037479;0.038525;0.037845;0.038255;0.037855;0.037694;0.038034;0.038276;0.037353;0.037595;0.037378;0.037887;0.037811;0.038333;0.037455;0.037759;0.037216;0.037944;0.039029;0.037362;0.037085;0.037769;0.037767;0.037799;0.037955;0.037603;0.037397;0.0382;0.03754;0.03722;0.038324;0.037412;0.037581;0.03762;0.037897;0.038235;0.037671;0.037962;0.038114;0.037722;0.038024;0.037981;0.037969;0.037521;0.037426;0.038362;0.037649;0.037699;0.037874;0.037856;0.03844;0.037727;0.037769;0.039261;0.037986;0.037479;0.038472;0.037748;0.038511;0.038327;0.037818;0.038178;0.038387;0.03785;0.037999;0.037174;0.03826;0.038174;0.037337;0.038056;0.037554;0.037382;0.037983;0.038875;0.038048;0.037748;0.037257;0.037784;0.03905;0.038283;0.037796;0.037566;0.037907;0.037506;0.037467;0.038211;0.038378;0.03784;0.037717;0.038194;0.037345;0.038391;0.037409;0.037552;0.037425;0.03789;0.037545;0.03835;0.038246;0.03777;0.038861;0.037275;0.037217;0.038177;0.038903;0.037962;0.037281;0.038157;0.037539;0.037469;0.037659;0.037825;0.038007;0.037599;0.037688;0.038025;0.037581;0.037767;0.037717;0.03821;0.037866;0.038246;0.038235;0.038265;0.037725;0.037944;0.037182;0.038788;0.038764;0.037875;0.039365;0.038579;0.038047;0.037921;0.037795;0.038281;0.037926;0.037519;0.038168;0.038018;0.037757;0.038175;0.037378;0.037978;0.038067;0.037299;0.038103;0.038123;0.037539;0.037924;0.037339;0.038137;0.038226;0.037394;0.038525;0.038121;0.040298;0.03782;0.038058;0.038419;0.03732;0.037893;0.037639;0.03783;0.037932;0.037848;0.037451;0.037422;0.038189;0.037702;0.037884;0.037809;0.037559;0.037972;0.037392;0.038027;0.037566;0.038257;0.037995;0.037993;0.037543;0.039371;0.036892;0.037568;0.039076;0.038398;0.037583;0.0379;0.037736;0.037936;0.037114;0.037735;0.037606;0.037874;0.03756;0.03816;0.038071;0.038222;0.037924;0.037421;0.037779;0.037685;0.038141;0.038546;0.038082;0.037547;0.037943;0.039861;0.037794;0.037653;0.037158;0.039554;0.037933;0.037777;0.037585;0.037992;0.037535;0.038137;0.037666;0.038271;0.037608;0.037616;0.038727;0.038096;0.037207;0.038058;0.038066;0.037444;0.03723;0.037302;0.036716;0.038322;0.037982;0.038969;0.037454;0.038257;0.037617;0.037392;0.039121;0.037654;0.037707;0.037918;0.038433;0.037483;0.037185;0.037185;0.037786;0.037653;0.038208;0.037717;0.037853;0.038172;0.037542;0.038582;0.038363;0.037008;0.037865;0.037701;0.038126;0.038257;0.037906;0.037798;0.037958;0.038018;0.037218;0.03786;0.039153;0.037871;0.038326;0.037829;0.03671;0.037407;0.037543;0.03803;0.037572;0.037998;0.037232;0.037401;0.038376;0.037776;0.037405;0.038789;0.037989;0.038114;0.037714;0.037671;0.037604;0.037752;0.038453;0.037428;0.038058;0.037761;0.037925;0.038006;0.037645;0.038487;0.037002;0.037055;0.037976;0.037768;0.037517;0.038231;0.037403;0.037261;0.038172;0.037699;0.037314;0.037542;0.037909;0.037437;0.038566;0.037858;0.037303;0.037823;0.03751;0.037975;0.037708;0.037797;0.03812;0.037525;0.037997;0.038676;0.038065;0.037577;0.037168;0.037837;0.0376;0.037267;0.038174;0.037446;0.037851;0.037594;0.03784;0.037858;0.037258;0.037817;0.038734;0.037735;0.03748;0.037887;0.037658;0.038454;0.03779;0.037533;0.038644;0.038606;0.037987;0.038038;0.037935;0.03946;0.037483;0.037796;0.038472;0.037316;0.037668;0.038342;0.037977;0.037538;0.038285;0.038115;0.03821;0.037751;0.038634;0.037707;0.037756;0.039026;0.037419;0.037772;0.037733;0.037419;0.037622;0.037897;0.037575;0.037261;0.037753;0.038197;0.038566;0.038845;0.038242;0.038425;0.038052;0.037645;0.038594;0.038041;0.037419;0.037816;0.037947;0.037811;0.039119;0.037606;0.037786;0.037699;0.037474;0.037912;0.037085;0.038038;0.038237;0.038105;0.037731;0.037857;0.037765;0.037601;0.037308;0.037559;0.037256;0.038132;0.037883;0.037175;0.038206;0.03808;0.037834;0.037178;0.037727;0.038109;0.037999;0.037534;0.038049;0.038516;0.038023;0.037616;0.038012;0.037593;0.037501;0.037828;0.038322;0.037814;0.037847;0.03817;0.037508;0.038078;0.037563;0.037763;0.038728;0.038118;0.037447;0.037305;0.037683;0.03766;0.037758;0.039586;0.038419;0.037581;0.037537;0.038187;0.037142;0.037291;0.037564;0.037788;0.038077;0.037515;0.037101;0.038016;0.037064;0.037364;0.037519;0.037146;0.037622;0.037345;0.038298;0.038515;0.037634;0.037669;0.037745;0.038098;0.03832;0.038911;0.037744;0.037129;0.037464;0.037441;0.037691;0.038232;0.037343;0.037914;0.038528;0.038289;0.037869;0.037628;0.037894;0.038098;0.037555;0.037375;0.037718;0.03755;0.037427;0.03796;0.038391;0.039012;0.0373;0.037867;0.037172;0.039018;0.037197;0.038111;0.037621;0.037046;0.037553;0.037785;0.037607;0.037509;0.0376;0.037767;0.037141;0.037847;0.037904;0.037083;0.03814;0.038037;0.037395;0.038822;0.03743;0.037631;0.037936;0.037834;0.038357;0.037518;0.038092;0.038948;0.037979;0.037446;0.037951;0.038036;0.037815;0.037516;0.037741;0.038281;0.037894;0.038483;0.037701;0.037634;0.03787;0.037467;0.037549;0.037708;0.037739;0.037663;0.037177;0.03836;0.038618;0.038331;0.037464;0.037982;0.038728;0.037526;0.038146;0.038047;0.037538;0.037597;0.037769;0.038259;0.037737;0.037714;0.038977;0.037938;0.038186;0.037972;0.037855;0.038336;0.037496;0.037936;0.038065;0.038101;0.038237;0.037482;0.038019;0.038024;0.037922;0.037825;0.039337;0.037697;0.0385;0.038229;0.037474;0.038099;0.038173;0.038328;0.037526;0.037505;0.038283;0.038194;0.037153;0.037788;0.037552;0.037807;0.037519;0.037224;0.037247;0.03729;0.037365;0.037813;0.036912;0.037338;0.037369;0.037559;0.038343;0.037783;0.038093;0.039027;0.037687;0.037736;0.038575;0.03751;0.037314;0.037259;0.037893;0.037619;0.037937;0.037939;0.038314;0.038018;0.037395;0.037697;0.037655;0.03789;0.037535;0.037861;0.037317;0.038352;0.03803;0.038115;0.039493;0.03807;0.038291;0.038457;0.038643;0.039888;0.037724;0.037829;0.038122;0.03795;0.037746;0.037824;0.037727;0.037928;0.038028;0.037604;0.037953;0.037656;0.0379;0.038255;0.038409;0.037374;0.038401;0.038193;0.037984;0.039554;0.037433;0.037822;0.03825;0.038041;0.037894;0.037931;0.037594;0.039551;0.038074;0.037958;0.038393;0.037419;0.038018;0.038163;0.037695;0.037311;0.037702;0.037517;0.037261;0.03775;0.037381;0.037943;0.037676;0.037695;0.037622;0.039041;0.037974;0.0383;0.038003;0.037923;0.037668;0.038556;0.038047;0.03765;0.03743;0.039493;0.038064;0.038043;0.038185;0.038002;0.037566;0.037544;0.037903;0.038386;0.037152;0.037762;0.03748;0.038092;0.037619;0.038005;0.0377;0.039468;0.038272;0.038044;0.0383;0.038648;0.037777;0.038264;0.038582;0.038537;0.037794;0.037876;0.037976;0.038542;0.037732;0.038216;0.037782;0.037777;0.038184;0.037823;0.03728;0.038166;0.038187;0.038062;0.037864;0.037855;0.040284;0.037519;0.037846;0.037832;0.038684;0.038046;0.038067;0.037753;0.0375;0.038593;0.037765;0.03783;0.037754;0.038065;0.038898;0.037883;0.038078;0.037567;0.038263;0.037408;0.037117;0.038614;0.037101;0.037516;0.038039;0.038091;0.039386;0.038186;0.037532;0.037597;0.03806;0.037736;0.038134;0.037527;0.037709;0.037553;0.03892;0.038308;0.037436;0.03749;0.037909;0.039286;0.037894;0.038038;0.037505;0.037236;0.037853;0.037716;0.037757;0.037496;0.037892;0.038497;0.038398;0.038257;0.038097;0.037428;0.037881;0.037936;0.037436;0.038129;0.038161;0.03756;0.037797;0.03838;0.037832;0.037455;0.037103;0.037895;0.038502;0.0381;0.037394;0.03788;0.037735;0.037715;0.03774;0.036902;0.038381;0.03801;0.038191;0.037371;0.037711;0.037543;0.037655;0.037613;0.037953;0.038126;0.037887;0.0376;0.038166;0.038376;0.038046;0.037914;0.038009;0.037467;0.038489;0.038564;0.037655;0.037479;0.038077;0.037273;0.038073;0.037604;0.038221;0.037441;0.037332;0.037448;0.036641;0.037565;0.037232;0.038341;0.037151;0.03833;0.03747;0.038003;0.037836;0.037879;0.037975;0.037881;0.038357;0.037677;0.038444;0.03852;0.037842;0.039118;0.03803;0.038504;0.037908;0.038444;0.0379;0.040295;0.038116;0.037868;0.038111;0.037357;0.038367;0.037686;0.037356;0.03732;0.037628;0.037998;0.037376;0.038101;0.038526;0.038169;0.037622;0.038516;0.037935;0.037514;0.03725;0.038256;0.038836;0.037598;0.038002;0.037594;0.037576;0.039965;0.038299;0.038169;0.038615;0.038366;0.037725;0.037692;0.037791;0.03783;0.03757;0.037558;0.037783;0.038177;0.037165;0.037629;0.037935;0.037559;0.037884;0.037352;0.037963;0.037302;0.03784;0.038701;0.03784;0.037917;0.037496;0.038931;0.038524;0.038275;0.038602;0.038683;0.037665;0.037809;0.037669;0.038051;0.037958;0.03783;0.037522;0.037287;0.038124;0.0376;0.038202;0.037717;0.0373;0.037781;0.0379;0.037727;0.038113;0.038205;0.038037;0.038912;0.038496;0.038323;0.038508;0.038225;0.037709;0.037616;0.037933;0.038138;0.038199;0.038347;0.038601;0.038158;0.0377;0.03819;0.03778;0.038062;0.03773;0.037359;0.037688;0.037958;0.037174;0.037702;0.037706;0.037494;0.037621;0.037974;0.039219;0.039545;0.03833;0.03843;0.038509;0.038573;0.038338;0.038163;0.037107;0.037298;0.03709;0.038385;0.037654;0.037976;0.036988;0.037311;0.037567;0.038008;0.038074;0.037766;0.03685;0.037397;0.03746;0.03746;0.037479;0.037965;0.038769;0.03764;0.03772;0.037915;0.038367;0.037981;0.037792;0.037371;0.038082;0.037144;0.038126;0.037771;0.037529;0.037926;0.038082;0.037555;0.037735;0.037493;0.038162;0.037402;0.037303;0.037975;0.037344;0.037362;0.037602;0.037479;0.038205;0.037176;0.03726;0.037338;0.037672;0.038154;0.038219;0.0374;0.03772;0.037589;0.037922;0.038172;0.037836;0.037223;0.03725;0.037375;0.037398;0.037378;0.037636;0.037452;0.037322;0.037665;0.038329;0.03762;0.03759;0.037222;0.03829;0.037475;0.037385;0.03815;0.037513;0.038663;0.038046;0.038719;0.038211;0.037952;0.037908;0.037413;0.037306;0.036957;0.037323;0.037865;0.037432;0.038017;0.037847;0.03777;0.037338;0.037561;0.037085;0.037508;0.037768;0.037573;0.038791;0.037046;0.037941;0.03751;0.037538;0.037009;0.037391;0.037491;0.038639;0.03766;0.037856;0.037816;0.037614;0.037434;0.037935;0.038678;0.037021;0.037674;0.038105;0.037505;0.038192;0.037364;0.037833;0.037525;0.037466;0.039222;0.037277;0.038553;0.037714;0.037797;0.038031;0.037746;0.038485;0.038042;0.03781;0.038414;0.03787;0.038195;0.037578;0.038247;0.037725;0.037427;0.038151;0.038256;0.037727;0.037876;0.037522;0.037618;0.037704;0.03773;0.037832;0.039204;0.037626;0.038182;0.037908;0.038207;0.038015;0.037574;0.037535;0.038038;0.038342;0.037627;0.037916;0.038672;0.03747;0.037998;0.037376;0.037767;0.037597;0.037107;0.038217;0.037792;0.037448;0.038018;0.037644;0.037398;0.03778;0.038841;0.037704;0.037105;0.03795;0.038882;0.038226;0.038421;0.038108;0.037149;0.037515;0.03788;0.036934;0.037832;0.037154;0.037878;0.037352;0.037361;0.038299;0.038935;0.038325;0.039054;0.038455;0.037784;0.037722;0.038252;0.03781;0.039376;0.037751;0.037121;0.038779;0.037382;0.037757;0.03801;0.038189;0.037951;0.038053;0.038098;0.037969;0.03741;0.037736;0.03781;0.038736;0.037477;0.038625;0.037714;0.037122;0.038177;0.037204;0.037513;0.037761;0.037877;0.03906;0.038243;0.037745;0.03877;0.038299;0.037775;0.037604;0.038327;0.038477;0.038044;0.03821;0.038027;0.037572;0.03737;0.03736;0.037703;0.038099;0.038727;0.037619;0.038234;0.038226;0.038111;0.037543;0.037483;0.03797;0.038395;0.03923;0.03777;0.037626;0.037833;0.037896;0.037186;0.038341;0.037483;0.037264;0.037495;0.037456;0.037749;0.037401;0.037823;0.037143;0.0375;0.038137;0.037426;0.038248;0.039504;0.038042;0.0384;0.037452;0.036481;0.037657;0.03717;0.038559;0.038402;0.037148;0.037281;0.038011;0.03759;0.037736;0.037832;0.037452;0.038205;0.037683;0.037761;0.037077;0.037926;0.038718;0.038368;0.037366;0.038002;0.037819;0.03775;0.037515;0.039318;0.037675;0.037683;0.037747;0.037229;0.038495;0.037762;0.037405;0.037737;0.038437;0.037481;0.037101;0.03798;0.037648;0.037599;0.037915;0.038246;0.037865;0.037158;0.037984;0.037473;0.03756;0.037111;0.038552;0.037768;0.037874;0.037923;0.037819;0.037971;0.03721;0.03812;0.039415;0.037552;0.037522;0.03775;0.037887;0.037777;0.037543;0.037678;0.037571;0.038031;0.038114;0.037326;0.037619;0.038887;0.037758;0.037783;0.038008;0.037493;0.037134;0.037583;0.037941;0.038662;0.038423;0.037563;0.03882;0.040356;0.038277;0.038536;0.038652;0.037972;0.037818;0.038252;0.037645;0.038438;0.037681;0.038167;0.0382;0.037449;0.037984;0.037679;0.038282;0.037925;0.037685;0.038448;0.037801;0.037956;0.037627;0.038045;0.038281;0.037823;0.03792;0.039307;0.037673;0.03928;0.037582;0.037762;0.037749;0.038044;0.037882;0.038181;0.037645;0.038102;0.037369;0.037106;0.03665;0.037111;0.038052;0.037332;0.038219;0.0386;0.037993;0.038371;0.037802;0.037765;0.037507;0.037823;0.03756;0.038954;0.037088;0.037752;0.037932;0.038019;0.038762;0.037566;0.037695;0.037594;0.037796;0.037459;0.037926;0.03769;0.037197;0.03751;0.037434;0.037338;0.038322;0.037984;0.037695;0.037612;0.038014;0.038056;0.03745;0.037385;0.038901;0.038772;0.037863;0.037861;0.037972;0.037426;0.037701;0.039155;0.037886;0.037393;0.038373;0.038777;0.037828;0.037729;0.038551;0.03883;0.037835;0.038721;0.038145;0.038771;0.038375;0.037922;0.03813;0.038635;0.038368;0.037643;0.038875;0.037675;0.038264;0.037988;0.037758;0.036726;0.038371;0.037367;0.038435;0.037611;0.038167;0.038285;0.037748;0.037271;0.037499;0.037433;0.037889;0.037954;0.036912;0.037847;0.038117;0.038209;0.037759;0.038187;0.037755;0.037364;0.038483;0.03838;0.037804;0.038201;0.037988;0.037942;0.037867;0.038009;0.037408;0.03815;0.0381;0.037888;0.037917;0.038776;0.03799;0.038242;0.03732;0.03798;0.037095;0.037821;0.038158;0.037891;0.037705;0.037668;0.037506;0.037384;0.038439;0.036958;0.037636;0.037933;0.037921;0.036867;0.037834;0.038184;0.038042;0.038046;0.037856;0.037796;0.038958;0.037325;0.037118;0.037192;0.038139;0.038257;0.037644;0.037284;0.037491;0.037886;0.038122;0.037408;0.038088;0.038156;0.03823;0.038357;0.038061;0.037513;0.037769;0.0376;0.037897;0.03777;0.037744;0.037112;0.037415;0.037472;0.037844;0.037978;0.0379;0.038851;0.037085;0.037923;0.036871;0.037113;0.037437;0.037329;0.038222;0.037659;0.038013;0.038766;0.037235;0.037418;0.038134;0.038186;0.037587;0.038238;0.037235;0.037701;0.037732;0.038428;0.038121;0.037965;0.037646;0.037587;0.037882;0.038899;0.038131;0.03754;0.037273;0.03763;0.038211;0.037466;0.037194;0.037552;0.037208;0.038951;0.037105;0.037822;0.037941;0.038057;0.037589;0.038136;0.03744;0.037382;0.037713;0.037614;0.038079;0.037687;0.038056;0.038979;0.038068;0.038111;0.039256;0.038137;0.03755;0.03732;0.037799;0.037718;0.037522;0.03779;0.037752;0.039788;0.037886;0.038794;0.03761;0.038542;0.038294;0.038099;0.037914;0.038188;0.038337;0.038556;0.038863;0.037671;0.038691;0.037994;0.037271;0.038244;0.037904;0.039194;0.037991;0.037807;0.038195;0.037991;0.037567;0.03832;0.037925;0.038481;0.037515;0.038159;0.037855;0.038249;0.03741;0.037992;0.037863;0.038477;0.037377;0.038575;0.037762;0.038415;0.037901;0.037573;0.038076;0.038375;0.037316;0.037707;0.038231;0.039046;0.038144;0.037281;0.038002;0.038098;0.038468;0.037688;0.037316;0.037705;0.038494;0.038432;0.038021;0.037199;0.037591;0.03821;0.037387;0.037833;0.037332;0.037428;0.0376;0.037391;0.037913;0.036511;0.037677;0.038136;0.037518;0.037444;0.038153;0.038592;0.038088;0.037493;0.039002;0.03772;0.037934;0.037565;0.03769;0.037954;0.037199;0.037773;0.038366;0.037593;0.03745;0.037592;0.03769;0.038174;0.037388;0.037795;0.037432;0.03765;0.038021;0.037131;0.037229;0.038797;0.037716;0.037915;0.037997;0.037412;0.039158;0.037287;0.038193;0.037567;0.039341;0.038276;0.038751;0.038082;0.038249;0.037566;0.038704;0.037915;0.038214;0.038087;0.037629;0.037777;0.037416;0.038386;0.037978;0.037781;0.037834;0.03778;0.038226;0.037259;0.038148;0.037817;0.039159;0.037655;0.037132;0.037864;0.037897;0.038129;0.038604;0.038395;0.038375;0.037746;0.037698;0.037741;0.037694;0.037374;0.037745;0.037738;0.038499;0.037979;0.0372;0.038037;0.038148;0.0384;0.037441;0.037688;0.037373;0.038691;0.037454;0.037629;0.03811;0.037418;0.038433;0.037696;0.037828;0.038579;0.038714;0.03747;0.038058;0.03844;0.037147;0.03788;0.037536;0.037484;0.03785;0.037709;0.037722;0.037311;0.037773;0.037425;0.037235;0.038606;0.037085;0.038688;0.03781;0.037899;0.038058;0.037475;0.038442;0.038364;0.037284;0.038354;0.037567;0.037821;0.038911;0.038014;0.037851;0.037684;0.037769;0.037841;0.03699;0.037931;0.038011;0.037887;0.037081;0.038208;0.038464;0.038057;0.038674;0.039736;0.038484;0.037938;0.038571;0.038811;0.038725;0.037705;0.038761;0.038044;0.037904;0.037749;0.037889;0.038823;0.037761;0.037809;0.03809;0.037966;0.037134;0.037579;0.038093;0.037897;0.037887;0.03771;0.038162;0.037179;0.037564;0.038579;0.038062;0.037863;0.038096;0.038101;0.038429;0.037353;0.03757;0.038381;0.037651;0.037382;0.037278;0.037517;0.037868;0.037812;0.03936;0.037627;0.037322;0.037895;0.037706;0.037389;0.037577;0.038013;0.037407;0.03752;0.038795;0.038189;0.037368;0.037644;0.038457;0.038438;0.037553;0.037856;0.037809;0.037577;0.037542;0.037355;0.037194;0.037557;0.037777;0.037604;0.03797;0.038587;0.037795;0.03757;0.03775;0.038075;0.037901;0.037686;0.037994;0.037987;0.039916;0.037864;0.039037;0.038711;0.038164;0.0379;0.037486;0.038086;0.037725;0.038077;0.037324;0.037993;0.037208;0.037137;0.037304;0.038478;0.037495;0.038228;0.037806;0.0389;0.037354;0.037642;0.037891;0.038044;0.038502;0.037577;0.038885;0.037799;0.037993;0.037379;0.03764;0.03808;0.038909;0.038069;0.038203;0.03759;0.037646;0.037962;0.037313;0.038142;0.038336;0.037695;0.038158;0.038008;0.038353;0.037532;0.038988;0.038254;0.037687;0.038151;0.0372;0.038104;0.038903;0.037778;0.037443;0.037895;0.037547;0.038085;0.037776;0.037433;0.037661;0.037722;0.038045;0.038432;0.03813;0.037569;0.038106;0.037685;0.037529;0.037713;0.037561;0.038249;0.037943;0.037815;0.0393;0.039045;0.037278;0.038974;0.037789;0.037695;0.038001;0.036614;0.037405;0.037616;0.038198;0.037943;0.037502;0.038192;0.037378;0.037511;0.037917;0.037888;0.03789;0.037448;0.037633;0.03808;0.037763;0.037416;0.037413;0.036809;0.038341;0.03854;0.039394;0.038798;0.03749;0.038092;0.037873;0.037712;0.037782;0.037179;0.037879;0.038115;0.03789;0.037318;0.037713;0.037836;0.037137;0.038272;0.037743;0.038085;0.037376;0.037355;0.037822;0.038086;0.037269;0.037613;0.037481;0.037958;0.037234;0.040305;0.037799;0.03775;0.037342;0.037712;0.037775;0.037668;0.038075;0.03798;0.037964;0.038116;0.038152;0.038123;0.037962;0.038249;0.037614;0.037705;0.038084;0.037495;0.037927;0.03801;0.037389;0.0377;0.037876;0.038071;0.037034;0.039436;0.038058;0.037714;0.037452;0.037252;0.037328;0.037954;0.038842;0.037456;0.03746;0.037457;0.037566;0.037814;0.037426;0.037941;0.03786;0.037658;0.03777;0.038318;0.037472;0.038169;0.03769;0.038319;0.03743;0.0381;0.037254;0.039586;0.038399;0.037738;0.037071;0.039639;0.037979;0.038391;0.037915;0.038408;0.038085;0.038499;0.038382;0.037768;0.037949;0.037476;0.037321;0.03734;0.037156;0.037805;0.037901;0.037371;0.037795;0.037772;0.037297;0.037371;0.039322;0.038023;0.037872;0.037676;0.037822;0.038545;0.038177;0.038279;0.038634;0.038127;0.037164;0.037665;0.038117;0.038478;0.037449;0.038441;0.037766;0.038252;0.03738;0.037713;0.038255;0.037344;0.037599;0.038218;0.037355;0.037343;0.03889;0.037971;0.037841;0.037797;0.037893;0.037566;0.037586;0.037977;0.038622;0.037797;0.03898;0.038662;0.037966;0.037701;0.038173;0.038587;0.037529;0.03798;0.037843;0.037547;0.038407;0.038156;0.037682;0.037949;0.037373;0.037543;0.039099;0.03762;0.037444;0.038249;0.037768;0.038211;0.037707;0.037505;0.036882;0.038124;0.037575;0.037057;0.038999;0.037467;0.038263;0.037079;0.037712;0.037656;0.037906;0.037765;0.038495;0.037798;0.037353;0.037581;0.038193;0.037471;0.038225;0.038241;0.038136;0.037833;0.037724;0.038276;0.038109;0.037428;0.038265;0.037744;0.038119;0.038168;0.038045;0.037606;0.039255;0.037863;0.037625;0.037826;0.038594;0.038226;0.037689;0.038128;0.036855;0.037631;0.03826;0.039888;0.037819;0.038652;0.038117;0.037577;0.037535;0.03799;0.03784;0.03762;0.036886;0.037682;0.037702;0.037736;0.038166;0.037601;0.037458;0.038073;0.038049;0.037306;0.037393;0.037431;0.037132;0.038039;0.037522;0.037803;0.03796;0.039478;0.037308;0.038824;0.038717;0.038675;0.037521;0.037223;0.038279;0.03833;0.038312;0.037376;0.037919;0.037467;0.038158;0.038047;0.038476;0.037792;0.037825;0.037916;0.037484;0.037774;0.037379;0.037836;0.038091;0.037917;0.038051;0.038938;0.038907;0.038396;0.038192;0.038621;0.037308;0.037868;0.038025;0.038855;0.037636;0.037768;0.037494;0.03785;0.03791;0.037244;0.037461;0.038101;0.038035;0.037859;0.037454;0.038938;0.037478;0.037769;0.037727;0.038264;0.039749;0.038132;0.038345;0.038245;0.038891;0.039204;0.037631;0.037289;0.037697;0.037464;0.038494;0.037894;0.037736;0.037059;0.03772;0.037265;0.037925;0.037522;0.038031;0.0387;0.038789;0.038567;0.038528;0.03819;0.037948;0.037775;0.03888;0.03696;0.038061;0.038287;0.037801;0.038705;0.0376;0.03787;0.037626;0.038399;0.037779;0.037377;0.037524;0.03811;0.037714;0.037118;0.038371;0.037877;0.038358;0.038119;0.037853;0.037815;0.037977;0.038159;0.037725;0.039535;0.039557;0.038474;0.038047;0.037254;0.038473;0.038239;0.037605;0.037987;0.037877;0.038048;0.03794;0.037541;0.038098;0.037783;0.038073;0.038062;0.037871;0.037719;0.037451;0.037862;0.037857;0.038311;0.037919;0.037385;0.038506;0.039441;0.037161;0.038612;0.038812;0.038794;0.03846;0.038151;0.038362;0.037856;0.038092;0.039037;0.038002;0.038754;0.038274;0.037976;0.037894;0.038059;0.037935;0.037702;0.038596;0.038426;0.037548;0.037745;0.03753;0.038181;0.037293;0.038394;0.037655;0.037556;0.037381;0.038622;0.037581;0.0375;0.037758;0.037377;0.037702;0.037834;0.037346;0.037633;0.03786;0.037698;0.037786;0.03787;0.037543;0.036966;0.037445;0.037986;0.038161;0.037982;0.038074;0.037949;0.036821;0.039327;0.037144;0.038839;0.037539;0.037479;0.039144;0.038922;0.038057;0.038756;0.038207;0.038791;0.037425;0.038098;0.037788;0.037883;0.037976;0.038057;0.037785;0.037659;0.037724;0.037969;0.037795;0.037987;0.038282;0.038189;0.040125;0.037901;0.038135;0.038179;0.038078;0.037712;0.037539;0.037545;0.038322;0.03833;0.037644;0.037493;0.037136;0.037748;0.037895;0.03802;0.037489;0.03841;0.038574;0.038273;0.037863;0.037682;0.038058;0.037326;0.03768;0.037796;0.039284;0.037902;0.037299;0.037982;0.037495;0.037508;0.037305;0.037319;0.03793;0.038382;0.0388;0.037772;0.037644;0.03798;0.037375;0.038035;0.037886;0.037487;0.03779;0.037921;0.037489;0.037737;0.037511;0.038131;0.037966;0.037405;0.039113;0.037348;0.037883;0.038037;0.038204;0.038383;0.038851;0.037799;0.037451;0.037516;0.037641;0.037694;0.039085;0.037342;0.03807;0.037977;0.037328;0.037787;0.037439;0.037694;0.03765;0.037587;0.038705;0.037964;0.038142;0.038065;0.038536;0.038142;0.037207;0.037357;0.037131;0.038275;0.037213;0.03783;0.037668;0.038001;0.037158;0.038227;0.037077;0.038665;0.037821;0.037901;0.037818;0.037853;0.03716;0.037578;0.037881;0.038069;0.038369;0.038348;0.037645;0.039555;0.036681;0.037396;0.03785;0.03805;0.037832;0.037831;0.03775;0.037752;0.037897;0.038202;0.038033;0.038242;0.037571;0.037584;0.037431;0.037928;0.037216;0.0371;0.038416;0.038602;0.038158;0.037985;0.038213;0.037352;0.038249;0.039017;0.037929;0.037255;0.037483;0.038023;0.03824;0.037328;0.037511;0.037812;0.037717;0.037876;0.037816;0.037708;0.037835;0.037729;0.038902;0.037847;0.038605;0.038453;0.037802;0.037434;0.037221;0.037905;0.037409;0.036978;0.038055;0.038854;0.038496;0.038658;0.038427;0.037826;0.037971;0.037554;0.037604;0.037894;0.037278;0.037216;0.037523;0.037468;0.037865;0.037541;0.03822;0.038022;0.037651;0.038297;0.037278;0.037819;0.038038;0.037759;0.037426;0.038664;0.037638;0.039906;0.038143;0.037062;0.037516;0.037094;0.037666;0.037806;0.037371;0.037923;0.037803;0.038066;0.038059;0.03776;0.037633;0.038178;0.037649;0.038065;0.037649;0.037986;0.037231;0.039177;0.037961;0.037159;0.037334;0.037425;0.037587;0.03886;0.038055;0.03817;0.037362;0.037944;0.037514;0.037147;0.037199;0.037814;0.037582;0.037768;0.037792;0.037735;0.036982;0.037599;0.038197;0.038108;0.037664;0.037433;0.03781;0.037692;0.038067;0.037777;0.037503;0.037832;0.039269;0.038536;0.037251;0.037805;0.037948;0.037774;0.037919;0.038099;0.037351;0.03781;0.038177;0.038173;0.037766;0.038147;0.036916;0.037518;0.037862;0.038279;0.037784;0.037747;0.037613;0.037826;0.03734;0.037679;0.039085;0.037968;0.039067;0.037862;0.03721;0.037316;0.038564;0.038169;0.037727;0.038063;0.037658;0.0368;0.037762;0.038202;0.037642;0.037453;0.0376;0.037876;0.038083;0.038172;0.038295;0.0377;0.037556;0.038341;0.03757;0.038171;0.038211;0.038763;0.038543;0.038062;0.03779;0.038077;0.038202;0.038471;0.038143;0.037837;0.038148;0.03885;0.037858;0.037635;0.037845;0.038539;0.038465;0.038498;0.038284;0.038184;0.038108;0.037828;0.038269;0.038478;0.03739;0.03799;0.038478;0.039575;0.037866;0.038568;0.039248;0.038619;0.037871;0.037199;0.038594;0.037923;0.038187;0.037603;0.037475;0.03768;0.037735;0.038206;0.037593;0.037248;0.037892;0.037446;0.037928;0.037643;0.037337;0.037774;0.037803;0.038156;0.037781;0.038789;0.037301;0.037956;0.037947;0.037364;0.037958;0.037667;0.037376;0.037975;0.03799;0.038481;0.03807;0.03717;0.037679;0.037619;0.037549;0.038047;0.037229;0.038154;0.037873;0.037913;0.037719;0.037568;0.03751;0.037858;0.03733;0.038645;0.038407;0.037101;0.037549;0.037469;0.037876;0.038114;0.038889;0.037694;0.037178;0.037169;0.038095;0.037573;0.037842;0.038275;0.037519;0.037699;0.037278;0.037816;0.037328;0.037531;0.038249;0.038028;0.038001;0.03836;0.037938;0.03928;0.03812;0.038065;0.03908;0.038693;0.037818;0.037458;0.038177;0.039027;0.038992;0.038588;0.038231;0.038443;0.037912;0.038133;0.037795;0.037798;0.038573;0.038156;0.038164;0.038451;0.037717;0.037914;0.037404;0.037983;0.039965;0.037192;0.038155;0.0382;0.037459;0.037706;0.037728;0.037893;0.037919;0.03835;0.037476;0.038971;0.039004;0.03766;0.037361;0.038245;0.038437;0.037126;0.03747;0.037882;0.037441;0.036856;0.037432;0.038481;0.03773;0.038011;0.039093;0.03826;0.037649;0.037349;0.038191;0.037471;0.037737;0.037954;0.037418;0.037788;0.037818;0.037969;0.037436;0.039759;0.038901;0.037497;0.037427;0.037709;0.037762;0.03688;0.037652;0.0384;0.037343;0.037561;0.038026;0.038142;0.047533;0.038433;0.037307;0.037475;0.038122;0.037458;0.037972;0.037635;0.037215;0.038878;0.037255;0.037827;0.03737;0.037383;0.038293;0.039022;0.037662;0.037746;0.038045;0.038314;0.037696;0.038337;0.037994;0.038361;0.03785;0.039529;0.037927;0.037931;0.038348;0.038466;0.038796;0.038202;0.038024;0.037701;0.037717;0.037508;0.038023;0.038093;0.038255;0.037439;0.037199;0.037923;0.037327;0.038574;0.037796;0.03769;0.037731;0.037867;0.037831;0.038526;0.038058;0.039226;0.037582;0.037346;0.037527;0.03782;0.037842;0.038198;0.038385;0.038235;0.037537;0.038061;0.038033;0.037548;0.037774;0.037537;0.037344;0.03791;0.037983;0.037805;0.037955;0.037736;0.037535;0.037935;0.038376;0.038382;0.037363;0.038682;0.037302;0.037396;0.037688;0.037747;0.03749;0.037946;0.038387;0.037427;0.037503;0.037884;0.03783;0.038541;0.037688;0.037819;0.037714;0.037844;0.038693;0.037524;0.03751;0.038759;0.039032;0.039383;0.037402;0.037979;0.038694;0.037833;0.037535;0.038041;0.037752;0.037996;0.03739;0.038117;0.038131;0.03749;0.037756;0.037559;0.037636;0.037773;0.038108;0.038127;0.037817;0.038263;0.037789;0.038147;0.038141;0.037774;0.037559;0.038304;0.037652;0.039394;0.03892;0.038131;0.03784;0.037895;0.037735;0.038145;0.037296;0.037782;0.037522;0.037701;0.037741;0.03777;0.038079;0.037503;0.037724;0.037316;0.037869;0.037606;0.037567;0.037974;0.038021;0.037849;0.037457;0.037972;0.037852;0.037027;0.039619;0.037749;0.03681;0.037576;0.037637;0.038116;0.037976;0.037235;0.038008;0.037902;0.037614;0.037244;0.038475;0.03729;0.037611;0.0375;0.037842;0.038217;0.03779;0.037386;0.037427;0.03762;0.037617;0.037104;0.037753;0.037479;0.039949;0.038002;0.039658;0.038493;0.037754;0.037357;0.038418;0.037885;0.037835;0.037974;0.037792;0.038561;0.037806;0.037022;0.037759;0.037578;0.037508;0.037549;0.038281;0.038124;0.037954;0.037681;0.038146;0.037619;0.037789;0.03918;0.038021;0.03837;0.037575;0.039551;0.037722;0.037603;0.037529;0.038334;0.037356;0.037584;0.037482;0.037723;0.038194;0.038103;0.037854;0.03808;0.037496;0.037672;0.037435;0.03757;0.038213;0.03796;0.037603;0.03826;0.03731;0.039021;0.038446;0.037996;0.038562;0.039165;0.03757;0.038636;0.038688;0.038071;0.037209;0.03743;0.037548;0.038114;0.037845;0.037848;0.038064;0.037685;0.038317;0.037394;0.037622;0.038352;0.03771;0.036556;0.037498;0.037976;0.037974;0.03862;0.038344;0.038238;0.037928;0.037869;0.038507;0.038129;0.037194;0.038898;0.038587;0.037692;0.038163;0.037709;0.037501;0.037288;0.038206;0.038766;0.038323;0.0386;0.037824;0.037578;0.038907;0.03813;0.037906;0.03779;0.043665;0.037434;0.037534;0.03755;0.03821;0.037815;0.037685;0.03793;0.037623;0.037988;0.037404;0.038386;0.037526;0.037069;0.037331;0.037767;0.037943;0.038355;0.037925;0.037556;0.038111;0.037717;0.03815;0.038209;0.038564;0.038081;0.039784;0.037758;0.037356;0.038073;0.037716;0.037545;0.037339;0.037798;0.037399;0.037177;0.038032;0.038094;0.037999;0.038779;0.038767;0.037736;0.03813;0.03768;0.037934;0.038097;0.038264;0.037604;0.037683;0.037685;0.038311;0.037573;0.039014;0.038269;0.038011;0.037866;0.037706;0.037828;0.037179;0.037854;0.037779;0.037386;0.037769;0.038084;0.037016;0.038061;0.037633;0.038007;0.038699;0.038148;0.038514;0.037436;0.03792;0.037371;0.038317;0.037826;0.037817;0.03781;0.039024;0.038258;0.037981;0.037382;0.037272;0.037448;0.037679;0.037659;0.038101;0.037512;0.03742;0.038162;0.037449;0.037168;0.037528;0.037547;0.037916;0.038462;0.038072;0.037643;0.037753;0.037813;0.037986;0.03791;0.037883;0.038806;0.037468;0.037735;0.037898;0.037353;0.037507;0.038344;0.038226;0.038;0.037453;0.037587;0.036855;0.038229;0.037377;0.037717;0.03788;0.03793;0.03816;0.037573;0.038117;0.038758;0.037729;0.037972;0.039078;0.038282;0.038207;0.039269;0.037365;0.037726;0.037198;0.037972;0.037707;0.037397;0.0381;0.037036;0.037328;0.037442;0.037747;0.037922;0.037494;0.037328;0.03742;0.037885;0.037439;0.036869;0.037552;0.038089;0.036995;0.037744;0.038111;0.039249;0.038147;0.038792;0.03808;0.037447;0.037507;0.0381;0.037858;0.03798;0.03792;0.037197;0.037756;0.038093;0.037718;0.037268;0.037963;0.037183;0.037918;0.037937;0.037695;0.037696;0.03763;0.038004;0.037412;0.03796;0.037956;0.036835;0.037689;0.040362;0.039018;0.038238;0.037468;0.037666;0.03739;0.037386;0.037897;0.038049;0.037964;0.037243;0.037602;0.037335;0.037875;0.037991;0.038103;0.038558;0.03756;0.037622;0.037208;0.037772;0.037466;0.037744;0.037829;0.037847;0.037967;0.039496;0.037592;0.038465;0.0391;0.03755;0.037775;0.038007;0.037848;0.0372;0.038199;0.03794;0.037871;0.037517;0.03822;0.037531;0.037251;0.037824;0.038262;0.03775;0.037974;0.038117;0.037571;0.038548;0.03801;0.038069;0.039521;0.037863;0.037841;0.037524;0.038348;0.038063;0.03783;0.038462;0.038678;0.037161;0.037783;0.037977;0.038826;0.038707;0.037803;0.0379;0.037164;0.037562;0.037982;0.037932;0.037939;0.038307;0.037083;0.038277;0.038049;0.037658;0.039306;0.037962;0.037609;0.038156;0.037721;0.037272;0.037985;0.038055;0.038124;0.037703;0.038092;0.037377;0.037963;0.037921;0.038735;0.03772;0.037507;0.037908;0.037429;0.037796;0.03713;0.037766;0.038697;0.037735;0.037688;0.037802;0.039068;0.037684;0.037527;0.037486;0.037598;0.038067;0.03813;0.03725;0.037951;0.037237;0.037658;0.037442;0.038126;0.038319;0.038677;0.038026;0.0376;0.037316;0.037381;0.037591;0.037567;0.038488;0.037285;0.037914;0.037134;0.037455;0.037436;0.037215;0.037316;0.037787;0.037053;0.037559;0.037797;0.037684;0.038524;0.037684;0.037833;0.037686;0.037547;0.03797;0.03769;0.037944;0.037318;0.03884;0.037694;0.03802;0.037507;0.037657;0.03761;0.0373;0.037655;0.039139;0.037888;0.037368;0.038007;0.038128;0.037951;0.037563;0.037637;0.037922;0.037814;0.038225;0.037332;0.036718;0.038275;0.037542;0.038541;0.03705;0.037665;0.037156;0.038564;0.037885;0.037782;0.037124;0.038157;0.037421;0.038005;0.038978;0.037609;0.037822;0.037731;0.037854;0.037721;0.038113;0.037571;0.036976;0.037979;0.038249;0.037505;0.037823;0.037747;0.037908;0.038184;0.037988;0.03741;0.037411;0.037763;0.037867;0.038275;0.037697;0.038091;0.038078;0.038202;0.03951;0.037572;0.037469;0.037492;0.038311;0.037929;0.038151;0.038178;0.038155;0.038333;0.037733;0.037994;0.03794;0.037229;0.037994;0.037837;0.038264;0.037652;0.038247;0.037944;0.038063;0.037408;0.037872;0.038996;0.037649;0.037551;0.038711;0.03767;0.037218;0.038378;0.037753;0.037731;0.037801;0.037051;0.03807;0.037545;0.036873;0.038177;0.03761;0.038128;0.037878;0.038071;0.037723;0.037466;0.036807;0.03698;0.038151;0.037943;0.038336;0.037284;0.03745;0.040013;0.037979;0.03796;0.038124;0.037933;0.03786;0.038176;0.037541;0.037909;0.037803;0.038592;0.03749;0.03722;0.038705;0.037949;0.03791;0.037708;0.037871;0.038658;0.037692;0.037959;0.037645;0.037347;0.038075;0.037554;0.037776;0.037982;0.039704;0.038119;0.037494;0.037486;0.037605;0.03758;0.037492;0.037943;0.037992;0.037528;0.037995;0.038276;0.03766;0.037969;0.038596;0.037805;0.038489;0.037815;0.038443;0.037237;0.03782;0.037656;0.037224;0.037796;0.037871;0.039079;0.037662;0.037789;0.038203;0.037406;0.038207;0.038427;0.037765;0.037664;0.037968;0.037924;0.037703;0.037616;0.037515;0.037812;0.037445;0.037445;0.037871;0.038121;0.037392;0.038184;0.037876;0.037389;0.037217;0.037346;0.03769;0.039279;0.038281;0.037999;0.037395;0.038894;0.038046;0.037327;0.038064;0.037683;0.037579;0.037931;0.037913;0.037497;0.037699;0.037371;0.037798;0.037587;0.038238;0.037445;0.038093;0.038173;0.037349;0.038208;0.037723;0.038174;0.037425;0.037399;0.037796;0.037399;0.038567;0.037598;0.039257;0.037823;0.037999;0.037691;0.037685;0.037599;0.038147;0.037846;0.037808;0.038019;0.038094;0.03776;0.037625;0.037798;0.037813;0.037684;0.03685;0.038117;0.037549;0.038086;0.038741;0.037424;0.038177;0.037012;0.038017;0.037594;0.038441;0.038759;0.037427;0.038408;0.037635;0.036863;0.03798;0.037021;0.037993;0.037476;0.038237;0.037866;0.038041;0.037519;0.037257;0.038193;0.037809;0.038665;0.037792;0.037968;0.038799;0.037575;0.038634;0.038364;0.03785;0.038199;0.037883;0.03793;0.038261;0.037965;0.038809;0.037685;0.037362;0.038288;0.038262;0.037623;0.038025;0.037589;0.036993;0.037444;0.037554;0.037724;0.037588;0.037973;0.038062;0.03824;0.0384;0.037652;0.03779;0.037772;0.037892;0.037983;0.037571;0.03708;0.03808;0.037851;0.03811;0.039097;0.038257;0.037274;0.037601;0.037102;0.037367;0.038032;0.037465;0.037568;0.037434;0.037832;0.037514;0.037793;0.037663;0.037628;0.039604;0.038875;0.038835;0.038194;0.039598;0.038749;0.038943;0.038126;0.038274;0.038106;0.03818;0.037861;0.038244;0.040039;0.038854;0.038296;0.037728;0.037656;0.037795;0.037787;0.038114;0.03815;0.037386;0.037674;0.037748;0.039652;0.037014;0.037662;0.037754;0.037034;0.037198;0.037716;0.037925;0.037555;0.037569;0.037856;0.037796;0.037446;0.037783;0.037585;0.037378;0.03713;0.039176;0.03742;0.037951;0.037288;0.038073;0.037317;0.037572;0.037554;0.037464;0.038796;0.038375;0.037936;0.03781;0.038133;0.037805;0.038327;0.038126;0.038467;0.038405;0.037566;0.038411;0.037633;0.0381;0.038471;0.037794;0.037587;0.038198;0.037891;0.038737;0.038248;0.037517;0.037834;0.037338;0.03821;0.037695;0.039049;0.038188;0.038088;0.03732;0.037938;0.03857;0.037326;0.038274;0.038137;0.037759;0.037839;0.037576;0.037677;0.037972;0.038252;0.037755;0.038126;0.038243;0.03832;0.037156;0.037716;0.03912;0.037468;0.038121;0.038147;0.038228;0.03773;0.037825;0.038036;0.036874;0.03716;0.037947;0.038444;0.037936;0.037946;0.03731;0.037305;0.037861;0.037596;0.038115;0.037887;0.037959;0.038043;0.038045;0.038577;0.038355;0.03756;0.038414;0.039022;0.039164;0.037732;0.03818;0.038023;0.037544;0.037909;0.037877;0.037859;0.037518;0.037758;0.037673;0.037218;0.03782;0.037437;0.038133;0.038401;0.037193;0.037528;0.038096;0.037318;0.037656;0.03774;0.037932;0.037814;0.037632;0.038;0.038045;0.038249;0.039146;0.038438;0.038245;0.037797;0.038931;0.037635;0.037549;0.037462;0.037532;0.037999;0.037674;0.038321;0.038233;0.038136;0.037681;0.037612;0.038188;0.037985;0.037887;0.037694;0.037976;0.0375;0.037535;0.037809;0.037479;0.039338;0.037381;0.038525;0.038026;0.037976;0.03792;0.038131;0.03916;0.038215;0.037843;0.037945;0.037921;0.038039;0.037581;0.037528;0.038431;0.037929;0.038306;0.037334;0.038212;0.037445;0.037842;0.037774;0.038106;0.0377;0.038035;0.038818;0.03775;0.037531;0.037337;0.038031;0.037794;0.038037;0.037089;0.03769;0.039322;0.037235;0.038028;0.037134;0.038327;0.037778;0.037642;0.038312;0.037246;0.037894;0.037794;0.037774;0.037602;0.037508;0.03776;0.037638;0.037723;0.03908;0.037666;0.037363;0.03757;0.03794;0.037521;0.038004;0.037484;0.036805;0.037415;0.037955;0.038896;0.037769;0.038091;0.037736;0.038303;0.037723;0.037701;0.037542;0.037466;0.037758;0.037947;0.03794;0.037769;0.038145;0.038067;0.039192;0.036882;0.038155;0.038206;0.037686;0.037415;0.037898;0.038167;0.038242;0.037315;0.038011;0.037985;0.038483;0.039068;0.038599;0.037685;0.037752;0.037054;0.038101;0.038059;0.037982;0.038282;0.038018;0.03785;0.037896;0.039272;0.037394;0.038124;0.037435;0.037194;0.037725;0.037782;0.037722;0.03856;0.037985;0.037885;0.037926;0.037542;0.038056;0.038493;0.038289;0.038894;0.037384;0.037705;0.037296;0.037687;0.037692;0.038235;0.03734;0.037798;0.03778;0.039095;0.037922;0.037457;0.037571;0.038034;0.038539;0.037632;0.038566;0.037875;0.037705;0.038118;0.037934;0.038101;0.038007;0.03869;0.037418;0.037705;0.037715;0.038322;0.038887;0.03827;0.037461;0.03776;0.038022;0.038151;0.037599;0.038593;0.037808;0.038703;0.037797;0.038458;0.03802;0.037823;0.038138;0.038415;0.037911;0.037747;0.038104;0.037989;0.037856;0.038359;0.037583;0.037892;0.037883;0.038073;0.038366;0.039539;0.037537;0.038156;0.038179;0.037842;0.038782;0.037696;0.037964;0.037686;0.038004;0.037902;0.03813;0.038003;0.037318;0.038168;0.038174;0.037478;0.038454;0.037524;0.037864;0.037777;0.038157;0.037582;0.038033;0.037915;0.038556;0.037893;0.038698;0.037809;0.037559;0.038175;0.038653;0.037559;0.037362;0.038013;0.037713;0.037679;0.037809;0.038112;0.037403;0.037897;0.038007;0.037458;0.03734;0.03731;0.037892;0.038772;0.037864;0.037086;0.037576;0.038066;0.038335;0.037795;0.037777;0.037639;0.038217;0.038127;0.039193;0.038018;0.037872;0.036946;0.037547;0.0377;0.037185;0.037724;0.037724;0.03786;0.037841;0.038336;0.037806;0.038032;0.038061;0.038893;0.03868;0.038192;0.038106;0.037758;0.038368;0.037663;0.038607;0.038428;0.037215;0.03892;0.039234;0.037426;0.037858;0.037789;0.038033;0.037794;0.037444;0.038018;0.037583;0.038012;0.037657;0.037218;0.038455;0.03741;0.038095;0.037504;0.037948;0.037747;0.037329;0.037663;0.037818;0.037106;0.037754;0.037727;0.038025;0.041074;0.038215;0.038129;0.037881;0.038917;0.037632;0.037961;0.038091;0.037991;0.038007;0.037483;0.037463;0.037655;0.037585;0.038146;0.038385;0.038204;0.038346;0.0374;0.037677;0.037355;0.037768;0.037686;0.037893;0.037151;0.037759;0.039002;0.037653;0.036905;0.039205;0.037563;0.037855;0.038456;0.037716;0.037853;0.037751;0.038276;0.03763;0.038047;0.037527;0.038032;0.037894;0.037615;0.037392;0.037276;0.037845;0.038167;0.037672;0.037891;0.037944;0.037933;0.038546;0.038676;0.037835;0.037875;0.037653;0.03807;0.038357;0.03826;0.037492;0.036992;0.037906;0.037734;0.03768;0.037444;0.037418;0.038189;0.03832;0.037531;0.037917;0.03753;0.037709;0.03807;0.037838;0.037747;0.038059;0.038067;0.037827;0.039039;0.03805;0.037671;0.038514;0.03754;0.036793;0.039469;0.037221;0.037255;0.037833;0.037795;0.03911;0.038255;0.037576;0.037546;0.038247;0.037803;0.038254;0.037382;0.038285;0.038543;0.037792;0.037534;0.037671;0.037578;0.038974;0.037923;0.038106;0.037915;0.037632;0.037661;0.038274;0.037742;0.03806;0.038772;0.037496;0.038238;0.038284;0.037639;0.038119;0.038082;0.037866;0.037633;0.037594;0.037711;0.037909;0.037688;0.037965;0.037859;0.037895;0.038436;0.039585;0.037882;0.038078;0.038178;0.038186;0.03852;0.03798;0.037267;0.037831;0.037879;0.038021;0.037777;0.036756;0.037451;0.037448;0.037855;0.037689;0.037723;0.03807;0.037248;0.038092;0.037819;0.038131;0.037533;0.037615;0.037722;0.039284;0.037642;0.037781;0.038253;0.038288;0.037331;0.03803;0.038167;0.037595;0.037479;0.03714;0.038007;0.038005;0.038047;0.038108;0.038358;0.038559;0.037349;0.037881;0.037827;0.037696;0.037713;0.038123;0.037901;0.038153;0.039429;0.037703;0.038157;0.037139;0.037871;0.037911;0.038052;0.0382;0.037588;0.038934;0.037352;0.038241;0.037662;0.037928;0.038077;0.039528;0.038031;0.038085;0.03812;0.038228;0.03833;0.037855;0.037769;0.038708;0.037918;0.038241;0.03935;0.038001;0.037957;0.03815;0.037746;0.038435;0.038307;0.038229;0.037724;0.038005;0.037771;0.037369;0.03786;0.038101;0.038073;0.038487;0.038872;0.037654;0.03789;0.037726;0.03772;0.037834;0.037559;0.038169;0.038255;0.037815;0.038353;0.038047;0.037903;0.03724;0.038197;0.037165;0.038988;0.037437;0.037794;0.038737;0.037386;0.037732;0.037922;0.038066;0.037521;0.037661;0.03751;0.038314;0.038654;0.037603;0.037797;0.037469;0.037921;0.037255;0.037866;0.037035;0.038021;0.038583;0.037875;0.03715;0.037457;0.037719;0.037754;0.037464;0.037293;0.037929;0.036688;0.037996;0.037678;0.037596;0.037372;0.037776;0.03743;0.038008;0.037454;0.038936;0.038152;0.037265;0.03813;0.039079;0.037647;0.03893;0.037833;0.037618;0.038237;0.03819;0.0379;0.038625;0.037392;0.037692;0.038622;0.037678;0.037395;0.037189;0.03776;0.038166;0.037602;0.037584;0.037738;0.037532;0.038076;0.038411;0.038121;0.038693;0.037511;0.037764;0.037091;0.039246;0.037977;0.038229;0.037207;0.037663;0.037438;0.037936;0.038106;0.037838;0.037556;0.037874;0.037689;0.03794;0.03879;0.037363;0.037725;0.037778;0.037765;0.037621;0.038371;0.037436;0.037778;0.036878;0.037568;0.038319;0.038128;0.038789;0.03788;0.037913;0.037809;0.037531;0.037861;0.037396;0.03781;0.037501;0.037569;0.037704;0.037262;0.03811;0.038596;0.037991;0.039263;0.037859;0.037264;0.037256;0.037499;0.037402;0.038256;0.037222;0.037632;0.038153;0.038894;0.039206;0.037868;0.037641;0.037676;0.037547;0.037763;0.037082;0.037358;0.037994;0.038143;0.037314;0.038008;0.037411;0.037554;0.037804;0.038082;0.038034;0.038153;0.037709;0.038207;0.037749;0.037476;0.037965;0.037475;0.038417;0.039161;0.037955;0.039747;0.038883;0.038139;0.037363;0.037828;0.037866;0.038098;0.037485;0.037271;0.038113;0.037888;0.037905;0.037933;0.0378;0.036915;0.03716;0.037634;0.037248;0.037988;0.037753;0.038915;0.038532;0.037734;0.037886;0.038846;0.037477;0.037564;0.037627;0.039106;0.037982;0.037568;0.03753;0.037376;0.037369;0.037698;0.03737;0.037929;0.037441;0.038348;0.037874;0.037979;0.038579;0.038277;0.038068;0.037815;0.037258;0.038048;0.037988;0.037865;0.037446;0.039754;0.037603;0.037875;0.037974;0.037674;0.038767;0.037565;0.037161;0.037694;0.037687;0.037128;0.037493;0.037987;0.037863;0.037263;0.037303;0.037651;0.037685;0.037443;0.037679;0.037824;0.037773;0.03827;0.037572;0.03704;0.037345;0.03945;0.037493;0.037543;0.038002;0.037887;0.0382;0.038224;0.038548;0.037932;0.037838;0.037588;0.038143;0.038309;0.037563;0.037884;0.037757;0.037998;0.037443;0.038006;0.037649;0.038179;0.037822;0.038187;0.037868;0.037104;0.039574;0.038426;0.037729;0.038406;0.037529;0.03739;0.037645;0.038037;0.038275;0.038791;0.037727;0.037728;0.037165;0.038219;0.038179;0.038291;0.037299;0.037496;0.038128;0.037445;0.038221;0.038253;0.037221;0.037404;0.037797;0.037839;0.03906;0.037278;0.038217;0.037569;0.038701;0.038001;0.037934;0.037551;0.037554;0.03786;0.038971;0.038981;0.037593;0.037423;0.038401;0.037842;0.037439;0.038162;0.037872;0.037977;0.037787;0.037782;0.037531;0.038836;0.037798;0.037473;0.03957;0.037619;0.037895;0.037984;0.038216;0.037853;0.037663;0.037959;0.037804;0.037536;0.03838;0.037397;0.038817;0.038521;0.03783;0.037721;0.038261;0.038077;0.037858;0.037244;0.037684;0.037502;0.037594;0.037992;0.038055;0.037698;0.039672;0.037854;0.038288;0.038039;0.038327;0.03762;0.038404;0.038029;0.037644;0.037736;0.038457;0.038074;0.037586;0.038924;0.0371;0.038165;0.038916;0.038537;0.038313;0.038339;0.03798;0.03822;0.038281;0.037943;0.038329;0.039281;0.038333;0.038778;0.039122;0.038146;0.03771;0.037567;0.038085;0.038002;0.037485;0.037924;0.037917;0.037828;0.037482;0.037503;0.03943;0.038247;0.038335;0.03762;0.037863;0.037697;0.039061;0.037842;0.038173;0.038042;0.037555;0.038963;0.038913;0.038159;0.037808;0.038246;0.037914;0.037393;0.037738;0.038141;0.037571;0.038089;0.03789;0.03806;0.037938;0.037896;0.037589;0.038058;0.039193;0.037576;0.038804;0.038244;0.038983;0.037779;0.038631;0.038089;0.040911;0.038429;0.038918;0.038937;0.038591;0.038463;0.038135;0.037898;0.037661;0.037373;0.03725;0.037905;0.03721;0.037824;0.037632;0.037532;0.037545;0.037916;0.037595;0.038279;0.038011;0.037285;0.037548;0.037434;0.038323;0.037517;0.038844;0.038158;0.038294;0.037445;0.038166;0.038057;0.037713;0.03793;0.037742;0.03766;0.038003;0.038403;0.037557;0.037556;0.037466;0.037476;0.037983;0.037912;0.037549;0.037483;0.037936;0.039196;0.037622;0.03732;0.037592;0.037793;0.038976;0.038126;0.037498;0.037876;0.038287;0.038483;0.037633;0.038107;0.037672;0.038101;0.038137;0.037376;0.038252;0.038334;0.038021;0.037344;0.037213;0.038394;0.038046;0.038381;0.037748;0.038536;0.038789;0.037903;0.037595;0.039519;0.037611;0.037549;0.037645;0.037529;0.037397;0.037896;0.037759;0.038108;0.038251;0.037978;0.037684;0.037966;0.037966;0.03778;0.037714;0.037827;0.038322;0.037472;0.038197;0.037161;0.037713;0.03761;0.037545;0.03815;0.037419;0.039095;0.037367;0.037587;0.038085;0.037261;0.037612;0.03747;0.037855;0.03826;0.037784;0.037228;0.037779;0.037563;0.037681;0.037434;0.037851;0.037408;0.037927;0.037599;0.037445;0.03776;0.037931;0.037781;0.038481;0.038274;0.037736;0.039888;0.038446;0.038126;0.03912;0.038226;0.038517;0.037988;0.037537;0.038234;0.037585;0.038661;0.037239;0.037198;0.037954;0.037615;0.037676;0.037885;0.037948;0.037818;0.03767;0.03826;0.037368;0.037875;0.037246;0.03803;0.03762;0.038865;0.038699;0.037197;0.037806;0.038451;0.037913;0.038137;0.037873;0.037935;0.038654;0.037362;0.037855;0.0382;0.037245;0.037449;0.037523;0.037679;0.037226;0.037761;0.037705;0.03786;0.037994;0.03797;0.037243;0.03772;0.038763;0.036979;0.038162;0.038648;0.037219;0.037298;0.038045;0.038725;0.038146;0.037738;0.037913;0.038326;0.037932;0.037514;0.037598;0.037225;0.038047;0.038262;0.037026;0.03754;0.037367;0.037723;0.038137;0.037449;0.037942;0.037404;0.03945;0.038185;0.038131;0.037722;0.037331;0.039087;0.037741;0.038406;0.037335;0.037268;0.03785;0.037297;0.037861;0.038057;0.038021;0.037798;0.036763;0.037768;0.037866;0.037398;0.038204;0.03772;0.038587;0.037351;0.037486;0.038259;0.038718;0.038537;0.037812;0.037604;0.037717;0.038738;0.038876;0.038244;0.038794;0.038074;0.037168;0.0379;0.037785;0.037675;0.037896;0.038004;0.037795;0.037915;0.037913;0.038533;0.037903;0.03799;0.03803;0.038094;0.038098;0.038095;0.039075;0.038297;0.038222;0.038663;0.03747;0.037896;0.037438;0.038502;0.03755;0.037886;0.037566;0.038083;0.037702;0.037448;0.037822;0.03782;0.03836;0.037516;0.037465;0.038215;0.038001;0.037802;0.038185;0.038092;0.037349;0.03999;0.038101;0.038748;0.038743;0.038125;0.038317;0.038564;0.038102;0.03755;0.037157;0.039625;0.03775;0.038049;0.038128;0.037782;0.037472;0.037995;0.038014;0.037374;0.037686;0.037483;0.037288;0.0377;0.03815;0.037921;0.03753;0.038838;0.038217;0.039019;0.038685;0.03927;0.038328;0.038253;0.03827;0.037806;0.037659;0.037916;0.038454;0.038106;0.037613;0.037451;0.038067;0.037443;0.037864;0.038089;0.03777;0.037698;0.037886;0.038067;0.038235;0.038876;0.039959;0.038635;0.038704;0.038694;0.039006;0.038429;0.038486;0.038445;0.0383;0.038512;0.037361;0.038172;0.037975;0.039137;0.038053;0.037941;0.037492;0.037233;0.037886;0.037476;0.038003;0.038533;0.037744;0.038065;0.037782;0.03771;0.03934;0.038428;0.037899;0.038146;0.038538;0.038075;0.038693;0.037864;0.037458;0.037713;0.03817;0.038181;0.03743;0.038116;0.03844;0.03773;0.037284;0.037327;0.03839;0.03779;0.038283;0.037758;0.038814;0.038019;0.038796;0.037948;0.04076;0.038756;0.039092;0.037916;0.038564;0.039038;0.037618;0.037288;0.038732;0.038699;0.038842;0.038617;0.039364;0.03874;0.039052;0.038291;0.039926;0.038372;0.03827;0.03944;0.038673;0.038623;0.039018;0.03831;0.038571;0.040025;0.039165;0.038461;0.038607;0.038594;0.038296;0.037988;0.038843;0.038359;0.038735;0.038858;0.038466;0.038195;0.039418;0.038826;0.039153;0.038304;0.038035;0.038969;0.03854;0.03864;0.038668;0.038383;0.038267;0.038585;0.040968;0.038754;0.03812;0.038648;0.03861;0.038634;0.037963;0.037546;0.037259;0.037683;0.038782;0.03846;0.038274;0.037988;0.038051;0.038208;0.037434;0.037843;0.037799;0.038771;0.039592;0.037987;0.038179;0.038905;0.038427;0.04036;0.038102;0.037823;0.039044;0.038272;0.038829;0.038581;0.038346;0.038087;0.038727;0.038494;0.038417;0.03823;0.038298;0.038605;0.038181;0.03863;0.03828;0.039435;0.03809;0.0387;0.039063;0.039163;0.037748;0.038047;0.038831;0.039648;0.038054;0.039005;0.038286;0.039183;0.038078;0.038395;0.038107;0.038438;0.037586;0.038586;0.038705;0.038239;0.038116;0.038513;0.037995;0.038147;0.038764;0.038847;0.038391;0.038111;0.038324;0.038953;0.039632;0.03812;0.040528;0.038293;0.038085;0.038389;0.038626;0.03816;0.039211;0.038871;0.038949;0.039717;0.038114;0.038957;0.038678;0.038702;0.038488;0.037942;0.037849;0.038287;0.037865;0.03795;0.038056;0.038549;0.038758;0.039118;0.038485;0.04178;0.03793;0.037864;0.038051;0.037797;0.038214;0.038498;0.038414;0.038746;0.038511;0.03913;0.038745;0.038372;0.03806;0.037891;0.038602;0.038846;0.038917;0.038105;0.037945;0.039001;0.038061;0.038859;0.038682;0.038067;0.038466;0.040374;0.040243;0.038808;0.038195;0.039039;0.038002;0.038934;0.038417;0.038642;0.038967;0.038083;0.038764;0.037804;0.038478;0.039202;0.038124;0.038313;0.038264;0.038612;0.038539;0.038089;0.038352;0.0378;0.038462;0.038301;0.039506;0.038144;0.038145;0.040061;0.038252;0.038356;0.038727;0.039031;0.038476;0.039116;0.038199;0.038517;0.038462;0.038466;0.037733;0.038424;0.037859;0.038058;0.038145;0.038115;0.0387;0.038516;0.038152;0.038574;0.038174;0.03998;0.038256;0.038435;0.038147;0.03841;0.039576;0.038756;0.038667;0.038173;0.03867;0.038273;0.038378;0.037963;0.038576;0.038328;0.038611;0.03826;0.0387;0.037923;0.038346;0.038775;0.038092;0.038214;0.038122;0.038664;0.038531;0.040037;0.039009;0.038542;0.038435;0.038111;0.038731;0.039774;0.038928;0.038433;0.038072;0.038331;0.038263;0.039034;0.038696;0.038175;0.038188;0.038444;0.038691;0.039002;0.038381;0.038123;0.039232;0.038488;0.038334;0.038358;0.039819;0.039951;0.038624;0.038523;0.038796;0.037741;0.038542;0.038541;0.039103;0.038194;0.038633;0.037935;0.03914;0.038191;0.037552;0.038494;0.038924;0.038102;0.038458;0.038815;0.03881;0.038103;0.038404;0.039321;0.03915;0.040841;0.038572;0.038764;0.039479;0.038387;0.038591;0.037914;0.038528;0.039069;0.039389;0.038788;0.038735;0.038034;0.0379;0.038966;0.038649;0.038263;0.039135;0.038629;0.038648;0.038399;0.038369;0.039122;0.038766;0.038288;0.040825;0.037994;0.038156;0.038551;0.039005;0.039138;0.039062;0.037956;0.038374;0.038409;0.037924;0.039249;0.039134;0.038369;0.037821;0.037855;0.038464;0.03794;0.038263;0.038161;0.037935;0.038581;0.03894;0.039006;0.038786;0.038737;0.039704;0.038803;0.038395;0.038052;0.038217;0.038528;0.038576;0.03813;0.038539;0.038046;0.038202;0.038607;0.039438;0.038403;0.038735;0.038433;0.038381;0.037998;0.038573;0.038542;0.038404;0.038116;0.038277;0.038612;0.038262;0.040211;0.038796;0.038749;0.037929;0.037494;0.038259;0.038193;0.037847;0.038876;0.039005;0.038704;0.038582;0.037995;0.037788;0.038714;0.038175;0.038471;0.037841;0.038421;0.038658;0.038588;0.038871;0.038531;0.03826;0.038495;0.039237;0.038162;0.038501;0.038861;0.03819;0.038376;0.038389;0.038684;0.039032;0.039077;0.038983;0.038574;0.038747;0.039179;0.03883;0.038374;0.040426;0.038419;0.038399;0.039018;0.03788;0.03838;0.038141;0.038505;0.037977;0.038703;0.039913;0.038596;0.038115;0.038827;0.038185;0.039213;0.037954;0.038788;0.038598;0.038409;0.039282;0.038239;0.038404;0.038762;0.03792;0.038458;0.03851;0.039192;0.037979;0.03843;0.038734;0.038313;0.037919;0.038444;0.038929;0.040079;0.037595;0.038154;0.039261;0.038795;0.038633;0.037912;0.03845;0.038459;0.038127;0.038331;0.037832;0.038569;0.037359;0.038267;0.037489;0.037778;0.038442;0.038026;0.039047;0.038492;0.038338;0.037801;0.037272;0.038433;0.040269;0.037888;0.038637;0.03869;0.037948;0.038896;0.038118;0.037681;0.03773;0.037429;0.037989;0.038132;0.037647;0.037847;0.037927;0.038016;0.037134;0.037132;0.037865;0.037574;0.037772;0.038697;0.038328;0.03725;0.037363;0.037478;0.039398;0.038097;0.038789;0.038211;0.039013;0.038092;0.037644;0.038356;0.038421;0.038185;0.037283;0.037545;0.038563;0.03734;0.037951;0.038101;0.037549;0.037907;0.03807;0.037891;0.037469;0.037657;0.037658;0.039098;0.037995;0.037906;0.038212;0.037871;0.037442;0.038376;0.037789;0.038237;0.038235;0.038091;0.038133;0.039101;0.038569;0.037924;0.037267;0.038314;0.037846;0.037559;0.038141;0.03815;0.038183;0.038075;0.037869;0.039101;0.038069;0.038083;0.039048;0.039066;0.03777;0.037454;0.038019;0.038272;0.038223;0.038801;0.037756;0.038367;0.038334;0.037607;0.038346;0.038063;0.037353;0.03797;0.037241;0.037445;0.037953;0.037045;0.036969;0.037293;0.037228;0.037758;0.037878;0.037737;0.037165;0.040393;0.039223;0.038492;0.038356;0.038083;0.037826;0.037709;0.03779;0.037356;0.037715;0.038054;0.037952;0.037642;0.037531;0.037562;0.037506;0.037112;0.037807;0.037824;0.038307;0.037384;0.037288;0.037851;0.037513;0.037584;0.037938;0.038791;0.037672;0.038968;0.037672;0.038056;0.037879;0.037664;0.037766;0.038359;0.037601;0.037659;0.038099;0.037534;0.038798;0.038578;0.037544;0.038342;0.038454;0.03786;0.038057;0.037427;0.037975;0.038252;0.037977;0.038071;0.037051;0.038831;0.036812;0.037092;0.038843;0.037508;0.038085;0.038095;0.037551;0.038082;0.037666;0.037886;0.037742;0.037608;0.037344;0.038266;0.037659;0.037753;0.037718;0.038145;0.037718;0.037709;0.037473;0.037891;0.036987;0.038361;0.039069;0.037563;0.03829;0.037738;0.037837;0.038799;0.037938;0.038124;0.037268;0.037523;0.037761;0.037741;0.037639;0.037635;0.03822;0.037836;0.037743;0.038135;0.037566;0.038019;0.037441;0.037841;0.038146;0.037944;0.037894;0.037412;0.039419;0.037629;0.037994;0.038201;0.038303;0.038444;0.039011;0.039596;0.038466;0.037384;0.037629;0.038078;0.038082;0.037876;0.038;0.03786;0.03802;0.038172;0.038214;0.037514;0.037539;0.037837;0.038214;0.037991;0.038032;0.038225;0.038843;0.038216;0.038776;0.038895;0.038354;0.038256;0.0385;0.037596;0.039771;0.038223;0.037604;0.037568;0.037869;0.038014;0.038069;0.038126;0.037941;0.037536;0.037571;0.037627;0.038115;0.03811;0.037939;0.037972;0.037583;0.03972;0.038193;0.037762;0.038528;0.038187;0.038552;0.038131;0.037802;0.03792;0.037937;0.039031;0.037949;0.038167;0.038384;0.038159;0.037892;0.038039;0.037753;0.037759;0.038105;0.038046;0.036987;0.038243;0.03816;0.037832;0.037812;0.038817;0.038143;0.038219;0.037903;0.038784;0.03906;0.038299;0.037765;0.037528;0.037819;0.037814;0.038887;0.037716;0.037875;0.038088;0.037842;0.037433;0.038166;0.037649;0.037356;0.037791;0.037274;0.037782;0.038037;0.037394;0.038105;0.038754;0.037598;0.038634;0.037618;0.037991;0.037566;0.037461;0.037363;0.037619;0.037467;0.03786;0.037461;0.038397;0.037757;0.037607;0.037976;0.038083;0.038721;0.038104;0.037672;0.037359;0.03794;0.038703;0.038215;0.038352;0.039367;0.038035;0.038023;0.038044;0.037779;0.038183;0.038783;0.037745;0.037681;0.037882;0.037938;0.037712;0.037862;0.037814;0.037744;0.039246;0.038105;0.037993;0.037835;0.037521;0.037884;0.037382;0.037697;0.038163;0.03781;0.037552;0.039671;0.037692;0.037269;0.037634;0.037581;0.037585;0.038049;0.038067;0.037602;0.037558;0.037974;0.037956;0.038205;0.038373;0.038257;0.038058;0.038814;0.037233;0.03789;0.037682;0.038835;0.038136;0.037348;0.03771;0.037416;0.038151;0.044199;0.03765;0.038035;0.039426;0.039105;0.037936;0.037607;0.037805;0.038047;0.037814;0.037261;0.038346;0.037308;0.037281;0.038413;0.038194;0.037763;0.038657;0.037818;0.03825;0.038038;0.037459;0.038172;0.03818;0.03797;0.039007;0.03703;0.038117;0.038368;0.03823;0.038517;0.038139;0.03828;0.038108;0.038456;0.038866;0.037502;0.03825;0.037847;0.038443;0.038262;0.036999;0.038681;0.038454;0.038645;0.038132;0.037362;0.038523;0.037598;0.038177;0.038353;0.039036;0.037666;0.037907;0.03812;0.037859;0.037919;0.038019;0.037305;0.037816;0.037609;0.037872;0.037683;0.037527;0.037966;0.037526;0.038228;0.037863;0.037195;0.038013;0.039015;0.038444;0.038248;0.038163;0.038506;0.037599;0.037852;0.037578;0.037777;0.037316;0.03744;0.038054;0.037353;0.038073;0.038244;0.037818;0.037638;0.037997;0.037438;0.037097;0.037649;0.037812;0.037844;0.038453;0.037561;0.037554;0.037883;0.037348;0.037434;0.038887;0.038165;0.037789;0.03971;0.037729;0.037673;0.03818;0.038044;0.038992;0.03824;0.037957;0.037558;0.037927;0.038417;0.03841;0.038371;0.038206;0.037226;0.038021;0.037529;0.037784;0.038185;0.037996;0.038892;0.037103;0.037409;0.037798;0.039327;0.037355;0.038878;0.037724;0.037849;0.038173;0.037755;0.038875;0.038363;0.038191;0.037361;0.038119;0.037251;0.037774;0.037465;0.037675;0.037775;0.037677;0.038395;0.03803;0.03738;0.037825;0.037403;0.037804;0.037926;0.038228;0.037463;0.038735;0.039067;0.038028;0.038048;0.038;0.037286;0.038107;0.037574;0.037888;0.037933;0.038543;0.038279;0.038263;0.037788;0.038336;0.038794;0.038113;0.037895;0.038496;0.037939;0.037557;0.038119;0.03758;0.037957;0.038621;0.037955;0.039739;0.03859;0.038044;0.038569;0.039057;0.038434;0.038683;0.037506;0.037571;0.037882;0.037984;0.037976;0.038348;0.038851;0.038083;0.03767;0.037656;0.037149;0.037928;0.038152;0.037878;0.037978;0.037634;0.037672;0.03697;0.03761;0.039475;0.03803;0.038381;0.038788;0.03807;0.037532;0.038593;0.037816;0.037497;0.038163;0.037679;0.037778;0.037488;0.037832;0.037186;0.037937;0.037369;0.038301;0.038404;0.038477;0.038224;0.038419;0.037934;0.037361;0.037428;0.037317;0.038232;0.037592;0.037481;0.037904;0.038803;0.037642;0.037674;0.037934;0.038567;0.038182;0.037783;0.037707;0.037795;0.037525;0.037994;0.037615;0.038463;0.037474;0.038234;0.038054;0.038238;0.037309;0.037081;0.038084;0.037875;0.038704;0.037797;0.037317;0.03819;0.03825;0.037504;0.038243;0.039175;0.038094;0.038095;0.038072;0.038184;0.038136;0.038191;0.038256;0.037592;0.037857;0.037491;0.037541;0.037936;0.037832;0.037796;0.037567;0.037655;0.037589;0.037819;0.038893;0.037856;0.037578;0.038685;0.039189;0.03843;0.037692;0.03717;0.0387;0.03796;0.037683;0.037686;0.038145;0.037156;0.036958;0.037278;0.037832;0.037617;0.037504;0.036927;0.037219;0.038169;0.037809;0.037362;0.037639;0.037161;0.038756;0.038117;0.038155;0.038367;0.037863;0.038376;0.038233;0.037841;0.037808;0.037763;0.038188;0.039208;0.03787;0.03739;0.037822;0.037833;0.037468;0.037774;0.038067;0.038293;0.038421;0.038535;0.037944;0.03799;0.037169;0.038112;0.039769;0.038202;0.038602;0.038721;0.038229;0.039004;0.038832;0.038123;0.038365;0.03801;0.037666;0.037581;0.039467;0.037792;0.037349;0.038119;0.037618;0.038036;0.037959;0.037713;0.037768;0.037841;0.037817;0.038604;0.036945;0.039231;0.03813;0.038322;0.037629;0.038178;0.037596;0.038;0.038241;0.037304;0.037539;0.038233;0.037174;0.037119;0.037899;0.037835;0.038506;0.03723;0.038023;0.037637;0.038008;0.037498;0.037919;0.038159;0.037305;0.038457;0.03738;0.039767;0.038377;0.038975;0.038103;0.038798;0.038252;0.037634;0.03738;0.037433;0.037951;0.037877;0.037662;0.038118;0.037751;0.037516;0.038544;0.038591;0.037655;0.037495;0.037447;0.038087;0.037384;0.03772;0.037373;0.037784;0.037613;0.039054;0.037425;0.038475;0.038404;0.037577;0.037901;0.037361;0.036973;0.037295;0.038389;0.03759;0.037453;0.037663;0.037443;0.037544;0.03753;0.037163;0.039189;0.037411;0.037695;0.037881;0.036906;0.037869;0.037899;0.03709;0.038068;0.037639;0.038138;0.038033;0.037791;0.03836;0.037585;0.037784;0.037219;0.038313;0.037665;0.037733;0.038082;0.037482;0.03926;0.038565;0.038378;0.037737;0.038042;0.038368;0.038972;0.037897;0.03762;0.037971;0.038781;0.03823;0.039454;0.03736;0.037855;0.037808;0.037074;0.03749;0.03772;0.038008;0.0376;0.038691;0.037614;0.037723;0.038228;0.038029;0.037788;0.037802;0.037608;0.037792;0.037788;0.0376;0.037264;0.039184;0.037586;0.037602;0.037973;0.038075;0.03856;0.037547;0.038216;0.03769;0.038078;0.037989;0.038561;0.037752;0.037065;0.03784;0.038033;0.037019;0.038055;0.037702;0.03731;0.037696;0.03757;0.037858;0.037348;0.037298;0.036939;0.037688;0.037598;0.038048;0.03776;0.037885;0.039173;0.038151;0.037382;0.03755;0.037618;0.037447;0.038396;0.038266;0.037777;0.038103;0.037781;0.037357;0.038063;0.038388;0.038552;0.037963;0.038601;0.037637;0.037569;0.03843;0.038481;0.038532;0.037683;0.03786;0.038644;0.039605;0.036916;0.037727;0.038503;0.037677;0.0378;0.038046;0.037061;0.037247;0.037464;0.037004;0.037726;0.037157;0.037879;0.037961;0.037881;0.037953;0.03711;0.038413;0.03766;0.037737;0.038148;0.03765;0.038633;0.03815;0.038231;0.039835;0.03913;0.03878;0.038834;0.038367;0.039307;0.038381;0.038741;0.03733;0.037678;0.03845;0.037294;0.038388;0.037503;0.037794;0.037921;0.038153;0.038018;0.037794;0.038324;0.037278;0.038644;0.038386;0.036987;0.038424;0.037521;0.039288;0.03769;0.038708;0.039985;0.03833;0.038562;0.038137;0.037737;0.037931;0.037502;0.038185;0.037902;0.038187;0.036889;0.037572;0.038345;0.038056;0.037572;0.037797;0.037734;0.037587;0.037843;0.038668;0.03798;0.037881;0.039098;0.037608;0.038232;0.038341;0.038547;0.038064;0.040617;0.037613;0.03738;0.037559;0.03753;0.037949;0.038126;0.037646;0.038271;0.03722;0.037888;0.037797;0.037525;0.037306;0.037733;0.03732;0.037271;0.038175;0.037973;0.037189;0.038726;0.037019;0.037552;0.037378;0.038144;0.037898;0.038483;0.038826;0.037543;0.037865;0.037334;0.038102;0.037866;0.037653;0.038103;0.037316;0.037579;0.037236;0.038239;0.03775;0.037804;0.037874;0.037567;0.038184;0.037557;0.037718;0.039602;0.03829;0.03734;0.038009;0.038227;0.038215;0.038167;0.038308;0.038026;0.039226;0.038501;0.037975;0.037714;0.038141;0.037811;0.037931;0.037844;0.038285;0.03779;0.038472;0.037815;0.037934;0.037921;0.037502;0.037501;0.038623;0.037952;0.037957;0.038304;0.03786;0.038007;0.037212;0.037602;0.03807;0.038224;0.037685;0.03899;0.037474;0.037677;0.037683;0.038104;0.037677;0.0374;0.037757;0.03798;0.037506;0.037459;0.037885;0.038001;0.037999;0.038543;0.038776;0.037981;0.037999;0.038102;0.038319;0.037624;0.037582;0.037994;0.038496;0.037734;0.037586;0.037523;0.037636;0.039285;0.037517;0.037821;0.038036;0.03801;0.038299;0.038513;0.038339;0.03775;0.038362;0.037916;0.037342;0.037288;0.038938;0.038116;0.038371;0.038336;0.037993;0.03803;0.038576;0.03782;0.038151;0.037802;0.037464;0.038041;0.037635;0.037848;0.039345;0.037663;0.03832;0.038457;0.03812;0.038185;0.038276;0.037622;0.038319;0.038428;0.038326;0.038936;0.038176;0.037895;0.037633;0.038418;0.038119;0.03786;0.038358;0.037155;0.037912;0.037813;0.037722;0.037491;0.038272;0.037524;0.037538;0.038449;0.038703;0.037247;0.038188;0.038313;0.038462;0.037962;0.037883;0.037879;0.038603;0.039307;0.037742;0.037989;0.03804;0.037229;0.038633;0.037648;0.037547;0.037989;0.037758;0.037347;0.038421;0.038625;0.038695;0.037749;0.038302;0.039338;0.038718;0.038117;0.037715;0.038254;0.037571;0.03846;0.038391;0.039513;0.038421;0.038559;0.038382;0.038231;0.038339;0.037528;0.037977;0.037396;0.038459;0.037688;0.038198;0.038394;0.038555;0.037368;0.038363;0.038216;0.038542;0.038331;0.039023;0.039181;0.037989;0.038003;0.038245;0.03782;0.038381;0.039329;0.037519;0.038091;0.038173;0.037749;0.037582;0.03792;0.03807;0.03773;0.037837;0.038047;0.038052;0.037975;0.038641;0.037856;0.037526;0.037699;0.03796;0.03829;0.037999;0.037621;0.038443;0.038031;0.03716;0.037377;0.037535;0.039149;0.037353;0.037866;0.038018;0.037587;0.037997;0.038215;0.036824;0.037847;0.037288;0.037753;0.037403;0.03732;0.037663;0.037708;0.037489;0.037955;0.037218;0.03752;0.038135;0.037796;0.037416;0.038434;0.037209;0.037546;0.037954;0.039115;0.038268;0.037695;0.037302;0.037784;0.037168;0.038112;0.03698;0.037869;0.0379;0.037817;0.037816;0.037174;0.037747;0.038174;0.038169;0.038106;0.038067;0.038139;0.037734;0.037686;0.038245;0.038058;0.038187;0.038916;0.040213;0.037752;0.03801;0.03777;0.037544;0.03781;0.038205;0.037441;0.037854;0.038775;0.037333;0.038162;0.037871;0.03769;0.038269;0.037712;0.037832;0.038067;0.0387;0.038037;0.038344;0.037709;0.037775;0.037791;0.03803;0.037497;0.038791;0.039329;0.03809;0.03802;0.038199;0.037434;0.038572;0.037203;0.037777;0.037866;0.037904;0.038158;0.03826;0.037347;0.038406;0.038345;0.03752;0.037951;0.037793;0.037437;0.038095;0.037159;0.038074;0.037045;0.037162;0.037758;0.039032;0.037707;0.038336;0.037558;0.037593;0.038037;0.03831;0.037031;0.037827;0.038205;0.037586;0.038071;0.038333;0.038456;0.038408;0.038163;0.038254;0.038377;0.037525;0.037705;0.037641;0.037342;0.038206;0.037662;0.037812;0.039188;0.038106;0.037715;0.038255;0.038531;0.038578;0.037535;0.037732;0.0383;0.037918;0.038204;0.038333;0.037236;0.03761;0.037792;0.037707;0.038214;0.037731;0.038687;0.038511;0.037744;0.037327;0.037548;0.037564;0.037789;0.037759;0.03851;0.038189;0.038404;0.038123;0.037504;0.037985;0.039087;0.039413;0.037734;0.037964;0.037447;0.03697;0.038085;0.038017;0.037455;0.037335;0.037593;0.037484;0.03756;0.038591;0.038259;0.038728;0.037838;0.037978;0.03793;0.037829;0.039084;0.038387;0.03764;0.037944;0.037617;0.038221;0.037662;0.038294;0.039599;0.037544;0.037406;0.037491;0.037561;0.037824;0.037968;0.037641;0.038196;0.037824;0.037349;0.037652;0.037688;0.037888;0.037614;0.038042;0.037656;0.038388;0.037568;0.037633;0.038025;0.037999;0.037182;0.037454;0.037454;0.03835;0.037562;0.037701;0.038637;0.038922;0.037665;0.03691;0.037685;0.038638;0.0382;0.038164;0.037512;0.038425;0.03792;0.039339;0.038485;0.037961;0.037858;0.038732;0.038351;0.037912;0.037951;0.037924;0.038337;0.038046;0.037824;0.037779;0.038364;0.03784;0.037151;0.038032;0.038446;0.037764;0.038032;0.037691;0.037744;0.038121;0.038097;0.037634;0.037386;0.038234;0.038123;0.038231;0.037633;0.038951;0.037688;0.037733;0.038024;0.038034;0.037823;0.038852;0.037766;0.03909;0.038331;0.038359;0.037991;0.037978;0.037844;0.038586;0.039724;0.038385;0.038082;0.037732;0.03798;0.038024;0.038533;0.038454;0.037675;0.037847;0.039773;0.037763;0.037788;0.037206;0.038842;0.038065;0.038169;0.037786;0.037568;0.037598;0.038097;0.038041;0.037783;0.038216;0.037317;0.037199;0.037895;0.038499;0.038174;0.037847;0.037565;0.037645;0.037584;0.038435;0.03779;0.038056;0.039516;0.038032;0.038136;0.037865;0.038512;0.037709;0.037382;0.037694;0.037727;0.038066;0.038678;0.038492;0.038729;0.03845;0.037864;0.039032;0.038032;0.038148;0.038342;0.039412;0.039058;0.038015;0.038012;0.037735;0.038037;0.037596;0.039162;0.037483;0.038341;0.03886;0.038455;0.037871;0.037972;0.037432;0.037695;0.037308;0.037128;0.037944;0.038298;0.038234;0.037427;0.038736;0.037679;0.037491;0.038628;0.037678;0.038556;0.038753;0.039382;0.037934;0.037878;0.040362;0.037617;0.037813;0.038223;0.038471;0.038162;0.038235;0.037003;0.037841;0.038151;0.037321;0.037701;0.037796;0.038475;0.038505;0.038162;0.038759;0.037255;0.037456;0.037994;0.037247;0.038385;0.03789;0.037717;0.039092;0.038049;0.0404;0.038824;0.038402;0.037964;0.038932;0.038405;0.038704;0.037601;0.038017;0.037424;0.038556;0.038171;0.037966;0.037952;0.037738;0.037831;0.037925;0.038209;0.038524;0.03704;0.038615;0.037398;0.037762;0.03821;0.037973;0.038457;0.03985;0.037751;0.038109;0.039094;0.038849;0.038831;0.038312;0.038491;0.037385;0.038105;0.03844;0.037087;0.038177;0.038274;0.037252;0.03766;0.037239;0.038246;0.037584;0.037704;0.037325;0.037884;0.038246;0.038027;0.03762;0.039493;0.03746;0.040116;0.037993;0.038752;0.038584;0.037376;0.038198;0.038017;0.038012;0.03737;0.038004;0.037806;0.037959;0.037262;0.037669;0.037895;0.037479;0.037787;0.037215;0.037318;0.037941;0.037616;0.037224;0.038253;0.03731;0.038635;0.03819;0.038022;0.039683;0.03809;0.037885;0.037692;0.037491;0.037785;0.037449;0.03762;0.038161;0.037576;0.037705;0.037463;0.037881;0.037711;0.037299;0.037772;0.037404;0.037754;0.037747;0.037991;0.037572;0.037552;0.038794;0.039275;0.03813;0.037693;0.039377;0.038569;0.040157;0.038554;0.038001;0.038038;0.037205;0.037707;0.037648;0.037857;0.037453;0.037167;0.037089;0.037863;0.038007;0.037607;0.038209;0.037708;0.037847;0.038474;0.037792;0.037642;0.039126;0.037964;0.038462;0.038787;0.037841;0.039057;0.039094;0.038319;0.037438;0.037373;0.037419;0.037719;0.037784;0.037034;0.038027;0.037246;0.036903;0.038586;0.038602;0.038177;0.038259;0.038478;0.037937;0.03784;0.037957;0.037996;0.039469;0.03777;0.03843;0.037503;0.037822;0.037846;0.037497;0.038036;0.037652;0.039337;0.037795;0.037334;0.037556;0.03818;0.037815;0.037875;0.038432;0.03839;0.03844;0.03779;0.038361;0.037928;0.037908;0.038027;0.037466;0.037518;0.038674;0.037652;0.037738;0.038548;0.038115;0.037468;0.038096;0.037901;0.037708;0.037457;0.038065;0.039;0.037532;0.037975;0.037363;0.038145;0.03749;0.038194;0.037091;0.037253;0.037812;0.037666;0.037855;0.037512;0.037697;0.037268;0.039592;0.0378;0.037419;0.03774;0.037466;0.037947;0.038463;0.03789;0.037221;0.037433;0.038035;0.037507;0.038029;0.038674;0.038779;0.038274;0.037641;0.038208;0.037847;0.037903;0.038118;0.037751;0.038521;0.037787;0.038358;0.038761;0.038113;0.037767;0.038352;0.03737;0.037066;0.03784;0.037972;0.037426;0.038066;0.037066;0.037073;0.037713;0.038149;0.037936;0.038527;0.037736;0.037957;0.037595;0.037588;0.038285;0.038084;0.03766;0.038459;0.038666;0.038075;0.03862;0.038125;0.037314;0.037807;0.036986;0.037815;0.03774;0.037943;0.037755;0.037841;0.038333;0.037717;0.037342;0.037826;0.037321;0.037419;0.037369;0.039137;0.037792;0.037926;0.037407;0.03828;0.037439;0.038465;0.038041;0.037574;0.03984;0.038117;0.037963;0.038331;0.037735;0.038081;0.038542;0.037965;0.038077;0.038234;0.038664;0.037447;0.038217;0.039064;0.037902;0.037661;0.038461;0.03799;0.037927;0.039234;0.038612;0.038202;0.037511;0.037879;0.038144;0.039343;0.037903;0.038382;0.038938;0.039107;0.0381;0.03766;0.037582;0.037994;0.037864;0.037426;0.038311;0.038075;0.038207;0.037717;0.037639;0.038274;0.038097;0.037925;0.03787;0.038158;0.038035;0.039517;0.037891;0.037558;0.037856;0.03871;0.037907;0.03871;0.037618;0.038692;0.038075;0.037851;0.038358;0.038346;0.036923;0.037605;0.037708;0.038056;0.03772;0.037795;0.037893;0.037619;0.037878;0.038241;0.037542;0.03757;0.037785;0.037651;0.03787;0.039684;0.03801;0.03905;0.037921;0.037929;0.038064;0.03828;0.037806;0.037514;0.037572;0.037643;0.037208;0.037624;0.037796;0.037429;0.037633;0.037738;0.037359;0.037518;0.038369;0.03796;0.037364;0.037419;0.038301;0.037867;0.038114;0.037906;0.037828;0.038402;0.037763;0.038754;0.038065;0.038048;0.039317;0.038629;0.037248;0.037269;0.037402;0.037946;0.036953;0.038204;0.037712;0.037952;0.037598;0.037894;0.037567;0.038;0.038244;0.037668;0.03776;0.038457;0.038428;0.037598;0.039093;0.038367;0.038774;0.038063;0.038147;0.038646;0.037301;0.037337;0.038436;0.037995;0.037967;0.037459;0.038456;0.038054;0.038232;0.038582;0.038235;0.038272;0.037485;0.038763;0.037514;0.037886;0.03847;0.038144;0.038364;0.039038;0.037182;0.037321;0.037493;0.038214;0.038302;0.038223;0.037594;0.037116;0.038181;0.037787;0.037734;0.038019;0.038024;0.037763;0.037481;0.038423;0.038424;0.037554;0.037919;0.037998;0.037821;0.038388;0.037705;0.037745;0.03855;0.040275;0.038212;0.037623;0.037752;0.038144;0.037229;0.039491;0.037473;0.037774;0.037781;0.037526;0.037758;0.037712;0.038269;0.037626;0.037691;0.038043;0.0374;0.037231;0.038199;0.037931;0.03807;0.037178;0.037877;0.038047;0.038028;0.038606;0.037922;0.037951;0.038363;0.037943;0.038231;0.037762;0.037852;0.03874;0.037462;0.037678;0.037837;0.037815;0.037407;0.037914;0.037945;0.038389;0.037671;0.038917;0.037534;0.037406;0.038085;0.038292;0.037751;0.037433;0.037761;0.039192;0.038523;0.037143;0.038159;0.037641;0.038184;0.038151;0.037586;0.037536;0.037643;0.038978;0.038506;0.03777;0.037915;0.03815;0.038231;0.038769;0.038442;0.037767;0.037749;0.037525;0.038043;0.037683;0.037889;0.038365;0.038684;0.03722;0.037421;0.037826;0.036957;0.036822;0.038133;0.037658;0.037337;0.037846;0.037697;0.037295;0.037955;0.03726;0.038897;0.037527;0.037326;0.037229;0.03745;0.037528;0.037769;0.037645;0.038007;0.038665;0.038068;0.038115;0.039568;0.038112;0.037687;0.039068;0.038383;0.038814;0.037859;0.038404;0.038802;0.038117;0.038189;0.03854;0.037542;0.037782;0.038629;0.038268;0.039897;0.038354;0.038296;0.038844;0.038386;0.038244;0.038328;0.03843;0.038411;0.038873;0.04007;0.038581;0.037975;0.038067;0.038345;0.038101;0.038615;0.03844;0.038665;0.03752;0.038263;0.038776;0.038438;0.03824;0.03933;0.039116;0.038085;0.038133;0.03778;0.037571;0.038329;0.03878;0.039218;0.038204;0.038883;0.039956;0.037817;0.038243;0.038496;0.037919;0.038666;0.038294;0.038987;0.038422;0.038239;0.038197;0.038489;0.037752;0.038162;0.038234;0.038722;0.038088;0.037939;0.03829;0.038761;0.038022;0.038079;0.038407;0.037835;0.038315;0.040526;0.03855;0.039048;0.038259;0.038312;0.038394;0.038614;0.038031;0.037494;0.038332;0.038652;0.038219;0.037682;0.038537;0.039116;0.038206;0.038216;0.037969;0.037963;0.038357;0.038936;0.038888;0.037965;0.038434;0.038695;0.038767;0.041174;0.038405;0.038307;0.038969;0.038396;0.038707;0.038351;0.038466;0.038439;0.038165;0.038243;0.038317;0.038031;0.038538;0.038713;0.03873;0.03854;0.038225;0.038815;0.038602;0.038682;0.03802;0.037891;0.037916;0.037973;0.040715;0.038392;0.040317;0.03916;0.038742;0.038064;0.038504;0.039173;0.038638;0.038727;0.038684;0.038647;0.038119;0.03818;0.037923;0.038866;0.03823;0.038762;0.038027;0.039091;0.038276;0.038432;0.037797;0.038531;0.038035;0.040479;0.038067;0.03771;0.038254;0.039406;0.038082;0.038161;0.038264;0.038461;0.038102;0.038673;0.038235;0.038536;0.038489;0.038165;0.03811;0.038563;0.038619;0.037875;0.038543;0.03823;0.037969;0.038229;0.038225;0.038687;0.038101;0.040474;0.038937;0.037761;0.038352;0.038448;0.039681;0.038633;0.038498;0.038424;0.038361;0.038309;0.038302;0.038624;0.038107;0.03877;0.038421;0.03859;0.038517;0.037828;0.038415;0.037637;0.03789;0.039252;0.038251;0.038392;0.040114;0.038316;0.038567;0.038377;0.038611;0.038802;0.038615;0.039483;0.039235;0.038644;0.037457;0.03807;0.038105;0.039477;0.038453;0.038283;0.038282;0.037929;0.038121;0.037731;0.039159;0.038607;0.038805;0.038177;0.038657;0.038842;0.03984;0.038825;0.037724;0.039171;0.038371;0.037648;0.037911;0.03803;0.039933;0.037899;0.038308;0.038566;0.038494;0.038979;0.038261;0.038434;0.038093;0.038399;0.037826;0.038332;0.03884;0.038787;0.038336;0.038571;0.038332;0.039387;0.038168;0.037588;0.038197;0.03854;0.038322;0.038482;0.038441;0.038461;0.039118;0.039603;0.038034;0.038574;0.03822;0.038533;0.038389;0.038426;0.039002;0.038298;0.038076;0.038812;0.038563;0.038186;0.038398;0.037877;0.040956;0.038645;0.038688;0.03904;0.037961;0.039036;0.038593;0.039114;0.038113;0.038812;0.038905;0.038234;0.040528;0.038463;0.037935;0.039067;0.038547;0.038129;0.03874;0.039295;0.038597;0.03873;0.038948;0.038702;0.039236;0.040646;0.038671;0.038498;0.03849;0.037978;0.038441;0.038209;0.038459;0.038586;0.038827;0.038895;0.038654;0.038887;0.038615;0.03844;0.038972;0.038331;0.038368;0.038353;0.039337;0.038753;0.038107;0.038481;0.038791;0.038455;0.038331;0.040048;0.038448;0.038298;0.03775;0.038581;0.03853;0.038178;0.03896;0.038218;0.038929;0.03844;0.038584;0.038582;0.038845;0.040228;0.038053;0.038337;0.038811;0.038252;0.038709;0.037834;0.03868;0.037721;0.038998;0.038587;0.040565;0.038017;0.038334;0.038865;0.037933;0.038224;0.039409;0.038124;0.038507;0.038597;0.038431;0.039093;0.037582;0.038492;0.038704;0.037794;0.039092;0.039406;0.038971;0.037842;0.038303;0.038497;0.039171;0.038529;0.03788;0.040685;0.037942;0.038924;0.038791;0.038823;0.038614;0.038595;0.038521;0.037847;0.038115;0.038811;0.038117;0.037602;0.037934;0.037612;0.037305;0.037989;0.037944;0.037806;0.038037;0.038034;0.037962;0.037985;0.037583;0.038633;0.037348;0.039228;0.037335;0.0384;0.038055;0.037858;0.038692;0.038578;0.038318;0.038298;0.037759;0.037727;0.037755;0.037383;0.037955;0.0368;0.037915;0.038264;0.038148;0.038056;0.038298;0.038197;0.037667;0.037987;0.036941;0.037684;0.038024;0.039512;0.038429;0.039033;0.038217;0.038775;0.037792;0.037617;0.038297;0.038087;0.037961;0.038436;0.037654;0.038384;0.037885;0.038095;0.038117;0.03751;0.037867;0.038003;0.038044;0.037357;0.037591;0.039738;0.037409;0.038251;0.039479;0.037931;0.038956;0.037955;0.038383;0.038249;0.037715;0.038293;0.038121;0.037103;0.03801;0.037248;0.037784;0.037982;0.037259;0.03709;0.037487;0.038181;0.037493;0.037403;0.037741;0.038874;0.038874;0.038682;0.0381;0.038652;0.038344;0.038584;0.038297;0.038609;0.038413;0.038288;0.038473;0.038208;0.038267;0.037766;0.038139;0.03793;0.03885;0.037528;0.037645;0.038136;0.037798;0.036955;0.037711;0.038106;0.037347;0.03714;0.036909;0.03754;0.037862;0.037845;0.04025;0.03819;0.037718;0.038502;0.0386;0.038144;0.037103;0.036653;0.037546;0.037148;0.037839;0.037542;0.037681;0.037437;0.037391;0.037381;0.037322;0.037708;0.03723;0.038501;0.038121;0.037552;0.037549;0.037619;0.038199;0.039397;0.037772;0.038261;0.039462;0.038746;0.038733;0.037703;0.037544;0.037656;0.037878;0.037444;0.037667;0.038613;0.037765;0.038552;0.037464;0.038086;0.038092;0.037797;0.037454;0.037585;0.037859;0.038204;0.03721;0.037383;0.037977;0.039168;0.03756;0.037171;0.038199;0.039545;0.037949;0.038821;0.037816;0.038447;0.037869;0.037776;0.038034;0.03803;0.03794;0.037923;0.037652;0.037846;0.037612;0.038071;0.037695;0.037353;0.038259;0.037795;0.038304;0.038274;0.037948;0.039397;0.037289;0.037842;0.037987;0.038016;0.037373;0.037949;0.037418;0.037054;0.037407;0.038199;0.037771;0.037775;0.037682;0.037935;0.037418;0.03754;0.038007;0.037729;0.037638;0.037582;0.037955;0.037429;0.037229;0.037686;0.037633;0.038882;0.037593;0.038755;0.038026;0.038257;0.038858;0.038275;0.039745;0.037955;0.037737;0.038126;0.037749;0.038116;0.037294;0.038195;0.03753;0.038454;0.037932;0.037422;0.037723;0.038052;0.037568;0.037776;0.038119;0.037216;0.038976;0.037664;0.037943;0.038094;0.038517;0.038278;0.038429;0.03732;0.038122;0.038776;0.037718;0.037694;0.0375;0.036997;0.037676;0.037703;0.037383;0.037987;0.038026;0.037474;0.03801;0.038097;0.038034;0.03816;0.037527;0.037653;0.039655;0.038102;0.037667;0.038277;0.036794;0.037947;0.037632;0.037355;0.037524;0.037519;0.038286;0.037704;0.037716;0.038297;0.037566;0.03756;0.03715;0.037661;0.03726;0.03715;0.0379;0.037909;0.037899;0.038157;0.037494;0.037677;0.03878;0.038569;0.038165;0.038819;0.037819;0.038251;0.037494;0.036985;0.038326;0.037889;0.037166;0.037594;0.038155;0.037849;0.037531;0.037714;0.037474;0.037539;0.037642;0.037631;0.037319;0.037649;0.037825;0.037451;0.037699;0.037818;0.039137;0.037894;0.037611;0.039012;0.037793;0.038106;0.037904;0.037876;0.037441;0.037745;0.038153;0.037942;0.037621;0.036799;0.038969;0.037134;0.037885;0.037864;0.038098;0.038318;0.037905;0.037877;0.037939;0.037889;0.037987;0.037656;0.037667;0.037959;0.037628;0.038423;0.038199;0.03767;0.037831;0.037361;0.03901;0.037334;0.037661;0.037754;0.038121;0.037682;0.038113;0.038902;0.038307;0.037981;0.03715;0.037624;0.037731;0.036875;0.037538;0.037279;0.037233;0.039554;0.038198;0.037692;0.037801;0.038247;0.038013;0.037245;0.037617;0.037837;0.038008;0.03745;0.037626;0.037475;0.03723;0.037792;0.037764;0.037604;0.03752;0.038934;0.038242;0.03804;0.037684;0.037628;0.037537;0.037746;0.038553;0.039213;0.037293;0.037719;0.037627;0.038186;0.038044;0.037672;0.038738;0.037665;0.037145;0.037705;0.037571;0.03807;0.037842;0.037774;0.037539;0.038227;0.038483;0.036938;0.038468;0.038146;0.037818;0.037918;0.037816;0.03692;0.037673;0.038995;0.037729;0.037729;0.037372;0.037791;0.038298;0.037468;0.037938;0.037315;0.037524;0.037621;0.037783;0.038001;0.037889;0.037523;0.038043;0.037634;0.038004;0.038225;0.038271;0.038012;0.040181;0.037566;0.036881;0.03817;0.038237;0.044526;0.038504;0.037193;0.038267;0.037653;0.03748;0.03804;0.037776;0.037878;0.037374;0.036896;0.037656;0.037075;0.037032;0.037262;0.038175;0.038124;0.037645;0.038337;0.037847;0.037362;0.038986;0.03781;0.039248;0.03765;0.038936;0.037934;0.038036;0.03795;0.037321;0.038327;0.037318;0.037776;0.03799;0.038116;0.037544;0.038546;0.037952;0.038127;0.037943;0.03817;0.038405;0.038791;0.038353;0.038532;0.037057;0.037338;0.037873;0.037529;0.037785;0.038398;0.039586;0.037011;0.03801;0.037218;0.037247;0.038011;0.038818;0.038162;0.038457;0.037826;0.037781;0.037349;0.037256;0.038064;0.037228;0.037501;0.037946;0.038189;0.038054;0.03816;0.037708;0.036491;0.03753;0.038022;0.03765;0.037467;0.038383;0.037824;0.03983;0.0385;0.038984;0.037151;0.03833;0.037178;0.037446;0.037235;0.037228;0.03725;0.037745;0.038936;0.038021;0.037058;0.037554;0.037451;0.036963;0.037212;0.037764;0.037974;0.037187;0.037736;0.037163;0.038329;0.039043;0.038423;0.038248;0.03878;0.038384;0.038571;0.038754;0.038338;0.038131;0.037508;0.037339;0.037414;0.037527;0.0374;0.037368;0.038308;0.037531;0.037698;0.03694;0.037662;0.038015;0.038267;0.037317;0.037919;0.037314;0.039275;0.037782;0.037862;0.037679;0.037457;0.038092;0.039209;0.037422;0.037422;0.03801;0.037802;0.037274;0.037128;0.036901;0.038137;0.037982;0.037494;0.037519;0.037567;0.037626;0.037244;0.03792;0.03715;0.038057;0.038026;0.037371;0.039008;0.037456;0.03751;0.037973;0.0378;0.037349;0.037611;0.038067;0.038246;0.037861;0.03842;0.038152;0.037765;0.038192;0.038486;0.037618;0.03862;0.037908;0.037987;0.037623;0.037355;0.038951;0.038078;0.037984;0.038199;0.037785;0.037994;0.038416;0.038085;0.037889;0.037594;0.037594;0.038431;0.037716;0.037621;0.039707;0.036945;0.038106;0.038214;0.037726;0.037668;0.037853;0.037664;0.037593;0.037456;0.037638;0.037105;0.037228;0.03711;0.037969;0.037688;0.037856;0.039012;0.037018;0.037561;0.037523;0.037971;0.038384;0.03716;0.037115;0.037846;0.037707;0.037727;0.038899;0.038048;0.038116;0.038375;0.03749;0.037645;0.037948;0.037685;0.038285;0.038193;0.037825;0.03693;0.037721;0.037076;0.037363;0.03858;0.038187;0.03787;0.037687;0.037666;0.037303;0.037431;0.037454;0.037706;0.038244;0.037467;0.037513;0.038588;0.039626;0.037932;0.038021;0.038302;0.038316;0.037545;0.037936;0.037697;0.037355;0.037859;0.037211;0.037739;0.039116;0.038025;0.038191;0.038231;0.038651;0.03791;0.037466;0.037522;0.038238;0.038163;0.037182;0.037538;0.037649;0.037739;0.038177;0.037798;0.03948;0.038255;0.037928;0.038114;0.037854;0.038031;0.038081;0.037163;0.037905;0.037628;0.038965;0.037613;0.038298;0.038739;0.038657;0.038641;0.037922;0.03834;0.037352;0.037594;0.037525;0.037864;0.038126;0.037411;0.03733;0.038041;0.03752;0.03981;0.037865;0.037771;0.037435;0.037766;0.03788;0.037313;0.037927;0.037786;0.039705;0.037649;0.03855;0.038526;0.038843;0.03889;0.037883;0.037924;0.037919;0.038052;0.037703;0.037797;0.037929;0.038415;0.037957;0.037426;0.037925;0.03812;0.038569;0.039584;0.037702;0.037832;0.03851;0.037738;0.038692;0.040338;0.038637;0.03862;0.038304;0.037544;0.037441;0.038566;0.037598;0.037567;0.037477;0.038019;0.038255;0.037318;0.037509;0.037312;0.038012;0.038382;0.038249;0.038338;0.038247;0.038241;0.038;0.038713;0.038778;0.037762;0.038376;0.039433;0.037763;0.037725;0.037642;0.0374;0.037655;0.037712;0.038567;0.037831;0.038471;0.037386;0.038079;0.038739;0.03866;0.036935;0.038454;0.038213;0.038147;0.037891;0.037779;0.037948;0.03756;0.037537;0.038313;0.038236;0.039387;0.038969;0.038416;0.037503;0.037489;0.037299;0.037918;0.038295;0.037086;0.037929;0.037625;0.037656;0.037487;0.037358;0.037438;0.037116;0.038613;0.03801;0.037662;0.03784;0.037616;0.038535;0.037124;0.037908;0.037356;0.037623;0.039323;0.039164;0.037749;0.037509;0.037774;0.037547;0.037444;0.03724;0.038079;0.037733;0.038077;0.037579;0.037845;0.037807;0.037297;0.037454;0.037863;0.037839;0.037728;0.037273;0.038782;0.038073;0.038174;0.0379;0.037747;0.038357;0.038674;0.038013;0.037774;0.038778;0.037877;0.038247;0.037521;0.037888;0.038074;0.03727;0.038027;0.037707;0.03775;0.03695;0.037461;0.038282;0.037358;0.038299;0.037126;0.037411;0.037557;0.037463;0.038094;0.038037;0.037771;0.037637;0.039076;0.037531;0.037915;0.037822;0.037964;0.03834;0.037876;0.037799;0.037584;0.037819;0.038235;0.036847;0.037585;0.03795;0.037854;0.037791;0.037823;0.037681;0.037328;0.037507;0.037972;0.037845;0.037863;0.037376;0.037792;0.037747;0.03869;0.0378;0.037802;0.038475;0.038187;0.037332;0.037732;0.038164;0.038299;0.037716;0.037809;0.037836;0.03779;0.037574;0.037724;0.038187;0.038598;0.037362;0.037268;0.037705;0.037576;0.037895;0.037292;0.037988;0.037668;0.03747;0.039411;0.037705;0.038336;0.038063;0.038207;0.037722;0.03807;0.037061;0.037671;0.038479;0.037639;0.037826;0.037967;0.0384;0.03791;0.037444;0.037527;0.038331;0.038109;0.037609;0.038143;0.037773;0.037568;0.037508;0.038015;0.038299;0.03733;0.038227;0.037549;0.03845;0.038079;0.03868;0.037641;0.037871;0.037839;0.038405;0.037998;0.03767;0.037829;0.03728;0.038066;0.037866;0.039;0.037154;0.038159;0.037573;0.038155;0.038011;0.038316;0.038234;0.037543;0.039372;0.037796;0.037384;0.037806;0.037231;0.037867;0.037891;0.037598;0.037581;0.038064;0.03806;0.03768;0.037678;0.036987;0.03715;0.036997;0.037061;0.038289;0.037946;0.038017;0.037764;0.037508;0.038223;0.037152;0.037444;0.037765;0.038341;0.037601;0.037656;0.037867;0.037599;0.036979;0.037696;0.037594;0.038486;0.037903;0.037941;0.037763;0.03799;0.038102;0.037519;0.037716;0.037157;0.037248;0.03819;0.038819;0.037135;0.037505;0.037903;0.038241;0.037214;0.037186;0.058432;0.038008;0.038481;0.037576;0.038062;0.038038;0.037687;0.038094;0.038488;0.038054;0.037713;0.038717;0.038423;0.038134;0.0383;0.037533;0.037456;0.03853;0.038652;0.038417;0.037228;0.039457;0.037565;0.038083;0.037824;0.039499;0.038653;0.038306;0.037853;0.03792;0.037346;0.037397;0.03805;0.038252;0.038091;0.038153;0.038039;0.037576;0.038533;0.038149;0.038196;0.037535;0.038263;0.037561;0.037605;0.036916;0.037203;0.038236;0.039492;0.037361;0.038687;0.039615;0.038006;0.038077;0.037937;0.037816;0.038338;0.038052;0.038378;0.037977;0.038308;0.038047;0.036874;0.038023;0.037401;0.038314;0.03848;0.037758;0.037899;0.038179;0.038166;0.037177;0.038345;0.03772;0.037756;0.039109;0.039644;0.038453;0.038111;0.037693;0.037525;0.037847;0.037891;0.038108;0.037689;0.037334;0.038228;0.038348;0.037699;0.037398;0.037619;0.038015;0.037338;0.038179;0.037981;0.038528;0.037444;0.037533;0.037573;0.037918;0.037433;0.037738;0.03933;0.037763;0.0386;0.037614;0.03712;0.037686;0.037268;0.037054;0.037908;0.037705;0.037932;0.038207;0.037933;0.03856;0.038206;0.038353;0.037883;0.038746;0.037905;0.038805;0.038377;0.037448;0.037706;0.037787;0.037914;0.038064;0.038461;0.037614;0.038813;0.037691;0.037578;0.037522;0.03672;0.037567;0.037342;0.037825;0.037608;0.037608;0.038498;0.037394;0.037632;0.037865;0.037936;0.037814;0.037824;0.038135;0.038237;0.037729;0.037619;0.038446;0.037309;0.037555;0.038935;0.03812;0.037774;0.03822;0.038344;0.039074;0.037939;0.038025;0.038765;0.037748;0.038026;0.03774;0.038031;0.03787;0.037416;0.037014;0.037797;0.037202;0.038048;0.037129;0.037266;0.038062;0.038101;0.037787;0.037499;0.038859;0.037272;0.038238;0.037412;0.037302;0.037695;0.037127;0.037536;0.039321;0.037795;0.03863;0.037731;0.038604;0.037993;0.037948;0.038062;0.037785;0.038431;0.038228;0.03822;0.038577;0.038244;0.037908;0.038349;0.038461;0.038082;0.038523;0.03825;0.037828;0.038048;0.038664;0.037775;0.037258;0.037685;0.037464;0.038293;0.038898;0.036949;0.038449;0.037712;0.037616;0.037228;0.037172;0.036854;0.036813;0.037648;0.037686;0.038163;0.038079;0.037252;0.037805;0.037585;0.040162;0.037898;0.038323;0.038052;0.037864;0.037453;0.038096;0.037573;0.037607;0.037868;0.03748;0.038298;0.039064;0.038177;0.037835;0.037899;0.037559;0.038016;0.037441;0.037752;0.037907;0.037736;0.037187;0.037559;0.037757;0.037409;0.039117;0.038157;0.037316;0.037519;0.037727;0.037508;0.037661;0.037987;0.037772;0.038542;0.037838;0.037486;0.03852;0.039373;0.038985;0.037952;0.037566;0.037978;0.038419;0.037954;0.038407;0.037783;0.037572;0.038366;0.037392;0.039027;0.037223;0.037606;0.037653;0.03753;0.037244;0.037681;0.037516;0.037659;0.037732;0.03832;0.037629;0.038002;0.0376;0.037487;0.03735;0.038578;0.038647;0.038381;0.037795;0.037901;0.037924;0.037763;0.03803;0.037939;0.037503;0.039747;0.037469;0.038126;0.037184;0.03719;0.038309;0.03773;0.037633;0.0375;0.038542;0.037806;0.037699;0.037582;0.03774;0.037609;0.037445;0.037105;0.038936;0.037905;0.038259;0.038361;0.03753;0.037666;0.037804;0.0379;0.038051;0.039582;0.037732;0.037375;0.037198;0.037475;0.038407;0.038838;0.037935;0.037921;0.038008;0.037408;0.038146;0.037223;0.038463;0.037473;0.038026;0.038099;0.038089;0.038221;0.038114;0.037774;0.038451;0.038421;0.037378;0.03845;0.038303;0.038375;0.03831;0.038425;0.037625;0.038441;0.038022;0.0378;0.03793;0.037706;0.037712;0.038049;0.038124;0.037008;0.038122;0.037524;0.038734;0.037905;0.037239;0.037937;0.037834;0.038905;0.039264;0.038198;0.038433;0.038434;0.038577;0.037826;0.037247;0.037826;0.03831;0.037703;0.037969;0.03783;0.037848;0.03718;0.037703;0.037411;0.037639;0.037931;0.037752;0.037584;0.037538;0.037434;0.038114;0.037561;0.037586;0.037761;0.037554;0.037303;0.038653;0.037749;0.047576;0.037971;0.037568;0.038022;0.037543;0.037488;0.037146;0.037809;0.037921;0.037208;0.038562;0.037734;0.037483;0.038057;0.038112;0.038141;0.038134;0.03823;0.038505;0.037941;0.037964;0.037862;0.038099;0.037611;0.038141;0.037783;0.040923;0.037634;0.03806;0.037839;0.037677;0.038551;0.037821;0.037378;0.037654;0.037719;0.03738;0.037871;0.037398;0.037557;0.03751;0.037926;0.037391;0.037703;0.037941;0.037931;0.037699;0.038393;0.037562;0.038293;0.037511;0.039252;0.037663;0.037136;0.039889;0.038005;0.038518;0.037436;0.037923;0.038277;0.03807;0.03686;0.037899;0.037488;0.037365;0.038467;0.038123;0.037891;0.03808;0.037517;0.038097;0.037318;0.03809;0.037467;0.037006;0.037408;0.037351;0.039148;0.03825;0.0387;0.038598;0.038535;0.040217;0.038638;0.037446;0.038028;0.037663;0.037824;0.037645;0.038019;0.038249;0.038121;0.038288;0.038374;0.037909;0.038191;0.037659;0.037612;0.037894;0.037592;0.037625;0.036986;0.038628;0.038947;0.03807;0.038474;0.038375;0.037767;0.038546;0.03727;0.038028;0.039663;0.037945;0.03751;0.037565;0.037717;0.037818;0.037441;0.03847;0.037699;0.037854;0.038031;0.038222;0.037846;0.038153;0.037982;0.037887;0.037846;0.039122;0.037313;0.037598;0.037612;0.038454;0.037888;0.038428;0.039058;0.037551;0.037712;0.037516;0.039622;0.037175;0.038548;0.037714;0.03825;0.037522;0.037821;0.037378;0.037186;0.037663;0.038332;0.038597;0.037915;0.038016;0.038434;0.039241;0.037182;0.038178;0.038661;0.038071;0.03837;0.037394;0.03793;0.037458;0.037414;0.038262;0.03733;0.037116;0.03874;0.037782;0.037327;0.037801;0.037615;0.037634;0.037957;0.037487;0.038138;0.037719;0.037115;0.037785;0.037799;0.038719;0.037923;0.038039;0.038501;0.038135;0.038472;0.038059;0.037191;0.037793;0.037851;0.037613;0.037015;0.03743;0.037141;0.03873;0.0377;0.037898;0.038162;0.037433;0.038413;0.037475;0.037716;0.037545;0.037564;0.03758;0.037767;0.03862;0.038762;0.038255;0.038738;0.038923;0.039117;0.037884;0.037522;0.03778;0.03729;0.037588;0.037277;0.037739;0.037719;0.037892;0.037743;0.037319;0.037375;0.037848;0.03795;0.038183;0.037755;0.037247;0.037689;0.037993;0.039672;0.037252;0.039103;0.038606;0.038148;0.038711;0.038161;0.037827;0.038244;0.037613;0.037617;0.038257;0.037454;0.038225;0.037604;0.038078;0.038116;0.038237;0.038622;0.038392;0.037472;0.037798;0.037749;0.037981;0.03742;0.037702;0.038929;0.03772;0.037275;0.037342;0.037467;0.037883;0.037477;0.038201;0.036925;0.037764;0.037005;0.037895;0.037656;0.037989;0.03724;0.037706;0.037637;0.03757;0.037375;0.038165;0.037944;0.037645;0.037174;0.037628;0.037383;0.038452;0.038846;0.037321;0.037414;0.037664;0.037982;0.038084;0.038289;0.037459;0.037357;0.038277;0.037613;0.037548;0.038142;0.037735;0.037709;0.038262;0.037724;0.03766;0.03819;0.037456;0.03745;0.039641;0.037737;0.037502;0.037809;0.037737;0.038557;0.037768;0.037334;0.037737;0.037536;0.037815;0.037944;0.038003;0.037597;0.038115;0.037825;0.037833;0.037941;0.038;0.037492;0.038091;0.037202;0.037361;0.037061;0.037396;0.037061;0.037633;0.038289;0.038081;0.038196;0.037811;0.039319;0.037948;0.037385;0.038074;0.037222;0.037951;0.037778;0.037829;0.03815;0.037602;0.037658;0.037566;0.03786;0.038562;0.037726;0.037704;0.037628;0.037221;0.037807;0.038286;0.037528;0.038193;0.037342;0.038107;0.039111;0.039008;0.037846;0.037671;0.037159;0.038312;0.037625;0.037451;0.037351;0.037554;0.037788;0.03738;0.037592;0.037385;0.037653;0.037894;0.037897;0.037353;0.037589;0.038742;0.038081;0.0382;0.037545;0.038358;0.037838;0.038949;0.037697;0.040008;0.039446;0.038172;0.037952;0.037551;0.037329;0.037586;0.037318;0.037891;0.037813;0.03725;0.03825;0.037345;0.037014;0.037771;0.038167;0.037929;0.038077;0.037519;0.037651;0.036795;0.03745;0.037733;0.038165;0.037397;0.037314;0.039374;0.037785;0.037928;0.039279;0.03749;0.037755;0.037656;0.038134;0.037773;0.037639;0.037924;0.03788;0.037828;0.037132;0.037788;0.037363;0.037664;0.037916;0.038244;0.037538;0.037932;0.037698;0.038081;0.037828;0.037654;0.037693;0.039515;0.037887;0.037678;0.038117;0.039084;0.038486;0.037255;0.037819;0.038329;0.037579;0.037785;0.03784;0.037914;0.037696;0.038048;0.037494;0.03824;0.037385;0.037525;0.037852;0.037421;0.037562;0.037461;0.038053;0.037882;0.038213;0.039039;0.037246;0.037993;0.037463;0.038186;0.038197;0.038045;0.039978;0.037435;0.038106;0.037316;0.037637;0.03706;0.038528;0.037583;0.037;0.037368;0.037255;0.037806;0.038025;0.038321;0.037482;0.037634;0.037467;0.037676;0.03856;0.038018;0.037608;0.037709;0.038384;0.038379;0.037662;0.038012;0.037868;0.03796;0.037372;0.039188;0.038037;0.037918;0.037453;0.037754;0.038217;0.037823;0.03841;0.03766;0.037993;0.038204;0.037285;0.038049;0.038057;0.038391;0.041026;0.03805;0.03824;0.038613;0.038322;0.037598;0.037968;0.037588;0.038363;0.037977;0.038147;0.037283;0.037872;0.038992;0.038298;0.037646;0.03761;0.038071;0.038151;0.037432;0.037814;0.037457;0.037494;0.038099;0.037453;0.038014;0.039568;0.037922;0.03762;0.038019;0.037043;0.037421;0.037571;0.038406;0.037413;0.03781;0.038281;0.037837;0.038413;0.037543;0.038781;0.038603;0.037726;0.037859;0.03764;0.037101;0.038103;0.038018;0.037852;0.037859;0.03812;0.038783;0.038043;0.037471;0.037588;0.038154;0.038945;0.038497;0.038546;0.038776;0.037923;0.037757;0.038423;0.037759;0.038182;0.037436;0.038016;0.038033;0.038668;0.038195;0.03764;0.037162;0.037922;0.038331;0.037859;0.037457;0.037513;0.038769;0.038207;0.037339;0.038133;0.037297;0.037291;0.037449;0.037637;0.037608;0.037328;0.037628;0.03708;0.037428;0.037411;0.037439;0.037925;0.037834;0.037571;0.03949;0.03803;0.037769;0.037148;0.037431;0.037974;0.037782;0.038067;0.03916;0.038732;0.038045;0.037936;0.037984;0.037492;0.038303;0.038086;0.037402;0.037294;0.037473;0.037522;0.03695;0.037631;0.037849;0.037323;0.037697;0.037856;0.037596;0.038232;0.039142;0.038117;0.037781;0.037745;0.037437;0.038091;0.043538;0.037748;0.03826;0.038162;0.037802;0.037736;0.037088;0.038469;0.038156;0.037837;0.037618;0.037416;0.038305;0.037694;0.038107;0.037977;0.037135;0.037885;0.038207;0.037299;0.038311;0.038044;0.039287;0.037398;0.037486;0.038951;0.037661;0.038549;0.037158;0.037807;0.038065;0.038159;0.037411;0.03788;0.038413;0.038222;0.038022;0.036771;0.037821;0.037871;0.037887;0.037545;0.037843;0.037299;0.037736;0.037972;0.037595;0.037602;0.037358;0.037852;0.038656;0.038989;0.037547;0.037492;0.038322;0.037095;0.038215;0.037071;0.037814;0.03755;0.038134;0.038383;0.037768;0.037258;0.038132;0.038195;0.037611;0.037944;0.037553;0.037486;0.03794;0.037327;0.038347;0.0376;0.037374;0.037367;0.037439;0.039556;0.037982;0.037482;0.03754;0.037506;0.037564;0.037952;0.03732;0.037667;0.038026;0.037373;0.03787;0.037554;0.037691;0.038497;0.037935;0.037856;0.037632;0.038127;0.038226;0.037796;0.037752;0.038228;0.038454;0.037806;0.037113;0.03915;0.037823;0.038259;0.038958;0.038052;0.038105;0.037291;0.037856;0.03749;0.038121;0.038349;0.037735;0.0374;0.037578;0.037929;0.03794;0.038149;0.037428;0.037436;0.038033;0.037911;0.038393;0.037163;0.038284;0.037468;0.038168;0.03924;0.037798;0.038486;0.037139;0.037392;0.038395;0.038292;0.037746;0.03823;0.038178;0.037997;0.037681;0.037322;0.038063;0.038363;0.037944;0.038516;0.038762;0.038417;0.03852;0.037945;0.03821;0.038293;0.038326;0.038831;0.040212;0.03776;0.038223;0.037392;0.037669;0.037902;0.037247;0.038045;0.039344;0.037761;0.037785;0.038314;0.036962;0.037834;0.037605;0.037862;0.038169;0.037886;0.0387;0.037808;0.037523;0.037828;0.038348;0.037674;0.037759;0.03752;0.038676;0.037823;0.038236;0.039127;0.03824;0.03807;0.037496;0.03724;0.037591;0.038349;0.038182;0.03754;0.038036;0.037765;0.037903;0.038036;0.037618;0.037928;0.037628;0.038016;0.037809;0.037598;0.037022;0.037241;0.03777;0.037433;0.039309;0.037828;0.037663;0.037392;0.037726;0.037303;0.037463;0.037305;0.038003;0.037863;0.037256;0.039151;0.037886;0.038485;0.037761;0.038173;0.037775;0.037684;0.037813;0.037388;0.037099;0.038503;0.037518;0.037895;0.037849;0.037975;0.039129;0.038256;0.037944;0.038056;0.037876;0.037102;0.037551;0.038075;0.037465;0.03837;0.038647;0.037793;0.037557;0.037501;0.037376;0.037796;0.038334;0.037477;0.037572;0.037477;0.038536;0.036994;0.037922;0.037696;0.038092;0.039192;0.037311;0.037911;0.037559;0.037647;0.037386;0.037697;0.037862;0.03772;0.037683;0.037706;0.037861;0.037473;0.038037;0.038809;0.039034;0.037719;0.037447;0.03821;0.037701;0.037534;0.037819;0.038186;0.03771;0.037927;0.038492;0.03891;0.037756;0.037682;0.037286;0.038426;0.037776;0.038311;0.038829;0.038006;0.038268;0.037801;0.038122;0.037323;0.038703;0.038122;0.037786;0.037948;0.038963;0.037789;0.037291;0.037938;0.037619;0.037905;0.038015;0.037796;0.0377;0.039136;0.038157;0.038172;0.037402;0.03795;0.03732;0.037639;0.037383;0.038093;0.037239;0.037915;0.037813;0.03811;0.038672;0.037688;0.03806;0.037659;0.03826;0.038157;0.038498;0.037741;0.037959;0.037538;0.037591;0.038399;0.037299;0.038938;0.038094;0.037423;0.038079;0.037185;0.037431;0.038093;0.037087;0.037839;0.037416;0.037724;0.037653;0.037965;0.037341;0.038264;0.037704;0.038128;0.037097;0.038024;0.037919;0.037397;0.037498;0.037912;0.037826;0.038001;0.038465;0.039382;0.037594;0.038019;0.037954;0.038949;0.037725;0.037559;0.037595;0.037521;0.037486;0.037329;0.038099;0.037965;0.036762;0.037892;0.037959;0.038642;0.038175;0.038476;0.038293;0.037465;0.037381;0.038727;0.037959;0.037629;0.039457;0.037148;0.037859;0.039346;0.037839;0.037685;0.038423;0.037841;0.037588;0.037718;0.037824;0.037572;0.037572;0.036784;0.037498;0.038021;0.037376;0.037771;0.038357;0.037443;0.037958;0.037343;0.037889;0.037473;0.037152;0.036808;0.038694;0.037214;0.037318;0.037431;0.038047;0.039804;0.038138;0.037483;0.037688;0.03789;0.037446;0.038001;0.037648;0.037101;0.037369;0.037721;0.03811;0.037862;0.037963;0.037547;0.037724;0.038168;0.038006;0.037689;0.03806;0.037213;0.038478;0.037949;0.038291;0.037757;0.037416;0.037855;0.038879;0.039197;0.037745;0.036956;0.037853;0.038016;0.038592;0.037582;0.037765;0.037171;0.0379;0.037662;0.037415;0.0378;0.037913;0.037445;0.037928;0.038311;0.037478;0.037347;0.039447;0.037366;0.03823;0.037853;0.037503;0.037881;0.038108;0.037751;0.037622;0.039364;0.038311;0.037386;0.038251;0.038224;0.038379;0.038628;0.037736;0.038001;0.037904;0.037863;0.037743;0.037755;0.038323;0.037725;0.037974;0.038797;0.038042;0.037229;0.037466;0.037624;0.038346;0.037861;0.037368;0.038078;0.037512;0.038092;0.038061;0.039225;0.037582;0.038207;0.037555;0.037437;0.037763;0.036847;0.037254;0.037104;0.037651;0.037713;0.037406;0.037783;0.038503;0.039575;0.037845;0.037544;0.03806;0.038068;0.03806;0.03841;0.038102;0.037946;0.038177;0.038252;0.037972;0.037698;0.038704;0.039211;0.037694;0.037977;0.037932;0.037684;0.037936;0.037585;0.03785;0.037568;0.037648;0.037649;0.037427;0.038428;0.038054;0.037982;0.037989;0.037029;0.037689;0.03746;0.037612;0.037395;0.038575;0.038032;0.038371;0.037372;0.037606;0.037713;0.03797;0.038137;0.037781;0.03737;0.037835;0.038101;0.038259;0.038291;0.037979;0.037569;0.037659;0.038907;0.037232;0.037593;0.037517;0.038326;0.037414;0.037642;0.038448;0.037536;0.037803;0.037752;0.037703;0.037372;0.037712;0.038472;0.03835;0.037199;0.038056;0.037723;0.038284;0.037924;0.038338;0.039706;0.037829;0.037576;0.045206;0.037889;0.038169;0.037504;0.037741;0.037968;0.037693;0.038118;0.03699;0.037862;0.038871;0.037645;0.037908;0.038227;0.038147;0.0374;0.038068;0.037798;0.038184;0.038378;0.038463;0.038041;0.036826;0.037271;0.037238;0.038623;0.038403;0.038022;0.038026;0.037711;0.037689;0.038073;0.037775;0.037958;0.03819;0.038707;0.037787;0.037946;0.038128;0.038499;0.038129;0.03876;0.039359;0.038678;0.038153;0.038731;0.03799;0.037565;0.038023;0.037717;0.037919;0.037403;0.040995;0.037696;0.03724;0.03743;0.038399;0.037848;0.037702;0.038028;0.037865;0.03846;0.03803;0.037882;0.037963;0.037617;0.037211;0.03785;0.038007;0.037362;0.037576;0.037813;0.036989;0.038643;0.038378;0.037883;0.03772;0.039469;0.037752;0.03852;0.037497;0.03822;0.03762;0.037394;0.037803;0.037764;0.038414;0.037846;0.038318;0.037893;0.037512;0.038031;0.037891;0.037939;0.037557;0.038072;0.037569;0.03821;0.037887;0.038085;0.03766;0.037221;0.037734;0.039136;0.036939;0.037765;0.03908;0.037699;0.03857;0.038252;0.037401;0.03781;0.038017;0.03749;0.037406;0.037792;0.038602;0.037873;0.037777;0.03845;0.037241;0.037659;0.037192;0.037607;0.037968;0.037283;0.03823;0.037697;0.037689;0.039038;0.038809;0.03874;0.039323;0.038182;0.039688;0.037647;0.038397;0.03786;0.037416;0.037911;0.038583;0.038157;0.037073;0.03745;0.037639;0.038151;0.037805;0.03809;0.03848;0.037964;0.037737;0.038584;0.037319;0.037605;0.038867;0.038332;0.038183;0.038025;0.038576;0.038596;0.037811;0.039174;0.038102;0.037539;0.038101;0.038163;0.037417;0.037483;0.038345;0.037502;0.037059;0.03851;0.037621;0.037785;0.037589;0.037831;0.038471;0.037296;0.037693;0.037337;0.038614;0.037968;0.037366;0.038;0.03789;0.038459;0.037993;0.037221;0.037421;0.039319;0.038376;0.037258;0.038096;0.03775;0.038839;0.038397;0.037672;0.037766;0.038459;0.037316;0.038151;0.037716;0.038308;0.037971;0.037366;0.037775;0.039342;0.037991;0.03791;0.038075;0.037644;0.037127;0.038069;0.037869;0.037907;0.038739;0.037975;0.039374;0.037595;0.038051;0.037036;0.038077;0.037491;0.03797;0.038836;0.038221;0.037375;0.037581;0.037919;0.037706;0.038116;0.038935;0.03803;0.038002;0.03843;0.037365;0.037341;0.037338;0.037722;0.038221;0.038171;0.037744;0.03721;0.038012;0.037674;0.039174;0.036956;0.037126;0.038071;0.037265;0.03845;0.037219;0.038525;0.037094;0.037894;0.037841;0.038201;0.03841;0.038583;0.037745;0.037665;0.037577;0.037717;0.037808;0.037884;0.036997;0.038059;0.038004;0.037949;0.03794;0.038296;0.037218;0.03792;0.039216;0.03794;0.037805;0.03775;0.037946;0.037852;0.037521;0.038012;0.03746;0.037825;0.039627;0.037078;0.038719;0.037702;0.037903;0.037534;0.03736;0.037587;0.038079;0.038297;0.038035;0.038499;0.037679;0.037528;0.037803;0.038214;0.037449;0.038161;0.038326;0.037938;0.038232;0.038076;0.037637;0.037669;0.037666;0.038038;0.038842;0.038007;0.03801;0.037825;0.038018;0.037347;0.03747;0.036768;0.037573;0.03882;0.037878;0.038305;0.03769;0.03779;0.038776;0.037368;0.038364;0.03812;0.037661;0.038795;0.03775;0.037306;0.037879;0.037664;0.038055;0.038783;0.03969;0.037811;0.037252;0.038551;0.037765;0.037795;0.037344;0.037886;0.037551;0.037799;0.037592;0.037716;0.038266;0.038207;0.037611;0.037342;0.037924;0.038219;0.037947;0.037897;0.038073;0.038467;0.037076;0.037764;0.037378;0.03968;0.038068;0.038097;0.037446;0.0377;0.037858;0.037637;0.037306;0.038182;0.037588;0.037162;0.038155;0.03847;0.037809;0.038805;0.038077;0.03815;0.037611;0.037323;0.037966;0.038155;0.038046;0.037417;0.039475;0.037624;0.038025;0.039642;0.037976;0.037405;0.037676;0.037666;0.038557;0.037596;0.037327;0.037835;0.038528;0.037835;0.037264;0.037796;0.03729;0.037857;0.038074;0.037854;0.037711;0.03789;0.037562;0.038266;0.037733;0.037837;0.037507;0.03814;0.039366;0.038314;0.038011;0.038113;0.037897;0.037484;0.038364;0.037876;0.037713;0.03857;0.037952;0.03795;0.037491;0.037515;0.037367;0.037505;0.037866;0.037746;0.038084;0.037664;0.037472;0.037952;0.037596;0.038203;0.038265;0.037669;0.037933;0.037305;0.038766;0.037907;0.03823;0.037727;0.038136;0.037436;0.037085;0.03737;0.038164;0.03806;0.037538;0.038933;0.038197;0.038348;0.03822;0.037842;0.037779;0.037949;0.037596;0.037706;0.038062;0.038405;0.037432;0.037836;0.039372;0.038188;0.037693;0.038403;0.038733;0.038188;0.037481;0.037846;0.038011;0.03793;0.037311;0.037756;0.037577;0.03857;0.038275;0.037498;0.038247;0.038049;0.038696;0.037745;0.03852;0.038698;0.038182;0.038465;0.038268;0.038385;0.039292;0.03791;0.03797;0.037904;0.037898;0.038874;0.038836;0.038187;0.037975;0.038104;0.038116;0.037985;0.03789;0.038375;0.037878;0.037032;0.038571;0.037392;0.037455;0.037717;0.037948;0.037348;0.037839;0.037411;0.038158;0.037362;0.039701;0.037613;0.038011;0.037734;0.038234;0.037599;0.038478;0.037934;0.038021;0.03713;0.037593;0.037343;0.038216;0.037324;0.037672;0.037399;0.037983;0.037782;0.037241;0.038146;0.038562;0.037191;0.03782;0.037869;0.038293;0.039475;0.037602;0.037759;0.038383;0.038599;0.038579;0.038664;0.037968;0.037253;0.037742;0.039567;0.038536;0.037714;0.037829;0.037913;0.038129;0.037768;0.037871;0.038198;0.038125;0.037948;0.037962;0.037423;0.037759;0.037594;0.037949;0.039499;0.037945;0.038584;0.038672;0.038826;0.037586;0.03824;0.037844;0.038585;0.037307;0.038122;0.037557;0.037908;0.037555;0.038439;0.0379;0.037462;0.037179;0.037419;0.037907;0.037545;0.03776;0.037536;0.037714;0.037769;0.037415;0.039444;0.03811;0.038189;0.039039;0.038599;0.038732;0.03757;0.037968;0.038194;0.037898;0.038156;0.037924;0.037582;0.038533;0.037586;0.037989;0.038086;0.038378;0.038569;0.036965;0.037525;0.037597;0.037768;0.03755;0.038094;0.039271;0.038063;0.037802;0.038475;0.038381;0.03847;0.036884;0.037364;0.037947;0.037833;0.037279;0.038021;0.037785;0.037605;0.037688;0.039013;0.037692;0.037884;0.037836;0.038437;0.037731;0.037639;0.037783;0.037637;0.037318;0.037414;0.039043;0.038418;0.03782;0.036758;0.037373;0.03777;0.038144;0.037373;0.037547;0.037377;0.037857;0.03745;0.037161;0.037895;0.037255;0.037299;0.038773;0.037398;0.038144;0.038366;0.038527;0.037513;0.038212;0.037196;0.036912;0.038646;0.039152;0.03796;0.037957;0.038458;0.037845;0.038386;0.037533;0.039081;0.038467;0.038124;0.037579;0.038115;0.037824;0.037468;0.037657;0.037906;0.037643;0.039318;0.038287;0.038036;0.037677;0.037085;0.037269;0.037845;0.038232;0.037926;0.03864;0.037933;0.037564;0.038135;0.037541;0.0375;0.038083;0.037988;0.037805;0.038105;0.037579;0.03792;0.037729;0.037951;0.037271;0.037567;0.038066;0.03765;0.037807;0.038699;0.037516;0.038038;0.037163;0.038404;0.038073;0.039346;0.037506;0.037297;0.038088;0.038244;0.037807;0.037967;0.038369;0.038442;0.037605;0.037967;0.038467;0.038521;0.038335;0.038534;0.038058;0.037816;0.037658;0.038457;0.037147;0.038407;0.039374;0.038394;0.037932;0.037323;0.037394;0.038555;0.037313;0.037982;0.037933;0.037612;0.037807;0.037887;0.038592;0.038553;0.038243;0.03835;0.038329;0.038575;0.037773;0.038697;0.038214;0.037994;0.037414;0.038317;0.038206;0.03799;0.038207;0.037794;0.038894;0.038117;0.037143;0.039114;0.038146;0.038221;0.037965;0.037897;0.037829;0.038189;0.038171;0.03796;0.038312;0.038166;0.037546;0.037884;0.038042;0.037696;0.038413;0.037216;0.037901;0.038302;0.037112;0.037836;0.03792;0.037639;0.037671;0.037842;0.039709;0.038007;0.037584;0.037833;0.038285;0.037604;0.037384;0.03807;0.038329;0.038088;0.03757;0.038139;0.037276;0.037812;0.037705;0.037967;0.037788;0.038079;0.037472;0.037925;0.037958;0.037784;0.038012;0.037572;0.037927;0.03843;0.03909;0.038499;0.039602;0.037783;0.038423;0.037693;0.03788;0.037694;0.037401;0.037358;0.037159;0.037668;0.037789;0.037801;0.037417;0.037693;0.037495;0.037607;0.038368;0.037813;0.038199;0.037859;0.037057;0.037607;0.038072;0.03836;0.038177;0.037728;0.037546;0.038439;0.038029;0.037856;0.037656;0.037106;0.038023;0.037757;0.037847;0.037795;0.037943;0.037824;0.037589;0.038321;0.037994;0.037593;0.037809;0.037818;0.038546;0.037895;0.037852;0.037964;0.03819;0.038381;0.039395;0.038442;0.036971;0.038019;0.038019;0.038117;0.03946;0.038609;0.03807;0.037818;0.037381;0.037926;0.037527;0.037724;0.037741;0.038357;0.037974;0.037449;0.037836;0.037314;0.03727;0.037644;0.037994;0.038021;0.038313;0.040162;0.038527;0.038429;0.03871;0.037857;0.03749;0.038356;0.037853;0.037817;0.037445;0.037368;0.037395;0.037582;0.037318;0.037447;0.038028;0.038046;0.037072;0.037666;0.037772;0.037913;0.037869;0.037339;0.03723;0.038187;0.037681;0.039594;0.037788;0.037837;0.038164;0.038439;0.038395;0.037826;0.038954;0.039207;0.038049;0.03944;0.037811;0.037649;0.038843;0.037775;0.037981;0.037551;0.037036;0.037787;0.038148;0.038083;0.037277;0.038321;0.037797;0.037928;0.037688;0.038989;0.038202;0.038013;0.037486;0.037254;0.03788;0.037411;0.037749;0.03886;0.037618;0.037946;0.038899;0.037837;0.037759;0.037532;0.037362;0.037988;0.038107;0.037966;0.037806;0.038022;0.03819;0.038;0.037804;0.037925;0.040088;0.037879;0.037534;0.037611;0.037746;0.038109;0.037645;0.038052;0.038191;0.038324;0.038263;0.037507;0.038121;0.038098;0.039065;0.039267;0.03787;0.037585;0.037738;0.037733;0.03761;0.03726;0.037398;0.037895;0.037897;0.037913;0.038992;0.037768;0.037459;0.037444;0.037371;0.037893;0.037645;0.039198;0.037693;0.038389;0.037881;0.038147;0.037363;0.038193;0.037442;0.038183;0.040269;0.038234;0.037914;0.03797;0.038342;0.037463;0.037622;0.037925;0.037653;0.037691;0.038736;0.037958;0.037244;0.037675;0.037641;0.037475;0.038273;0.038421;0.037484;0.037832;0.038393;0.037764;0.037962;0.037878;0.037691;0.037916;0.037254;0.038487;0.037964;0.037091;0.037788;0.036872;0.038098;0.037994;0.038164;0.038255;0.039076;0.038831;0.038019;0.037827;0.037938;0.03763;0.03757;0.038133;0.03759;0.037325;0.037588;0.037835;0.037883;0.03857;0.038035;0.037734;0.038489;0.038866;0.038765;0.039533;0.03914;0.038054;0.03798;0.037919;0.037749;0.039589;0.038125;0.037788;0.036956;0.037768;0.038078;0.037543;0.037895;0.037882;0.038088;0.038043;0.037854;0.037738;0.037145;0.037807;0.038103;0.037741;0.038054;0.038219;0.037905;0.038037;0.038149;0.037962;0.037972;0.038382;0.037904;0.042418;0.037697;0.038003;0.038345;0.03762;0.038114;0.03789;0.038134;0.038019;0.037862;0.038331;0.03791;0.038323;0.038229;0.037209;0.038092;0.038583;0.038378;0.038195;0.037831;0.038372;0.038656;0.037902;0.037722;0.039932;0.03923;0.037687;0.038035;0.037778;0.037607;0.038481;0.037676;0.038067;0.038134;0.038012;0.03806;0.038546;0.037766;0.038221;0.038018;0.038031;0.038205;0.03817;0.038248;0.037616;0.038107;0.038167;0.038936;0.039411;0.039167;0.038152;0.039789;0.037481;0.038248;0.037199;0.037757;0.037653;0.038311;0.037769;0.037541;0.038158;0.037629;0.038159;0.037632;0.03842;0.038009;0.037763;0.037513;0.037546;0.037964;0.037583;0.038248;0.038778;0.038324;0.037702;0.038418;0.038268;0.039657;0.038864;0.037446;0.037424;0.037893;0.038081;0.038183;0.038186;0.0378;0.038538;0.037176;0.037873;0.037452;0.037444;0.038213;0.037361;0.037745;0.0374;0.03794;0.037849;0.037421;0.038515;0.037435;0.037535;0.037982;0.039729;0.037318;0.037675;0.037759;0.038063;0.038998;0.038399;0.037541;0.037199;0.038567;0.038783;0.038084;0.037875;0.038589;0.038861;0.038071;0.038084;0.038271;0.03774;0.0374;0.038347;0.037349;0.037538;0.037827;0.038343;0.037738;0.04065;0.038111;0.03813;0.037727;0.037356;0.038968;0.037908;0.038018;0.038156;0.037461;0.037895;0.037454;0.037991;0.038074;0.037713;0.038265;0.038643;0.037961;0.038119;0.037659;0.037596;0.03826;0.0384;0.0373;0.038417;0.03742;0.03868;0.038192;0.038328;0.0382;0.038599;0.037937;0.038163;0.039051;0.037568;0.038058;0.038216;0.037813;0.038022;0.037108;0.03828;0.038288;0.037822;0.037372;0.037558;0.038012;0.03869;0.037848;0.03774;0.03752;0.037502;0.038924;0.037395;0.037604;0.037915;0.037703;0.037699;0.037994;0.037948;0.037888;0.039377;0.039129;0.038111;0.037933;0.037367;0.037709;0.038191;0.03808;0.038328;0.03822;0.037275;0.037698;0.038046;0.037539;0.037889;0.037823;0.038291;0.03859;0.037948;0.037972;0.037551;0.037831;0.037955;0.037161;0.037629;0.037635;0.037422;0.037139;0.038344;0.038339;0.037654;0.038042;0.038176;0.038027;0.038187;0.037736;0.037503;0.038001;0.03843;0.037583;0.038272;0.037836;0.037936;0.038369;0.03763;0.038163;0.038279;0.037985;0.038051;0.037158;0.038324;0.038892;0.037668;0.038561;0.037319;0.037703;0.038893;0.037659;0.037723;0.038041;0.037574;0.03748;0.038298;0.037902;0.038208;0.038319;0.037968;0.03736;0.038041;0.039497;0.037552;0.038355;0.037996;0.037903;0.037784;0.038408;0.038134;0.037776;0.03787;0.037363;0.038456;0.038201;0.037459;0.039791;0.037995;0.038126;0.038338;0.03806;0.037677;0.037703;0.037827;0.037927;0.03834;0.03789;0.039638;0.038387;0.038251;0.03879;0.038195;0.038165;0.037838;0.037983;0.037693;0.038057;0.037604;0.037683;0.038638;0.037421;0.038196;0.037237;0.039546;0.037572;0.037882;0.038201;0.037542;0.038413;0.037619;0.037805;0.03769;0.03803;0.038959;0.037905;0.037616;0.03806;0.038202;0.037606;0.037631;0.037736;0.037427;0.037381;0.03824;0.037798;0.037111;0.038063;0.037844;0.037482;0.037872;0.038201;0.037118;0.037498;0.03857;0.037773;0.038296;0.037686;0.037497;0.037725;0.038932;0.038328;0.03835;0.038158;0.038298;0.037878;0.037645;0.037132;0.037332;0.038186;0.037543;0.038085;0.037159;0.037566;0.037856;0.037243;0.037537;0.03799;0.038375;0.0392;0.038228;0.037687;0.037722;0.038452;0.038059;0.038955;0.038066;0.037683;0.03787;0.038206;0.037354;0.037866;0.037636;0.038383;0.037593;0.037625;0.037861;0.038326;0.037919;0.037687;0.037948;0.038342;0.037961;0.037081;0.038488;0.037927;0.0386;0.03742;0.037798;0.037754;0.037595;0.039227;0.037744;0.038001;0.037296;0.037419;0.038042;0.037707;0.037564;0.037519;0.037209;0.038046;0.03768;0.0375;0.03837;0.037999;0.038092;0.038037;0.038141;0.037646;0.037509;0.037877;0.038234;0.037912;0.037856;0.038204;0.038138;0.038503;0.038089;0.037803;0.038236;0.038135;0.038233;0.037729;0.037531;0.037497;0.037798;0.037854;0.037466;0.037809;0.037941;0.037716;0.037397;0.038089;0.037666;0.037825;0.038235;0.037285;0.037327;0.036956;0.038077;0.038995;0.038552;0.039408;0.038577;0.038494;0.03809;0.037444;0.036917;0.037744;0.037729;0.037753;0.03785;0.037609;0.037693;0.037488;0.037978;0.038186;0.037757;0.037783;0.037992;0.037393;0.037514;0.03832;0.038183;0.03714;0.036871;0.037737;0.03973;0.037717;0.037861;0.038803;0.038366;0.038204;0.03795;0.038397;0.038352;0.038528;0.037746;0.037685;0.037775;0.038467;0.039009;0.038202;0.038787;0.038553;0.038742;0.038937;0.038335;0.038377;0.037557;0.038256;0.037928;0.037258;0.039894;0.037671;0.038904;0.038694;0.038544;0.038728;0.039119;0.038957;0.038553;0.038769;0.038761;0.038463;0.038844;0.03894;0.038871;0.038537;0.038134;0.038672;0.038127;0.037252;0.038128;0.037937;0.037644;0.03762;0.038386;0.039476;0.037677;0.038981;0.038747;0.03776;0.037685;0.037551;0.038538;0.037612;0.038046;0.037492;0.037809;0.03751;0.03756;0.037439;0.03777;0.037273;0.037671;0.037312;0.037814;0.038286;0.037786;0.037602;0.038182;0.037751;0.037374;0.039799;0.038137;0.037728;0.039332;0.03826;0.039007;0.038325;0.038058;0.03746;0.037978;0.037982;0.038263;0.037649;0.037943;0.03812;0.037403;0.037898;0.038132;0.037733;0.037542;0.037593;0.037426;0.038305;0.037287;0.037944;0.037647;0.038657;0.03851;0.038906;0.038879;0.038944;0.039526;0.037267;0.036746;0.037604;0.037775;0.038304;0.037516;0.038304;0.037528;0.037745;0.037674;0.03787;0.037625;0.037733;0.03797;0.038495;0.038331;0.037023;0.038016;0.037539;0.039546;0.038101;0.038582;0.038174;0.038561;0.038317;0.038041;0.040524;0.038495;0.038184;0.038685;0.037847;0.038242;0.03821;0.037377;0.037867;0.037821;0.03854;0.037719;0.038167;0.03774;0.037431;0.038358;0.038009;0.037578;0.037916;0.039178;0.038933;0.038898;0.038039;0.038688;0.038561;0.038159;0.039;0.038909;0.039457;0.037654;0.03839;0.037755;0.038095;0.037909;0.039296;0.038027;0.037824;0.037422;0.037903;0.038163;0.037484;0.037574;0.038186;0.037394;0.03847;0.038377;0.037566;0.037756;0.03907;0.038713;0.038442;0.038546;0.038285;0.038273;0.038129;0.037973;0.038049;0.038256;0.038326;0.037851;0.037577;0.038974;0.038577;0.038104;0.038083;0.038175;0.037348;0.038194;0.037697;0.0374;0.038969;0.038076;0.03811;0.038421;0.038473;0.03875;0.038891;0.038355;0.037415;0.03786;0.038029;0.037918;0.037823;0.038026;0.037989;0.038699;0.037835;0.038034;0.038646;0.03777;0.037718;0.038048;0.037687;0.0377;0.038083;0.038416;0.039916;0.038618;0.03881;0.038594;0.038081;0.039292;0.038745;0.038141;0.037976;0.037978;0.037225;0.037867;0.037964;0.037952;0.037258;0.037128;0.038002;0.037172;0.037187;0.038544;0.037779;0.038426;0.037682;0.03775;0.037879;0.039354;0.037205;0.037792;0.038242;0.037984;0.037247;0.038032;0.037666;0.03787;0.037541;0.037301;0.037659;0.037702;0.037968;0.038219;0.038396;0.038094;0.037594;0.037861;0.037652;0.037609;0.037702;0.037115;0.038196;0.038109;0.037972;0.039515;0.040114;0.038699;0.038354;0.038816;0.038552;0.037826;0.038048;0.037472;0.037562;0.037748;0.037571;0.038813;0.038357;0.038171;0.038498;0.037926;0.037431;0.038547;0.0373;0.037377;0.038221;0.038392;0.037883;0.037985;0.037623;0.038522;0.037635;0.039015;0.039214;0.038118;0.038656;0.038323;0.038115;0.037962;0.037894;0.037992;0.037406;0.038215;0.037223;0.037944;0.037387;0.037053;0.037692;0.03802;0.037368;0.038276;0.037415;0.038212;0.03795;0.038255;0.038876;0.037539;0.039344;0.038447;0.038527;0.039171;0.038396;0.037977;0.038082;0.037456;0.037497;0.037351;0.037868;0.038129;0.037275;0.037214;0.038146;0.037512;0.038326;0.038121;0.037499;0.038012;0.037533;0.03787;0.03719;0.03823;0.038684;0.037412;0.03791;0.037797;0.038623;0.038093;0.039777;0.037802;0.03755;0.037602;0.037308;0.038279;0.03737;0.037577;0.037818;0.037762;0.037414;0.037567;0.037503;0.037425;0.037364;0.037044;0.037895;0.037303;0.037625;0.03739;0.038795;0.037991;0.039175;0.038446;0.038495;0.037856;0.037494;0.038709;0.037642;0.037657;0.03788;0.037329;0.038104;0.037992;0.03739;0.037442;0.038565;0.038268;0.036898;0.037472;0.037696;0.036951;0.037465;0.037223;0.038431;0.037519;0.039899;0.039025;0.03823;0.038363;0.038569;0.038034;0.038678;0.037762;0.037743;0.038885;0.037594;0.037517;0.038533;0.037177;0.038348;0.037827;0.037822;0.037441;0.037587;0.037704;0.037718;0.037504;0.037989;0.038306;0.037768;0.038678;0.037611;0.038781;0.038844;0.038467;0.039075;0.038021;0.038113;0.037431;0.038052;0.037695;0.03859;0.038429;0.03796;0.037661;0.037579;0.037794;0.03798;0.03749;0.03779;0.037818;0.03798;0.03752;0.038156;0.037803;0.037274;0.039441;0.037942;0.03773;0.038229;0.038714;0.037801;0.038589;0.038926;0.037623;0.037852;0.037971;0.038019;0.038958;0.037877;0.038015;0.037232;0.038064;0.038513;0.036947;0.037777;0.037725;0.038224;0.037367;0.037233;0.03824;0.037885;0.039481;0.039305;0.038727;0.038278;0.038072;0.037796;0.038438;0.038341;0.037988;0.03708;0.038258;0.038325;0.038583;0.03887;0.038008;0.038022;0.03775;0.038237;0.037926;0.038306;0.037704;0.037978;0.037348;0.038178;0.037832;0.038414;0.038162;0.039036;0.039098;0.038382;0.038689;0.038949;0.037766;0.037481;0.037977;0.037472;0.037452;0.037985;0.038287;0.038236;0.040119;0.038206;0.037878;0.03759;0.038402;0.037781;0.037945;0.03778;0.03741;0.038505;0.03884;0.039596;0.038414;0.038677;0.03808;0.038347;0.03831;0.038282;0.038086;0.03765;0.037846;0.037452;0.038281;0.038041;0.037761;0.037701;0.03749;0.039063;0.037772;0.038048;0.038557;0.037336;0.037715;0.037614;0.038111;0.037474;0.039114;0.03723;0.038164;0.037999;0.038648;0.038878;0.038325;0.038453;0.037794;0.038018;0.037743;0.037699;0.037794;0.038668;0.037139;0.0375;0.03769;0.037808;0.037825;0.038775;0.038484;0.038126;0.038279;0.037819;0.038077;0.03769;0.038654;0.037636;0.037597;0.037321;0.037824;0.03827;0.037245;0.037744;0.037829;0.03729;0.037609;0.037468;0.037673;0.037723;0.037827;0.037584;0.038732;0.03778;0.037823;0.037472;0.038293;0.03751;0.037365;0.036903;0.037317;0.036898;0.038735;0.038842;0.038376;0.038991;0.038724;0.038184;0.038363;0.038169;0.037959;0.037858;0.038517;0.038427;0.038325;0.038324;0.037713;0.037576;0.03796;0.037962;0.037765;0.037674;0.037886;0.037177;0.039071;0.038867;0.037963;0.03999;0.038257;0.037941;0.037731;0.038656;0.038974;0.038909;0.038152;0.037883;0.037713;0.038216;0.037737;0.037312;0.037478;0.038585;0.037783;0.038341;0.037943;0.037746;0.037235;0.037928;0.03734;0.037524;0.037526;0.037588;0.038781;0.038838;0.038201;0.038584;0.038354;0.038588;0.037807;0.037435;0.037395;0.037849;0.037156;0.037779;0.037693;0.037026;0.037853;0.037518;0.038188;0.038453;0.038167;0.037938;0.037807;0.03817;0.037703;0.037568;0.037718;0.037962;0.037726;0.03943;0.039787;0.037888;0.038434;0.038208;0.039118;0.038747;0.038135;0.037788;0.037579;0.03767;0.037959;0.037719;0.036968;0.038299;0.037733;0.038116;0.037656;0.037104;0.038002;0.037813;0.038352;0.038092;0.037747;0.038089;0.037817;0.039254;0.039086;0.040238;0.038923;0.038545;0.037784;0.037976;0.037838;0.038436;0.038089;0.037915;0.038257;0.037975;0.037768;0.037861;0.037772;0.037821;0.038165;0.037574;0.037736;0.037064;0.038106;0.038089;0.038073;0.03761;0.038775;0.037377;0.038426;0.038317;0.040381;0.038314;0.038567;0.038189;0.037994;0.03731;0.03782;0.037761;0.038367;0.037795;0.037132;0.037161;0.037271;0.037768;0.037694;0.037817;0.037566;0.037434;0.038157;0.037761;0.037494;0.037707;0.039061;0.037503;0.038302;0.03834;0.038964;0.039742;0.0381;0.038866;0.03852;0.038141;0.037843;0.037504;0.038082;0.03775;0.038317;0.037454;0.037424;0.037291;0.038388;0.037903;0.037911;0.038824;0.036823;0.037703;0.037898;0.03746;0.0378;0.03847;0.038743;0.038101;0.037651;0.037859;0.038649;0.037719;0.038307;0.037714;0.03817;0.037729;0.037517;0.037799;0.037743;0.03705;0.038091;0.037382;0.037586;0.038026;0.037375;0.037779;0.037737;0.037922;0.037295;0.03867;0.038208;0.038904;0.038512;0.038511;0.037792;0.037787;0.037795;0.038348;0.039287;0.038556;0.038202;0.039278;0.039111;0.038155;0.038677;0.038855;0.038645;0.037803;0.038372;0.037664;0.037661;0.038391;0.037879;0.037988;0.037805;0.039289;0.037998;0.038471;0.038633;0.039272;0.038372;0.038119;0.038402;0.038121;0.037501;0.039558;0.037752;0.038248;0.037545;0.037585;0.038227;0.038217;0.037609;0.038207;0.038447;0.03838;0.038091;0.03782;0.037861;0.03762;0.040216;0.038267;0.038104;0.039092;0.038855;0.038539;0.038726;0.038491;0.037904;0.038376;0.039231;0.038182;0.038696;0.037396;0.037643;0.038195;0.037336;0.037559;0.037538;0.037761;0.037626;0.037467;0.037452;0.037643;0.037391;0.037839;0.039066;0.037698;0.037554;0.039107;0.038284;0.03876;0.038239;0.038169;0.038635;0.037854;0.038416;0.037889;0.037736;0.03709;0.038613;0.037729;0.037275;0.037494;0.038237;0.038045;0.037986;0.037282;0.03773;0.037532;0.038072;0.037026;0.039005;0.038519;0.038833;0.039194;0.038376;0.037628;0.037333;0.038451;0.038479;0.037886;0.037213;0.038175;0.037647;0.037336;0.038632;0.037242;0.037677;0.037894;0.03762;0.037602;0.037472;0.038171;0.037473;0.037726;0.03789;0.039494;0.037896;0.038651;0.039243;0.03884;0.038238;0.038564;0.038677;0.038543;0.037097;0.037671;0.036911;0.038159;0.037722;0.037676;0.037876;0.037433;0.037993;0.038181;0.037953;0.037524;0.038034;0.038431;0.037688;0.038029;0.037928;0.039131;0.037576;0.038582;0.038998;0.038267;0.039017;0.038825;0.038338;0.037358;0.038178;0.037479;0.038713;0.038916;0.037715;0.038271;0.039067;0.037944;0.03774;0.038807;0.039643;0.038048;0.03757;0.038745;0.038565;0.038908;0.040697;0.038725;0.0388;0.038705;0.039035;0.038791;0.038791;0.037942;0.038665;0.03813;0.037665;0.038613;0.038346;0.038215;0.038466;0.038693;0.038217;0.037731;0.038405;0.03831;0.038121;0.038927;0.037788;0.037581;0.037762;0.038705;0.038763;0.038823;0.039538;0.038474;0.038444;0.03838;0.038603;0.038126;0.039217;0.038258;0.039255;0.038192;0.03854;0.038289;0.037905;0.038115;0.03808;0.037438;0.03752;0.037501;0.037143;0.038061;0.038829;0.037629;0.037826;0.039557;0.037909;0.038864;0.038796;0.038298;0.038716;0.038162;0.038922;0.037387;0.038164;0.037747;0.039533;0.038349;0.038345;0.037966;0.037564;0.037692;0.037753;0.038344;0.037497;0.037504;0.038044;0.037158;0.037423;0.038142;0.038131;0.038292;0.037655;0.038338;0.038801;0.038073;0.037545;0.037804;0.037997;0.038032;0.037994;0.038335;0.037334;0.037437;0.037672;0.038384;0.038579;0.03772;0.037103;0.037944;0.037543;0.038012;0.037459;0.038293;0.037691;0.037518;0.038125;0.041926;0.038055;0.037856;0.038245;0.038408;0.039259;0.037807;0.038718;0.038714;0.037802;0.038431;0.038035;0.03775;0.037906;0.037574;0.037772;0.03773;0.038371;0.037234;0.037929;0.037449;0.037636;0.037806;0.038334;0.037667;0.038865;0.038114;0.040196;0.03828;0.038749;0.038304;0.038703;0.037836;0.03837;0.038491;0.038916;0.038165;0.038783;0.038638;0.039214;0.037645;0.037394;0.037409;0.037581;0.037544;0.037773;0.038327;0.037975;0.038054;0.037462;0.037918;0.038866;0.038255;0.03844;0.03766;0.038478;0.038322;0.038477;0.03773;0.037351;0.038217;0.037002;0.038069;0.037475;0.037909;0.037544;0.037555;0.037453;0.037459;0.037905;0.038109;0.038348;0.037939;0.038103;0.03718;0.037045;0.038942;0.038487;0.037993;0.037971;0.038332;0.038892;0.038233;0.037825;0.037328;0.037904;0.038064;0.038054;0.037305;0.03798;0.038627;0.038847;0.038281;0.03854;0.038866;0.038083;0.037375;0.037729;0.038389;0.037847;0.037299;0.037847;0.039026;0.03815;0.037172;0.037862;0.038;0.038381;0.039133;0.037863;0.038;0.037407;0.037915;0.037412;0.037591;0.037537;0.037799;0.037866;0.03788;0.037921;0.037772;0.037815;0.03814;0.037775;0.037401;0.038111;0.038113;0.037706;0.038866;0.038804;0.038788;0.038212;0.038273;0.039184;0.038345;0.039211;0.039455;0.037114;0.037807;0.038287;0.037076;0.03795;0.037883;0.037605;0.037584;0.037872;0.037717;0.037972;0.037279;0.038575;0.037447;0.038068;0.037971;0.038097;0.03756;0.038577;0.038712;0.038215;0.038782;0.037831;0.037152;0.037366;0.037664;0.038852;0.037383;0.037596;0.038421;0.037854;0.03828;0.037739;0.037994;0.037698;0.03781;0.037823;0.037152;0.037521;0.037516;0.038048;0.03749;0.039741;0.037524;0.037726;0.037587;0.037731;0.037541;0.037957;0.038435;0.037822;0.037654;0.037753;0.0386;0.03819;0.037722;0.038106;0.037128;0.037513;0.038184;0.038459;0.037974;0.03777;0.037577;0.03797;0.038069;0.038172;0.037772;0.04188;0.038355;0.038181;0.038545;0.03814;0.038364;0.038002;0.038397;0.038187;0.037404;0.038103;0.037495;0.037416;0.038854;0.037053;0.037727;0.038285;0.037901;0.038433;0.037649;0.038761;0.037126;0.038294;0.03842;0.037679;0.039055;0.037515;0.038736;0.038113;0.038384;0.038752;0.03773;0.037671;0.037643;0.037486;0.038046;0.038189;0.036964;0.037374;0.037234;0.038963;0.037334;0.037861;0.03805;0.037303;0.038489;0.038319;0.038042;0.037854;0.037637;0.038024;0.03921;0.037541;0.038705;0.038102;0.038683;0.03835;0.038884;0.03835;0.038124;0.037506;0.036944;0.037917;0.037601;0.037933;0.037746;0.037821;0.039576;0.038265;0.038584;0.039102;0.038818;0.039445;0.039048;0.039169;0.038514;0.037919;0.039914;0.039018;0.038779;0.038008;0.037904;0.038769;0.037641;0.037544;0.03771;0.037879;0.038437;0.037865;0.038302;0.038312;0.038285;0.038104;0.037711;0.037991;0.039439;0.037466;0.037991;0.037677;0.0378;0.038296;0.037259;0.038681;0.038255;0.039227;0.038208;0.038748;0.038257;0.038625;0.038689;0.039464;0.038999;0.038013;0.038596;0.038815;0.038786;0.038868;0.038869;0.038377;0.038126;0.039298;0.03928;0.037594;0.037789;0.037029;0.037577;0.037862;0.037929;0.03839;0.03851;0.038135;0.038775;0.038441;0.038418;0.038268;0.039069;0.038189;0.037869;0.038387;0.039121;0.03888;0.038219;0.038173;0.03771;0.03786;0.037841;0.038563;0.038786;0.038441;0.039049;0.03804;0.038478;0.037853;0.039225;0.03823;0.038287;0.038555;0.038447;0.039044;0.038688;0.039391;0.037933;0.037307;0.038545;0.038362;0.038365;0.037509;0.037987;0.037822;0.038025;0.038612;0.037867;0.038648;0.038118;0.037644;0.037579;0.039015;0.037389;0.037663;0.038586;0.037688;0.03896;0.039088;0.039054;0.038332;0.038392;0.037874;0.037703;0.037884;0.038022;0.037839;0.037856;0.037227;0.038071;0.038044;0.037575;0.037479;0.037708;0.038699;0.037826;0.037157;0.038213;0.037935;0.039136;0.039103;0.038732;0.038609;0.038304;0.038729;0.039156;0.039242;0.038524;0.038396;0.03776;0.038141;0.038076;0.038047;0.038189;0.037427;0.037494;0.038035;0.038112;0.038428;0.037215;0.037561;0.037843;0.037624;0.037859;0.037701;0.038264;0.039914;0.038535;0.038502;0.03865;0.038612;0.038757;0.038211;0.03906;0.038799;0.038876;0.038274;0.038146;0.038708;0.038367;0.038608;0.038382;0.038619;0.037421;0.037291;0.037629;0.037655;0.038124;0.037413;0.037666;0.037572;0.03895;0.038154;0.039106;0.038569;0.038578;0.038225;0.037927;0.038595;0.037469;0.037915;0.037113;0.037952;0.038358;0.036873;0.038228;0.037431;0.037935;0.037855;0.037721;0.038215;0.037405;0.037824;0.037827;0.03752;0.037891;0.037767;0.039353;0.038412;0.038268;0.039515;0.038446;0.038687;0.038762;0.039191;0.038542;0.038236;0.038782;0.038838;0.038734;0.038333;0.038527;0.039625;0.039062;0.038227;0.038282;0.038626;0.038816;0.038344;0.037749;0.038059;0.038059;0.038475;0.037672;0.038438;0.039085;0.038182;0.039585;0.037864;0.037961;0.037922;0.037673;0.038083;0.03748;0.037989;0.036929;0.037237;0.037616;0.038584;0.037906;0.037859;0.037903;0.038021;0.037506;0.037345;0.037305;0.037721;0.038063;0.038671;0.038691;0.039354;0.038544;0.038569;0.038843;0.039316;0.038754;0.038735;0.038189;0.037189;0.038062;0.038112;0.037933;0.037563;0.038154;0.038054;0.037668;0.038558;0.038849;0.039336;0.038888;0.038534;0.038413;0.037756;0.038818;0.038363;0.038799;0.038897;0.03816;0.038841;0.037902;0.038118;0.039061;0.038055;0.037838;0.038118;0.037085;0.037736;0.037775;0.038769;0.038186;0.038094;0.038299;0.038231;0.038027;0.037939;0.037863;0.037733;0.037169;0.03798;0.038976;0.037414;0.038282;0.038889;0.037867;0.038331;0.03841;0.038101;0.037921;0.038447;0.038754;0.037451;0.038092;0.037939;0.038266;0.037746;0.03827;0.038177;0.037392;0.038273;0.037041;0.036918;0.037908;0.03817;0.037283;0.037524;0.044554;0.037763;0.038077;0.037896;0.038387;0.037883;0.037912;0.037549;0.037329;0.037809;0.038822;0.037911;0.037635;0.03732;0.037751;0.037316;0.037532;0.038081;0.037686;0.037682;0.03841;0.037061;0.037787;0.037886;0.037731;0.038998;0.037485;0.037858;0.037782;0.037996;0.037932;0.03756;0.037333;0.037771;0.037701;0.037301;0.037412;0.037803;0.038924;0.037397;0.038122;0.03786;0.037612;0.037786;0.037837;0.037725;0.037651;0.037963;0.037467;0.038171;0.037621;0.038723;0.037839;0.038165;0.038495;0.038224;0.037972;0.038119;0.038317;0.038213;0.037596;0.0379;0.037111;0.0375;0.038425;0.038975;0.037704;0.037753;0.0373;0.037246;0.038384;0.038341;0.03755;0.037107;0.037737;0.038022;0.037844;0.038607;0.038095;0.03839;0.0382;0.038941;0.037662;0.037497;0.037614;0.038559;0.038369;0.037675;0.037349;0.037753;0.037984;0.038516;0.037895;0.037485;0.037573;0.037979;0.037734;0.038301;0.037544;0.03778;0.037484;0.037022;0.03808;0.03923;0.038382;0.03802;0.038185;0.038193;0.03904;0.039081;0.038655;0.037972;0.037237;0.038202;0.037735;0.037435;0.038426;0.037568;0.037464;0.038461;0.037107;0.039196;0.037938;0.037576;0.037844;0.03742;0.037935;0.038204;0.039548;0.03768;0.038313;0.039119;0.037663;0.038822;0.03893;0.03766;0.037328;0.037751;0.037509;0.037998;0.037496;0.037372;0.038184;0.038154;0.03751;0.03762;0.038112;0.038017;0.037334;0.039049;0.03798;0.038307;0.037604;0.037659;0.039185;0.038372;0.038347;0.037925;0.038748;0.038242;0.038434;0.037893;0.038363;0.037574;0.038169;0.038105;0.037869;0.037487;0.038015;0.038239;0.037432;0.038167;0.037772;0.038493;0.037989;0.038148;0.038351;0.038097;0.038985;0.039472;0.038096;0.038493;0.038614;0.03881;0.038465;0.0387;0.037949;0.037587;0.037996;0.037999;0.03836;0.038422;0.037681;0.037608;0.038376;0.038657;0.037387;0.038127;0.038279;0.037521;0.038081;0.038378;0.03792;0.037356;0.038388;0.039763;0.039446;0.038375;0.038519;0.038128;0.038475;0.038351;0.038609;0.038389;0.038256;0.037579;0.037918;0.03791;0.037705;0.037993;0.038024;0.0374;0.037836;0.037401;0.037883;0.038057;0.037376;0.038365;0.037894;0.03782;0.037707;0.038809;0.03791;0.038309;0.038186;0.038005;0.037438;0.037233;0.038539;0.03728;0.038057;0.036865;0.037435;0.037563;0.03809;0.037313;0.038016;0.03761;0.037462;0.038156;0.037711;0.037111;0.037457;0.037621;0.038072;0.038203;0.038932;0.038274;0.03873;0.038833;0.03807;0.038201;0.038701;0.037566;0.038161;0.037552;0.037413;0.038229;0.037712;0.037752;0.03867;0.038291;0.037515;0.037205;0.038338;0.037215;0.037961;0.036898;0.037635;0.037326;0.037557;0.037599;0.039179;0.037811;0.037717;0.038288;0.038266;0.038501;0.039513;0.038031;0.03772;0.038071;0.0379;0.037083;0.038358;0.038019;0.037848;0.037705;0.037529;0.037985;0.038368;0.037602;0.037628;0.037935;0.037661;0.037987;0.037479;0.037704;0.039821;0.038113;0.03772;0.03808;0.038049;0.038122;0.037641;0.037565;0.039662;0.037503;0.037857;0.037372;0.038433;0.037974;0.037696;0.03798;0.037627;0.038013;0.037711;0.038039;0.038262;0.037812;0.038449;0.037293;0.037461;0.037322;0.038891;0.038362;0.037242;0.036973;0.037499;0.037599;0.037956;0.037393;0.037358;0.037863;0.038701;0.037924;0.038051;0.038805;0.038461;0.038288;0.037756;0.03858;0.038881;0.038733;0.038771;0.038516;0.037178;0.037452;0.037662;0.039578;0.038468;0.038066;0.03853;0.038366;0.038011;0.037175;0.037848;0.037866;0.037558;0.037886;0.037434;0.038013;0.037599;0.03717;0.038305;0.037304;0.037949;0.038341;0.03791;0.03817;0.038346;0.038127;0.037752;0.037618;0.037997;0.03909;0.038657;0.03808;0.038901;0.037637;0.038828;0.038724;0.038361;0.0382;0.037675;0.037867;0.037236;0.037649;0.038853;0.037653;0.037324;0.037765;0.037104;0.037965;0.037856;0.03728;0.037105;0.037281;0.037748;0.037933;0.037531;0.041261;0.038667;0.037767;0.038118;0.039278;0.038015;0.037188;0.038062;0.038394;0.03796;0.038317;0.038232;0.037215;0.037246;0.039269;0.037428;0.0385;0.03791;0.038418;0.037137;0.037329;0.037434;0.037929;0.038022;0.038402;0.038748;0.038077;0.038305;0.037834;0.037941;0.037834;0.038305;0.037386;0.037176;0.037338;0.038136;0.03786;0.037873;0.0382;0.036885;0.038015;0.037724;0.03921;0.037946;0.037937;0.037956;0.037476;0.037639;0.037607;0.037385;0.037144;0.038628;0.038366;0.038782;0.039019;0.038083;0.038133;0.038453;0.038429;0.038334;0.038081;0.038022;0.037656;0.037524;0.03841;0.037532;0.037771;0.037033;0.038533;0.038497;0.037963;0.037162;0.037536;0.037733;0.037671;0.038144;0.037742;0.039232;0.038155;0.037473;0.038776;0.038512;0.037645;0.03831;0.037511;0.03819;0.037881;0.037592;0.037311;0.038126;0.037942;0.037135;0.038209;0.037507;0.03778;0.037169;0.038106;0.038509;0.037692;0.038301;0.038292;0.037418;0.038617;0.037576;0.038088;0.038289;0.03877;0.039426;0.038649;0.038025;0.038465;0.038428;0.03791;0.037413;0.038232;0.03823;0.038488;0.038172;0.038322;0.03846;0.038706;0.03785;0.037823;0.03837;0.037949;0.039149;0.038156;0.038772;0.040623;0.038167;0.037902;0.038661;0.038319;0.037824;0.037689;0.037792;0.037978;0.036911;0.03835;0.03788;0.037991;0.03713;0.037803;0.038183;0.037609;0.038094;0.037167;0.038189;0.038097;0.037821;0.038336;0.037919;0.039096;0.03975;0.038191;0.037845;0.037876;0.038218;0.038041;0.038394;0.037972;0.038657;0.037783;0.037977;0.037907;0.037251;0.038072;0.037543;0.037946;0.037967;0.037772;0.037685;0.037576;0.037914;0.037542;0.038041;0.038117;0.038042;0.037584;0.039107;0.037729;0.038329;0.039271;0.038305;0.037362;0.037782;0.037756;0.037636;0.037902;0.037696;0.036891;0.037339;0.037572;0.037281;0.037915;0.037844;0.038154;0.037848;0.037617;0.038028;0.0381;0.038105;0.037564;0.03736;0.037413;0.03842;0.038231;0.03818;0.038239;0.038475;0.038402;0.037657;0.039337;0.038736;0.038161;0.03805;0.038161;0.037847;0.037612;0.037631;0.038207;0.037178;0.037781;0.037623;0.038435;0.037913;0.037796;0.037949;0.03825;0.037419;0.037236;0.039095;0.037979;0.037162;0.038487;0.037888;0.037227;0.037824;0.038093;0.037778;0.039691;0.038319;0.038056;0.03773;0.038378;0.037837;0.037547;0.037796;0.037684;0.037799;0.038134;0.037575;0.038071;0.037323;0.037619;0.038303;0.039375;0.037479;0.038183;0.038779;0.038252;0.038322;0.039938;0.038695;0.037893;0.037945;0.038102;0.038173;0.038781;0.037544;0.0383;0.037957;0.038371;0.038465;0.038012;0.03805;0.038361;0.037994;0.037648;0.037778;0.038959;0.038013;0.03967;0.037622;0.038183;0.038719;0.038477;0.038464;0.038501;0.038109;0.037649;0.038134;0.038242;0.037383;0.037493;0.037177;0.038763;0.037883;0.037545;0.038094;0.037313;0.037843;0.037563;0.037976;0.037824;0.037762;0.037759;0.037918;0.03915;0.037193;0.037533;0.038174;0.038265;0.038227;0.038257;0.037784;0.038628;0.038341;0.037679;0.037945;0.036699;0.037476;0.03745;0.038874;0.037721;0.037411;0.037435;0.038133;0.037186;0.038266;0.037003;0.037448;0.038665;0.038461;0.037879;0.038052;0.038456;0.038745;0.038169;0.038736;0.038379;0.039039;0.038125;0.037691;0.038108;0.037524;0.038821;0.037411;0.038988;0.037453;0.038303;0.040207;0.038806;0.037985;0.038907;0.038878;0.037894;0.03783;0.037918;0.038689;0.038758;0.038431;0.038016;0.037656;0.03763;0.038416;0.037804;0.037678;0.037671;0.038182;0.038028;0.038447;0.037807;0.03767;0.038298;0.038217;0.037715;0.037758;0.038411;0.039467;0.038463;0.037586;0.037556;0.037264;0.037545;0.039267;0.037864;0.037638;0.037935;0.03771;0.037307;0.03808;0.037789;0.038464;0.037697;0.037015;0.038155;0.037545;0.038042;0.037647;0.037098;0.037706;0.038346;0.037633;0.03747;0.037725;0.038041;0.037965;0.038682;0.037425;0.039431;0.038152;0.038155;0.038495;0.038827;0.037656;0.038027;0.038938;0.038189;0.037495;0.038514;0.038045;0.038066;0.038583;0.037802;0.038079;0.037799;0.037596;0.037748;0.03713;0.037575;0.037743;0.038404;0.036851;0.03836;0.038022;0.0406;0.037437;0.037813;0.037427;0.038436;0.037739;0.037741;0.037637;0.037725;0.037688;0.037918;0.037837;0.038275;0.038906;0.038177;0.038043;0.038246;0.038923;0.038688;0.038919;0.038493;0.038003;0.037466;0.038164;0.037584;0.037419;0.038959;0.038262;0.03882;0.039171;0.03896;0.038477;0.038423;0.037281;0.03785;0.037833;0.037247;0.038149;0.037568;0.037702;0.037367;0.038193;0.037353;0.03774;0.037929;0.037133;0.037501;0.038407;0.037885;0.038186;0.037579;0.039623;0.038287;0.037344;0.038663;0.03857;0.038814;0.038808;0.038276;0.038398;0.03905;0.037546;0.037849;0.037767;0.037948;0.038122;0.038325;0.038375;0.037619;0.037409;0.038063;0.037584;0.037714;0.03708;0.037654;0.037201;0.037946;0.039033;0.037558;0.037345;0.038006;0.037509;0.038101;0.037904;0.037545;0.037884;0.037548;0.038399;0.03884;0.038708;0.038312;0.038217;0.038491;0.038027;0.037926;0.037355;0.0382;0.038153;0.037409;0.038354;0.03807;0.037515;0.037318;0.038771;0.037546;0.037371;0.03828;0.037332;0.037694;0.037655;0.037625;0.037933;0.038325;0.038369;0.037865;0.038828;0.037666;0.037773;0.038681;0.038537;0.037665;0.038262;0.038088;0.037799;0.03791;0.03801;0.038607;0.038053;0.039532;0.037547;0.038226;0.038665;0.038295;0.038152;0.038249;0.038288;0.038467;0.038294;0.038021;0.03846;0.037782;0.037429;0.0377;0.038251;0.037246;0.037734;0.037909;0.037546;0.038285;0.037812;0.037585;0.037492;0.037343;0.038215;0.039319;0.038628;0.039051;0.03839;0.038315;0.037698;0.038252;0.03734;0.037224;0.037697;0.037807;0.037609;0.03846;0.037531;0.037798;0.038321;0.039366;0.037625;0.037542;0.038657;0.03846;0.037575;0.038222;0.038256;0.03827;0.037945;0.040076;0.038151;0.039536;0.038487;0.038518;0.037894;0.038007;0.039191;0.037957;0.038411;0.038091;0.037847;0.037632;0.03761;0.037487;0.037964;0.037941;0.038585;0.037621;0.038458;0.037614;0.03766;0.037631;0.037694;0.038043;0.039952;0.038523;0.038071;0.038629;0.038377;0.038466;0.038241;0.03812;0.037827;0.03797;0.038232;0.037736;0.037298;0.038234;0.038608;0.038254;0.037509;0.037508;0.038558;0.039179;0.037575;0.038515;0.038407;0.037945;0.038386;0.037325;0.03834;0.038775;0.039095;0.038751;0.038614;0.038032;0.038985;0.038553;0.038115;0.038488;0.037504;0.036972;0.037665;0.037213;0.037186;0.03815;0.037788;0.038011;0.038389;0.038087;0.038411;0.038349;0.038318;0.037665;0.037778;0.039077;0.038205;0.038692;0.038931;0.038654;0.038497;0.038072;0.037643;0.037933;0.037532;0.037268;0.037829;0.037619;0.038179;0.037552;0.037804;0.038114;0.038592;0.038391;0.038622;0.037752;0.038406;0.038885;0.038718;0.038889;0.038032;0.039282;0.037988;0.037642;0.037797;0.037434;0.03815;0.038756;0.038582;0.037949;0.037357;0.037586;0.037427;0.037919;0.038382;0.037607;0.03789;0.038566;0.03866;0.038239;0.038092;0.03739;0.037738;0.037732;0.038161;0.038377;0.038037;0.041313;0.038824;0.038539;0.038535;0.038124;0.037968;0.03844;0.038314;0.038267;0.038085;0.038242;0.037896;0.038243;0.038128;0.038238;0.038067;0.037496;0.038109;0.037317;0.038197;0.037436;0.037818;0.037915;0.037488;0.038494;0.038962;0.037818;0.040064;0.037784;0.037924;0.039601;0.039212;0.037684;0.037845;0.037872;0.037866;0.038108;0.038252;0.037303;0.038059;0.038191;0.037582;0.037631;0.037861;0.037832;0.03854;0.037522;0.037967;0.037726;0.038004;0.038077;0.039423;0.03746;0.038017;0.038625;0.038778;0.038509;0.038397;0.038128;0.038125;0.037469;0.038311;0.037726;0.038047;0.037971;0.037296;0.037687;0.038233;0.037645;0.037951;0.037249;0.038483;0.037988;0.038016;0.037641;0.037465;0.038635;0.037298;0.038449;0.037659;0.038572;0.038558;0.039046;0.038236;0.037874;0.037847;0.038055;0.038658;0.037986;0.038739;0.038861;0.038592;0.038458;0.038088;0.037761;0.037809;0.0377;0.037273;0.037713;0.037542;0.037648;0.037989;0.039177;0.037122;0.037845;0.036923;0.037951;0.03739;0.036897;0.038035;0.039141;0.039441;0.038006;0.037279;0.038039;0.038211;0.038387;0.037588;0.03863;0.037887;0.037607;0.037579;0.038381;0.037567;0.037605;0.038367;0.037939;0.037819;0.038762;0.038188;0.038018;0.039308;0.038308;0.037896;0.038258;0.037952;0.037954;0.036928;0.038132;0.038291;0.038923;0.037771;0.03747;0.037257;0.038466;0.038518;0.037754;0.037638;0.038009;0.038029;0.0386;0.036963;0.03728;0.037124;0.037897;0.038619;0.037875;0.037856;0.038209;0.039165;0.037962;0.03777;0.037461;0.038016;0.038059;0.038413;0.037796;0.038097;0.037816;0.037796;0.037675;0.037709;0.037438;0.037833;0.038196;0.037162;0.037393;0.037557;0.037174;0.038616;0.03788;0.038407;0.038323;0.038631;0.03772;0.037882;0.03774;0.037634;0.037328;0.038479;0.037856;0.037666;0.038279;0.038173;0.037395;0.039893;0.038903;0.038807;0.037289;0.038127;0.038408;0.037512;0.03783;0.037662;0.037534;0.038435;0.037985;0.037768;0.03858;0.037883;0.038716;0.038953;0.037668;0.037137;0.03787;0.037455;0.037736;0.037229;0.037913;0.038501;0.038295;0.037889;0.038768;0.039034;0.038475;0.040003;0.038801;0.038373;0.037938;0.037627;0.039081;0.037491;0.038066;0.038228;0.039192;0.038929;0.038555;0.037938;0.038127;0.037907;0.037222;0.038239;0.037744;0.038115;0.037655;0.038064;0.037657;0.037879;0.037943;0.037515;0.03755;0.037628;0.037856;0.038243;0.03743;0.037705;0.038794;0.037813;0.038734;0.038951;0.038376;0.037862;0.037112;0.037291;0.037827;0.037306;0.037694;0.037659;0.037427;0.03782;0.037865;0.038103;0.037811;0.038086;0.03719;0.037442;0.038221;0.037899;0.038163;0.038215;0.037822;0.037476;0.039579;0.03841;0.038282;0.038157;0.038792;0.038838;0.038505;0.038181;0.038362;0.038285;0.038447;0.038555;0.038497;0.038616;0.038034;0.038083;0.037413;0.037445;0.037532;0.037839;0.037989;0.038214;0.037989;0.038029;0.038369;0.039705;0.038307;0.038576;0.038087;0.038853;0.038286;0.038754;0.037113;0.038044;0.037211;0.0374;0.038302;0.037911;0.037687;0.03798;0.03778;0.037322;0.038229;0.038087;0.037966;0.038608;0.037926;0.037666;0.037571;0.037852;0.037571;0.039402;0.038201;0.038266;0.038289;0.038081;0.038587;0.038443;0.038436;0.03911;0.037055;0.037922;0.036991;0.037731;0.037713;0.037522;0.037449;0.037702;0.037825;0.038307;0.038498;0.038507;0.037938;0.03771;0.037736;0.038152;0.037294;0.038679;0.03894;0.038866;0.038165;0.037677;0.037831;0.038131;0.037635;0.037915;0.037679;0.039577;0.037935;0.038208;0.037363;0.037305;0.037829;0.037448;0.037942;0.037336;0.038411;0.037292;0.037701;0.038426;0.037434;0.037979;0.039485;0.038132;0.038059;0.037631;0.037955;0.037926;0.038216;0.03745;0.037657;0.037508;0.038021;0.037791;0.037825;0.037853;0.037634;0.038092;0.038385;0.037475;0.037914;0.037481;0.037965;0.03802;0.038251;0.037964;0.038;0.03765;0.039211;0.038335;0.038267;0.03681;0.037754;0.038008;0.037839;0.038034;0.038519;0.038064;0.038629;0.038456;0.038001;0.037956;0.038982;0.038382;0.038684;0.038523;0.038814;0.03784;0.038698;0.037974;0.038724;0.037941;0.03788;0.037556;0.03909;0.038805;0.038107;0.038355;0.038035;0.037697;0.038061;0.037667;0.037897;0.037534;0.038051;0.037506;0.037505;0.037741;0.037795;0.038077;0.039352;0.037855;0.037806;0.037153;0.038005;0.037307;0.038074;0.03805;0.038049;0.039207;0.037527;0.039264;0.038686;0.038578;0.037796;0.037383;0.037917;0.037195;0.037325;0.0374;0.037904;0.037493;0.037618;0.03809;0.037699;0.037431;0.037987;0.037475;0.037793;0.038049;0.037928;0.037832;0.037611;0.03809;0.038018;0.059737;0.038241;0.03849;0.038422;0.038145;0.03888;0.038021;0.037805;0.038508;0.037646;0.037779;0.03753;0.037246;0.037787;0.03814;0.037951;0.037887;0.037937;0.03764;0.038356;0.03812;0.039696;0.037783;0.037864;0.038157;0.03928;0.037896;0.037753;0.038379;0.038938;0.037817;0.038107;0.037725;0.037311;0.038163;0.038102;0.037887;0.037538;0.037762;0.038384;0.03771;0.037279;0.037375;0.037997;0.037859;0.037868;0.037742;0.038263;0.037785;0.038788;0.039276;0.038754;0.038196;0.03862;0.038464;0.038372;0.03805;0.038583;0.037981;0.038517;0.0377;0.038406;0.037307;0.037945;0.039136;0.039184;0.038218;0.038899;0.038388;0.038337;0.037932;0.037728;0.038613;0.03816;0.038049;0.037763;0.037963;0.039187;0.039604;0.038481;0.038552;0.038746;0.038614;0.038237;0.037894;0.037747;0.038233;0.038034;0.038283;0.037593;0.038014;0.037845;0.037266;0.037731;0.037241;0.037871;0.038861;0.037207;0.038145;0.037099;0.03748;0.038091;0.039479;0.037882;0.038565;0.040856;0.039615;0.038358;0.038305;0.037925;0.038076;0.037798;0.037852;0.038205;0.038525;0.038579;0.037454;0.038416;0.038316;0.038091;0.037755;0.038067;0.038629;0.038398;0.038382;0.03922;0.03857;0.03785;0.03955;0.037668;0.038481;0.03914;0.038033;0.040163;0.039016;0.038597;0.037539;0.038041;0.037859;0.038108;0.037413;0.038107;0.036998;0.038402;0.037233;0.037525;0.038032;0.037356;0.037887;0.038391;0.037833;0.03766;0.038012;0.039504;0.03806;0.039012;0.038187;0.03861;0.037517;0.037976;0.037713;0.037893;0.037302;0.037516;0.037713;0.038206;0.037968;0.037427;0.037594;0.037456;0.037535;0.038026;0.038411;0.037551;0.038264;0.03763;0.037333;0.038017;0.037707;0.038859;0.038014;0.038212;0.039007;0.038298;0.038718;0.038419;0.038052;0.038666;0.039717;0.038707;0.038019;0.037282;0.037221;0.03836;0.038027;0.037461;0.037841;0.038429;0.037776;0.038543;0.038345;0.038242;0.037562;0.038356;0.036944;0.040005;0.038076;0.037922;0.038015;0.038082;0.038218;0.038634;0.038487;0.037938;0.037499;0.036991;0.037576;0.037417;0.038529;0.037433;0.038445;0.038602;0.038168;0.037651;0.037194;0.037937;0.037551;0.03786;0.037653;0.038014;0.039273;0.03805;0.038443;0.038012;0.038098;0.03789;0.037875;0.038283;0.037885;0.037943;0.037512;0.038463;0.038149;0.038157;0.039429;0.038288;0.038361;0.039179;0.037885;0.039011;0.038248;0.037671;0.037343;0.038152;0.037356;0.03812;0.03853;0.037921;0.037735;0.039057;0.038896;0.039014;0.037676;0.0384;0.038656;0.037851;0.037577;0.038117;0.037497;0.037532;0.037971;0.037558;0.037916;0.038036;0.037895;0.038345;0.03793;0.037779;0.038486;0.038042;0.037583;0.039983;0.037833;0.038177;0.038627;0.038766;0.039123;0.038476;0.038207;0.038316;0.038272;0.038099;0.037167;0.038231;0.038323;0.038256;0.037552;0.03812;0.037849;0.03785;0.037966;0.037989;0.037709;0.037824;0.038894;0.038529;0.038006;0.03996;0.038516;0.038775;0.038874;0.038523;0.038805;0.037276;0.038187;0.038314;0.037084;0.037958;0.037838;0.037548;0.037502;0.037879;0.037453;0.037733;0.038401;0.037893;0.037188;0.037561;0.037819;0.038741;0.037779;0.038973;0.038089;0.038371;0.037331;0.038683;0.038003;0.038898;0.038489;0.038277;0.038301;0.038111;0.037636;0.037781;0.038093;0.037606;0.038218;0.037721;0.037771;0.038126;0.037586;0.037707;0.037678;0.0377;0.038429;0.037987;0.038106;0.037807;0.039921;0.039452;0.03905;0.038618;0.038062;0.038351;0.038542;0.037499;0.038165;0.037762;0.038273;0.03821;0.038004;0.038988;0.038137;0.038137;0.037197;0.03732;0.037574;0.037309;0.03784;0.037501;0.03747;0.037805;0.037914;0.038344;0.039431;0.038473;0.040445;0.038901;0.038331;0.038681;0.03866;0.03949;0.038585;0.03732;0.037802;0.038511;0.037834;0.037465;0.03761;0.037745;0.037963;0.037387;0.038093;0.037888;0.037908;0.037452;0.038417;0.038409;0.037816;0.04089;0.03842;0.038647;0.038252;0.039924;0.039045;0.039107;0.037988;0.037568;0.037557;0.037389;0.038703;0.038232;0.03841;0.038122;0.038157;0.038038;0.037767;0.038658;0.03778;0.037796;0.038341;0.037972;0.037644;0.037669;0.037583;0.039477;0.038456;0.038813;0.038251;0.038066;0.038466;0.03868;0.037944;0.038014;0.038037;0.037644;0.037771;0.037273;0.037235;0.03811;0.03756;0.037237;0.038325;0.037798;0.037968;0.037767;0.037119;0.038344;0.037525;0.038369;0.037411;0.039903;0.037972;0.038542;0.038538;0.038278;0.038253;0.038114;0.038083;0.038935;0.039266;0.036823;0.038255;0.037898;0.038045;0.037998;0.037406;0.038041;0.037506;0.037809;0.038284;0.038544;0.03795;0.037659;0.037647;0.03767;0.039538;0.037652;0.038159;0.039033;0.038371;0.038528;0.038277;0.037954;0.038415;0.037489;0.037644;0.037829;0.037634;0.037022;0.03757;0.037803;0.037579;0.039658;0.038329;0.037751;0.037315;0.038076;0.038252;0.037982;0.038215;0.037317;0.038444;0.038453;0.038541;0.038963;0.03856;0.038149;0.038794;0.037537;0.038063;0.037885;0.03729;0.037798;0.038082;0.037663;0.038387;0.036881;0.03731;0.03796;0.038673;0.038111;0.037887;0.037751;0.037944;0.037418;0.037798;0.037593;0.039386;0.03755;0.038665;0.038884;0.038012;0.039165;0.038475;0.038106;0.038605;0.037483;0.038132;0.037534;0.037388;0.037564;0.037937;0.037968;0.037773;0.037938;0.03838;0.038505;0.037654;0.03746;0.038227;0.038219;0.038156;0.038378;0.038458;0.037725;0.038257;0.038884;0.038468;0.037682;0.037549;0.038115;0.038213;0.038079;0.038183;0.037797;0.037653;0.038041;0.038313;0.037848;0.038187;0.037401;0.037893;0.038169;0.038236;0.038498;0.038303;0.040147;0.037974;0.038365;0.038514;0.038896;0.038816;0.038417;0.038507;0.038232;0.037327;0.037218;0.037693;0.038423;0.037471;0.037922;0.0381;0.038604;0.038977;0.037997;0.037906;0.037847;0.038009;0.037898;0.037664;0.038059;0.038208;0.037141;0.039609;0.040107;0.039044;0.039335;0.038072;0.03889;0.039108;0.038804;0.038021;0.03781;0.038175;0.037778;0.037297;0.037954;0.037178;0.038217;0.038384;0.038455;0.038094;0.037848;0.038046;0.03886;0.037971;0.038647;0.03774;0.036956;0.038676;0.037983;0.039164;0.038551;0.038887;0.038664;0.03781;0.037782;0.038144;0.037622;0.037816;0.038209;0.037002;0.03717;0.0375;0.037956;0.037569;0.037092;0.03785;0.037703;0.038363;0.038295;0.038326;0.037303;0.038384;0.037772;0.039543;0.038223;0.038286;0.039235;0.038568;0.038072;0.03848;0.038008;0.037999;0.038298;0.037402;0.037825;0.037884;0.038326;0.038817;0.037984;0.03799;0.037856;0.037382;0.037492;0.037773;0.037937;0.037921;0.037768;0.037821;0.039843;0.037508;0.038513;0.039255;0.038004;0.037633;0.038956;0.03834;0.03809;0.037983;0.037218;0.037581;0.038285;0.037827;0.038313;0.037306;0.037694;0.037596;0.038294;0.037761;0.038148;0.036881;0.037917;0.038187;0.037809;0.037319;0.038349;0.037777;0.037608;0.038533;0.038189;0.038633;0.038524;0.037938;0.039413;0.037586;0.038483;0.037625;0.03761;0.03756;0.037545;0.038116;0.037539;0.037586;0.037597;0.036972;0.037274;0.037653;0.037938;0.037911;0.037308;0.03742;0.039103;0.038258;0.038812;0.038269;0.038645;0.038785;0.038255;0.037825;0.038175;0.037862;0.038311;0.039237;0.038635;0.038823;0.038249;0.038804;0.038266;0.038614;0.038259;0.038539;0.038168;0.038558;0.038169;0.038573;0.038361;0.040266;0.039075;0.039148;0.03734;0.037814;0.037477;0.038471;0.037616;0.037769;0.037605;0.037442;0.037701;0.038462;0.037394;0.039811;0.037985;0.038614;0.038045;0.03767;0.038057;0.038353;0.037875;0.03825;0.037878;0.037562;0.037912;0.038453;0.03855;0.03818;0.038049;0.038687;0.037909;0.038017;0.037555;0.036973;0.037824;0.037673;0.037948;0.038085;0.037832;0.038072;0.038735;0.037301;0.038137;0.037836;0.038772;0.038246;0.037683;0.037224;0.038098;0.037133;0.037316;0.038011;0.039347;0.038002;0.038415;0.037831;0.038679;0.037783;0.038252;0.037796;0.037218;0.03808;0.037817;0.038267;0.037821;0.038384;0.038539;0.037389;0.039282;0.038416;0.038025;0.037756;0.038172;0.037554;0.038378;0.037192;0.038504;0.038051;0.038346;0.038321;0.038684;0.038094;0.038174;0.038085;0.039067;0.038642;0.038672;0.03784;0.037709;0.037722;0.037537,
