# FP64; exactly one untimed warmup solve; setup includes representation/storage preparation; solve includes a fresh factorization and primal solve on every repetition.
# All backends receive identical data. Validation and result conversion are untimed.
# CLQR, generalized Riccati, and both Laine implementations also recover duals inside timing. Primal-only backends report no solver-dual KKT measurement.
# Setup+solve includes representation construction and fresh workspace allocation; destruction is excluded.
# Missing dual/kernel measurements are nan, not inferred from other solvers.
# planted_dual_stationarity_inf audits each returned primal with the fixture's known optimal dual, not solver output.
# primal_error and dual_error_inf are absolute infinity-norm errors against the known planted optimum, in original coordinates.
# Samples are individually timed; sample-list columns retain chronological times in ms separated by semicolons. Timing quantiles are unavailable for a single sample.
# min_seconds=1; fixed_repeats=0 (0 means duration-based); each timing phase uses its own budget.
backend,family,N,n,m,mixed_rows,state_rows,seed,status,repeats,setup_ms,median_ms,p10_ms,p90_ms,primal_error,objective,relative_objective_error,kernel_ms,feasibility_inf,stationarity_inf,kkt_inf,setup_solve_ms,planted_dual_stationarity_inf,dual_error_inf,setup_solve_repeats,solve_samples_ms,setup_solve_samples_ms,kernel_samples_ms
gen_riccati,horizon,64,8,4,1,2,20260907,ok,22538,0.292501,0.043864,0.043314,0.044813,2.24820162487e-14,-28.5913025171,8.5549096606e-18,nan,4.99600361081e-16,1.53405066428e-13,1.53405066428e-13,0.071216,2.29954943975e-14,2.05765959826e-13,14014,0.084414;0.077372;0.076467;0.076299;0.076269;0.075928;0.075477;0.075536;0.075655;0.076144;0.075772;0.075166;0.077905;0.075962;0.075915;0.075506;0.075513;0.075589;0.075657;0.075982;0.075706;0.075619;0.075583;0.075298;0.07527;0.075172;0.078897;0.075595;0.07542;0.075522;0.075262;0.075264;0.075041;0.07547;0.075496;0.075663;0.075357;0.075368;0.075877;0.077861;0.075379;0.075818;0.075706;0.075557;0.075465;0.075298;0.075774;0.075517;0.07531;0.075244;0.075476;0.075858;0.080476;0.076143;0.075645;0.075534;0.075329;0.075581;0.075621;0.075205;0.06691;0.062597;0.062435;0.062539;0.062294;0.062435;0.064806;0.062588;0.062342;0.062361;0.062313;0.062568;0.06211;0.062272;0.062231;0.062479;0.062059;0.0625;0.06256;0.062718;0.062391;0.062502;0.064764;0.062488;0.062253;0.062603;0.062305;0.062736;0.062187;0.06213;0.06204;0.062053;0.062146;0.062061;0.062107;0.062108;0.062071;0.062183;0.063592;0.062312;0.062158;0.06209;0.062194;0.062004;0.061972;0.062073;0.062046;0.062033;0.062131;0.062082;0.062014;0.062132;0.062021;0.062152;0.064547;0.062943;0.063456;0.062676;0.062347;0.062095;0.062487;0.062492;0.062256;0.06204;0.06219;0.062255;0.062287;0.062311;0.062098;0.062741;0.064416;0.062479;0.062245;0.062158;0.062321;0.062187;0.062198;0.062407;0.062232;0.062352;0.062498;0.062265;0.062106;0.062221;0.062105;0.062083;0.064232;0.06245;0.062347;0.062485;0.062294;0.062319;0.062365;0.062319;0.062341;0.062322;0.06237;0.062326;0.06263;0.062434;0.062515;0.062346;0.064032;0.06276;0.062816;0.062341;0.062294;0.062328;0.062379;0.062215;0.062288;0.06221;0.062176;0.062209;0.062193;0.062069;0.06232;0.062105;0.063941;0.062288;0.062472;0.062299;0.062314;0.062081;0.062153;0.062071;0.062159;0.06215;0.062618;0.062386;0.062039;0.062283;0.062233;0.062255;0.06744;0.062871;0.063174;0.062611;0.062014;0.062366;0.062237;0.06258;0.06261;0.062652;0.062223;0.062297;0.06238;0.06222;0.062138;0.062026;0.06412;0.062272;0.062603;0.062536;0.062253;0.062378;0.06222;0.062179;0.062546;0.062452;0.062362;0.06231;0.062113;0.06233;0.062375;0.062709;0.064819;0.063446;0.062813;0.062787;0.065252;0.063993;0.062734;0.062106;0.062162;0.062336;0.062208;0.062193;0.062276;0.062318;0.062202;0.062316;0.063965;0.062673;0.062359;0.062266;0.062567;0.061933;0.062087;0.06217;0.062287;0.0621;0.062092;0.062087;0.062098;0.062282;0.062051;0.062592;0.070915;0.062692;0.062379;0.062491;0.062361;0.062327;0.062357;0.062348;0.062333;0.062317;0.062311;0.0623;0.062282;0.062237;0.062252;0.062286;0.063934;0.062242;0.062307;0.062379;0.062388;0.062505;0.06235;0.062285;0.062135;0.062302;0.0624;0.062495;0.06225;0.062389;0.062208;0.062238;0.063815;0.062493;0.062164;0.062152;0.062387;0.062392;0.062354;0.062374;0.062364;0.06231;0.062387;0.062265;0.062306;0.062318;0.062345;0.062462;0.063825;0.062347;0.06227;0.062233;0.062333;0.062297;0.062308;0.062174;0.062216;0.062287;0.06209;0.062282;0.062208;0.062174;0.062112;0.062313;0.063855;0.062542;0.062414;0.062289;0.062276;0.062382;0.062337;0.062559;0.062587;0.062228;0.062246;0.062289;0.062363;0.062335;0.062288;0.062195;0.064163;0.062366;0.062222;0.062152;0.062148;0.062165;0.062301;0.06231;0.06227;0.062075;0.062117;0.062054;0.062008;0.062115;0.062104;0.062155;0.06331;0.062069;0.062319;0.062173;0.062354;0.062324;0.06234;0.062112;0.062234;0.062127;0.06209;0.062166;0.062141;0.062505;0.062407;0.062281;0.064139;0.062361;0.062327;0.062105;0.062414;0.062016;0.062278;0.062355;0.062371;0.062111;0.062043;0.062093;0.0621;0.062196;0.062166;0.062237;0.063684;0.062278;0.062061;0.062067;0.06219;0.062367;0.062164;0.062327;0.062203;0.062315;0.062669;0.062606;0.06266;0.062501;0.062181;0.061999;0.063257;0.06228;0.062134;0.062211;0.062192;0.062405;0.06234;0.062389;0.062281;0.062283;0.062262;0.062249;0.062282;0.062194;0.062504;0.062365;0.06386;0.062211;0.062303;0.06273;0.062454;0.062445;0.062475;0.06209;0.062171;0.062136;0.062136;0.062226;0.062104;0.06204;0.062312;0.062682;0.06844;0.063866;0.062436;0.062419;0.270799;0.052271;0.049828;0.046435;0.045038;0.045074;0.044611;0.044597;0.044194;0.044474;0.044789;0.044238;0.049403;0.044203;0.043643;0.044698;0.044799;0.044244;0.045205;0.044921;0.044326;0.044332;0.044428;0.044253;0.044322;0.044162;0.0451;0.04499;0.044471;0.044737;0.044825;0.044422;0.044536;0.044183;0.047221;0.044427;0.043812;0.044337;0.044529;0.044137;0.044647;0.046422;0.043906;0.04418;0.045182;0.043854;0.04457;0.04424;0.044455;0.044409;0.043583;0.043514;0.043792;0.043862;0.044273;0.043646;0.043319;0.045634;0.04374;0.04383;0.044186;0.043038;0.043949;0.043327;0.043454;0.043255;0.04309;0.043997;0.043884;0.044373;0.0445;0.043124;0.043677;0.043449;0.043767;0.04317;0.043205;0.043241;0.043027;0.044763;0.043405;0.043698;0.043576;0.043411;0.043088;0.042736;0.044574;0.043654;0.043249;0.043632;0.043608;0.044335;0.043481;0.043545;0.04457;0.044043;0.043698;0.043113;0.043193;0.043818;0.044235;0.044065;0.044638;0.043772;0.044152;0.042979;0.043519;0.044145;0.045085;0.044625;0.044019;0.044415;0.043685;0.044022;0.043869;0.043795;0.043865;0.043731;0.045623;0.044007;0.043459;0.044323;0.04432;0.044241;0.044756;0.045013;0.043953;0.042971;0.043059;0.043223;0.043258;0.043847;0.043663;0.043491;0.043756;0.043806;0.043793;0.04357;0.043785;0.043995;0.043649;0.043475;0.043541;0.043738;0.044062;0.044277;0.043665;0.04391;0.044805;0.044265;0.044131;0.044503;0.045176;0.044894;0.044663;0.043827;0.04382;0.044075;0.043835;0.043677;0.045046;0.044805;0.044212;0.045051;0.044753;0.04479;0.046756;0.044701;0.044836;0.044105;0.04614;0.044258;0.044567;0.044541;0.044382;0.044474;0.045166;0.044042;0.044131;0.04423;0.044073;0.044851;0.044331;0.044413;0.0447;0.044263;0.043467;0.043426;0.043726;0.04378;0.043051;0.043228;0.043421;0.044885;0.043177;0.043539;0.043659;0.043973;0.043436;0.043394;0.04341;0.043628;0.04357;0.044263;0.04341;0.043634;0.043092;0.044272;0.04376;0.043217;0.043631;0.043403;0.043548;0.043552;0.043141;0.043491;0.044704;0.043966;0.045265;0.044443;0.045195;0.04417;0.045035;0.045135;0.044324;0.043562;0.044178;0.044198;0.043573;0.043657;0.043429;0.044426;0.044236;0.043204;0.04365;0.043886;0.043924;0.044263;0.044964;0.043335;0.043384;0.043809;0.043483;0.043855;0.043387;0.044009;0.043893;0.043537;0.043564;0.044097;0.0441;0.043639;0.043395;0.043265;0.043022;0.043252;0.043267;0.043972;0.043715;0.043812;0.043466;0.045362;0.043375;0.043421;0.043794;0.044073;0.044493;0.044252;0.044054;0.043584;0.043311;0.04396;0.043747;0.043586;0.043804;0.043444;0.044287;0.044014;0.043769;0.044254;0.043685;0.04393;0.043972;0.044263;0.045247;0.043627;0.043572;0.044254;0.043993;0.044073;0.044418;0.04378;0.043497;0.04399;0.043372;0.043117;0.043455;0.044348;0.043558;0.044469;0.043523;0.044444;0.043486;0.043276;0.043859;0.043689;0.043935;0.044381;0.043605;0.043628;0.043821;0.0438;0.043028;0.043389;0.043163;0.043571;0.04377;0.043897;0.044077;0.043874;0.04407;0.043466;0.044042;0.043507;0.043545;0.043267;0.043454;0.043744;0.044061;0.04344;0.044782;0.043796;0.043285;0.043477;0.043952;0.044011;0.043555;0.04355;0.043622;0.04504;0.043909;0.044222;0.043578;0.043441;0.043607;0.043436;0.043633;0.043309;0.043737;0.043294;0.0432;0.043965;0.044007;0.044622;0.044728;0.043229;0.043984;0.042862;0.04377;0.043951;0.044389;0.043579;0.044035;0.043394;0.044399;0.04348;0.044414;0.043315;0.044192;0.043383;0.044183;0.043862;0.04347;0.043887;0.044154;0.044372;0.043563;0.043722;0.043958;0.043514;0.043618;0.043181;0.04315;0.043593;0.04362;0.044191;0.044344;0.043808;0.043798;0.043447;0.043506;0.04391;0.043699;0.043843;0.043613;0.044055;0.043853;0.044222;0.04644;0.043503;0.043899;0.044153;0.04368;0.043648;0.043984;0.044253;0.043275;0.043227;0.044061;0.043856;0.044047;0.043933;0.04344;0.044156;0.044236;0.044647;0.044159;0.045537;0.043677;0.044092;0.043279;0.044971;0.043642;0.04453;0.043844;0.043209;0.044028;0.043861;0.043216;0.043819;0.043703;0.043559;0.044127;0.044064;0.044388;0.04409;0.043608;0.044064;0.043748;0.043381;0.043887;0.044539;0.043093;0.043374;0.044537;0.044106;0.04339;0.043798;0.043832;0.044129;0.044162;0.04468;0.043556;0.044004;0.043949;0.044198;0.04458;0.044381;0.043652;0.043941;0.044024;0.043713;0.043741;0.043607;0.044413;0.045178;0.044779;0.04451;0.043981;0.04421;0.04358;0.04372;0.043826;0.043931;0.043999;0.04383;0.043811;0.04403;0.043676;0.044304;0.043964;0.044203;0.044187;0.043993;0.04403;0.04369;0.044577;0.044629;0.043706;0.044613;0.043348;0.044237;0.043009;0.043229;0.043289;0.044068;0.043586;0.0441;0.04331;0.043684;0.043274;0.043533;0.044031;0.043943;0.043648;0.043696;0.043516;0.043662;0.0437;0.043322;0.043427;0.043702;0.045041;0.044004;0.04345;0.044043;0.043524;0.043801;0.043085;0.04351;0.044028;0.04375;0.043706;0.044065;0.043389;0.043809;0.043924;0.043555;0.044653;0.044277;0.043984;0.043774;0.04356;0.043473;0.043856;0.045229;0.043324;0.043304;0.043442;0.043152;0.043486;0.043219;0.043354;0.043345;0.043116;0.044184;0.043438;0.043046;0.044038;0.043964;0.043488;0.043994;0.043125;0.044409;0.04352;0.04343;0.043674;0.043627;0.044818;0.043497;0.043824;0.043464;0.043745;0.043261;0.04378;0.043428;0.043839;0.043373;0.043747;0.043728;0.043711;0.043648;0.043575;0.043417;0.04373;0.043361;0.043419;0.043576;0.043546;0.043517;0.043809;0.044207;0.043644;0.04423;0.043587;0.043645;0.044461;0.043024;0.043543;0.04329;0.043816;0.043562;0.043637;0.043483;0.043736;0.043864;0.042618;0.043264;0.043633;0.043299;0.044107;0.043714;0.043356;0.045084;0.043569;0.043489;0.043374;0.043451;0.043536;0.043898;0.043847;0.043717;0.043655;0.043335;0.0437;0.043603;0.04466;0.044721;0.044399;0.043924;0.043508;0.043318;0.043495;0.04348;0.044132;0.04403;0.044849;0.043155;0.043626;0.043766;0.043382;0.044084;0.043826;0.043782;0.043537;0.043229;0.044023;0.044067;0.043977;0.043576;0.044072;0.043925;0.044141;0.043248;0.044267;0.043979;0.044284;0.043589;0.043537;0.044571;0.04351;0.043312;0.043976;0.043726;0.043628;0.043103;0.043405;0.043568;0.043349;0.043294;0.044352;0.043283;0.043414;0.043601;0.043552;0.043132;0.043426;0.043504;0.044257;0.043731;0.043953;0.043607;0.044796;0.044598;0.043745;0.044059;0.043505;0.043899;0.043614;0.044119;0.043786;0.04393;0.044192;0.043917;0.043389;0.043571;0.04318;0.044246;0.043409;0.043814;0.043679;0.044039;0.044124;0.043289;0.043653;0.044595;0.044244;0.044353;0.043854;0.044131;0.04383;0.043612;0.044799;0.043561;0.043994;0.044426;0.044007;0.043324;0.04388;0.043992;0.043951;0.043599;0.043384;0.043988;0.044052;0.043727;0.044174;0.044998;0.043544;0.044879;0.044675;0.045071;0.044955;0.045183;0.044856;0.043421;0.043445;0.043684;0.044322;0.044607;0.044084;0.043994;0.04339;0.043312;0.043789;0.044315;0.04419;0.043957;0.044235;0.04475;0.045153;0.044099;0.044208;0.044477;0.043765;0.04498;0.043897;0.044273;0.043863;0.044835;0.045506;0.044592;0.044867;0.043309;0.04369;0.043699;0.043384;0.044013;0.043922;0.043387;0.04373;0.044126;0.044148;0.044765;0.043594;0.043548;0.043799;0.044659;0.044529;0.044375;0.044614;0.043816;0.0437;0.043335;0.044016;0.043454;0.043562;0.043898;0.043569;0.043172;0.043811;0.043521;0.043149;0.043793;0.043766;0.045155;0.043177;0.04341;0.043722;0.043702;0.042721;0.043477;0.043584;0.043423;0.043666;0.04315;0.043955;0.043131;0.043302;0.043648;0.043802;0.043353;0.043469;0.04582;0.043058;0.043642;0.04376;0.044138;0.044484;0.043922;0.043807;0.043918;0.044082;0.043544;0.044023;0.044393;0.043855;0.044358;0.043605;0.043577;0.044324;0.043318;0.04402;0.044008;0.043822;0.043844;0.043914;0.043666;0.043895;0.043628;0.044006;0.045017;0.043596;0.043854;0.044106;0.044746;0.044479;0.043451;0.043714;0.043405;0.043339;0.043013;0.044099;0.043742;0.044011;0.043091;0.043215;0.043233;0.042701;0.043494;0.043767;0.043093;0.044051;0.04346;0.044874;0.04423;0.043956;0.045846;0.044656;0.044552;0.04489;0.044371;0.043565;0.043495;0.044003;0.043417;0.044167;0.043889;0.043986;0.043565;0.043731;0.043732;0.043465;0.044572;0.043898;0.043536;0.043509;0.044713;0.045018;0.044407;0.044223;0.044659;0.043671;0.043946;0.044685;0.045114;0.045369;0.045279;0.045374;0.044707;0.044407;0.044638;0.044693;0.045069;0.044409;0.045016;0.044446;0.044515;0.044778;0.046782;0.044245;0.044339;0.044609;0.044336;0.04425;0.046769;0.044506;0.042731;0.043192;0.043784;0.043303;0.043361;0.043284;0.043452;0.043378;0.043167;0.043203;0.04344;0.043769;0.043624;0.04383;0.044094;0.04574;0.045168;0.044067;0.043747;0.044159;0.042945;0.043264;0.043782;0.043809;0.044042;0.04366;0.0446;0.043865;0.043898;0.043001;0.043937;0.043291;0.043244;0.043873;0.043637;0.044428;0.043866;0.045441;0.043584;0.044417;0.045127;0.044308;0.044889;0.043804;0.044086;0.045011;0.04485;0.044498;0.044569;0.044186;0.044416;0.044817;0.044186;0.044147;0.043912;0.044235;0.043603;0.043483;0.044245;0.043317;0.045023;0.043461;0.043739;0.04361;0.043343;0.043975;0.043722;0.043199;0.043875;0.043752;0.043908;0.043595;0.043144;0.043556;0.043583;0.043304;0.042684;0.043473;0.0436;0.043685;0.043488;0.043395;0.042956;0.044667;0.043498;0.04527;0.043702;0.043795;0.043172;0.043905;0.043099;0.043745;0.0438;0.043791;0.044337;0.043272;0.043716;0.044113;0.043935;0.044199;0.044389;0.042998;0.043911;0.043867;0.043796;0.043349;0.044963;0.044668;0.044597;0.044937;0.044584;0.045183;0.044211;0.044116;0.044119;0.043522;0.044326;0.043651;0.043515;0.044012;0.043716;0.044422;0.043485;0.04463;0.043504;0.044155;0.04411;0.04377;0.055388;0.043501;0.042901;0.043683;0.043144;0.04379;0.043141;0.043112;0.043908;0.043713;0.043463;0.043256;0.043402;0.04371;0.04318;0.043625;0.043583;0.043968;0.044181;0.043506;0.043387;0.043547;0.043134;0.044892;0.044511;0.045242;0.043439;0.043902;0.044505;0.044267;0.04429;0.043537;0.043664;0.043964;0.043062;0.044302;0.044305;0.044396;0.044626;0.044995;0.04504;0.044744;0.04491;0.044372;0.044022;0.044295;0.046292;0.044606;0.044849;0.043684;0.043387;0.043697;0.04381;0.04417;0.043976;0.043703;0.043874;0.043475;0.043606;0.043568;0.043472;0.043725;0.044388;0.04404;0.043533;0.043936;0.043064;0.04373;0.045261;0.044303;0.044467;0.044495;0.045069;0.044508;0.044154;0.044182;0.044578;0.045103;0.044108;0.043913;0.044545;0.043851;0.044689;0.043864;0.044202;0.044334;0.044293;0.044362;0.043643;0.044935;0.043991;0.045705;0.044693;0.043753;0.043789;0.043301;0.043217;0.043209;0.044136;0.043071;0.043471;0.043771;0.043801;0.043915;0.043316;0.043732;0.043175;0.043943;0.044283;0.043547;0.045012;0.043374;0.043503;0.043725;0.045482;0.044884;0.044373;0.045151;0.044135;0.043816;0.044893;0.044649;0.045421;0.045111;0.043889;0.044329;0.045065;0.044332;0.043922;0.044332;0.043462;0.04404;0.043517;0.044496;0.045248;0.043793;0.049876;0.043663;0.044117;0.04396;0.043762;0.043655;0.043702;0.044017;0.043975;0.043579;0.043955;0.045002;0.043975;0.044426;0.044194;0.044205;0.043919;0.044036;0.043624;0.043283;0.044249;0.044151;0.043322;0.044879;0.044066;0.044858;0.045036;0.046292;0.044449;0.043881;0.043794;0.044245;0.043404;0.042832;0.043843;0.044545;0.043536;0.043418;0.043757;0.042934;0.043271;0.04363;0.044036;0.043378;0.044063;0.044798;0.04393;0.043772;0.044207;0.044255;0.043429;0.04385;0.04408;0.043714;0.043695;0.043827;0.043624;0.044162;0.044145;0.043952;0.043921;0.044234;0.044259;0.043375;0.043735;0.04406;0.044665;0.043447;0.044554;0.04365;0.04394;0.043637;0.04384;0.043731;0.043528;0.043693;0.044304;0.043784;0.043292;0.043841;0.045115;0.043423;0.04358;0.043891;0.043575;0.04372;0.043816;0.044255;0.044672;0.044308;0.044083;0.046131;0.043931;0.044234;0.0446;0.044746;0.044423;0.044186;0.04423;0.044346;0.044262;0.044422;0.043628;0.043605;0.043355;0.043435;0.043984;0.043627;0.043594;0.043547;0.043582;0.043855;0.043619;0.043559;0.044882;0.043763;0.044035;0.044025;0.043953;0.043924;0.044101;0.043422;0.043522;0.044086;0.043827;0.044291;0.043526;0.043615;0.043443;0.043504;0.043306;0.043537;0.04466;0.04417;0.043742;0.044294;0.045222;0.043785;0.04301;0.043618;0.043732;0.044359;0.043587;0.04341;0.044036;0.043955;0.043651;0.043798;0.043694;0.043856;0.043745;0.043542;0.043497;0.043481;0.043526;0.043674;0.044055;0.043982;0.043895;0.045017;0.04381;0.044271;0.043772;0.043623;0.043372;0.043803;0.043628;0.043165;0.043431;0.043351;0.043451;0.043282;0.043796;0.043795;0.044091;0.044433;0.043758;0.043624;0.043371;0.043638;0.043624;0.043691;0.045159;0.044642;0.044525;0.044822;0.044542;0.045271;0.046286;0.043547;0.044302;0.043501;0.04359;0.043954;0.044169;0.044028;0.044333;0.044496;0.043772;0.043164;0.043995;0.043814;0.043889;0.043819;0.044084;0.045432;0.044583;0.044152;0.044869;0.044967;0.044166;0.044104;0.04578;0.044403;0.044263;0.044074;0.043738;0.04469;0.044347;0.043748;0.044607;0.043746;0.044586;0.043819;0.044304;0.044117;0.0438;0.044868;0.044431;0.044353;0.04474;0.044374;0.044656;0.043623;0.043882;0.044393;0.043883;0.043844;0.043983;0.043891;0.043705;0.044537;0.04394;0.043833;0.043695;0.043801;0.04391;0.044157;0.043664;0.044662;0.045247;0.046093;0.044413;0.04454;0.044346;0.044291;0.044462;0.044044;0.044037;0.043969;0.044084;0.044146;0.044031;0.045694;0.045267;0.04455;0.044645;0.044482;0.04508;0.043569;0.043305;0.043816;0.045638;0.043994;0.0445;0.0443;0.043677;0.044084;0.043674;0.043723;0.043362;0.043558;0.043978;0.044422;0.044145;0.043876;0.043971;0.043283;0.043016;0.04367;0.043635;0.04405;0.044399;0.043513;0.043477;0.044906;0.0432;0.044607;0.044429;0.044347;0.0447;0.04332;0.04452;0.043772;0.043683;0.044009;0.043363;0.043597;0.043997;0.043524;0.043253;0.044219;0.043778;0.043533;0.044096;0.043551;0.044269;0.043647;0.045303;0.043875;0.044811;0.044214;0.044176;0.044209;0.043865;0.043329;0.043657;0.043352;0.043391;0.043461;0.043383;0.043143;0.04365;0.044231;0.043763;0.043547;0.045607;0.043388;0.043754;0.044447;0.043339;0.044455;0.043232;0.043681;0.043871;0.043356;0.043462;0.043536;0.043131;0.044038;0.043251;0.043215;0.042923;0.04432;0.043973;0.04375;0.044512;0.043965;0.044389;0.044533;0.044358;0.044081;0.044455;0.045471;0.044306;0.044334;0.043598;0.04308;0.043638;0.043374;0.04372;0.04401;0.043079;0.043303;0.043118;0.043758;0.043744;0.044223;0.044284;0.044001;0.044452;0.043319;0.043906;0.04396;0.043836;0.045644;0.046082;0.04374;0.044589;0.044115;0.044526;0.044906;0.044211;0.043125;0.043009;0.04366;0.043949;0.043475;0.043326;0.04379;0.043672;0.043248;0.043354;0.043948;0.043744;0.04344;0.043647;0.043824;0.043822;0.044235;0.043972;0.044873;0.044418;0.04387;0.044101;0.043595;0.044701;0.04435;0.043594;0.043105;0.04388;0.043531;0.043473;0.043816;0.043837;0.044067;0.043649;0.044401;0.044223;0.045323;0.045352;0.044203;0.044405;0.044962;0.04433;0.044212;0.04449;0.044419;0.044325;0.044417;0.04467;0.044385;0.044291;0.043288;0.043853;0.04417;0.0434;0.044378;0.044161;0.043635;0.043645;0.043975;0.043683;0.043746;0.045168;0.043302;0.044496;0.043827;0.043992;0.043957;0.044035;0.044409;0.043669;0.043271;0.043932;0.043627;0.044025;0.043423;0.04361;0.043806;0.043695;0.043281;0.043941;0.04331;0.043721;0.043919;0.043301;0.045155;0.046089;0.046035;0.044142;0.044717;0.044527;0.043453;0.043969;0.04421;0.044086;0.044211;0.043452;0.044657;0.044095;0.043809;0.044558;0.044535;0.043864;0.044459;0.044194;0.043835;0.043951;0.045764;0.04408;0.044044;0.044709;0.044293;0.044301;0.04395;0.044256;0.04367;0.043528;0.044184;0.044385;0.043221;0.04382;0.042977;0.043659;0.04343;0.0434;0.043512;0.043428;0.044145;0.044353;0.045034;0.045583;0.043833;0.044388;0.042775;0.044143;0.043674;0.043428;0.043307;0.043786;0.044233;0.043882;0.04366;0.043437;0.04344;0.043672;0.043645;0.043333;0.043122;0.043736;0.044325;0.04345;0.043801;0.043342;0.044978;0.043644;0.043584;0.042902;0.043044;0.043454;0.043475;0.04366;0.043208;0.043771;0.043466;0.043371;0.043505;0.044191;0.04404;0.043119;0.044289;0.045567;0.043277;0.043523;0.044147;0.043326;0.043522;0.044694;0.044153;0.044852;0.045383;0.044825;0.044741;0.044268;0.044584;0.043439;0.04333;0.043764;0.043441;0.043911;0.04378;0.043578;0.043418;0.04413;0.043833;0.044468;0.044015;0.043408;0.04413;0.044084;0.044541;0.044391;0.043285;0.043744;0.043772;0.044026;0.043505;0.043625;0.043372;0.044411;0.04378;0.044286;0.043328;0.043643;0.043693;0.043473;0.043872;0.042947;0.044663;0.043689;0.042923;0.043998;0.044765;0.044076;0.04439;0.043764;0.044231;0.043485;0.04383;0.044224;0.04312;0.044088;0.044001;0.044436;0.044286;0.043884;0.044285;0.04358;0.04421;0.043033;0.043664;0.043845;0.043148;0.043482;0.044066;0.044574;0.044126;0.044207;0.04409;0.044589;0.044339;0.044902;0.044251;0.043519;0.043992;0.044166;0.043735;0.044577;0.045949;0.043554;0.043601;0.043268;0.044051;0.044347;0.04404;0.043957;0.043601;0.04383;0.044832;0.044237;0.044083;0.044082;0.04445;0.044087;0.043886;0.043558;0.044988;0.045386;0.044596;0.044242;0.043802;0.044029;0.044;0.043941;0.044554;0.043718;0.044971;0.045733;0.045254;0.044179;0.044511;0.043338;0.044266;0.045024;0.044844;0.04464;0.044756;0.043611;0.043708;0.043721;0.043429;0.043856;0.044377;0.043605;0.044062;0.043345;0.044467;0.044024;0.043798;0.043972;0.044465;0.045245;0.043833;0.045656;0.044756;0.044143;0.04348;0.044907;0.045709;0.044387;0.044733;0.044057;0.043635;0.044065;0.044033;0.044337;0.044664;0.045167;0.04489;0.043986;0.043855;0.044332;0.043241;0.043954;0.044774;0.044057;0.044332;0.043795;0.042803;0.043171;0.042947;0.044159;0.043553;0.04374;0.044719;0.044162;0.044399;0.042779;0.043147;0.044023;0.043594;0.043757;0.043517;0.04348;0.043677;0.043641;0.044174;0.044264;0.044803;0.043778;0.044065;0.044719;0.045009;0.044469;0.044302;0.044813;0.043837;0.044384;0.043199;0.044669;0.043583;0.044949;0.04391;0.043733;0.043261;0.042905;0.043394;0.043902;0.043341;0.043895;0.043544;0.044762;0.043653;0.044135;0.04394;0.044481;0.043741;0.044398;0.045315;0.043075;0.043422;0.043872;0.043716;0.043955;0.044031;0.043037;0.042953;0.043871;0.043397;0.043959;0.043533;0.043958;0.043586;0.043886;0.04454;0.044063;0.044504;0.044317;0.044858;0.044934;0.044395;0.045185;0.04439;0.044786;0.044133;0.045088;0.045102;0.044063;0.043652;0.043795;0.043812;0.043379;0.044198;0.043375;0.043724;0.043765;0.043261;0.045069;0.044159;0.044176;0.044331;0.045473;0.044475;0.043976;0.043656;0.043781;0.043606;0.043632;0.043941;0.043586;0.043532;0.044234;0.044091;0.04418;0.044209;0.043907;0.043625;0.043161;0.043494;0.045213;0.043411;0.043694;0.043807;0.043406;0.044199;0.043345;0.04353;0.043351;0.043423;0.043643;0.043573;0.044847;0.046008;0.043849;0.043732;0.043562;0.043986;0.043821;0.043972;0.043824;0.04314;0.043264;0.045287;0.044252;0.04467;0.044964;0.045287;0.045098;0.045025;0.045129;0.043993;0.044903;0.044406;0.0441;0.044855;0.04476;0.045234;0.046888;0.045309;0.044641;0.044855;0.044872;0.04499;0.045473;0.047084;0.044757;0.04536;0.044112;0.0443;0.044011;0.044038;0.045485;0.044633;0.044624;0.044661;0.048823;0.045017;0.044341;0.043628;0.043317;0.043165;0.042989;0.044017;0.043689;0.0436;0.044027;0.044013;0.045166;0.043445;0.04551;0.045332;0.044268;0.043472;0.043553;0.043204;0.044415;0.044054;0.043547;0.044093;0.043594;0.044067;0.043896;0.043687;0.045378;0.04408;0.044255;0.044629;0.044329;0.044071;0.04606;0.044827;0.044905;0.04479;0.045604;0.044725;0.044206;0.044079;0.044323;0.044157;0.044317;0.044242;0.043805;0.044025;0.043812;0.04372;0.043466;0.044046;0.044384;0.047008;0.044609;0.043967;0.043439;0.045051;0.044096;0.044208;0.044184;0.044437;0.044695;0.044893;0.045169;0.044243;0.043702;0.043332;0.044084;0.043752;0.04382;0.044433;0.043241;0.04419;0.044688;0.044187;0.044908;0.044201;0.044195;0.04603;0.043588;0.044315;0.044613;0.044565;0.044291;0.04389;0.043246;0.043153;0.043793;0.043361;0.043851;0.043331;0.043981;0.044006;0.043525;0.04359;0.044539;0.044111;0.043214;0.043955;0.043671;0.043832;0.045621;0.043611;0.044309;0.044612;0.04558;0.046477;0.047151;0.045474;0.044394;0.044358;0.044238;0.043793;0.044063;0.043807;0.04429;0.043638;0.043713;0.044085;0.043653;0.044592;0.043844;0.044152;0.044639;0.045213;0.043768;0.043444;0.044255;0.04458;0.044043;0.043856;0.044076;0.043551;0.043423;0.044175;0.044059;0.044229;0.044638;0.044207;0.043904;0.043983;0.044608;0.043961;0.043913;0.043632;0.044621;0.045161;0.043926;0.044053;0.043832;0.043788;0.043909;0.043476;0.044075;0.044316;0.044146;0.043622;0.044319;0.043708;0.047131;0.043887;0.04317;0.043313;0.043973;0.043704;0.043718;0.044224;0.043943;0.043167;0.046092;0.044938;0.045388;0.044857;0.045522;0.044554;0.044704;0.044635;0.044239;0.044334;0.04414;0.044502;0.044301;0.043948;0.043889;0.044046;0.045448;0.044137;0.044505;0.044779;0.045024;0.043839;0.045081;0.043107;0.044026;0.043812;0.043766;0.043202;0.044039;0.044096;0.044482;0.043557;0.044167;0.043976;0.04784;0.046006;0.053963;0.046651;0.044405;0.045144;0.045545;0.044431;0.044524;0.043642;0.045556;0.046121;0.044995;0.044578;0.044884;0.044812;0.045507;0.045336;0.050178;0.044387;0.044011;0.04394;0.043727;0.043242;0.0444;0.04394;0.044564;0.044364;0.044484;0.046314;0.044014;0.044133;0.044295;0.045102;0.044875;0.044528;0.044424;0.044589;0.043742;0.043831;0.044018;0.043801;0.044429;0.043931;0.043705;0.044204;0.043526;0.043756;0.043516;0.043953;0.043883;0.044607;0.044078;0.044702;0.0469;0.04529;0.043555;0.044949;0.044068;0.044053;0.044278;0.042927;0.043148;0.043984;0.044224;0.043918;0.04388;0.044208;0.044372;0.04449;0.044434;0.043372;0.043717;0.044173;0.044225;0.043762;0.04368;0.043998;0.047801;0.044946;0.043858;0.044431;0.044744;0.044259;0.044837;0.044794;0.04392;0.043667;0.043467;0.043688;0.044131;0.044603;0.043807;0.044407;0.044335;0.043915;0.044213;0.043525;0.043353;0.043958;0.04415;0.044824;0.043205;0.043974;0.043317;0.043874;0.044311;0.043539;0.04353;0.044127;0.043715;0.043515;0.043308;0.044469;0.043795;0.043843;0.04463;0.043325;0.043471;0.044319;0.044159;0.043806;0.044023;0.044969;0.043906;0.043537;0.043837;0.044025;0.044186;0.044485;0.044384;0.043918;0.045733;0.045536;0.044676;0.043285;0.043656;0.043417;0.043595;0.044437;0.043509;0.043917;0.044193;0.043286;0.043381;0.044135;0.045377;0.044255;0.044245;0.044261;0.044788;0.045016;0.044298;0.044126;0.043311;0.043417;0.043832;0.043815;0.044979;0.044329;0.044448;0.044318;0.043408;0.043521;0.04315;0.043315;0.044005;0.044067;0.043576;0.045188;0.044784;0.044828;0.043647;0.044598;0.044019;0.043635;0.044015;0.044171;0.042915;0.043666;0.04407;0.043622;0.044091;0.043542;0.043542;0.04402;0.04368;0.043549;0.043773;0.043124;0.04362;0.043919;0.045262;0.04348;0.044571;0.044989;0.044194;0.045283;0.044346;0.045059;0.043874;0.043922;0.043895;0.043668;0.043785;0.043826;0.043759;0.044136;0.043855;0.043259;0.043652;0.044103;0.043672;0.044922;0.051605;0.04528;0.044016;0.044057;0.044177;0.0434;0.043271;0.0436;0.043292;0.043812;0.043484;0.043421;0.0429;0.043612;0.044318;0.043331;0.043228;0.04388;0.043066;0.04416;0.043886;0.043615;0.04361;0.044535;0.043766;0.044126;0.043551;0.043862;0.043393;0.043492;0.043387;0.043492;0.044652;0.043696;0.043027;0.043836;0.043691;0.043552;0.043137;0.044109;0.043241;0.043427;0.043919;0.044157;0.043137;0.043359;0.045117;0.044426;0.044665;0.0441;0.044534;0.044436;0.044761;0.044318;0.044565;0.043254;0.04354;0.043821;0.04394;0.044476;0.043377;0.044003;0.044091;0.044657;0.044134;0.044184;0.043534;0.043846;0.044666;0.043552;0.044098;0.043498;0.043448;0.04359;0.044137;0.044036;0.043381;0.043247;0.044067;0.043263;0.043521;0.043316;0.043857;0.044419;0.043568;0.043266;0.042932;0.043503;0.044056;0.044263;0.043939;0.044397;0.044125;0.04349;0.043026;0.04373;0.043406;0.043763;0.043943;0.043809;0.043272;0.043925;0.044378;0.04369;0.044301;0.043253;0.044154;0.044316;0.044;0.043539;0.043638;0.044012;0.043509;0.04413;0.045297;0.044378;0.045465;0.045107;0.044947;0.044781;0.044583;0.044261;0.043868;0.043723;0.043923;0.043723;0.044092;0.043755;0.043732;0.043702;0.044188;0.044272;0.043611;0.044167;0.044524;0.044213;0.043966;0.045427;0.045402;0.044715;0.044541;0.04359;0.043718;0.043139;0.043742;0.043307;0.043955;0.043453;0.043585;0.043889;0.044207;0.043631;0.043807;0.044131;0.044137;0.044399;0.044655;0.044094;0.043531;0.045559;0.04436;0.044144;0.043875;0.044305;0.044532;0.04479;0.044073;0.043875;0.046113;0.043441;0.043847;0.044032;0.04312;0.042894;0.043309;0.04357;0.04374;0.043933;0.043566;0.043659;0.043079;0.043452;0.044681;0.043441;0.045075;0.043826;0.043998;0.043673;0.044018;0.04396;0.043376;0.043724;0.043693;0.043684;0.043509;0.043285;0.043963;0.043846;0.044299;0.043491;0.044113;0.043499;0.043111;0.044518;0.044161;0.04482;0.043306;0.043652;0.044126;0.044156;0.044395;0.044342;0.04418;0.044052;0.043439;0.044057;0.043748;0.044536;0.043596;0.044106;0.043538;0.043881;0.043285;0.043478;0.0437;0.04424;0.043854;0.045992;0.046771;0.045636;0.04592;0.046139;0.046335;0.045912;0.044676;0.045103;0.044584;0.045084;0.044755;0.044591;0.044242;0.044448;0.043851;0.044598;0.044029;0.043416;0.043858;0.044111;0.044137;0.043802;0.045432;0.043759;0.044961;0.044267;0.04424;0.044345;0.044277;0.044282;0.043491;0.043786;0.044328;0.043497;0.043383;0.043544;0.043913;0.043997;0.043675;0.044271;0.043707;0.043783;0.043628;0.043666;0.043459;0.04454;0.043853;0.04393;0.043655;0.043604;0.043789;0.043604;0.044167;0.044085;0.044098;0.043888;0.043867;0.043363;0.043979;0.044123;0.04377;0.043823;0.044307;0.044745;0.043678;0.044117;0.04382;0.045466;0.043774;0.044076;0.043781;0.043922;0.043929;0.044294;0.044267;0.043557;0.043397;0.043462;0.04417;0.04356;0.043889;0.043344;0.043376;0.043321;0.043679;0.043392;0.044167;0.044312;0.043673;0.043805;0.044579;0.04425;0.043337;0.043111;0.043712;0.043866;0.043994;0.044001;0.043925;0.043709;0.044024;0.043778;0.043772;0.043411;0.043819;0.044308;0.044076;0.043594;0.04518;0.043821;0.043999;0.043342;0.043706;0.045121;0.043469;0.044367;0.044295;0.044726;0.0443;0.043621;0.043917;0.043536;0.043313;0.043317;0.043866;0.043207;0.04351;0.04326;0.042875;0.044201;0.044271;0.043377;0.043668;0.043673;0.043785;0.043513;0.04493;0.045294;0.044404;0.043598;0.044386;0.043269;0.043832;0.043314;0.043861;0.043739;0.044407;0.044063;0.043997;0.04342;0.043159;0.042858;0.044157;0.043598;0.043953;0.04352;0.043037;0.044509;0.043581;0.044546;0.04371;0.044085;0.043039;0.04382;0.043829;0.043888;0.043912;0.044262;0.043558;0.043096;0.044255;0.04469;0.045036;0.044617;0.044584;0.043983;0.044348;0.04355;0.043483;0.043927;0.044037;0.045006;0.043652;0.044887;0.044685;0.044421;0.044941;0.044507;0.043698;0.043947;0.044157;0.043908;0.045082;0.043699;0.043517;0.043664;0.044108;0.044394;0.044141;0.043962;0.043815;0.043828;0.044069;0.044029;0.045318;0.043461;0.044117;0.044603;0.044517;0.044571;0.04481;0.045109;0.044153;0.043056;0.043172;0.043314;0.043301;0.044089;0.043815;0.042859;0.043319;0.04369;0.043905;0.043312;0.044011;0.042923;0.044401;0.044943;0.043532;0.044012;0.044725;0.044365;0.044125;0.043538;0.043556;0.043532;0.044127;0.043799;0.044372;0.043874;0.043781;0.044369;0.043744;0.043975;0.044033;0.043803;0.043737;0.044115;0.044054;0.045487;0.044075;0.045096;0.04499;0.043935;0.044506;0.044379;0.04449;0.043391;0.043978;0.043984;0.043888;0.043191;0.043411;0.043056;0.043618;0.043702;0.044455;0.044247;0.04377;0.04361;0.043946;0.043557;0.044717;0.045034;0.044307;0.045277;0.045359;0.043612;0.043935;0.044028;0.044084;0.043089;0.044336;0.043888;0.044079;0.04352;0.044324;0.043846;0.044059;0.04427;0.044499;0.043651;0.043852;0.043673;0.043772;0.044965;0.045195;0.044213;0.044272;0.044638;0.044271;0.044937;0.044118;0.04397;0.044247;0.043896;0.04654;0.044477;0.043996;0.044723;0.044243;0.045162;0.044747;0.04463;0.044179;0.044011;0.044042;0.045029;0.044229;0.044705;0.044499;0.044011;0.043778;0.043578;0.04441;0.043955;0.043891;0.044508;0.044495;0.045276;0.04497;0.04472;0.045094;0.044471;0.043385;0.04406;0.043489;0.044067;0.043984;0.044013;0.044416;0.043597;0.043641;0.043372;0.043185;0.043488;0.043228;0.043801;0.043892;0.043743;0.043165;0.043597;0.04411;0.043503;0.044293;0.043529;0.044874;0.045941;0.045152;0.04532;0.045862;0.044814;0.046384;0.044581;0.045241;0.044266;0.04504;0.04576;0.045998;0.046169;0.045277;0.045655;0.05412;0.04559;0.043792;0.044019;0.044342;0.04407;0.043903;0.04444;0.048228;0.044262;0.044299;0.045988;0.045666;0.043654;0.044525;0.044454;0.044386;0.043599;0.044392;0.043782;0.043104;0.043644;0.043979;0.044615;0.043865;0.043563;0.043928;0.044361;0.044233;0.043724;0.044373;0.043864;0.043535;0.043732;0.043514;0.044703;0.044551;0.044223;0.043513;0.044459;0.04385;0.043271;0.043519;0.043363;0.044074;0.04517;0.04362;0.044007;0.043814;0.044303;0.043938;0.045158;0.04433;0.044045;0.043921;0.043439;0.043301;0.043476;0.04484;0.043626;0.043731;0.043432;0.04481;0.044739;0.044476;0.044337;0.04366;0.043266;0.043562;0.043822;0.043167;0.043784;0.043719;0.043349;0.044364;0.044215;0.042733;0.043865;0.043893;0.043621;0.043276;0.044833;0.04324;0.043689;0.043615;0.043491;0.043762;0.044291;0.04371;0.044634;0.044285;0.04448;0.044538;0.044166;0.044678;0.044117;0.044126;0.044081;0.045256;0.044437;0.043618;0.044537;0.042763;0.045002;0.044007;0.044449;0.044705;0.044433;0.044594;0.044572;0.044437;0.043756;0.043474;0.043893;0.043592;0.043228;0.04366;0.043235;0.043482;0.043508;0.043823;0.04318;0.045063;0.044766;0.043573;0.043285;0.044964;0.044792;0.044224;0.044007;0.04495;0.044269;0.045023;0.043433;0.043408;0.043703;0.043763;0.043563;0.043032;0.04356;0.044444;0.044739;0.044655;0.045459;0.04472;0.04661;0.04464;0.043755;0.045136;0.043855;0.043643;0.043726;0.043181;0.043409;0.04359;0.043859;0.043091;0.043838;0.044356;0.04355;0.04405;0.044031;0.043568;0.043639;0.04361;0.044312;0.044093;0.043432;0.043861;0.043871;0.043666;0.045448;0.043683;0.044502;0.044882;0.045585;0.044399;0.04419;0.043622;0.043834;0.043465;0.043679;0.044874;0.04364;0.04367;0.042905;0.043875;0.044239;0.044261;0.043229;0.043971;0.043773;0.043619;0.043233;0.044622;0.043738;0.043609;0.044491;0.04377;0.044448;0.044343;0.044106;0.044667;0.044876;0.044453;0.043753;0.044379;0.044081;0.044063;0.044049;0.044154;0.043687;0.045679;0.044837;0.043992;0.043792;0.043192;0.059781;0.045171;0.044063;0.043771;0.044521;0.045236;0.044294;0.043884;0.04462;0.043985;0.044137;0.044216;0.044474;0.044712;0.044158;0.043981;0.044274;0.044267;0.043728;0.044939;0.044728;0.044826;0.046049;0.044958;0.044789;0.057674;0.045968;0.044968;0.043619;0.043703;0.043456;0.047017;0.044904;0.044042;0.045401;0.045992;0.044225;0.044654;0.046796;0.045447;0.045267;0.046282;0.046569;0.044914;0.051345;0.045827;0.04484;0.045083;0.051722;0.047701;0.046239;0.045894;0.044311;0.044452;0.044716;0.044844;0.043986;0.04352;0.044036;0.044208;0.043645;0.045527;0.043943;0.043205;0.044489;0.043387;0.04546;0.044047;0.044431;0.045099;0.044668;0.044951;0.04483;0.045136;0.045092;0.044722;0.045289;0.044912;0.044294;0.048574;0.045563;0.045332;0.044407;0.043844;0.043815;0.044381;0.044105;0.044121;0.045427;0.044333;0.044058;0.044777;0.04392;0.044637;0.044796;0.044369;0.044024;0.043193;0.043924;0.043539;0.043806;0.044445;0.044394;0.043717;0.044569;0.044258;0.043847;0.044427;0.045107;0.044794;0.04447;0.047439;0.044803;0.044113;0.044358;0.044284;0.043477;0.044171;0.044631;0.044518;0.050205;0.046915;0.044104;0.044005;0.043518;0.043916;0.044093;0.043802;0.043065;0.043713;0.044014;0.044046;0.043648;0.045637;0.044106;0.044326;0.044452;0.044413;0.046008;0.043401;0.043788;0.043603;0.043575;0.043886;0.043414;0.043861;0.043609;0.043727;0.043812;0.045031;0.044079;0.043376;0.043896;0.043311;0.043552;0.042962;0.045153;0.044867;0.044938;0.044519;0.044878;0.044663;0.044449;0.044584;0.043919;0.043838;0.043665;0.043507;0.04399;0.044872;0.044092;0.043604;0.044027;0.044067;0.04365;0.044539;0.044213;0.043796;0.045639;0.045684;0.04442;0.044427;0.044137;0.044071;0.043709;0.043926;0.0432;0.043378;0.044412;0.043735;0.044043;0.043432;0.042944;0.043476;0.0435;0.043647;0.044211;0.043642;0.043417;0.043811;0.043074;0.045275;0.044311;0.044553;0.044337;0.044982;0.044907;0.045158;0.044301;0.044393;0.044049;0.044203;0.043743;0.043585;0.043823;0.044095;0.044361;0.043815;0.043475;0.04402;0.043964;0.044202;0.046704;0.043546;0.044491;0.044738;0.044369;0.044369;0.043994;0.042924;0.043995;0.044228;0.042825;0.043191;0.043626;0.042515;0.043735;0.043664;0.043786;0.043754;0.043149;0.043511;0.043303;0.043287;0.043504;0.044168;0.045513;0.042972;0.043782;0.044412;0.044354;0.043547;0.043427;0.043658;0.043915;0.043668;0.04392;0.044232;0.044054;0.0437;0.043926;0.043288;0.043276;0.043734;0.043676;0.043659;0.043649;0.043161;0.044062;0.044923;0.04417;0.044254;0.044399;0.04458;0.044058;0.044398;0.04458;0.044048;0.043892;0.044376;0.044424;0.043861;0.043378;0.043665;0.044022;0.043452;0.043623;0.043596;0.043953;0.044205;0.044131;0.043461;0.04469;0.044642;0.044517;0.043234;0.043772;0.043589;0.043627;0.044292;0.043425;0.043495;0.043571;0.043714;0.044059;0.043391;0.042771;0.044094;0.043963;0.043863;0.043237;0.043907;0.044405;0.043742;0.044013;0.049474;0.044078;0.044896;0.04467;0.044255;0.044073;0.043841;0.043564;0.044028;0.043814;0.043195;0.043532;0.044077;0.044054;0.044464;0.044087;0.044246;0.045381;0.044111;0.043523;0.044102;0.043895;0.044718;0.043857;0.04487;0.04495;0.044014;0.04445;0.044284;0.043658;0.04445;0.044176;0.044265;0.043948;0.043645;0.043785;0.043856;0.043403;0.044191;0.043411;0.043852;0.045178;0.043141;0.04354;0.043859;0.045925;0.044675;0.04537;0.045019;0.043596;0.044422;0.043973;0.043877;0.044838;0.044997;0.044883;0.045877;0.045043;0.044199;0.045048;0.045056;0.044775;0.044194;0.045004;0.044279;0.045375;0.046429;0.047514;0.045093;0.044385;0.044944;0.04459;0.045954;0.045464;0.045917;0.045786;0.045843;0.044485;0.044218;0.045078;0.044768;0.04584;0.045428;0.045201;0.04505;0.046557;0.045162;0.045411;0.04408;0.051339;0.045924;0.048281;0.047752;0.044647;0.044992;0.044962;0.044266;0.044325;0.044274;0.043957;0.04415;0.044149;0.044565;0.044038;0.043557;0.044876;0.04489;0.04511;0.045002;0.045283;0.044842;0.04752;0.044316;0.044764;0.044791;0.044372;0.043929;0.044266;0.043862;0.043716;0.043506;0.044013;0.044085;0.043465;0.043336;0.044686;0.044532;0.043685;0.044497;0.044363;0.043923;0.044273;0.044303;0.044303;0.047383;0.04596;0.044557;0.04454;0.044922;0.046426;0.045193;0.044726;0.045863;0.048117;0.045937;0.0448;0.044645;0.045221;0.044373;0.044032;0.043961;0.045081;0.045198;0.044348;0.043936;0.044939;0.045745;0.045978;0.04493;0.043934;0.044648;0.048329;0.044548;0.044499;0.044377;0.044589;0.044653;0.045291;0.044312;0.044711;0.044348;0.044273;0.045643;0.044737;0.045813;0.043914;0.043713;0.044411;0.048771;0.0444;0.044478;0.043461;0.043956;0.043806;0.043422;0.043436;0.044106;0.045038;0.044272;0.043689;0.043437;0.043753;0.043689;0.044481;0.044274;0.0437;0.044255;0.043911;0.044222;0.043799;0.043979;0.046227;0.045743;0.045656;0.044824;0.04549;0.045796;0.043662;0.0436;0.043851;0.043518;0.043796;0.043897;0.04402;0.04372;0.043471;0.043926;0.043825;0.043737;0.043886;0.043308;0.043549;0.043011;0.045761;0.043372;0.044165;0.044306;0.044769;0.043059;0.043962;0.043824;0.045445;0.043586;0.043936;0.043855;0.043468;0.043998;0.044216;0.043331;0.044115;0.043716;0.043538;0.043804;0.043426;0.043709;0.044454;0.046372;0.044045;0.044033;0.044667;0.044594;0.044971;0.044627;0.044937;0.044418;0.044497;0.04535;0.044825;0.044675;0.044518;0.044527;0.044681;0.044025;0.04532;0.044775;0.046315;0.044437;0.044743;0.046417;0.046448;0.045255;0.045525;0.044477;0.045352;0.044385;0.044435;0.045189;0.045485;0.046561;0.044374;0.044781;0.044828;0.044616;0.044518;0.045503;0.044834;0.044886;0.044645;0.044456;0.044567;0.047688;0.044542;0.044487;0.045024;0.044571;0.044317;0.044107;0.044533;0.044021;0.043968;0.044262;0.044255;0.044564;0.043916;0.044537;0.044204;0.044022;0.044522;0.043855;0.043818;0.044494;0.045048;0.044584;0.063863;0.04499;0.044838;0.044335;0.044916;0.045366;0.044527;0.043574;0.043794;0.044392;0.044098;0.043785;0.043847;0.043693;0.043932;0.043802;0.0444;0.04363;0.044625;0.043528;0.043476;0.044063;0.045054;0.045117;0.045151;0.044469;0.045003;0.045733;0.04434;0.044012;0.044552;0.044325;0.044297;0.044178;0.043535;0.043705;0.044338;0.044292;0.043841;0.04403;0.04378;0.04407;0.044349;0.043376;0.043751;0.045998;0.044571;0.045037;0.044554;0.044327;0.044201;0.043893;0.04382;0.04404;0.044524;0.043787;0.044195;0.043785;0.044044;0.043245;0.043344;0.043951;0.043507;0.042922;0.043289;0.044145;0.044721;0.045225;0.043969;0.04403;0.044527;0.044409;0.044603;0.043753;0.043936;0.044086;0.043745;0.04478;0.044165;0.043351;0.04439;0.043588;0.043569;0.043428;0.044025;0.043516;0.044223;0.045047;0.044517;0.04389;0.046242;0.044954;0.04457;0.04483;0.044178;0.044395;0.043763;0.043775;0.043796;0.045052;0.043986;0.043907;0.043697;0.044196;0.043801;0.04379;0.044263;0.044096;0.043834;0.043408;0.044122;0.043636;0.043447;0.052672;0.044784;0.044342;0.044628;0.04433;0.043745;0.044214;0.043349;0.043715;0.043924;0.043602;0.043273;0.043556;0.044167;0.044235;0.044306;0.044325;0.04536;0.045519;0.044917;0.044448;0.044175;0.045879;0.044573;0.044644;0.044713;0.044552;0.045111;0.044449;0.044603;0.045294;0.044612;0.044592;0.04413;0.045088;0.044888;0.044277;0.0447;0.044871;0.044314;0.044647;0.04469;0.044208;0.045652;0.045804;0.045435;0.04497;0.044082;0.044289;0.044308;0.044865;0.044421;0.044598;0.043607;0.044978;0.044836;0.043956;0.045029;0.044824;0.044904;0.043859;0.045425;0.044063;0.043186;0.043586;0.043602;0.04384;0.046455;0.044277;0.044857;0.044769;0.044679;0.0447;0.044127;0.044633;0.045082;0.044061;0.043579;0.043424;0.043327;0.043725;0.044085;0.044172;0.044361;0.043646;0.043359;0.043833;0.043542;0.044237;0.045369;0.043376;0.044285;0.044685;0.044684;0.043832;0.043889;0.044281;0.044325;0.043226;0.043102;0.042954;0.043488;0.04352;0.043043;0.043293;0.044251;0.044241;0.044133;0.043446;0.043332;0.043507;0.044321;0.046039;0.044432;0.044618;0.044475;0.04507;0.044676;0.043601;0.043511;0.044386;0.043693;0.043521;0.043744;0.043934;0.043772;0.044066;0.04399;0.043187;0.043604;0.043476;0.043932;0.043643;0.044644;0.044494;0.044769;0.043785;0.045085;0.045241;0.045125;0.044855;0.045053;0.045039;0.044717;0.043954;0.043478;0.043851;0.043536;0.043639;0.044379;0.043846;0.044363;0.043741;0.044143;0.04429;0.043732;0.043491;0.045499;0.04339;0.044111;0.044501;0.044488;0.044277;0.043061;0.043369;0.043731;0.04331;0.043337;0.043361;0.04396;0.043618;0.044001;0.045363;0.043425;0.043872;0.044082;0.043805;0.043308;0.043309;0.043476;0.044413;0.043938;0.044814;0.044327;0.04394;0.044432;0.044195;0.04374;0.044069;0.0448;0.044068;0.04351;0.043288;0.043207;0.043194;0.043687;0.045049;0.043751;0.043456;0.043225;0.043517;0.044349;0.044018;0.044897;0.04347;0.043491;0.043497;0.043847;0.04395;0.043607;0.043342;0.043731;0.043628;0.043016;0.043458;0.043069;0.043748;0.043526;0.044037;0.043941;0.045102;0.04347;0.043063;0.043448;0.044073;0.043782;0.044852;0.043819;0.043847;0.043766;0.043989;0.042628;0.043838;0.044047;0.043625;0.043733;0.043716;0.043401;0.043611;0.043605;0.043904;0.04413;0.044018;0.043634;0.044806;0.043717;0.043705;0.043553;0.043667;0.044447;0.043562;0.04374;0.043703;0.043428;0.043521;0.043857;0.044324;0.044311;0.043825;0.043579;0.043515;0.042855;0.043704;0.04328;0.04308;0.043779;0.043766;0.043936;0.04408;0.044083;0.043407;0.043431;0.044817;0.045932;0.042979;0.043371;0.043316;0.044318;0.043805;0.043959;0.043694;0.04353;0.043335;0.043697;0.044101;0.04382;0.043775;0.044037;0.043599;0.043537;0.044046;0.043665;0.043674;0.043908;0.045194;0.043431;0.044087;0.043284;0.043902;0.043929;0.043458;0.044058;0.04379;0.043784;0.043983;0.043576;0.043163;0.043747;0.044115;0.043629;0.044251;0.043366;0.044474;0.043501;0.043617;0.043406;0.043529;0.044858;0.044074;0.044244;0.043581;0.043692;0.043815;0.043597;0.043665;0.043418;0.043322;0.043789;0.043601;0.043951;0.043333;0.043697;0.043582;0.043574;0.044067;0.043911;0.044083;0.043577;0.044414;0.043515;0.044388;0.043743;0.044039;0.044173;0.043489;0.044927;0.044135;0.044277;0.043852;0.043561;0.044043;0.04379;0.044067;0.043528;0.044101;0.043768;0.044314;0.043809;0.043987;0.043399;0.043056;0.044143;0.043941;0.044675;0.042641;0.04348;0.043444;0.043984;0.043669;0.044985;0.044225;0.043824;0.04378;0.043804;0.044069;0.043559;0.04357;0.04353;0.043078;0.043285;0.04411;0.043568;0.043934;0.043798;0.044112;0.043399;0.045525;0.04375;0.044146;0.043368;0.043625;0.043529;0.043847;0.044125;0.044363;0.043367;0.043643;0.043263;0.043719;0.043685;0.043794;0.044346;0.043208;0.043958;0.044189;0.04397;0.043672;0.044034;0.045572;0.043923;0.043131;0.044201;0.044226;0.043816;0.043455;0.044165;0.04391;0.044014;0.044941;0.044337;0.043793;0.043801;0.043825;0.043944;0.044026;0.043744;0.044093;0.04338;0.043748;0.043767;0.043844;0.04419;0.043869;0.043898;0.043531;0.043548;0.044531;0.044179;0.044175;0.043757;0.043503;0.044346;0.044822;0.043729;0.043977;0.043998;0.044612;0.04426;0.044421;0.043481;0.044296;0.044333;0.044239;0.044078;0.044588;0.043264;0.043256;0.042853;0.043223;0.044156;0.043937;0.043793;0.044315;0.043836;0.043562;0.043558;0.043766;0.043732;0.044127;0.043628;0.043908;0.043397;0.042996;0.043331;0.043883;0.044294;0.043579;0.04512;0.043689;0.04428;0.042822;0.043503;0.043525;0.044068;0.043947;0.04314;0.043372;0.043448;0.043959;0.0445;0.0438;0.043688;0.044309;0.043657;0.043785;0.043432;0.043264;0.044399;0.043545;0.044483;0.043547;0.043755;0.043893;0.043932;0.044087;0.044536;0.043902;0.043249;0.04402;0.045101;0.043964;0.044075;0.043413;0.043513;0.043884;0.04382;0.043809;0.043563;0.043472;0.043559;0.043789;0.043308;0.044103;0.043681;0.043924;0.043932;0.043712;0.044186;0.043893;0.044118;0.043456;0.043382;0.043177;0.042919;0.043134;0.044294;0.043979;0.044814;0.043664;0.043622;0.044204;0.043367;0.044069;0.044502;0.044515;0.044981;0.043713;0.045689;0.045446;0.04486;0.044497;0.044171;0.04376;0.044379;0.043944;0.04347;0.044163;0.04358;0.045223;0.044221;0.04344;0.043797;0.043494;0.044126;0.043826;0.043909;0.043737;0.043189;0.045123;0.044151;0.043923;0.043853;0.04376;0.043713;0.043575;0.044532;0.044062;0.043698;0.043594;0.044053;0.043569;0.044315;0.043942;0.043971;0.043857;0.043968;0.043497;0.043779;0.043946;0.043639;0.044273;0.043097;0.04383;0.044403;0.044066;0.04409;0.043596;0.043525;0.043204;0.043585;0.045713;0.044169;0.043435;0.043881;0.043743;0.043877;0.043428;0.043754;0.043854;0.042974;0.043983;0.043063;0.043641;0.045578;0.04357;0.043645;0.043462;0.044053;0.044089;0.043828;0.043746;0.044152;0.04354;0.043727;0.043414;0.04348;0.043544;0.044104;0.043563;0.043559;0.044037;0.043341;0.043651;0.043762;0.04416;0.043943;0.04532;0.043953;0.043506;0.043161;0.043688;0.044328;0.044222;0.044075;0.043366;0.044058;0.044452;0.043938;0.043971;0.043559;0.043219;0.04394;0.043558;0.043572;0.04519;0.043784;0.043779;0.044178;0.044032;0.045213;0.044032;0.043729;0.042817;0.044028;0.043654;0.043716;0.04445;0.043313;0.043845;0.043766;0.043941;0.043374;0.043724;0.043908;0.043862;0.04406;0.043814;0.043618;0.043718;0.043575;0.043381;0.043363;0.046173;0.044063;0.043266;0.043709;0.043717;0.044165;0.043803;0.044492;0.044198;0.043588;0.043679;0.044485;0.043412;0.044416;0.044109;0.043671;0.044116;0.043964;0.043869;0.04368;0.043299;0.043361;0.044735;0.043717;0.043672;0.043635;0.043488;0.043953;0.043703;0.045141;0.044227;0.043665;0.043705;0.043614;0.044137;0.044328;0.043921;0.043732;0.043924;0.044188;0.044074;0.044456;0.043591;0.043776;0.044287;0.044993;0.04377;0.04439;0.044112;0.043639;0.044116;0.043746;0.043896;0.044289;0.043665;0.043595;0.04386;0.044356;0.044012;0.044026;0.044282;0.043336;0.044433;0.04386;0.044102;0.043383;0.043539;0.04457;0.045464;0.043971;0.043528;0.043097;0.043243;0.044132;0.043635;0.044007;0.043691;0.04351;0.043627;0.044037;0.043067;0.043114;0.043711;0.043609;0.043907;0.04299;0.043487;0.043751;0.043897;0.043391;0.043491;0.044542;0.044501;0.043454;0.043873;0.044002;0.043618;0.043674;0.043679;0.044453;0.044324;0.044276;0.04343;0.043352;0.044196;0.043951;0.043451;0.043495;0.043569;0.044318;0.04377;0.04373;0.043353;0.04382;0.044192;0.04373;0.043797;0.043659;0.043604;0.043995;0.045657;0.04392;0.043921;0.043897;0.043748;0.043797;0.043367;0.043653;0.043426;0.043639;0.043757;0.044075;0.044042;0.04376;0.043687;0.044252;0.044931;0.043811;0.043329;0.043607;0.043977;0.043819;0.044056;0.043714;0.043937;0.043621;0.04377;0.043942;0.043487;0.044403;0.043721;0.043669;0.043374;0.043412;0.043645;0.043429;0.044427;0.043515;0.042803;0.045031;0.043676;0.043465;0.043788;0.043984;0.043824;0.043763;0.044527;0.043796;0.043273;0.043447;0.043717;0.043762;0.043958;0.043201;0.043372;0.043477;0.043442;0.043578;0.044052;0.043872;0.043742;0.043718;0.044772;0.043676;0.043577;0.043138;0.043386;0.043644;0.043354;0.043884;0.043539;0.043545;0.044783;0.044278;0.043333;0.043671;0.043636;0.044028;0.043709;0.043669;0.043888;0.043255;0.043816;0.044329;0.043253;0.044861;0.044315;0.04366;0.04372;0.044047;0.044346;0.04417;0.043508;0.043803;0.0434;0.043286;0.045232;0.044351;0.044044;0.044866;0.044086;0.043922;0.043925;0.043989;0.043344;0.043734;0.043591;0.044297;0.044564;0.043595;0.04419;0.04364;0.043206;0.043183;0.04353;0.044063;0.043581;0.044234;0.044312;0.04389;0.043686;0.043687;0.044583;0.04403;0.043597;0.045007;0.043364;0.043592;0.043392;0.043932;0.045013;0.04343;0.043299;0.043468;0.043435;0.04334;0.04398;0.043429;0.043437;0.043742;0.044131;0.043771;0.044428;0.043968;0.043533;0.043857;0.043936;0.04377;0.044107;0.043345;0.043493;0.043443;0.043758;0.044879;0.043098;0.043563;0.043549;0.043311;0.044104;0.043649;0.043717;0.044078;0.043491;0.043322;0.043658;0.043625;0.044034;0.043279;0.04353;0.043317;0.043839;0.044015;0.043826;0.043847;0.043455;0.043839;0.044745;0.043133;0.043293;0.043268;0.044161;0.043271;0.043481;0.043537;0.042951;0.043707;0.043779;0.043798;0.045229;0.043026;0.04338;0.044004;0.043202;0.044198;0.043481;0.043336;0.043468;0.042979;0.043105;0.044527;0.044368;0.044055;0.043507;0.044178;0.043558;0.043793;0.043504;0.044796;0.044146;0.043891;0.043641;0.043168;0.043527;0.04407;0.043774;0.043088;0.044201;0.043619;0.043991;0.043895;0.044192;0.043626;0.044644;0.043369;0.043916;0.04304;0.043247;0.043581;0.043437;0.043551;0.043464;0.044455;0.044422;0.043479;0.044081;0.044442;0.043917;0.044034;0.043386;0.04355;0.043803;0.043409;0.044167;0.0436;0.043822;0.044495;0.043816;0.044365;0.044089;0.043078;0.044007;0.044208;0.043362;0.043142;0.044057;0.043649;0.043361;0.044038;0.043274;0.044184;0.043725;0.044115;0.043436;0.043455;0.043688;0.043976;0.043621;0.044777;0.043348;0.043117;0.043585;0.043886;0.043196;0.043664;0.044183;0.044029;0.043194;0.043753;0.043693;0.043914;0.044176;0.043695;0.043804;0.043468;0.043455;0.043415;0.044375;0.044095;0.043395;0.043723;0.046579;0.044079;0.043673;0.043629;0.043755;0.043336;0.043733;0.04456;0.044201;0.043385;0.043855;0.04398;0.043625;0.044422;0.043896;0.04386;0.043457;0.043774;0.043625;0.043132;0.043946;0.044043;0.044026;0.046136;0.045163;0.043791;0.043998;0.043314;0.04324;0.043805;0.043976;0.043569;0.0435;0.043664;0.043336;0.043211;0.043925;0.043811;0.043463;0.043711;0.04357;0.043841;0.043687;0.044394;0.044084;0.043593;0.044686;0.043949;0.044124;0.043947;0.043686;0.044257;0.043774;0.043526;0.043949;0.043848;0.043968;0.04361;0.044063;0.044031;0.043627;0.043793;0.043423;0.043208;0.044377;0.044166;0.04331;0.044058;0.043686;0.044282;0.043705;0.043684;0.043803;0.04433;0.04391;0.043628;0.043972;0.043816;0.043637;0.044326;0.043877;0.044426;0.043275;0.043575;0.043844;0.043715;0.043559;0.043387;0.044258;0.043452;0.044586;0.04417;0.043957;0.043353;0.044013;0.044277;0.04345;0.044025;0.043616;0.043577;0.043046;0.04462;0.043834;0.043814;0.043324;0.043973;0.043177;0.043918;0.042904;0.044023;0.043296;0.043626;0.04331;0.043817;0.044959;0.042735;0.044402;0.044252;0.043718;0.043474;0.04397;0.043598;0.043435;0.043611;0.043092;0.043675;0.043535;0.043555;0.043505;0.043712;0.045706;0.043984;0.043915;0.044175;0.043273;0.044268;0.043787;0.044528;0.043892;0.04365;0.044937;0.044916;0.043637;0.043706;0.043528;0.043536;0.043899;0.043476;0.043874;0.043862;0.04385;0.043583;0.043355;0.044314;0.043579;0.043633;0.043231;0.043431;0.044465;0.044991;0.044226;0.043716;0.044923;0.045423;0.044303;0.044499;0.043188;0.044389;0.043525;0.043447;0.044287;0.044157;0.043863;0.044004;0.04452;0.043719;0.044241;0.043775;0.043125;0.044135;0.043525;0.043332;0.04321;0.044859;0.043732;0.043991;0.043597;0.043712;0.04345;0.043384;0.0439;0.043161;0.043856;0.043473;0.043113;0.043485;0.043244;0.043725;0.043954;0.043259;0.04396;0.043698;0.043485;0.044175;0.043181;0.045346;0.043161;0.04334;0.043742;0.043401;0.043595;0.043812;0.044241;0.043704;0.043816;0.044016;0.044447;0.043933;0.043392;0.043974;0.043042;0.043837;0.043661;0.043896;0.044169;0.043395;0.044183;0.043948;0.044633;0.043438;0.043951;0.044376;0.044398;0.043487;0.044052;0.044105;0.043617;0.043278;0.043499;0.043985;0.043289;0.043728;0.043491;0.043828;0.043607;0.043942;0.044011;0.043995;0.044027;0.043925;0.043522;0.063874;0.043467;0.043609;0.043758;0.045501;0.043984;0.043375;0.043638;0.043905;0.043773;0.044064;0.043879;0.044241;0.043243;0.04355;0.043786;0.043952;0.043706;0.043407;0.044131;0.043755;0.043874;0.04489;0.044006;0.043846;0.04359;0.044139;0.044206;0.044161;0.044029;0.043988;0.043984;0.043535;0.043622;0.043575;0.043917;0.043826;0.04361;0.043706;0.043653;0.043551;0.043858;0.043101;0.043502;0.043223;0.045424;0.04362;0.04435;0.043972;0.044308;0.044353;0.043241;0.044028;0.044067;0.043711;0.043864;0.044022;0.043937;0.04395;0.043914;0.043704;0.043269;0.043775;0.043991;0.043944;0.043457;0.043627;0.044063;0.045543;0.043233;0.043733;0.04327;0.044465;0.043937;0.044357;0.044488;0.044634;0.044284;0.043624;0.043662;0.043954;0.043958;0.043911;0.044182;0.043678;0.044201;0.044352;0.043824;0.044585;0.043808;0.044201;0.045484;0.044245;0.044608;0.044665;0.043996;0.044395;0.043579;0.043655;0.043258;0.045137;0.044095;0.043633;0.044017;0.044111;0.044317;0.043651;0.043838;0.043735;0.043963;0.043721;0.043516;0.043973;0.045575;0.044143;0.045408;0.044418;0.044344;0.044078;0.043577;0.043966;0.043498;0.044667;0.043968;0.044088;0.04338;0.043981;0.044192;0.043339;0.043484;0.043732;0.043927;0.042951;0.043701;0.044003;0.04423;0.044914;0.044612;0.045277;0.045594;0.044221;0.044292;0.043814;0.04452;0.043937;0.043883;0.04441;0.043869;0.043781;0.043696;0.04432;0.044443;0.043685;0.043967;0.04406;0.043355;0.04453;0.043946;0.043572;0.045148;0.044538;0.044105;0.04452;0.043752;0.043484;0.044506;0.044061;0.043949;0.044087;0.043797;0.043631;0.043482;0.04348;0.044233;0.043884;0.043489;0.043053;0.043524;0.04328;0.043902;0.043743;0.045146;0.04417;0.044578;0.044341;0.044035;0.045143;0.043878;0.043748;0.044007;0.043288;0.04348;0.044555;0.043654;0.044139;0.044301;0.044023;0.0434;0.043947;0.043171;0.04429;0.043893;0.043443;0.043656;0.044697;0.043774;0.045012;0.044084;0.044847;0.044288;0.043736;0.0434;0.043553;0.044359;0.043361;0.04534;0.045524;0.044042;0.043575;0.043873;0.044078;0.044057;0.043521;0.043896;0.043646;0.044158;0.044025;0.0448;0.044008;0.043918;0.044554;0.04362;0.043483;0.043506;0.043871;0.043531;0.043515;0.04371;0.043538;0.043962;0.043961;0.04366;0.044266;0.044473;0.043975;0.043785;0.043987;0.044143;0.043753;0.045446;0.043887;0.044288;0.044253;0.043703;0.043633;0.043387;0.043523;0.043223;0.04431;0.04355;0.043358;0.043253;0.043852;0.044711;0.043835;0.043334;0.043696;0.043741;0.044271;0.043386;0.04426;0.044224;0.04508;0.04347;0.043996;0.044802;0.043503;0.043426;0.044068;0.044038;0.043447;0.044171;0.043702;0.043827;0.043615;0.043647;0.043348;0.044095;0.043662;0.043524;0.043561;0.04353;0.043831;0.04415;0.043605;0.045289;0.044118;0.043392;0.044065;0.043932;0.043975;0.043915;0.043884;0.044341;0.043158;0.043165;0.043982;0.043691;0.043316;0.044193;0.044156;0.044198;0.044087;0.043892;0.043477;0.044015;0.043313;0.043992;0.045118;0.043989;0.043655;0.04405;0.043917;0.043892;0.043717;0.043774;0.044479;0.044341;0.044892;0.044089;0.043644;0.044083;0.04405;0.043485;0.043678;0.043256;0.043419;0.044539;0.043886;0.043551;0.043541;0.044834;0.043714;0.04302;0.044031;0.043263;0.04364;0.043378;0.044189;0.043657;0.043229;0.044081;0.043519;0.043427;0.043646;0.04335;0.043503;0.044038;0.043655;0.043745;0.045136;0.043329;0.043511;0.045873;0.043934;0.04331;0.044123;0.044051;0.043962;0.04377;0.043703;0.043291;0.043217;0.043891;0.042912;0.043834;0.04399;0.043361;0.044353;0.043775;0.043035;0.043657;0.043964;0.043316;0.043508;0.044044;0.044924;0.043648;0.044047;0.04382;0.044388;0.044351;0.044004;0.044771;0.043727;0.043557;0.043203;0.044064;0.044042;0.043674;0.043947;0.043707;0.044006;0.043324;0.044268;0.043997;0.044043;0.044225;0.043682;0.044987;0.044407;0.043254;0.043801;0.043997;0.044166;0.043931;0.04401;0.04389;0.044003;0.044036;0.044186;0.043656;0.043744;0.044257;0.043629;0.043379;0.0439;0.043744;0.044342;0.044388;0.0443;0.043802;0.046507;0.044158;0.045521;0.044759;0.045413;0.044288;0.043698;0.043886;0.04353;0.043653;0.043604;0.04368;0.044195;0.044168;0.043465;0.04433;0.043951;0.043759;0.043635;0.043449;0.044069;0.04335;0.04522;0.043327;0.043612;0.043517;0.043286;0.04377;0.042964;0.044308;0.043711;0.043679;0.043695;0.043856;0.044065;0.043911;0.043494;0.043626;0.043663;0.044069;0.043547;0.043831;0.044068;0.04418;0.043839;0.044641;0.042951;0.043474;0.043524;0.042769;0.04338;0.042782;0.042991;0.043488;0.043541;0.043297;0.043027;0.043609;0.04346;0.043505;0.043401;0.043763;0.043679;0.042991;0.043849;0.043604;0.043306;0.044065;0.045509;0.043642;0.04339;0.043352;0.042946;0.043484;0.044553;0.043707;0.043588;0.043801;0.043784;0.043416;0.043267;0.043999;0.043854;0.043294;0.043808;0.043824;0.043884;0.043404;0.042907;0.044015;0.043825;0.044889;0.043335;0.043623;0.044067;0.043718;0.043937;0.04401;0.044105;0.044506;0.043928;0.043958;0.043401;0.043494;0.043138;0.044104;0.044058;0.043751;0.044253;0.04393;0.043498;0.044487;0.043753;0.04388;0.044445;0.043826;0.044111;0.043203;0.043653;0.043575;0.043412;0.043901;0.043567;0.0445;0.043455;0.043914;0.043888;0.043829;0.043207;0.043927;0.043774;0.043684;0.043333;0.04429;0.043765;0.043377;0.04335;0.045062;0.043856;0.043134;0.043925;0.043937;0.043901;0.043675;0.044672;0.043775;0.04335;0.043207;0.043931;0.043673;0.043865;0.042972;0.043189;0.043235;0.043091;0.043306;0.043223;0.044739;0.043187;0.043882;0.045151;0.044283;0.044421;0.044287;0.04482;0.044358;0.04387;0.044176;0.043605;0.044532;0.044165;0.044686;0.045037;0.043812;0.042912;0.043275;0.043453;0.043814;0.043581;0.043314;0.043673;0.04391;0.04543;0.043764;0.043978;0.04541;0.044397;0.044719;0.044686;0.045167;0.04422;0.044096;0.044014;0.043479;0.043864;0.043327;0.043747;0.044156;0.044247;0.04442;0.04347;0.04342;0.04365;0.043966;0.043306;0.045052;0.044859;0.044448;0.044799;0.043909;0.044301;0.04433;0.0438;0.044542;0.044226;0.044511;0.045071;0.044278;0.044182;0.044162;0.044837;0.044944;0.044163;0.044413;0.044283;0.04406;0.04356;0.045746;0.04333;0.043796;0.044921;0.044161;0.044931;0.044841;0.044887;0.043733;0.043283;0.043779;0.044049;0.043501;0.044072;0.043759;0.043774;0.044108;0.044334;0.043868;0.043799;0.043996;0.043792;0.042885;0.044589;0.043557;0.04354;0.043568;0.043574;0.0435;0.043383;0.044161;0.044096;0.044684;0.043834;0.044107;0.043318;0.043529;0.043916;0.044225;0.043251;0.043714;0.043767;0.043111;0.043509;0.043304;0.04432;0.044514;0.043574;0.043954;0.043679;0.043456;0.043721;0.044288;0.043477;0.043863;0.044219;0.044374;0.044725;0.043306;0.044889;0.043645;0.043521;0.043253;0.044267;0.043815;0.044257;0.044513;0.044031;0.043802;0.044791;0.043106;0.043306;0.043447;0.043917;0.043446;0.04397;0.042977;0.042753;0.043189;0.043505;0.043629;0.043888;0.042768;0.043742;0.043901;0.043447;0.043692;0.043305;0.043731;0.043408;0.043806;0.043817;0.045666;0.04467;0.044429;0.0446;0.045015;0.044832;0.044344;0.044465;0.044304;0.044959;0.044548;0.045008;0.046503;0.04409;0.044905;0.044484;0.043982;0.044285;0.044267;0.044591;0.044533;0.044606;0.046283;0.044084;0.045004;0.044598;0.044316;0.044407;0.044908;0.045166;0.044717;0.044875;0.044555;0.044736;0.044843;0.045227;0.04495;0.044554;0.045398;0.044326;0.04565;0.04571;0.044761;0.04365;0.046302;0.044061;0.044241;0.044431;0.044717;0.043914;0.043871;0.043188;0.042824;0.043944;0.04364;0.044018;0.043994;0.043958;0.043588;0.043842;0.043576;0.043847;0.04349;0.042796;0.045115;0.043583;0.043055;0.044892;0.044559;0.044527;0.044423;0.043239;0.043592;0.044003;0.04381;0.043661;0.042976;0.043517;0.043248;0.043536;0.043783;0.043644;0.044343;0.044086;0.044105;0.04412;0.0434;0.043667;0.04447;0.043961;0.045161;0.043993;0.044078;0.045733;0.044036;0.044232;0.044355;0.043799;0.043454;0.042885;0.043516;0.044674;0.043954;0.043104;0.042937;0.043162;0.043066;0.043578;0.043049;0.043227;0.043411;0.043131;0.043475;0.04573;0.043956;0.044249;0.0443;0.044496;0.043975;0.043549;0.044338;0.043564;0.043355;0.043322;0.04394;0.044097;0.044111;0.044481;0.04337;0.043416;0.04371;0.043956;0.043834;0.044276;0.043681;0.045018;0.043435;0.045536;0.044336;0.044501;0.044012;0.044557;0.044642;0.043423;0.043438;0.043405;0.043517;0.043897;0.044103;0.044586;0.044619;0.044813;0.044092;0.04308;0.044166;0.042821;0.043195;0.043206;0.044988;0.044004;0.043555;0.04323;0.043411;0.043536;0.043948;0.043089;0.043507;0.043703;0.044072;0.043907;0.043527;0.044425;0.043979;0.044117;0.044244;0.043161;0.044079;0.04429;0.043871;0.043785;0.043308;0.044845;0.04343;0.044383;0.044372;0.044109;0.043388;0.04306;0.042944;0.043552;0.043896;0.04382;0.043578;0.043327;0.044184;0.044012;0.04276;0.043429;0.043205;0.044258;0.04473;0.043454;0.042798;0.04388;0.044421;0.043153;0.04385;0.043443;0.043371;0.043634;0.043183;0.043791;0.043681;0.04311;0.043808;0.045548;0.044295;0.04323;0.043417;0.043404;0.043731;0.04378;0.043884;0.043961;0.04313;0.043775;0.043714;0.044796;0.044394;0.043858;0.043846;0.043752;0.044033;0.044043;0.044164;0.043847;0.04359;0.043853;0.043633;0.043272;0.043813;0.043608;0.04389;0.044025;0.044384;0.044317;0.044165;0.043536;0.043929;0.04514;0.044112;0.04415;0.044205;0.04339;0.04341;0.043072;0.043035;0.043927;0.04347;0.043476;0.043992;0.043604;0.043754;0.043912;0.043649;0.043561;0.043047;0.04335;0.043595;0.045022;0.043925;0.043529;0.044242;0.043734;0.044414;0.044552;0.04437;0.043799;0.043805;0.043519;0.043832;0.044221;0.044218;0.043682;0.044178;0.043834;0.044058;0.043735;0.04398;0.043955;0.044177;0.043641;0.043496;0.043689;0.04406;0.04496;0.044128;0.045604;0.045014;0.044732;0.043644;0.044266;0.044255;0.044078;0.043674;0.044681;0.043685;0.044103;0.043788;0.04352;0.043388;0.043395;0.043683;0.043563;0.043819;0.043337;0.043797;0.044329;0.044238;0.043724;0.043422;0.043361;0.043626;0.043994;0.043427;0.043299;0.04464;0.043636;0.043553;0.043612;0.044306;0.04309;0.043722;0.04385;0.044322;0.043573;0.043721;0.043882;0.043725;0.043486;0.043769;0.044342;0.043507;0.043758;0.042657;0.043076;0.043404;0.043491;0.043648;0.043727;0.043402;0.04376;0.043216;0.04319;0.043684;0.043588;0.044199;0.043527;0.043566;0.044223;0.043261;0.043821;0.04363;0.043254;0.044232;0.043965;0.043956;0.043518;0.043193;0.044333;0.043779;0.043956;0.043524;0.043743;0.04379;0.043086;0.044125;0.043516;0.044149;0.044509;0.043759;0.043275;0.04337;0.043862;0.044066;0.043397;0.044889;0.044059;0.043715;0.044085;0.043707;0.043534;0.043188;0.042967;0.04335;0.043703;0.04364;0.043582;0.043974;0.042963;0.0434;0.043216;0.043294;0.043071;0.043385;0.043362;0.043706;0.04367;0.043727;0.045352;0.043714;0.043685;0.043901;0.043332;0.043255;0.04327;0.043968;0.043317;0.043677;0.043448;0.04417;0.043388;0.043842;0.043887;0.043725;0.043637;0.043929;0.043048;0.043453;0.043255;0.044239;0.043658;0.044435;0.04348;0.044137;0.044273;0.04374;0.043476;0.044577;0.043746;0.043922;0.043802;0.04396;0.044076;0.043676;0.043849;0.044515;0.043687;0.043275;0.043897;0.044194;0.043719;0.044408;0.043733;0.043327;0.0446;0.043367;0.043335;0.043326;0.043422;0.043792;0.042959;0.043281;0.042706;0.043827;0.043667;0.043123;0.043684;0.043117;0.043197;0.043751;0.043644;0.043411;0.043559;0.04339;0.043183;0.042929;0.043631;0.044895;0.043647;0.04324;0.043433;0.04335;0.043959;0.043736;0.043592;0.043356;0.044247;0.04381;0.04418;0.043806;0.043503;0.042965;0.0439;0.044131;0.043406;0.043946;0.044308;0.043383;0.043213;0.044207;0.044457;0.044103;0.043857;0.043349;0.043641;0.044177;0.043727;0.043921;0.043843;0.044343;0.044024;0.04399;0.044064;0.044842;0.043962;0.044225;0.04415;0.043892;0.043224;0.043041;0.043525;0.043752;0.043688;0.044717;0.043796;0.043795;0.043708;0.043755;0.043327;0.044211;0.043383;0.043749;0.043602;0.043529;0.043438;0.043712;0.044061;0.043386;0.043939;0.043812;0.044266;0.043869;0.043824;0.043679;0.043978;0.045454;0.043445;0.043167;0.043535;0.044227;0.04382;0.043649;0.043683;0.044207;0.043662;0.04401;0.044771;0.044866;0.043919;0.043366;0.043841;0.04362;0.043375;0.044171;0.043403;0.043807;0.043585;0.042943;0.045197;0.043408;0.043976;0.044336;0.04369;0.044435;0.044841;0.044531;0.043908;0.044339;0.04409;0.044044;0.043996;0.043691;0.043429;0.04321;0.043647;0.04504;0.043999;0.043872;0.043535;0.043621;0.042969;0.04495;0.044014;0.044336;0.043531;0.043622;0.043838;0.043673;0.044083;0.043536;0.044069;0.043442;0.043607;0.043406;0.043644;0.043147;0.04369;0.043689;0.044266;0.04336;0.043323;0.043103;0.043903;0.044149;0.044266;0.043887;0.043427;0.043444;0.043894;0.045378;0.044151;0.043353;0.04323;0.043484;0.043252;0.042976;0.043936;0.043461;0.043817;0.043711;0.043109;0.043798;0.044274;0.043931;0.043062;0.044045;0.0439;0.044917;0.043697;0.043291;0.043483;0.043347;0.043442;0.044009;0.042926;0.043958;0.044097;0.043436;0.043189;0.043155;0.043384;0.043188;0.043467;0.04341;0.044282;0.043211;0.043265;0.043408;0.043442;0.042863;0.045577;0.043823;0.043564;0.04399;0.043295;0.044202;0.044208;0.044423;0.044021;0.043936;0.043907;0.043486;0.045434;0.043621;0.043432;0.043942;0.043497;0.043219;0.043933;0.043246;0.043636;0.043416;0.044931;0.043339;0.042935;0.043253;0.043761;0.043735;0.043251;0.04405;0.043103;0.043704;0.043352;0.043667;0.043429;0.043875;0.044648;0.043942;0.044051;0.044048;0.043612;0.043675;0.043692;0.043681;0.043023;0.045484;0.043605;0.043328;0.043404;0.043769;0.043534;0.043574;0.044094;0.044135;0.044233;0.043845;0.043808;0.043498;0.044415;0.04418;0.043716;0.043787;0.04413;0.044051;0.043854;0.043487;0.04415;0.044443;0.047949;0.043421;0.043641;0.044372;0.043547;0.043492;0.044026;0.045432;0.04387;0.044816;0.04416;0.044169;0.043305;0.043796;0.043659;0.044538;0.043551;0.04401;0.043329;0.043607;0.044373;0.04432;0.043791;0.044855;0.043692;0.045056;0.045253;0.044681;0.043594;0.044064;0.044142;0.043833;0.043917;0.044051;0.044753;0.045155;0.043861;0.044983;0.043982;0.04358;0.043496;0.043573;0.044283;0.044258;0.044759;0.046024;0.043361;0.043935;0.044052;0.043495;0.043885;0.043368;0.043628;0.043565;0.04388;0.043235;0.043662;0.043865;0.044503;0.045313;0.044188;0.043429;0.043259;0.043474;0.043566;0.0434;0.043642;0.044046;0.045293;0.042856;0.043356;0.043384;0.043422;0.044237;0.043233;0.043637;0.044114;0.044365;0.043364;0.043535;0.044394;0.043341;0.043298;0.043723;0.043544;0.043967;0.043005;0.044056;0.043827;0.043696;0.044051;0.04503;0.043891;0.043663;0.044262;0.0442;0.043994;0.043442;0.044206;0.044233;0.044096;0.043287;0.043825;0.043978;0.043505;0.043398;0.044599;0.044273;0.043996;0.043953;0.044018;0.044235;0.043428;0.043463;0.045162;0.043688;0.043748;0.043264;0.043677;0.042802;0.04321;0.044318;0.045147;0.043271;0.043052;0.043623;0.043873;0.043457;0.043548;0.0439;0.043123;0.043498;0.043879;0.04326;0.043932;0.043323;0.043945;0.043223;0.044217;0.044336;0.042975;0.043734;0.043238;0.043544;0.043241;0.043296;0.044865;0.043435;0.043672;0.043515;0.042916;0.044136;0.043897;0.043564;0.043555;0.043308;0.043732;0.043675;0.043603;0.043983;0.043241;0.04376;0.043219;0.043965;0.042909;0.04385;0.043482;0.043693;0.043499;0.043448;0.043715;0.04278;0.043431;0.043999;0.044193;0.043455;0.043501;0.043526;0.04328;0.043783;0.043355;0.043021;0.044247;0.043654;0.043362;0.043986;0.043538;0.04381;0.043693;0.043434;0.045158;0.043865;0.044138;0.043798;0.043553;0.043778;0.043636;0.044282;0.043017;0.043428;0.043674;0.043935;0.043608;0.043697;0.043187;0.044696;0.043546;0.044574;0.044322;0.043949;0.044377;0.044018;0.044488;0.043712;0.043804;0.044342;0.044178;0.043883;0.044622;0.045577;0.04395;0.044217;0.044899;0.043912;0.044137;0.043719;0.043699;0.044216;0.04494;0.043809;0.043852;0.043835;0.04356;0.04387;0.04296;0.043374;0.043092;0.043065;0.043673;0.044031;0.043905;0.043899;0.044304;0.043604;0.043298;0.04452;0.044166;0.04328;0.043958;0.044152;0.044428;0.051011;0.043828;0.043398;0.043799;0.043719;0.043537;0.04358;0.043727;0.043877;0.043429;0.043718;0.044093;0.043334;0.043676;0.044;0.042965;0.043799;0.043981;0.043536;0.044367;0.043542;0.044997;0.044483;0.043339;0.043722;0.04288;0.043631;0.043672;0.043169;0.043724;0.043246;0.044226;0.043701;0.043628;0.043408;0.043645;0.044199;0.044017;0.043823;0.043467;0.043537;0.043765;0.044041;0.042921;0.043993;0.045015;0.043596;0.043709;0.043654;0.043974;0.043831;0.043968;0.043376;0.04365;0.043262;0.043827;0.04288;0.043877;0.043778;0.043201;0.043538;0.043281;0.043576;0.043562;0.043424;0.043674;0.043585;0.044315;0.044925;0.045302;0.04348;0.043411;0.044036;0.043692;0.04333;0.043769;0.043517;0.043956;0.043297;0.043763;0.043972;0.04376;0.044445;0.043922;0.044052;0.044418;0.043581;0.044091;0.043933;0.043055;0.04353;0.044783;0.04421;0.044962;0.043968;0.043734;0.043868;0.043656;0.043478;0.043496;0.043563;0.043299;0.043165;0.043453;0.043891;0.043583;0.04318;0.044102;0.044574;0.043801;0.043761;0.043606;0.043372;0.044011;0.044487;0.043892;0.044791;0.045058;0.045137;0.044257;0.043382;0.043868;0.043897;0.044025;0.04419;0.043687;0.044197;0.045574;0.043997;0.044359;0.043835;0.04343;0.043293;0.04356;0.043688;0.0441;0.04596;0.043664;0.044021;0.044088;0.043116;0.043865;0.043675;0.043248;0.04412;0.043601;0.043484;0.044129;0.043532;0.043552;0.044397;0.043699;0.04464;0.043874;0.042764;0.043048;0.043625;0.043863;0.043522;0.044699;0.043278;0.043282;0.043577;0.044056;0.044098;0.044505;0.043282;0.043495;0.043312;0.044081;0.044081;0.043637;0.043412;0.043443;0.043952;0.043863;0.045767;0.043966;0.043919;0.043171;0.043268;0.04426;0.045132;0.043601;0.043397;0.043845;0.043967;0.044189;0.044213;0.044172;0.044084;0.04391;0.043225;0.043651;0.043776;0.0435;0.044029;0.043914;0.043319;0.04394;0.043502;0.043448;0.044198;0.043975;0.043784;0.044785;0.043414;0.04347;0.04452;0.043673;0.043395;0.04392;0.043811;0.043509;0.043639;0.043386;0.044082;0.043931;0.043405;0.043948;0.044081;0.043661;0.04392;0.043627;0.043764;0.043523;0.043979;0.044022;0.044725;0.043968;0.043819;0.044177;0.043733;0.044415;0.043823;0.043717;0.043409;0.043935;0.043295;0.043559;0.044048;0.044113;0.043855;0.043419;0.043387;0.043739;0.043456;0.043817;0.043401;0.043902;0.04487;0.043509;0.043162;0.043415;0.043049;0.043658;0.043442;0.043667;0.044259;0.043977;0.044274;0.04338;0.043683;0.043948;0.043966;0.043256;0.044233;0.043233;0.04349;0.043278;0.043363;0.043198;0.044356;0.044564;0.043944;0.043871;0.043875;0.043542;0.043381;0.043961;0.044123;0.04371;0.043994;0.043333;0.043457;0.043916;0.044458;0.04363;0.043668;0.043188;0.043458;0.043656;0.043287;0.044198;0.044229;0.043389;0.04534;0.043563;0.043749;0.04353;0.043719;0.043934;0.043814;0.044341;0.04319;0.043771;0.043632;0.04391;0.043445;0.043202;0.04396;0.043416;0.044102;0.04379;0.043289;0.043475;0.043575;0.044118;0.043423;0.043886;0.043831;0.043529;0.044184;0.043552;0.043442;0.043842;0.044491;0.043269;0.0442;0.044577;0.044037;0.043744;0.044003;0.043627;0.043264;0.043741;0.043648;0.043864;0.044127;0.043618;0.042766;0.044326;0.044694;0.043242;0.043741;0.043141;0.043972;0.043145;0.042785;0.043512;0.043948;0.04293;0.04372;0.043598;0.044073;0.043617;0.04303;0.043467;0.043925;0.045778;0.043001;0.044137;0.043416;0.043115;0.043931;0.044435;0.043457;0.043439;0.043905;0.04347;0.043939;0.043703;0.044311;0.044324;0.044;0.044126;0.043597;0.044329;0.043681;0.044649;0.043304;0.043911;0.043777;0.04396;0.0445;0.044126;0.044429;0.044844;0.044135;0.043337;0.043972;0.043991;0.044231;0.043669;0.04393;0.043477;0.043842;0.044576;0.043408;0.043512;0.043387;0.043714;0.043856;0.043849;0.04368;0.043504;0.043596;0.043136;0.04353;0.044318;0.044709;0.043684;0.043582;0.044453;0.043412;0.043735;0.043106;0.043797;0.04421;0.043756;0.044233;0.044188;0.043836;0.043751;0.043479;0.043327;0.044946;0.044064;0.043544;0.043592;0.043971;0.043881;0.043608;0.044868;0.044125;0.043548;0.044494;0.044174;0.043652;0.043237;0.043978;0.043887;0.043654;0.044161;0.043721;0.044669;0.043811;0.043478;0.043794;0.043956;0.043979;0.044394;0.043697;0.043164;0.043646;0.043319;0.044498;0.04335;0.043344;0.043848;0.045588;0.043532;0.043924;0.043394;0.043429;0.043506;0.043673;0.043589;0.044343;0.043339;0.042702;0.043062;0.044047;0.043343;0.043881;0.044084;0.043727;0.043652;0.043538;0.045265;0.044187;0.045071;0.043809;0.043937;0.043581;0.043433;0.044151;0.043954;0.044168;0.043649;0.043524;0.04399;0.043837;0.04408;0.043221;0.043842;0.044199;0.043719;0.043962;0.044117;0.043775;0.045324;0.044439;0.044665;0.04337;0.043889;0.043919;0.04361;0.044642;0.043112;0.042973;0.043503;0.043831;0.043025;0.043823;0.043008;0.043555;0.043774;0.043978;0.043373;0.043427;0.044412;0.044175;0.043218;0.044645;0.043278;0.043857;0.043263;0.043267;0.043249;0.043469;0.042967;0.044389;0.043167;0.043564;0.04307;0.043552;0.045248;0.042948;0.043079;0.043426;0.043844;0.043873;0.043947;0.044054;0.042665;0.042854;0.044181;0.043248;0.043327;0.043267;0.043263;0.043488;0.043296;0.043488;0.043245;0.043657;0.04352;0.043553;0.043557;0.043377;0.043454;0.044136;0.044052;0.043326;0.04402;0.043695;0.043242;0.04353;0.04348;0.045216;0.043825;0.043438;0.043929;0.043308;0.044095;0.043416;0.043654;0.043609;0.043603;0.043382;0.043269;0.043842;0.043791;0.044178;0.045574;0.043507;0.043825;0.043874;0.043757;0.044342;0.043883;0.043924;0.044895;0.043216;0.043494;0.043325;0.043901;0.043022;0.043495;0.043493;0.043546;0.043975;0.044037;0.043839;0.044003;0.043225;0.043954;0.043978;0.043844;0.043464;0.043827;0.043649;0.043891;0.043709;0.043876;0.045213;0.044099;0.043992;0.044209;0.043316;0.043371;0.043518;0.043194;0.043899;0.043358;0.043752;0.04313;0.043341;0.043534;0.043424;0.04317;0.044126;0.043582;0.043805;0.043501;0.043205;0.043422;0.045717;0.043833;0.044032;0.043644;0.043808;0.043617;0.043801;0.043825;0.04396;0.043494;0.043649;0.043975;0.044135;0.043539;0.043271;0.043309;0.043722;0.044137;0.043319;0.043271;0.043675;0.043363;0.043673;0.044267;0.043413;0.043837;0.043832;0.043699;0.04357;0.043225;0.044469;0.0438;0.043482;0.043158;0.043597;0.044248;0.04401;0.043669;0.044708;0.043669;0.043577;0.043593;0.043714;0.043456;0.043593;0.044637;0.0444;0.043726;0.043481;0.043834;0.043607;0.043571;0.043822;0.043662;0.043452;0.043524;0.043176;0.043454;0.043158;0.042941;0.043401;0.043172;0.043586;0.043079;0.043939;0.043285;0.043202;0.043709;0.044925;0.043428;0.043714;0.043543;0.043308;0.043698;0.043171;0.043479;0.043413;0.043543;0.044171;0.043318;0.043032;0.043556;0.043799;0.045152;0.044188;0.044026;0.043552;0.04344;0.043356;0.043674;0.043648;0.044666;0.043456;0.043036;0.044148;0.043655;0.043533;0.043436;0.043752;0.044349;0.043458;0.043311;0.043203;0.044102;0.044151;0.04405;0.044081;0.043773;0.043775;0.043262;0.043754;0.043297;0.043759;0.044209;0.04453;0.04331;0.043638;0.044106;0.043016;0.043269;0.043715;0.043431;0.043302;0.043856;0.044267;0.043738;0.043996;0.043551;0.043589;0.04327;0.044624;0.04328;0.043496;0.043749;0.043539;0.043724;0.043865;0.045054;0.044698;0.044676;0.044016;0.046062;0.04366;0.043795;0.043807;0.043584;0.043325;0.044063;0.043567;0.043632;0.043697;0.043623;0.044122;0.043512;0.043724;0.044255;0.04346;0.043785;0.044037;0.043574;0.044652;0.043701;0.044489;0.04471;0.044758;0.043764;0.044362;0.043769;0.044021;0.043643;0.044021;0.044615;0.043848;0.043506;0.043548;0.043726;0.043534;0.043737;0.044068;0.043753;0.044122;0.043597;0.044872;0.043134;0.043513;0.043302;0.043198;0.043816;0.044108;0.044956;0.04382;0.043233;0.043082;0.043685;0.043908;0.043297;0.043746;0.042825;0.043129;0.043747;0.044184;0.043218;0.043845;0.043931;0.043203;0.04545;0.043049;0.043632;0.043684;0.043101;0.043815;0.043455;0.04339;0.043709;0.043347;0.043537;0.043194;0.043958;0.045456;0.043549;0.04382;0.043708;0.043878;0.043403;0.043339;0.043753;0.043481;0.043536;0.045345;0.043316;0.044093;0.044136;0.04391;0.043843;0.043525;0.043587;0.043619;0.043341;0.043452;0.043668;0.044074;0.043531;0.044174;0.043382;0.043645;0.044104;0.043607;0.043196;0.043613;0.044417;0.044148;0.044929;0.043871;0.043878;0.04373;0.043563;0.043803;0.043859;0.043444;0.043816;0.04398;0.044212;0.043329;0.043205;0.044386;0.043671;0.043834;0.043494;0.043074;0.043527;0.044025;0.044104;0.043403;0.044067;0.044584;0.043368;0.045129;0.043564;0.043856;0.043562;0.044375;0.043516;0.043939;0.043685;0.043601;0.043443;0.043534;0.04481;0.043677;0.044107;0.044068;0.044616;0.043685;0.044834;0.044111;0.043888;0.0435;0.044285;0.044085;0.043863;0.043871;0.043691;0.043755;0.04375;0.04433;0.043961;0.043754;0.044003;0.043384;0.043351;0.044697;0.043365;0.04366;0.043388;0.044072;0.043912;0.043886;0.044178;0.043654;0.044748;0.043414;0.043522;0.043635;0.04311;0.045483;0.043286;0.043407;0.043492;0.043596;0.043729;0.043926;0.043951;0.043937;0.043182;0.044068;0.044;0.043222;0.044029;0.044045;0.044046;0.043546;0.043697;0.045017;0.043504;0.043862;0.043753;0.044077;0.04396;0.04323;0.044005;0.043285;0.043574;0.04405;0.043855;0.043592;0.043678;0.043247;0.043684;0.043436;0.044281;0.043919;0.0441;0.04469;0.0437;0.044115;0.044385;0.04313;0.043226;0.043287;0.043262;0.043101;0.043183;0.045042;0.042828;0.042808;0.043079;0.043201;0.043648;0.043788;0.043036;0.04294;0.044455;0.042912;0.043005;0.043328;0.043563;0.044089;0.042817;0.04451;0.04335;0.044012;0.044017;0.043627;0.042912;0.043241;0.042888;0.044545;0.043763;0.042897;0.043148;0.043348;0.043255;0.043145;0.043408;0.043388;0.043615;0.042845;0.043096;0.043395;0.042606;0.043108;0.044096;0.043515;0.043413;0.043752;0.044047;0.044337;0.044051;0.043871;0.043321;0.04457;0.044322;0.043408;0.044037;0.04371;0.0437;0.043648;0.044263;0.043545;0.043832;0.04391;0.04395;0.044196;0.044186;0.044794;0.044727;0.044433;0.044273;0.04345;0.043661;0.043673;0.043758;0.043821;0.043357;0.045335;0.044679;0.04373;0.044157;0.044269;0.043978;0.044162;0.043424;0.04346;0.04347;0.043799;0.043312;0.045042;0.043536;0.043989;0.044038;0.043553;0.043892;0.043313;0.043693;0.044317;0.044071;0.044686;0.043793;0.044799;0.043722;0.043613;0.043575;0.043855;0.044251;0.043354;0.044216;0.045392;0.045423;0.045071;0.046032;0.043726;0.043937;0.043922;0.043315;0.043439;0.044088;0.042996;0.044222;0.043779;0.043502;0.043673;0.044218;0.045719;0.043877;0.044123;0.044537;0.043515;0.044009;0.044003;0.044212;0.044661;0.043218;0.045963;0.044094;0.04393;0.043588;0.043502;0.043668;0.044044;0.043743;0.043505;0.044261;0.043386;0.044063;0.043443;0.043694;0.043128;0.04347;0.043108;0.043393;0.043671;0.043356;0.043139;0.043296;0.042986;0.044727;0.043183;0.044021;0.043339;0.043405;0.043728;0.044192;0.043646;0.044244;0.044433;0.044675;0.043929;0.043448;0.043722;0.043159;0.043777;0.044108;0.043842;0.044043;0.043238;0.04439;0.043816;0.051814;0.043364;0.043221;0.043678;0.042884;0.043929;0.043276;0.043288;0.043592;0.043208;0.043715;0.043531;0.043768;0.044131;0.043626;0.044122;0.043683;0.04478;0.043329;0.043796;0.04354;0.043991;0.04357;0.046001;0.043174;0.043009;0.043549;0.043823;0.043073;0.044003;0.043122;0.043647;0.043736;0.043423;0.043898;0.044601;0.044857;0.044416;0.0449;0.044646;0.043544;0.045408;0.043782;0.044338;0.044221;0.043296;0.0456;0.04393;0.043437;0.044109;0.044212;0.043782;0.043648;0.043552;0.04406;0.043755;0.04321;0.043586;0.043426;0.044435;0.043602;0.043216;0.043344;0.043452;0.043834;0.043881;0.043503;0.043696;0.043235;0.045879;0.045283;0.043576;0.043398;0.043914;0.044104;0.043426;0.043302;0.044203;0.044264;0.043794;0.043551;0.043827;0.044086;0.044131;0.044264;0.044159;0.044227;0.044339;0.04365;0.043588;0.043826;0.044493;0.043526;0.043892;0.045732;0.044501;0.043616;0.043456;0.043857;0.043702;0.043777;0.044283;0.043439;0.042917;0.043726;0.043477;0.044043;0.043145;0.043319;0.043757;0.044224;0.043307;0.043029;0.043585;0.044686;0.043336;0.043857;0.044006;0.043552;0.043782;0.043855;0.04401;0.04381;0.043889;0.043911;0.043564;0.044082;0.044041;0.044178;0.044415;0.043499;0.044087;0.043819;0.045659;0.043868;0.043954;0.044065;0.044397;0.043884;0.043541;0.042995;0.043537;0.043616;0.043776;0.043553;0.044369;0.04399;0.0441;0.043425;0.04336;0.043614;0.043581;0.043438;0.043763;0.044334;0.043409;0.04379;0.043872;0.044023;0.043797;0.045163;0.043301;0.042905;0.04365;0.043425;0.043586;0.043615;0.043759;0.04374;0.043213;0.043235;0.043774;0.043344;0.043813;0.044228;0.043161;0.042935;0.043691;0.04335;0.043165;0.043364;0.043201;0.043711;0.045131;0.043325;0.043839;0.043894;0.044069;0.04392;0.044931;0.043362;0.043983;0.043754;0.043636;0.043994;0.043917;0.04418;0.043169;0.043489;0.04353;0.043903;0.04339;0.043588;0.043859;0.043313;0.044446;0.04562;0.043684;0.043826;0.042751;0.043247;0.043256;0.04365;0.043479;0.043987;0.043258;0.043062;0.043856;0.043479;0.043688;0.043642;0.044064;0.044351;0.044397;0.043803;0.043512;0.043714;0.043364;0.04461;0.043297;0.043104;0.04342;0.043487;0.043419;0.043383;0.043431;0.043358;0.043655;0.043695;0.043761;0.04409;0.043886;0.042883;0.043814;0.043326;0.043435;0.04337;0.04367;0.043625;0.04367;0.043478;0.044736;0.043809;0.044153;0.045587;0.043962;0.044528;0.043729;0.043746;0.043704;0.043611;0.04405;0.043469;0.044191;0.043596;0.044319;0.043435;0.044362;0.04425;0.044181;0.04358;0.043886;0.043489;0.043331;0.044823;0.043268;0.043497;0.043294;0.044293;0.044714;0.043976;0.042968;0.043608;0.043358;0.043324;0.043676;0.043618;0.043306;0.043222;0.043457;0.043804;0.043613;0.043234;0.043701;0.043755;0.044038;0.043415;0.044449;0.043819;0.044184;0.044078;0.0443;0.044526;0.044169;0.043383;0.043027;0.043343;0.043397;0.043437;0.043484;0.043869;0.04354;0.044082;0.044305;0.043616;0.04331;0.044252;0.045758;0.044151;0.043482;0.045486;0.044224;0.043659;0.044191;0.043959;0.044078;0.043515;0.043544;0.04374;0.043811;0.044091;0.043893;0.044042;0.043466;0.043397;0.043306;0.043339;0.044157;0.043767;0.04375;0.043194;0.045366;0.044367;0.044485;0.044149;0.043857;0.043475;0.043909;0.043671;0.043267;0.043512;0.043907;0.04379;0.043799;0.043594;0.043771;0.043952;0.043414;0.043737;0.044511;0.043642;0.043271;0.043425;0.043535;0.043299;0.044273;0.043443;0.042655;0.044187;0.043876;0.044164;0.043355;0.043361;0.04364;0.043992;0.04554;0.0437;0.043944;0.043292;0.043561;0.04313;0.043724;0.043242;0.043215;0.043034;0.043423;0.04363;0.043796;0.047119;0.044303;0.04457;0.044659;0.044053;0.044465;0.042729;0.042793;0.043482;0.043183;0.043442;0.044739;0.042915;0.044164;0.043728;0.043915;0.043862;0.043488;0.043651;0.043594;0.043668;0.043562;0.043543;0.044952;0.044641;0.044775;0.04451;0.044784;0.044305;0.04401;0.043208;0.043349;0.043625;0.044144;0.043142;0.043231;0.043132;0.043581;0.044161;0.043732;0.043832;0.0442;0.043886;0.042699;0.043747;0.043866;0.045115;0.043231;0.043688;0.043987;0.044193;0.044562;0.044204;0.043265;0.042998;0.044129;0.043289;0.043572;0.044076;0.043615;0.044621;0.043486;0.044633;0.043642;0.043937;0.043195;0.043469;0.044488;0.043562;0.046086;0.04411;0.043772;0.043355;0.044299;0.04429;0.043573;0.043644;0.043579;0.043437;0.044059;0.043388;0.043122;0.043583;0.043627;0.043695;0.043073;0.043874;0.043172;0.043595;0.043734;0.043601;0.044529;0.043187;0.043152;0.043225;0.044116;0.043491;0.043918;0.044745;0.043591;0.043244;0.044208;0.043268;0.043985;0.044032;0.043314;0.04338;0.043414;0.04324;0.043772;0.04391;0.04407;0.043375;0.043823;0.044367;0.043717;0.043583;0.042863;0.043333;0.043868;0.044501;0.043695;0.044742;0.043998;0.043548;0.043172;0.043664;0.044014;0.043406;0.042982;0.043816;0.043858;0.043108;0.043796;0.043391;0.043473;0.043843;0.044248;0.043878;0.04413;0.04411;0.043375;0.043368;0.043564;0.043366;0.043653;0.043635;0.04381;0.04369;0.043449;0.043104;0.043137;0.043887;0.043473;0.043682;0.04401;0.045522;0.044565;0.044058;0.043479;0.04461;0.043355;0.043735;0.043861;0.043107;0.044186;0.044009;0.042981;0.043908;0.044365;0.043576;0.044043;0.043742;0.043873;0.043621;0.043223;0.044031;0.043919;0.043659;0.043468;0.043367;0.043417;0.043646;0.044121;0.04375;0.04362;0.043132;0.043344;0.043487;0.043675;0.044574;0.044323;0.043962;0.044049;0.04407;0.043871;0.044117;0.043756;0.04414;0.04295;0.043954;0.043621;0.043735;0.04393;0.043654;0.045228;0.044579;0.043026;0.043228;0.043913;0.043691;0.044361;0.043398;0.043903;0.042904;0.043687;0.043621;0.043314;0.04363;0.043194;0.043176;0.043833;0.043245;0.043651;0.043615;0.043756;0.043487;0.043743;0.043883;0.045331;0.043857;0.043898;0.043879;0.044589;0.044615;0.043465;0.043932;0.044156;0.043619;0.044439;0.04392;0.044083;0.044306;0.044368;0.043856;0.043829;0.044049;0.043642;0.044725;0.044137;0.044211;0.045266;0.043571;0.043987;0.043442;0.043569;0.043867;0.043708;0.04489;0.043467;0.043313;0.04311;0.044933;0.04359;0.043566;0.043435;0.043884;0.043375;0.043886;0.044088;0.044257;0.044058;0.044235;0.04358;0.045427;0.04404;0.044136;0.044093;0.04345;0.043636;0.043902;0.044343;0.043335;0.044195;0.043911;0.04317;0.043859;0.044257;0.043423;0.042858;0.043837;0.043798;0.043962;0.044297;0.044217;0.043797;0.04416;0.044679;0.043646;0.043675;0.043953;0.043993;0.043667;0.043979;0.044248;0.043408;0.04374;0.043528;0.043069;0.043987;0.044151;0.044569;0.043637;0.043526;0.044354;0.043545;0.043336;0.043709;0.043728;0.043933;0.045596;0.045151;0.04475;0.044872;0.044455;0.043283;0.04402;0.043828;0.044215;0.044302;0.044247;0.043474;0.044016;0.044241;0.044157;0.043718;0.044142;0.043694;0.044632;0.044622;0.044665;0.044272;0.045141;0.042878;0.044481;0.044469;0.044647;0.0436;0.043267;0.043561;0.043551;0.043779;0.043456;0.043067;0.04302;0.043402;0.04412;0.043516;0.043201;0.043356;0.043804;0.043351;0.043933;0.043318;0.043125;0.045227;0.043255;0.044004;0.043597;0.04327;0.04392;0.043731;0.044013;0.044207;0.044388;0.043645;0.043797;0.04344;0.04389;0.043486;0.043745;0.043759;0.043829;0.043749;0.043362;0.043243;0.043433;0.043893;0.045098;0.043634;0.043675;0.043882;0.045931;0.043591;0.044006;0.043694;0.043311;0.043831;0.043862;0.043773;0.043683;0.043898;0.043186;0.044039;0.04397;0.043869;0.044003;0.043346;0.043916;0.04367;0.04356;0.045024;0.044011;0.043712;0.043837;0.043527;0.043497;0.044042;0.043882;0.044703;0.044027;0.043974;0.043213;0.043127;0.043529;0.044351;0.043968;0.044054;0.043626;0.043601;0.044448;0.044179;0.0442;0.045235;0.043605;0.044214;0.043947;0.043601;0.044011;0.04419;0.044148;0.043318;0.043454;0.044426;0.04323;0.043592;0.043239;0.04375;0.043878;0.04348;0.0433;0.043729;0.043422;0.043365;0.043363;0.043995;0.044519;0.043638;0.043354;0.043223;0.043772;0.043218;0.043068;0.044032;0.04429;0.043119;0.043089;0.043675;0.043327;0.042947;0.043675;0.043717;0.043595;0.043463;0.043167;0.043022;0.043442;0.043874;0.043421;0.044284;0.043686;0.043625;0.043926;0.043976;0.0438;0.044011;0.043063;0.043012;0.043552;0.043955;0.04338;0.043479;0.044177;0.045963;0.043535;0.043725;0.043717;0.043805;0.043803;0.043494;0.043608;0.044301;0.044346;0.043812;0.044041;0.043618;0.043865;0.043953;0.043623;0.043832;0.043821;0.043528;0.043881;0.043533;0.044037;0.04357;0.043651;0.043602;0.043984;0.043915;0.04364;0.04392;0.044069;0.044603;0.043966;0.045246;0.043808;0.044608;0.043978;0.043972;0.044381;0.044099;0.043902;0.044545;0.044176;0.043697;0.044169;0.044043;0.043822;0.043735;0.043672;0.044741;0.044273;0.043825;0.043156;0.044743;0.043461;0.043746;0.044496;0.043522;0.043323;0.043943;0.043955;0.043457;0.044064;0.043651;0.043583;0.043307;0.043388;0.043628;0.043556;0.043638;0.04353;0.044368;0.04368;0.043903;0.044488;0.042981;0.043536;0.044081;0.04515;0.044495;0.043589;0.043652;0.043993;0.043953;0.044043;0.043476;0.043364;0.043037;0.043338;0.043433;0.043881;0.043407;0.043902;0.043745;0.044152;0.043521;0.043185;0.044041;0.043446;0.043174;0.043129;0.044858;0.043354;0.044041;0.044126;0.043903;0.043776;0.043089;0.043459;0.043255;0.043422;0.043624;0.044261;0.043907;0.043769;0.04405;0.044086;0.043776;0.044176;0.044243;0.044124;0.043982;0.044713;0.043916;0.044381;0.043743;0.043772;0.043437;0.043823;0.043081;0.043531;0.04377;0.043282;0.043172;0.043584;0.043214;0.042567;0.043682;0.043221;0.043202;0.043868;0.043871;0.043055;0.043235;0.043212;0.043923;0.04352;0.044479;0.044255;0.043628;0.043914;0.043299;0.043636;0.043932;0.044026;0.043848;0.044231;0.043834;0.043364;0.044071;0.046261;0.043842;0.043245;0.043754;0.043093;0.043926;0.044425;0.043199;0.043874;0.043458;0.044969;0.043897;0.04406;0.043355;0.043567;0.043324;0.043382;0.043114;0.043244;0.043344;0.043873;0.043424;0.043224;0.044012;0.043536;0.043848;0.043198;0.043543;0.043786;0.043417;0.043129;0.043366;0.043129;0.0438;0.043368;0.043202;0.043232;0.042827;0.043512;0.043888;0.043218;0.043773;0.043547;0.044151;0.04428;0.044005;0.043537;0.044093;0.043931;0.043705;0.043595;0.043545;0.04347;0.044151;0.043961;0.043606;0.044251;0.043358;0.044365;0.043766;0.044023;0.043669;0.044277;0.043957;0.044838;0.043938;0.044256;0.044794;0.044061;0.043985;0.04387;0.04387;0.043486;0.043498;0.043424;0.043855;0.043828;0.044116;0.045185;0.044055;0.043791;0.043576;0.043669;0.044236;0.043369;0.043733;0.04405;0.043688;0.043976;0.043816;0.044023;0.04313;0.043962;0.043603;0.043791;0.043696;0.044307;0.045168;0.043586;0.044236;0.044589;0.045074;0.043771;0.043489;0.043846;0.043712;0.04338;0.043704;0.043544;0.043703;0.043721;0.043577;0.043309;0.043405;0.043482;0.043376;0.043862;0.043739;0.043415;0.044335;0.043952;0.043651;0.043691;0.043983;0.044667;0.043272;0.0435;0.043928;0.044168;0.044111;0.043931;0.043652;0.043868;0.044038;0.044116;0.044214;0.044142;0.043752;0.043923;0.044091;0.04432;0.043606;0.043441;0.044149;0.043687;0.044353;0.043952;0.044728;0.043945;0.044615;0.042862;0.043356;0.042973;0.043844;0.043655;0.044504;0.043661;0.043809;0.044466;0.043749;0.043227;0.04404;0.043587;0.043372;0.044142;0.044272;0.044415;0.043392;0.04356;0.045255;0.043589;0.043529;0.043802;0.044531;0.043716;0.043676;0.043344;0.044178;0.043253;0.043671;0.044368;0.043872;0.043762;0.043342;0.043861;0.044452;0.04364;0.043713;0.04371;0.043731;0.044034;0.043399;0.044406;0.043773;0.043563;0.043928;0.043819;0.045052;0.043521;0.043274;0.043509;0.043463;0.043726;0.043445;0.044228;0.043937;0.043838;0.04399;0.043398;0.043807;0.043418;0.043107;0.043399;0.043645;0.043857;0.044983;0.043182;0.044247;0.044136;0.043341;0.044362;0.045562;0.043673;0.043607;0.043425;0.043956;0.043649;0.043402;0.044217;0.043773;0.044136;0.043845;0.043169;0.043788;0.043615;0.043539;0.044594;0.043485;0.045047;0.043501;0.043789;0.043714;0.043638;0.043151;0.043853;0.04367;0.043737;0.044014;0.044111;0.043465;0.043728;0.043277;0.043051;0.043328;0.043969;0.044726;0.043491;0.044179;0.043559;0.043628;0.043624;0.044606;0.043607;0.043648;0.043716;0.044178;0.044379;0.043888;0.04352;0.043661;0.044029;0.044234;0.044091;0.043568;0.043503;0.043993;0.043574;0.044387;0.043716;0.045243;0.043769;0.043978;0.043984;0.043334;0.044282;0.043667;0.043529;0.043778;0.044449;0.043739;0.043612;0.043723;0.043896;0.044047;0.043863;0.044261;0.043731;0.043488;0.044158;0.044036;0.0437;0.043397;0.043084;0.043966;0.043523;0.04408;0.044629;0.043575;0.043669;0.043614;0.043545;0.043372;0.043765;0.043515;0.04405;0.043683;0.043793;0.043908;0.044157;0.04353;0.043273;0.043682;0.044692;0.044078;0.044176;0.043942;0.043573;0.043719;0.043845;0.045251;0.044805;0.044789;0.043994;0.043532;0.043973;0.043511;0.043669;0.044203;0.04393;0.04422;0.044482;0.04435;0.04389;0.043925;0.043286;0.044207;0.043875;0.044072;0.044041;0.043605;0.043311;0.043159;0.045339;0.044492;0.044852;0.044438;0.044221;0.044615;0.045099;0.04432;0.044254;0.043902;0.043382;0.043748;0.043772;0.044173;0.0438;0.043348;0.043676;0.043217;0.043965;0.044227;0.044186;0.044479;0.04487;0.045353;0.043434;0.043542;0.043316;0.043781;0.043753;0.043045;0.043714;0.044045;0.044071;0.043718;0.044023;0.043451;0.043845;0.044121;0.044541;0.043966;0.043332;0.043736;0.043831;0.044116;0.044004;0.045027;0.043855;0.044088;0.043344;0.043276;0.043863;0.043565;0.043068;0.043271;0.043511;0.044092;0.043061;0.043257;0.043896;0.043895;0.043292;0.043499;0.043124;0.043632;0.043736;0.043773;0.044163;0.044302;0.063666;0.043589;0.044536;0.043613;0.043721;0.043257;0.043464;0.043477;0.044032;0.043821;0.043326;0.043687;0.043877;0.043627;0.044081;0.04351;0.043767;0.044355;0.044184;0.043788;0.043706;0.043471;0.043976;0.045367;0.045005;0.044784;0.045001;0.043297;0.043675;0.043613;0.043905;0.043751;0.044033;0.044113;0.043845;0.044523;0.044345;0.045408;0.043921;0.043639;0.042859;0.044017;0.043839;0.043154;0.043488;0.045183;0.0434;0.043552;0.043485;0.043729;0.043405;0.042915;0.043177;0.043549;0.043532;0.042638;0.04335;0.043671;0.043873;0.043585;0.043588;0.043435;0.043042;0.043333;0.044853;0.043544;0.043702;0.043383;0.045625;0.043566;0.043321;0.043622;0.043538;0.042956;0.04348;0.044649;0.044438;0.043912;0.043393;0.043699;0.043434;0.043453;0.043696;0.043799;0.043197;0.043259;0.043981;0.043952;0.043477;0.043757;0.04331;0.04481;0.043467;0.04331;0.043975;0.043875;0.04363;0.043242;0.043897;0.043368;0.043911;0.042904;0.043427;0.044119;0.043838;0.043871;0.043176;0.042956;0.043308;0.043026;0.043541;0.043179;0.043468;0.043635;0.046008;0.043698;0.04454;0.043788;0.043899;0.043642;0.043762;0.043707;0.043687;0.043574;0.04358;0.04398;0.044109;0.043728;0.043262;0.043868;0.043651;0.044124;0.043661;0.043406;0.043537;0.044206;0.043121;0.058141;0.044972;0.043764;0.043148;0.04366;0.043306;0.043842;0.044226;0.04424;0.0441;0.043576;0.043808;0.043373;0.043285;0.04339;0.043857;0.044033;0.043855;0.043676;0.044205;0.043869;0.043488;0.044951;0.043925;0.044324;0.045639;0.044655;0.043807;0.04294;0.043829;0.043452;0.04354;0.043252;0.044193;0.043871;0.044256;0.044311;0.043356;0.044529;0.044293;0.044338;0.043812;0.04419;0.043785;0.044243;0.044943;0.043983;0.045244;0.044245;0.043859;0.044291;0.043963;0.043661;0.044209;0.043783;0.043989;0.044077;0.044192;0.043869;0.045402;0.043611;0.043375;0.043331;0.043585;0.043852;0.043661;0.043959;0.04362;0.044296;0.04346;0.043057;0.043765;0.043223;0.0428;0.043495;0.043647;0.043353;0.042937;0.043583;0.043529;0.044439;0.044364;0.04364;0.044685;0.043527;0.043194;0.044071;0.043343;0.043879;0.04395;0.044493;0.043163;0.043281;0.044008;0.043864;0.044095;0.043338;0.043281;0.043663;0.043623;0.044389;0.043826;0.043828;0.043723;0.043572;0.043568;0.043637;0.044042;0.043963;0.043285;0.044074;0.043963;0.043512;0.044227;0.043921;0.044102;0.043802;0.043201;0.043264;0.043805;0.044011;0.044466;0.044093;0.04389;0.043557;0.044179;0.044428;0.04398;0.043534;0.043208;0.043227;0.043534;0.043072;0.043875;0.043975;0.043659;0.044704;0.043505;0.043933;0.044119;0.043521;0.043663;0.042916;0.043342;0.043472;0.043125;0.04425;0.044194;0.043584;0.043202;0.043685;0.043888;0.043798;0.043634;0.043621;0.043166;0.044955;0.043148;0.043856;0.045126;0.044461;0.044758;0.044313;0.044508;0.044346;0.044525;0.043682;0.043617;0.043582;0.043501;0.044328;0.044181;0.043956;0.044177;0.044237;0.04385;0.0433;0.043565;0.043817;0.044585;0.04371;0.044345;0.04457;0.044232;0.04355;0.043145;0.043682;0.0432;0.044091;0.04318;0.043624;0.043723;0.043092;0.044284;0.043801;0.043662;0.044208;0.044112;0.043643;0.043524;0.043434;0.043134;0.043161;0.043661;0.043417;0.044806;0.043955;0.042938;0.043983;0.042741;0.044029;0.04354;0.044273;0.044218;0.043949;0.04474;0.043914;0.043621;0.043296;0.04358;0.043442;0.043848;0.043923;0.044086;0.044181;0.044123;0.04404;0.044759;0.04476;0.044219;0.043463;0.043543;0.043645;0.043858;0.044179;0.043719;0.043889;0.043521;0.043578;0.043964;0.043709;0.043233;0.043846;0.043588;0.043205;0.043802;0.043508;0.043284;0.043505;0.043934;0.045073;0.04361;0.043539;0.044212;0.043608;0.043748;0.043799;0.045082;0.043932;0.043987;0.043665;0.04347;0.043973;0.044046;0.043563;0.043428;0.04402;0.043911;0.04434;0.043315;0.043097;0.044065;0.043204;0.044907;0.044862;0.044908;0.045037;0.043909;0.04394;0.04408;0.044167;0.043274;0.043966;0.043475;0.043876;0.043647;0.043611;0.044442;0.043834;0.044086;0.043375;0.044329;0.043179;0.044138;0.044148;0.043631;0.045413;0.045314;0.045019;0.045042;0.043361;0.044377;0.043101;0.044256;0.043444;0.044071;0.043477;0.044242;0.043818;0.043264;0.044148;0.043843;0.043569;0.043564;0.044094;0.044445;0.04385;0.043464;0.044797;0.044527;0.044532;0.044592;0.044149;0.043736;0.042966;0.043474;0.043937;0.04267;0.045068;0.044456;0.04319;0.044217;0.04409;0.043418;0.043355;0.043126;0.043485;0.044076;0.04389;0.044195;0.043817;0.044274;0.043679;0.044073;0.044244;0.044387;0.043955;0.043921;0.04366;0.044706;0.043866;0.044311;0.045849;0.044127;0.044258;0.043989;0.043662;0.043894;0.044077;0.044272;0.043558;0.043872;0.044221;0.044375;0.045197;0.04342;0.043805;0.043499;0.044034;0.044398;0.043462;0.043675;0.043297;0.043832;0.043561;0.043642;0.044954;0.043842;0.043415;0.043979;0.043778;0.043439;0.043697;0.043237;0.043416;0.043987;0.043632;0.044507;0.044387;0.044149;0.043982;0.043749;0.043237;0.043183;0.044374;0.044004;0.043815;0.044362;0.044044;0.044375;0.045127;0.043822;0.04497;0.043729;0.044013;0.043821;0.043256;0.044142;0.044216;0.046122;0.043343;0.042812;0.043522;0.043524;0.042776;0.044377;0.04352;0.044081;0.043911;0.043298;0.043519;0.044195;0.044061;0.043374;0.043747;0.043991;0.044329;0.043909;0.043461;0.043796;0.043996;0.043348;0.044699;0.043563;0.043889;0.043856;0.043265;0.043443;0.044251;0.043273;0.043715;0.043444;0.043639;0.043985;0.044261;0.043638;0.044191;0.044054;0.045228;0.043657;0.043858;0.04405;0.043518;0.042977;0.043535;0.044719;0.043807;0.043649;0.044706;0.043937;0.044324;0.044004;0.04411;0.043867;0.044139;0.044475;0.044328;0.044088;0.04412;0.043917;0.04395;0.043901;0.043484;0.044098;0.043575;0.043402;0.043837;0.043902;0.045234;0.044031;0.044918;0.044168;0.044983;0.044846;0.044788;0.044795;0.044621;0.045325;0.044333;0.044402;0.045203;0.044158;0.043817;0.044172;0.044256;0.043941;0.044131;0.043872;0.04418;0.043887;0.045336;0.043741;0.042998;0.043638;0.044451;0.044784;0.043968;0.043967;0.043973;0.043602;0.044263;0.043322;0.044157;0.043619;0.043732;0.044258;0.044554;0.044052;0.043846;0.04325;0.043281;0.044097;0.043417;0.043827;0.043423;0.044037;0.043202;0.043688;0.043717;0.043122;0.044658;0.04384;0.043762;0.043832;0.043526;0.044112;0.044006;0.043749;0.043573;0.043944;0.044232;0.044055;0.044147;0.043793;0.043588;0.044129;0.044623;0.044145;0.043488;0.045733;0.044375;0.04309;0.043829;0.043976;0.043785;0.044216;0.043369;0.04399;0.044207;0.043506;0.043626;0.04384;0.04412;0.043709;0.043258;0.043754;0.043064;0.044106;0.044412;0.043723;0.044412;0.044667;0.043717;0.044921;0.043679;0.043729;0.04398;0.043357;0.043137;0.043358;0.043679;0.043801;0.043522;0.043838;0.043108;0.04346;0.043749;0.043909;0.043797;0.043724;0.043285;0.04442;0.044438;0.044096;0.044082;0.044208;0.04403;0.045622;0.044202;0.043722;0.043257;0.043835;0.043998;0.0435;0.044074;0.043874;0.04391;0.044012;0.044138;0.043542;0.044178;0.043676;0.044233;0.044112;0.04555;0.044571;0.044379;0.044414;0.044;0.044568;0.043802;0.043927;0.044617;0.043804;0.043137;0.043879;0.043731;0.043706;0.043399;0.044426;0.043572;0.043838;0.043544;0.044118;0.043993;0.044426;0.043712;0.045222;0.043629;0.044207;0.043631;0.043288;0.043739;0.043143;0.043827;0.044926;0.044107;0.044435;0.043348;0.043857;0.043477;0.043696;0.043428;0.043314;0.044093;0.044245;0.043363;0.043461;0.043399;0.043751;0.044727;0.044344;0.044001;0.043993;0.044083;0.044369;0.044313;0.045108;0.044389;0.04375;0.044184;0.044709;0.044454;0.045316;0.044144;0.043749;0.044208;0.043716;0.046127;0.044905;0.044129;0.044359;0.046194;0.044611;0.044079;0.043566;0.043419;0.044088;0.043322;0.044122;0.043966;0.043676;0.043987;0.044515;0.043598;0.044281;0.043947;0.043735;0.043295;0.044421;0.044015;0.044184;0.044042;0.043605;0.043554;0.044288;0.043209;0.043665;0.042973;0.044101;0.044158;0.043638;0.043778;0.043683;0.043964;0.043477;0.043544;0.04351;0.044283;0.04443;0.044706;0.044336;0.043721;0.043844;0.043852;0.04329;0.043354;0.043457;0.044486;0.043554;0.044708;0.043977;0.043382;0.043702;0.043705;0.044117;0.043227;0.043791;0.043594;0.043645;0.0438;0.044104;0.043252;0.044056;0.043837;0.043892;0.044517;0.04422;0.044361;0.04397;0.045977;0.043774;0.043798;0.044367;0.044777;0.043641;0.043752;0.043205;0.04396;0.043663;0.044067;0.043306;0.04388;0.044052;0.043469;0.043968;0.043781;0.044108;0.043788;0.043991;0.043351;0.043613;0.044013;0.04494;0.04396;0.043577;0.043541;0.043975;0.044598;0.044325;0.043926;0.043181;0.043585;0.044527;0.043263;0.043628;0.043622;0.04375;0.043909;0.043635;0.044164;0.044377;0.044171;0.042884;0.043083;0.043887;0.045223;0.043723;0.045418;0.0439;0.04374;0.044062;0.044086;0.043763;0.043251;0.043741;0.044087;0.044375;0.04273;0.043855;0.043629;0.04406;0.043344;0.04355;0.04335;0.043697;0.043681;0.043677;0.043646;0.045139;0.043593;0.043821;0.043588;0.043218;0.04447;0.043322;0.043677;0.043311;0.044027;0.043737;0.043898;0.04368;0.043758;0.044127;0.043713;0.043643;0.043759;0.043876;0.043701;0.044518;0.043979;0.045038;0.043394;0.043515;0.043521;0.043714;0.043707;0.043233;0.044046;0.044077;0.043791;0.044646;0.044922;0.043689;0.043777;0.043413;0.044115;0.043667;0.044382;0.044236;0.043787;0.043283;0.043146;0.043522;0.044613;0.043785;0.044654;0.044656;0.044594;0.044524;0.044275;0.043928;0.043693;0.043934;0.044264;0.043689;0.043806;0.043779;0.044055;0.043291;0.043918;0.043972;0.043444;0.044013;0.044701;0.043698;0.044494;0.044976;0.044865;0.044585;0.046158;0.043979;0.043902;0.044288;0.044471;0.043719;0.044389;0.044268;0.043392;0.043386;0.044262;0.043245;0.043488;0.043543;0.044042;0.043858;0.043881;0.043427;0.043444;0.043346;0.045728;0.043752;0.043942;0.043145;0.044089;0.043401;0.043573;0.044163;0.04371;0.045956;0.043317;0.043695;0.043704;0.044077;0.044011;0.043946;0.043483;0.04352;0.043518;0.043305;0.043287;0.043395;0.044139;0.043066;0.042999;0.043309;0.043316;0.043471;0.043277;0.043384;0.043523;0.043288;0.043079;0.043006;0.043881;0.043085;0.042838;0.043709;0.043581;0.043547;0.043612;0.043324;0.043509;0.042707;0.043923;0.045078;0.043357;0.04447;0.043664;0.043542;0.043279;0.043738;0.044091;0.043475;0.043687;0.044033;0.043459;0.043541;0.043286;0.044502;0.044242;0.044074;0.043446;0.044213;0.044059;0.044451;0.044303;0.043442;0.04517;0.043754;0.043651;0.044445;0.044269;0.044449;0.044282;0.043985;0.043827;0.043658;0.044173;0.044245;0.043751;0.044643;0.043906;0.043742;0.044067;0.043832;0.044023;0.044124;0.044043;0.044088;0.044086;0.044383;0.042754;0.043292;0.043917;0.043804;0.043791;0.043911;0.043673;0.043815;0.043088;0.043516;0.043613;0.043748;0.043783;0.044158;0.045068;0.044211;0.043543;0.043666;0.044225;0.043117;0.043695;0.043543;0.045157;0.043473;0.043676;0.043563;0.044205;0.043834;0.043864;0.042956;0.043779;0.044124;0.042856;0.04351;0.04358;0.043523;0.044105;0.043716;0.044416;0.042952;0.042989;0.04357;0.043804;0.044008;0.043825;0.044492;0.043162;0.043648;0.0436;0.044171;0.043495;0.044368;0.043989;0.043349;0.043563;0.043447;0.043553;0.043352;0.044151;0.043647;0.043701;0.043613;0.043428;0.043728;0.045277;0.044785;0.044632;0.045363;0.04325;0.043252;0.043253;0.044079;0.043738;0.043504;0.043608;0.043864;0.043839;0.043503;0.043873;0.043049;0.043831;0.044107;0.043056;0.043616;0.043293;0.043623;0.043054;0.043567;0.044524;0.044175;0.046195;0.044565;0.044256;0.044303;0.043533;0.043608;0.044483;0.043977;0.044022;0.044239;0.043442;0.043624;0.04414;0.043902;0.043594;0.043519;0.043679;0.043699;0.043668;0.043549;0.044025;0.043745;0.043558;0.045106;0.044919;0.044739;0.04422;0.044452;0.044476;0.043986;0.043912;0.044028;0.043661;0.044424;0.043721;0.043414;0.044062;0.04329;0.044068;0.043505;0.04399;0.044164;0.044259;0.043988;0.044022;0.043015;0.044251;0.043487;0.043911;0.044884;0.043773;0.043571;0.04431;0.043543;0.044174;0.043653;0.044439;0.043673;0.04439;0.043309;0.044228;0.043668;0.043699;0.044143;0.04285;0.043574;0.043585;0.043745;0.044965;0.043544;0.043993;0.043497;0.043255;0.04335;0.044017;0.043225;0.043864;0.043465;0.043178;0.043902;0.043611;0.043961;0.043422;0.043988;0.044081;0.043374;0.043262;0.044013;0.043808;0.043773;0.044313;0.044761;0.043862;0.043618;0.043293;0.043247;0.043881;0.042915;0.04414;0.043867;0.044192;0.04418;0.044078;0.043962;0.044192;0.043842;0.043837;0.045851;0.043687;0.043695;0.043694;0.043339;0.043814;0.043929;0.044784;0.043182;0.044121;0.044003;0.044779;0.044482;0.044532;0.04389;0.043085;0.043581;0.043799;0.043778;0.043588;0.043481;0.043784;0.043639;0.04357;0.043657;0.043963;0.04403;0.043691;0.04408;0.043167;0.045168;0.043887;0.044068;0.043179;0.043112;0.043672;0.044291;0.042943;0.044328;0.044243;0.044683;0.043386;0.044558;0.043662;0.044067;0.043996;0.043762;0.04362;0.042813;0.043194;0.043323;0.043432;0.04416;0.044128;0.043549;0.043853;0.043374;0.043797;0.043647;0.043889;0.043439;0.044181;0.043738;0.043685;0.043833;0.044061;0.043399;0.043897;0.043894;0.044284;0.04411;0.044025;0.04317;0.04345;0.043854;0.043795;0.044209;0.043525;0.043412;0.043808;0.043581;0.044284;0.043663;0.043642;0.043611;0.043496;0.043722;0.044563;0.044264;0.044097;0.043817;0.043966;0.044066;0.043545;0.043293;0.04363;0.04376;0.043343;0.044842;0.043016;0.043524;0.043606;0.044042;0.043645;0.043469;0.043756;0.04313;0.043367;0.043209;0.04278;0.043578;0.04341;0.043268;0.043786;0.043349;0.043329;0.044203;0.043464;0.043852;0.043787;0.043788;0.053221;0.044224;0.04379;0.044832;0.045505;0.045109;0.045068;0.044172;0.043772;0.043557;0.043787;0.043533;0.043844;0.043647;0.04404;0.043522;0.044218;0.04364;0.044965;0.043354;0.044037;0.043648;0.043774;0.045198;0.04394;0.043583;0.044204;0.043513;0.043886;0.04441;0.043773;0.043835;0.044433;0.043606;0.043922;0.044018;0.043752;0.043636;0.044404;0.043324;0.044636;0.043632;0.043457;0.043675;0.043821;0.044383;0.045026;0.044298;0.04472;0.043397;0.043865;0.043674;0.044655;0.043783;0.043301;0.044205;0.043379;0.043123;0.043805;0.043824;0.044127;0.043832;0.044532;0.043038;0.043817;0.0435;0.043856;0.04333;0.045164;0.043971;0.04535;0.045191;0.044584;0.044711;0.044689;0.04422;0.044126;0.043912;0.044115;0.044182;0.044144;0.043984;0.043983;0.044307;0.044148;0.044046;0.044769;0.044581;0.044242;0.04446;0.044804;0.046927;0.044819;0.044592;0.044673;0.046121;0.045257;0.044693;0.043876;0.043596;0.044053;0.043859;0.044442;0.043871;0.043877;0.043988;0.04415;0.044014;0.043726;0.043878;0.043441;0.043482;0.0437;0.045165;0.043359;0.044701;0.043883;0.04426;0.044113;0.045372;0.044898;0.043327;0.043087;0.043345;0.04297;0.043119;0.043324;0.043595;0.043225;0.043272;0.043476;0.044923;0.044078;0.044293;0.044109;0.043587;0.045781;0.045455;0.04425;0.044016;0.044803;0.043458;0.043676;0.045015;0.044556;0.044129;0.044578;0.044421;0.043505;0.043545;0.043445;0.043315;0.043495;0.044161;0.043332;0.043546;0.043734;0.044118;0.044977;0.045119;0.044164;0.045272;0.043872;0.044664;0.044314;0.043699;0.043511;0.04347;0.043677;0.043945;0.043417;0.043699;0.044592;0.043536;0.043707;0.043531;0.043331;0.043529;0.043689;0.044352;0.043194;0.043338;0.045807;0.043972;0.04472;0.044832;0.044948;0.04441;0.044869;0.044731;0.043486;0.043875;0.04383;0.043297;0.04422;0.04399;0.043621;0.043304;0.043544;0.043934;0.044083;0.043686;0.044351;0.04454;0.045408;0.044023;0.044868;0.044732;0.044441;0.0443;0.043929;0.043987;0.044;0.044079;0.04416;0.043782;0.043707;0.044342;0.043784;0.043642;0.043765;0.044297;0.043858;0.043766;0.044048;0.043536;0.043641;0.045311;0.044479;0.044612;0.044629;0.044042;0.044872;0.043571;0.043455;0.043608;0.044203;0.043782;0.043762;0.043991;0.044032;0.044215;0.043381;0.044301;0.043522;0.043847;0.043494;0.044326;0.044347;0.04524;0.04391;0.043867;0.044846;0.044715;0.045946;0.045037;0.044807;0.043821;0.044045;0.043767;0.043596;0.043165;0.043785;0.044339;0.043901;0.044427;0.043951;0.044035;0.044524;0.044009;0.043671;0.043586;0.045021;0.043777;0.044598;0.044154;0.044766;0.043941;0.044284;0.043253;0.043888;0.043897;0.043928;0.043891;0.043637;0.043955;0.043844;0.043433;0.04405;0.044597;0.044732;0.043655;0.043609;0.044242;0.044119;0.044886;0.045131;0.044454;0.044404;0.044124;0.044525;0.043333;0.043678;0.043575;0.043755;0.0437;0.0433;0.045142;0.044513;0.044773;0.044322;0.044017;0.045236;0.043954;0.043897;0.044303;0.044418;0.045912;0.043619;0.044413;0.044845;0.045195;0.044801;0.04434;0.043848;0.044061;0.043145;0.043027;0.043171;0.042687;0.04343;0.043425;0.043104;0.043292;0.042929;0.044014;0.043852;0.043883;0.043858;0.043989;0.044935;0.044182;0.044609;0.0447;0.044619;0.044639;0.044273;0.044587;0.04438;0.043831;0.043964;0.043922;0.0439;0.043768;0.044199;0.043638;0.043689;0.043791;0.043152;0.04336;0.043538;0.043435;0.044081;0.046015;0.043863;0.044696;0.044584;0.044285;0.044741;0.044185;0.043906;0.04366;0.043602;0.043868;0.043239;0.044057;0.045609;0.04428;0.043489;0.04323;0.043856;0.043368;0.043814;0.044025;0.044209;0.043063;0.044279;0.043808;0.044659;0.044445;0.044506;0.044231;0.044294;0.044263;0.044481;0.044258;0.045485;0.044605;0.044515;0.045072;0.044004;0.044741;0.044669;0.045058;0.045305;0.044717;0.045031;0.044277;0.046014;0.045245;0.045189;0.04464;0.044242;0.045181;0.045013;0.045117;0.044405;0.044678;0.045079;0.044441;0.044759;0.044227;0.044653;0.045349;0.044913;0.04479;0.044946;0.043921;0.044281;0.043957;0.045917;0.043715;0.043823;0.044199;0.044073;0.044198;0.044486;0.044775;0.046513;0.044632;0.044594;0.044446;0.044832;0.044915;0.04457;0.044805;0.044338;0.044569;0.045402;0.044581;0.045231;0.044727;0.044544;0.046503;0.044271;0.044541;0.045179;0.044907;0.044505;0.044654;0.044883;0.044211;0.044572;0.044699;0.044622;0.04449;0.044978;0.044638;0.044547;0.045078;0.044302;0.04467;0.04457;0.045103;0.044442;0.047139;0.044679;0.044359;0.044281;0.04454;0.044171;0.044605;0.044036;0.043842;0.043414;0.044284;0.04382;0.044535;0.045468;0.04441;0.044212;0.044783;0.044203;0.044558;0.044572;0.044084;0.044748;0.046146;0.043909;0.044507;0.044088;0.044843;0.045051;0.044515;0.045369;0.044618;0.044695;0.044168;0.044305;0.044071;0.044799;0.044484;0.043724;0.044227;0.044764;0.044403;0.044596;0.044513;0.044685;0.04444;0.046233;0.044559;0.044905;0.044734;0.044903;0.044519;0.045388;0.044413;0.044341;0.044084;0.044323;0.04498;0.044992;0.044716;0.044326;0.044359;0.044717;0.044786;0.045061;0.044235;0.044559;0.04468;0.046708;0.044524;0.044541;0.044025;0.045904;0.044452;0.04508;0.044429;0.044126;0.044306;0.044762;0.044998;0.044786;0.044351;0.044048;0.045293;0.044908;0.04439;0.045186;0.044599;0.044781;0.045083;0.045163;0.046989;0.044565;0.045847;0.044425;0.045295;0.044452;0.044454;0.044273;0.044396;0.044309;0.045877;0.045114;0.04446;0.044718;0.044639;0.044849;0.043826;0.043981;0.044719;0.044663;0.045021;0.044452;0.045554;0.044166;0.043962;0.044535;0.044539;0.044501;0.043934;0.044492;0.044943;0.044225;0.04454;0.045091;0.044102;0.044646;0.044452;0.044571;0.044618;0.044402;0.044933;0.044591;0.045049;0.044645;0.045755;0.044863;0.044842;0.044979;0.046361;0.044478;0.044749;0.044663;0.04488;0.044962;0.044621;0.044771;0.044932;0.044466;0.04543;0.044577;0.044987;0.044546;0.04467;0.045003;0.045165;0.044631;0.044678;0.046635;0.044633;0.044272;0.044549;0.044732;0.044423;0.044168;0.044532;0.044776;0.044708;0.044277;0.045;0.044769;0.045023;0.044564;0.045038;0.044822;0.044995;0.04498;0.046383;0.044814;0.044793;0.046148;0.044383;0.045015;0.044581;0.044176;0.0451;0.043727;0.044615;0.044526;0.045517;0.044806;0.04425;0.045076;0.044653;0.04459;0.044281;0.04449;0.044164;0.044781;0.045278;0.04447;0.044896;0.046787;0.044318;0.044289;0.044802;0.044487;0.044432;0.044672;0.044108;0.043962;0.044307;0.04401;0.044619;0.045095;0.044718;0.044645;0.044403;0.045131;0.044267;0.046328;0.044556;0.045007;0.044538;0.045256;0.046219;0.044699;0.045209;0.04549;0.044278;0.044587;0.044384;0.043155;0.044923;0.044283;0.044232;0.04389;0.044373;0.044024;0.04364;0.04394;0.044588;0.045031;0.045394;0.044252;0.044146;0.044012;0.046282;0.044319;0.044706;0.044423;0.043997;0.044447;0.044726;0.044382;0.043893;0.04419;0.044482;0.045853;0.043961;0.044282;0.044062;0.044708;0.044285;0.044315;0.044331;0.04407;0.044431;0.0442;0.04555;0.044724;0.045056;0.044443;0.045183;0.04482;0.044812;0.044337;0.044212;0.044449;0.043657;0.044108;0.044434;0.045501;0.045049;0.044954;0.045033;0.044035;0.044196;0.044576;0.044359;0.044812;0.045122;0.046374;0.044478;0.044013;0.044315;0.044396;0.044539;0.04486;0.044263;0.044315;0.044481;0.044694;0.04427;0.045275;0.046333;0.044896;0.044614;0.045089;0.044404;0.044441;0.044709;0.044434;0.043511;0.045443;0.044373;0.044794;0.044384;0.044899;0.04422;0.044152;0.04401;0.04335;0.043219;0.043442;0.043914;0.043806;0.044535;0.043974;0.043557;0.04429;0.044257;0.044073;0.044066;0.043767;0.043678;0.04418;0.044885;0.04487;0.043915;0.044897;0.044673;0.044485;0.043615;0.043674;0.044134;0.04361;0.043552;0.043703;0.044263;0.044165;0.043995;0.043499;0.043861;0.043943;0.04408;0.043905;0.045598;0.044103;0.043977;0.044557;0.044948;0.043847;0.044491;0.0443;0.044233;0.043823;0.044127;0.04382;0.043817;0.043836;0.043808;0.043379;0.043377;0.043389;0.043824;0.043524;0.044258;0.043768;0.043521;0.043014;0.043215;0.044633;0.043571;0.043815;0.044201;0.044766;0.044524;0.044155;0.044957;0.043668;0.043011;0.043495;0.043451;0.043222;0.043789;0.044114;0.043592;0.043813;0.043498;0.044245;0.043994;0.043814;0.043791;0.043071;0.045389;0.044;0.043935;0.043957;0.044984;0.044886;0.044966;0.044728;0.043943;0.04346;0.043554;0.04486;0.043619;0.04394;0.043571;0.043806;0.044403;0.044003;0.044008;0.044417;0.04503;0.044289;0.044295;0.04435;0.044281;0.04407;0.044145;0.04446;0.043415;0.044035;0.043244;0.043184;0.043774;0.043667;0.043521;0.043752;0.043862;0.044337;0.043556;0.043871;0.043398;0.043742;0.043526;0.04429;0.04406;0.04509;0.043613;0.044372;0.044732;0.044966;0.044611;0.044225;0.043912;0.043819;0.043504;0.044372;0.043627;0.042625;0.04368;0.044419;0.043526;0.04385;0.043659;0.043903;0.043721;0.043902;0.044121;0.043461;0.045407;0.043714;0.043977;0.044461;0.045692;0.044976;0.045237;0.043845;0.043994;0.04373;0.043929;0.044071;0.043852;0.043797;0.044378;0.043849;0.044031;0.043584;0.043585;0.043299;0.044213;0.043478;0.044045;0.045489;0.043936;0.043818;0.044862;0.04411;0.046447;0.044194;0.044222;0.043816;0.043796;0.043655;0.043771;0.043327;0.044329;0.043497;0.043657;0.043157;0.043679;0.043379;0.043187;0.043634;0.043516;0.043767;0.044964;0.044721;0.04511;0.044923;0.044809;0.044501;0.043881;0.043641;0.043625;0.044019;0.044371;0.043788;0.044031;0.043716;0.043559;0.043982;0.04456;0.044683;0.043539;0.043768;0.044041;0.043936;0.044912;0.043782;0.04483;0.044439;0.044332;0.044745;0.044075;0.044207;0.044136;0.043756;0.043389;0.043931;0.043814;0.04369;0.044079;0.04365;0.0443;0.044337;0.04385;0.043627;0.043976;0.043998;0.043678;0.044713;0.044521;0.044269;0.044284;0.044098;0.045025;0.043461;0.04323;0.043098;0.043831;0.043763;0.043646;0.04393;0.043822;0.043462;0.042999;0.044296;0.043868;0.044232;0.043167;0.043862;0.043526;0.043757;0.045007;0.044396;0.044991;0.045018;0.043747;0.043768;0.043793;0.04427;0.04424;0.044392;0.043341;0.043623;0.044162;0.043117;0.043774;0.043563;0.043831;0.044203;0.043536;0.044242;0.044223;0.044701;0.045459;0.04327;0.043716;0.043622;0.044359;0.044331;0.044674;0.044509;0.044752;0.04383;0.044053;0.043762;0.043793;0.044278;0.043458;0.04487;0.043499;0.043354;0.044045;0.043668;0.043876;0.044011;0.043821;0.045215;0.043779;0.044219;0.045316;0.045017;0.044398;0.043968;0.043666;0.044631;0.043832;0.043058;0.044035;0.043548;0.043614;0.044218;0.044076;0.043633;0.044026;0.044091;0.043898;0.044299;0.043866;0.04367;0.045542;0.04406;0.04453;0.044306;0.044424;0.045002;0.04425;0.043681;0.044171;0.043769;0.044083;0.043781;0.044187;0.043664;0.044154;0.044063;0.043824;0.044189;0.044215;0.044254;0.044045;0.044039;0.046456;0.044445;0.046542;0.044816;0.044846;0.044924;0.04418;0.044651;0.043264;0.044053;0.044593;0.0452;0.044444;0.043888;0.044601;0.044881;0.044208;0.043717;0.043442;0.044175;0.044005;0.044051;0.043663;0.045469;0.044453;0.04477;0.04464;0.044147;0.044899;0.044151;0.043815;0.044112;0.043646;0.04356;0.043738;0.04383;0.043713;0.043134;0.043422;0.043983;0.043595;0.044035;0.043534;0.043875;0.043415;0.044686;0.043049;0.044117;0.044221;0.044325;0.044338;0.044564;0.042921;0.04346;0.043278;0.043477;0.043825;0.043556;0.04439;0.04403;0.044267;0.043934;0.043636;0.043768;0.043838;0.044612;0.043854;0.043462;0.045259;0.043396;0.046012;0.044638;0.044233;0.045571;0.044285;0.043826;0.0441;0.043397;0.043843;0.043671;0.044161;0.043043;0.044363;0.043868;0.043091;0.043688;0.043812;0.0435;0.043385;0.044077;0.043471;0.045208;0.043107;0.043926;0.044427;0.044622;0.044366;0.044543;0.04326;0.044113;0.043567;0.044047;0.043495;0.043697;0.044033;0.044198;0.043723;0.043364;0.043609;0.043892;0.043947;0.043676;0.043384;0.043823;0.044844;0.04514;0.044603;0.044704;0.044307;0.044191;0.043706;0.043657;0.044175;0.043827;0.044858;0.043788;0.043915;0.04357;0.043921;0.043266;0.044039;0.044441;0.044069;0.044567;0.044071;0.044432;0.045224;0.043258;0.044063;0.044369;0.044271;0.043571;0.043816;0.043986;0.043255;0.043388;0.044071;0.043479;0.044431;0.04339;0.042867;0.044219;0.04388;0.043559;0.043329;0.043201;0.043123;0.043621;0.043572;0.044921;0.043714;0.045162;0.044872;0.04449;0.044249;0.04412;0.044067;0.044012;0.043856;0.043732;0.044294;0.044033;0.044064;0.044265;0.043688;0.043744;0.044691;0.044052;0.043946;0.044098;0.043499;0.044028;0.045555;0.045081;0.044646;0.044472;0.044644;0.044728;0.043781;0.04392;0.043743;0.043612;0.043691;0.044031;0.043087;0.044032;0.044318;0.043839;0.042778;0.043922;0.045021;0.043745;0.043747;0.04389;0.045734;0.043656;0.043688;0.044634;0.045344;0.044367;0.044733;0.044479;0.044469;0.043748;0.044284;0.043945;0.043615;0.044467;0.043691;0.043504;0.043606;0.043971;0.043489;0.044008;0.043559;0.043859;0.044209;0.045357;0.043954;0.046177;0.044774;0.04513;0.044352;0.044354;0.044265;0.043691;0.044163;0.043962;0.043571;0.043825;0.044469;0.044295;0.043516;0.044087;0.044198;0.044191;0.044246;0.044207;0.043503;0.043648;0.045371;0.044107;0.044018;0.043994;0.044557;0.044111;0.043888;0.044114;0.043535;0.043235;0.043869;0.043855;0.043609;0.044164;0.04405;0.043713;0.043687;0.043728;0.043582;0.043774;0.043729;0.043721;0.045842;0.044523;0.043496;0.044412;0.044809;0.044563;0.044452;0.043556;0.044293;0.043578;0.043326;0.044325;0.043783;0.044039;0.043038;0.043343;0.043915;0.043798;0.043444;0.043566;0.044616;0.043987;0.043357;0.044808;0.044262;0.044783;0.044275;0.044465;0.044873;0.043853;0.044078;0.043238;0.043599;0.043398;0.043904;0.043452;0.043891;0.044135;0.043983;0.043993;0.044433;0.043728;0.043873;0.043473;0.044111;0.04379;0.04524;0.044597;0.044453;0.044205;0.044101;0.043409;0.044376;0.04402;0.044376;0.044586;0.0439;0.04408;0.043541;0.043513;0.043524;0.043747;0.043554;0.045411;0.044779;0.044066;0.043698;0.044102;0.043638;0.044424;0.044608;0.044853;0.043878;0.044296;0.044312;0.043415;0.044118;0.04402;0.04408;0.043698;0.043512;0.044093;0.043987;0.043795;0.043616;0.043342;0.044246;0.045073;0.043692;0.043925;0.044283;0.046174;0.044182;0.043499;0.044561;0.044925;0.044658;0.043865;0.043514;0.044587;0.043465;0.043579;0.043729;0.043739;0.043758;0.04342;0.04368;0.043833;0.044068;0.045085;0.043844;0.043758;0.043843;0.043675;0.045361;0.043658;0.043775;0.044593;0.045151;0.044961;0.044691;0.044591;0.044024;0.044666;0.043765;0.043426;0.044647;0.043311;0.043685;0.043818;0.043607;0.043369;0.043829;0.043858;0.043107;0.043825;0.043793;0.045321;0.043886;0.04465;0.045299;0.045523;0.044071;0.044067;0.044712;0.044151;0.044417;0.043829;0.044061;0.044351;0.043393;0.043318;0.044112;0.043709;0.04454;0.043347;0.043572;0.043624;0.043532;0.045329;0.044238;0.044998;0.044148;0.044946;0.044117;0.043351;0.043773;0.043835;0.043181;0.044497;0.043805;0.043718;0.043519;0.042638;0.043318;0.044049;0.043563;0.043886;0.044777;0.044207;0.043894;0.043151;0.045951;0.044407;0.0444;0.044891;0.044724;0.044545;0.044654;0.04436;0.043347;0.044314;0.043782;0.043977;0.044036;0.043097;0.043937;0.044253;0.043538;0.043224;0.043749;0.043515;0.043728;0.043423;0.043584;0.044668;0.0441;0.045093;0.044861;0.044418;0.044142;0.043912;0.043569;0.04429;0.043871;0.044199;0.043367;0.043389;0.044078;0.044045;0.043752;0.04497;0.044487;0.044302;0.04341;0.043629;0.043687;0.044157;0.043922;0.044772;0.044798;0.043672;0.044269;0.044123;0.044256;0.044034;0.043317;0.044114;0.043774;0.044624;0.044008;0.044255;0.043518;0.043961;0.043808;0.043426;0.043955;0.044076;0.04355;0.043822;0.045384;0.043579;0.044468;0.045233;0.044229;0.046653;0.044756;0.044193;0.044931;0.044199;0.044825;0.044663;0.044392;0.044297;0.04493;0.043993;0.044606;0.044049;0.044243;0.043535;0.044361;0.044255;0.045868;0.043688;0.044215;0.044259;0.044657;0.044791;0.044174;0.044353;0.043884;0.043397;0.044133;0.043662;0.044221;0.043147;0.044024;0.044006;0.043914;0.043032;0.043463;0.043155;0.043406;0.043642;0.043722;0.044938;0.043811;0.044535;0.044948;0.044405;0.043961;0.044762;0.043717;0.042955;0.042845;0.043005;0.043213;0.043372;0.042841;0.043527;0.04368;0.043839;0.04351;0.043592;0.043297;0.04388;0.044205;0.043573;0.045092;0.044162;0.044247;0.044905;0.046255;0.044633;0.044601;0.044896;0.044829;0.044103;0.044286;0.044509;0.043979;0.043576;0.044112;0.044818;0.044331;0.0439;0.043451;0.043567;0.044156;0.044162;0.044254;0.044621;0.043698;0.044025;0.043779;0.042995;0.043389;0.043387;0.04351;0.043303;0.04342;0.044252;0.043086;0.043366;0.043801;0.043062;0.043569;0.043182;0.044012;0.043362;0.04342;0.043559;0.043149;0.043491;0.045103;0.044129;0.043946;0.043489;0.043675;0.044092;0.045984;0.04415;0.044254;0.043655;0.043646;0.044108;0.043818;0.044248;0.044293;0.043415;0.044019;0.043907;0.044189;0.044817;0.04426;0.044419;0.045033;0.043841;0.045104;0.044182;0.044488;0.044744;0.043813;0.043557;0.044053;0.043666;0.043439;0.043419;0.043638;0.04421;0.043503;0.043962;0.04389;0.043641;0.043562;0.043464;0.043141;0.043855;0.043962;0.045053;0.04394;0.043997;0.044557;0.044708;0.044449;0.043234;0.043472;0.043449;0.043807;0.043862;0.044613;0.043794;0.043331;0.043883;0.043615;0.04348;0.043971;0.043548;0.04469;0.043868;0.04433;0.044142;0.045083;0.044632;0.044218;0.044187;0.043975;0.044572;0.044238;0.044124;0.043844;0.044468;0.04386;0.044212;0.043809;0.043901;0.043982;0.043788;0.044002;0.04402;0.043768;0.043849;0.045317;0.043847;0.045249;0.043837;0.044303;0.044703;0.045247;0.043782;0.043927;0.043906;0.043511;0.043394;0.04361;0.043726;0.043853;0.043749;0.044521;0.042873;0.043318;0.043974;0.043853;0.043989;0.043641;0.043595;0.043515;0.045803;0.044697;0.044566;0.044073;0.045857;0.04452;0.043989;0.044267;0.044508;0.044139;0.045247;0.044312;0.044127;0.044022;0.044389;0.043509;0.044078;0.043372;0.04329;0.043035;0.04415;0.044058;0.044257;0.045513;0.044347;0.043897;0.044571;0.044588;0.044801;0.044907;0.043903;0.044235;0.044069;0.044603;0.044192;0.044853;0.04586;0.046058;0.044039;0.044303;0.045615;0.044271;0.043792;0.044087;0.044678;0.046224;0.044696;0.044315;0.045046;0.044787;0.045567;0.044997;0.044515;0.045428;0.044797;0.044562;0.044894;0.044802;0.044395;0.044853;0.04497;0.044503;0.044646;0.044109;0.045108;0.04475;0.044496;0.045384;0.045283;0.044644;0.044089;0.044683;0.044481;0.044828;0.044732;0.044795;0.045365;0.044656;0.045083;0.044977;0.044629;0.044981;0.044305;0.044728;0.045212;0.043731;0.04468;0.045023;0.044377;0.04411;0.045608;0.044179;0.044469;0.044257;0.043937;0.044214;0.043946;0.044306;0.044647;0.04455;0.044553;0.04393;0.043526;0.044321;0.044146;0.044154;0.044077;0.04552;0.044392;0.044065;0.044393;0.044545;0.045361;0.044526;0.043786;0.044768;0.045002;0.045578;0.044783;0.045417;0.044439;0.045352;0.044586;0.044204;0.044522;0.044189;0.04461;0.044768;0.044524;0.044831;0.044848;0.045411;0.04464;0.044864;0.04505;0.046018;0.043724;0.043716;0.043802;0.044297;0.044005;0.044757;0.044072;0.044415;0.044721;0.044958;0.044086;0.043226;0.044084;0.043712;0.043391;0.043278;0.043734;0.043679;0.043885;0.044417;0.045105;0.046086;0.044958;0.045498;0.044365;0.044724;0.044839;0.044942;0.045219;0.044571;0.044682;0.044102;0.044178;0.044524;0.044777;0.044936;0.04483;0.044824;0.044381;0.044167;0.045078;0.044627;0.044965;0.04482;0.046031;0.044673;0.043731;0.044297;0.044318;0.043886;0.043944;0.044396;0.044751;0.044203;0.044266;0.043864;0.043672;0.044357;0.044203;0.044851;0.044069;0.044425;0.044573;0.044577;0.044394;0.04424;0.046337;0.043885;0.045059;0.044983;0.046205;0.044507;0.044807;0.044321;0.044586;0.045102;0.044762;0.045094;0.044396;0.045345;0.045091;0.044293;0.044814;0.044989;0.045247;0.045143;0.04502;0.044529;0.046035;0.044858;0.045173;0.044549;0.044128;0.044185;0.044834;0.044727;0.044703;0.045273;0.045793;0.044738;0.044332;0.044239;0.04438;0.044934;0.045116;0.044795;0.044499;0.044972;0.045256;0.044616;0.045391;0.047492;0.044146;0.044555;0.044167;0.043681;0.044684;0.044599;0.044058;0.04509;0.044421;0.044635;0.044591;0.044095;0.044251;0.044466;0.044528;0.045066;0.044428;0.044727;0.04398;0.044041;0.044616;0.045653;0.044834;0.044498;0.046153;0.045309;0.044895;0.044985;0.044997;0.044415;0.044972;0.044556;0.045355;0.045249;0.044766;0.044449;0.044396;0.044263;0.044304;0.044465;0.044303;0.043697;0.043226;0.045472;0.044167;0.043875;0.044191;0.04409;0.043714;0.043379;0.043198;0.043602;0.043722;0.043182;0.043838;0.044238;0.043754;0.043471;0.04336;0.043559;0.04345;0.044126;0.043834;0.043456;0.044187;0.043635;0.044941;0.044306;0.044422;0.045431;0.044777;0.044036;0.044762;0.044276;0.044142;0.043886;0.043128;0.043949;0.04343;0.043739;0.043647;0.043366;0.043569;0.044163;0.04411;0.04403;0.043651;0.043715;0.043551;0.045336;0.04445;0.046037;0.044346;0.04399;0.044077;0.043935;0.044076;0.043546;0.043709;0.043907;0.043893;0.0444;0.043405;0.04328;0.044571;0.044441;0.043105;0.043523;0.04377;0.043724;0.043417;0.044381;0.045142;0.044365;0.044826;0.045424;0.043781;0.043961;0.044403;0.044134;0.044227;0.044568;0.043764;0.043699;0.04378;0.045167;0.043445;0.043675;0.043404;0.044739;0.044358;0.044212;0.043613;0.043961;0.04537;0.043641;0.04448;0.044427;0.044219;0.044592;0.043763;0.04486;0.044265;0.045191;0.043376;0.043616;0.043281;0.044389;0.043706;0.043245;0.043796;0.043636;0.043457;0.043471;0.044584;0.043603;0.044273;0.044482;0.04476;0.046148;0.044092;0.043965;0.044491;0.044226;0.043656;0.043907;0.043536;0.043613;0.044075;0.043914;0.043924;0.043704;0.04424;0.043136;0.043438;0.044214;0.04408;0.043515;0.043854;0.043434;0.045194;0.044645;0.044554;0.043962;0.044702;0.043502;0.043719;0.043926;0.04365;0.043221;0.04446;0.043754;0.043428;0.043501;0.044348;0.043401;0.044018;0.044216;0.043603;0.044264;0.043772;0.043749;0.044824;0.044153;0.044405;0.044469;0.044519;0.04349;0.043765;0.044533;0.043505;0.043527;0.043947;0.044064;0.043664;0.044072;0.043526;0.044123;0.043894;0.044024;0.043845;0.044389;0.044293;0.043413;0.044103;0.045347;0.044292;0.044555;0.04526;0.044621;0.04518;0.043739;0.044995;0.044608;0.043782;0.045183;0.044028;0.043559;0.043891;0.043442;0.043609;0.043086;0.043427;0.043338;0.043364;0.04328;0.043578;0.044431;0.045574;0.044267;0.045246;0.045181;0.044501;0.044608;0.045548;0.043655;0.044069;0.043689;0.043782;0.044012;0.044113;0.043214;0.043886;0.043495;0.043353;0.044022;0.043366;0.044416;0.044071;0.043927;0.045445;0.044288;0.044774;0.04501;0.044441;0.043375;0.043271;0.043708;0.044108;0.043583;0.043724;0.043615;0.043828;0.043372;0.043569;0.044056;0.044245;0.044751;0.044087;0.044187;0.042905;0.044311;0.04401;0.046119;0.044595;0.043892;0.044492;0.044345;0.044355;0.043862;0.043649;0.04323;0.043653;0.043527;0.043352;0.043384;0.042982;0.043998;0.043409;0.043765;0.044037;0.044239;0.04375;0.043616;0.04428;0.043095;0.046123;0.043918;0.043603;0.043916;0.043547;0.043232;0.043636;0.043925;0.044135;0.043652;0.044291;0.043732;0.043734;0.04362;0.04383;0.043567;0.043355;0.043409;0.043171;0.043569;0.043894;0.044168;0.043913;0.045183;0.044201;0.043695;0.043709;0.044318;0.043356;0.043348;0.04359;0.044318;0.044127;0.043369;0.043758;0.043883;0.0436;0.044345;0.043866;0.044518;0.044332;0.043904;0.044018;0.0441;0.044385;0.044713;0.04384;0.04415;0.043411;0.044038;0.044261;0.044671;0.043486;0.043834;0.043531;0.043988;0.043497;0.043804;0.04472;0.043578;0.043371;0.044288;0.043578;0.044142;0.043331;0.04382;0.04299;0.043365;0.044632;0.044335;0.043152;0.043396;0.043291;0.043293;0.043933;0.043389;0.043439;0.043649;0.043375;0.043288;0.04348;0.044003;0.043727;0.043735;0.043677;0.04355;0.043797;0.044539;0.043881;0.043517;0.043471;0.044654;0.043858;0.043653;0.043393;0.043934;0.043557;0.043746;0.043892;0.044463;0.044035;0.04392;0.043695;0.043517;0.04373;0.043681;0.043944;0.044655;0.043868;0.044091;0.044062;0.044021;0.044307;0.043458;0.044561;0.044036;0.044133;0.045147;0.043786;0.043926;0.043208;0.043652;0.043676;0.043389;0.04397;0.043393;0.043677;0.043822;0.042931;0.04328;0.043706;0.042733;0.043644;0.043889;0.043946;0.043673;0.043171;0.044835;0.043639;0.04345;0.043615;0.04435;0.044541;0.043791;0.043813;0.045072;0.043996;0.043518;0.043897;0.043379;0.043599;0.043746;0.044064;0.044401;0.04352;0.043806;0.043768;0.043509;0.044781;0.044934;0.043557;0.043243;0.043894;0.043359;0.043664;0.043156;0.043875;0.043528;0.043207;0.043101;0.043575;0.043684;0.043551;0.043335;0.043681;0.043684;0.044002;0.043444;0.042933;0.04342;0.044025;0.044106;0.044369;0.043662;0.044159;0.043113;0.043336;0.044239;0.043737;0.043521;0.043622;0.043161;0.043646;0.044037;0.04441;0.043475;0.043928;0.043937;0.044019;0.043467;0.043393;0.043195;0.043719;0.043604;0.043656;0.043963;0.043747;0.043959;0.044053;0.044298;0.044176;0.04377;0.043968;0.044583;0.04285;0.044694;0.043676;0.043836;0.04344;0.043768;0.043658;0.044331;0.043514;0.044022;0.043386;0.04394;0.043221;0.043291;0.045105;0.043694;0.043155;0.044598;0.043731;0.043063;0.043755;0.043785;0.04388;0.043618;0.043814;0.043956;0.043806;0.043511;0.043964;0.042727;0.042952;0.043808;0.043756;0.04335;0.043727;0.043908;0.043745;0.044609;0.04361;0.043632;0.04427;0.043806;0.043594;0.043302;0.043441;0.043022;0.043167;0.044542;0.043413;0.044122;0.04392;0.043457;0.04441;0.044184;0.04415;0.043231;0.043551;0.043734;0.043722;0.043547;0.045721;0.043228;0.043444;0.043988;0.043548;0.044501;0.043413;0.043156;0.043916;0.044152;0.04371;0.04393;0.044006;0.043191;0.043621;0.043459;0.043307;0.043422;0.043513;0.043933;0.043282;0.043308;0.045376;0.043877;0.043209;0.043206;0.045668;0.043417;0.044166;0.043508;0.043278;0.044102;0.043657;0.043142;0.043749;0.043573;0.044589;0.044168;0.043668;0.043703;0.043176;0.04365;0.044105;0.043607;0.043603;0.04429;0.043772;0.043854;0.043642;0.043892;0.044018;0.043755;0.0433;0.043832;0.043914;0.043355;0.044126;0.043386;0.044455;0.044856;0.044372;0.044534;0.044217;0.043719;0.043646;0.044249;0.042962;0.04353;0.045253;0.043802;0.044453;0.043992;0.043108;0.043937;0.043156;0.044269;0.043215;0.044374;0.043424;0.043937;0.043628;0.043813;0.043244;0.044061;0.043452;0.043876;0.043757;0.044017;0.04362;0.043576;0.043792;0.044748;0.043593;0.043954;0.044651;0.04404;0.043523;0.043592;0.0435;0.04371;0.043188;0.043059;0.0443;0.043428;0.044203;0.043533;0.043655;0.043748;0.043325;0.043916;0.043979;0.043822;0.043763;0.045703;0.044429;0.043339;0.043732;0.044331;0.043835;0.044503;0.043503;0.043045;0.044176;0.044082;0.043304;0.043656;0.04337;0.043237;0.043994;0.043446;0.042965;0.042876;0.043305;0.042983;0.043101;0.043473;0.043847;0.044491;0.043604;0.043915;0.043727;0.043702;0.04497;0.043584;0.043688;0.043485;0.043982;0.044544;0.043538;0.043722;0.044077;0.043863;0.043322;0.044253;0.043466;0.04423;0.043877;0.0435;0.043373;0.073718;0.04361;0.043918;0.043419;0.043223;0.044395;0.043732;0.043596;0.043761;0.043326;0.043603;0.04326;0.043774;0.043607;0.04301;0.04332;0.044976;0.043045;0.043243;0.04407;0.043577;0.043693;0.044106;0.044971;0.043959;0.043525;0.043667;0.043974;0.044147;0.044556;0.044305;0.043405;0.043672;0.044112;0.043824;0.043634;0.043715;0.044185;0.044294;0.043968;0.043662;0.043632;0.0439;0.043751;0.044038;0.045376;0.043211;0.042771;0.043356;0.043251;0.043335;0.043882;0.043716;0.043175;0.043416;0.044318;0.044394;0.043716;0.044222;0.044196;0.043811;0.043996;0.043733;0.043654;0.043483;0.043655;0.043623;0.043414;0.044964;0.043556;0.043811;0.044167;0.043148;0.043947;0.043346;0.043598;0.043334;0.043752;0.043154;0.044644;0.043437;0.043551;0.043179;0.043445;0.043557;0.043318;0.043451;0.043972;0.043324;0.043259;0.043818;0.044908;0.043661;0.04546;0.044417;0.044197;0.044397;0.044002;0.043647;0.0448;0.044294;0.043935;0.043236;0.043335;0.0442;0.044371;0.044401;0.044007;0.043953;0.043876;0.044466;0.043874;0.044276;0.043916;0.044651;0.043948;0.043839;0.04402;0.043845;0.043535;0.043881;0.043832;0.043476;0.043809;0.043777;0.043333;0.043644;0.044328;0.04364;0.0442;0.043816;0.043861;0.043912;0.043998;0.043889;0.043429;0.043889;0.044817;0.044005;0.044202;0.043747;0.043809;0.043988;0.044145;0.043589;0.044014;0.043068;0.044053;0.043362;0.043975;0.043673;0.045226;0.044714;0.043089;0.043216;0.044005;0.043573;0.043418;0.044481;0.04478;0.043782;0.04346;0.043466;0.043543;0.043726;0.043312;0.043095;0.04316;0.043236;0.044143;0.043416;0.04334;0.043976;0.043202;0.043536;0.044797;0.043678;0.043375;0.043217;0.043843;0.043734;0.043692;0.044359;0.04447;0.044105;0.044386;0.043391;0.043962;0.044301;0.044119;0.044063;0.04385;0.044097;0.043189;0.043622;0.044686;0.044277;0.043541;0.043843;0.044111;0.044525;0.043374;0.044272;0.043954;0.043703;0.045063;0.043327;0.043903;0.044093;0.044381;0.043978;0.044123;0.0438;0.043779;0.044127;0.043432;0.044662;0.044336;0.044167;0.044339;0.044104;0.043409;0.044535;0.045588;0.044366;0.043324;0.043296;0.043378;0.044832;0.044407;0.043611;0.043616;0.043887;0.043391;0.043208;0.043303;0.043876;0.042903;0.043083;0.043801;0.04396;0.044131;0.043966;0.043815;0.043127;0.044345;0.043244;0.043993;0.043255;0.043488;0.049435;0.043815;0.045128;0.044024;0.043503;0.043441;0.043736;0.043787;0.043873;0.043421;0.043639;0.044077;0.043839;0.044353;0.04395;0.043673;0.043412;0.043926;0.044001;0.043783;0.043562;0.043583;0.04295;0.045565;0.043648;0.043679;0.043537;0.044033;0.044272;0.044012;0.043531;0.043901;0.043671;0.044548;0.043923;0.04393;0.043811;0.043082;0.043732;0.043959;0.04376;0.043092;0.043547;0.042942;0.043568;0.044637;0.044426;0.043797;0.044453;0.043617;0.043278;0.043678;0.043191;0.043473;0.043808;0.044269;0.043212;0.043882;0.043838;0.043647;0.043401;0.043673;0.044282;0.044069;0.043814;0.043432;0.043882;0.043522;0.043649;0.044797;0.043263;0.043656;0.043578;0.04417;0.044737;0.04424;0.044226;0.043799;0.042769;0.044171;0.04366;0.043449;0.042899;0.043607;0.043725;0.043564;0.044712;0.044906;0.043442;0.043291;0.043192;0.043761;0.045368;0.043934;0.043892;0.043731;0.043604;0.043133;0.044125;0.043683;0.044939;0.043708;0.043845;0.044932;0.044498;0.043339;0.044164;0.043513;0.043807;0.043919;0.044478;0.043879;0.044392;0.043892;0.045028;0.043582;0.043335;0.0444;0.043362;0.043735;0.043308;0.04322;0.043343;0.044054;0.044344;0.043798;0.043614;0.043367;0.044009;0.043688;0.043713;0.043268;0.044803;0.0439;0.043418;0.043684;0.043746;0.045242;0.043571;0.043703;0.043609;0.044358;0.044414;0.043903;0.04371;0.043389;0.04287;0.043878;0.043433;0.043035;0.043786;0.043935;0.043242;0.04336;0.04331;0.043387;0.043312;0.043356;0.043965;0.043799;0.045187;0.043664;0.04333;0.043816;0.043602;0.044071;0.044368;0.043916;0.044115;0.043459;0.043677;0.043958;0.043717;0.043065;0.044077;0.043882;0.044015;0.043668;0.043392;0.043937;0.04331;0.043744;0.043596;0.044856;0.043222;0.042909;0.043424;0.043553;0.043675;0.043445;0.043471;0.043637;0.043644;0.043596;0.043364;0.04392;0.043754;0.043557;0.04329;0.043164;0.044347;0.044204;0.043127;0.043376;0.043655;0.043427;0.045165;0.043586;0.043584;0.046513;0.044756;0.044613;0.043992;0.044196;0.043681;0.043801;0.044164;0.043237;0.04391;0.044716;0.043673;0.042667;0.043302;0.043721;0.043495;0.043569;0.044352;0.043698;0.045067;0.043838;0.043306;0.044104;0.043899;0.043942;0.044903;0.043618;0.043585;0.043746;0.044522;0.043884;0.043833;0.043806;0.043816;0.043923;0.043787;0.043785;0.04402;0.044441;0.043996;0.04422;0.044262;0.045879;0.043857;0.044231;0.045413;0.044939;0.045408;0.045117;0.044493;0.043914;0.04435;0.044411;0.043863;0.043694;0.043358;0.044107;0.043858;0.044072;0.044539;0.044377;0.043671;0.044045;0.044341;0.043613;0.044741;0.044189;0.044659;0.044714;0.043669;0.043666;0.044352;0.045029;0.043821;0.044081;0.043686;0.043983;0.043815;0.043378;0.043643;0.043391;0.043434;0.04342;0.043813;0.04336;0.044179;0.043939;0.042973;0.044259;0.044563;0.044186;0.044609;0.043884;0.044064;0.043766;0.04455;0.044949;0.044078;0.044165;0.043807;0.043442;0.043256;0.043561;0.044236;0.043951;0.043783;0.043832;0.044055;0.043934;0.044315;0.04513;0.044146;0.044055;0.044493;0.045348;0.044742;0.044471;0.043486;0.043651;0.043902;0.043871;0.043161;0.043261;0.044072;0.043502;0.045446;0.04307;0.043565;0.043538;0.043857;0.044192;0.043469;0.043618;0.045935;0.044095;0.044275;0.0453;0.04447;0.044883;0.043611;0.044066;0.04368;0.044009;0.044014;0.043765;0.043452;0.043725;0.044102;0.043568;0.043968;0.043659;0.043662;0.044112;0.044359;0.043913;0.0444;0.045252;0.043923;0.044875;0.046158;0.044723;0.044464;0.044334;0.04372;0.044214;0.043809;0.043807;0.044112;0.043919;0.044042;0.044513;0.044245;0.043991;0.044009;0.043342;0.044044;0.044321;0.044677;0.045496;0.043851;0.043827;0.043867;0.044294;0.044315;0.044216;0.04392;0.044173;0.044146;0.043916;0.043081;0.044377;0.043206;0.043838;0.043347;0.044054;0.04324;0.043231;0.043303;0.043876;0.043714;0.043805;0.045534;0.044391;0.043927;0.04387;0.043625;0.043904;0.044085;0.044166;0.043887;0.044842;0.044045;0.044073;0.043458;0.043422;0.043778;0.043521;0.044413;0.043617;0.044419;0.0446;0.045049;0.044676;0.044893;0.04393;0.042986;0.044011;0.043703;0.043341;0.043068;0.043419;0.042802;0.04335;0.04323;0.04373;0.043476;0.043678;0.043306;0.04269;0.042502;0.043466;0.043555;0.043561;0.04362;0.043157;0.042768;0.043247;0.044789;0.043722;0.04363;0.044035;0.042646;0.043626;0.043075;0.043379;0.043412;0.044022;0.042938;0.043072;0.044235;0.043238;0.043474;0.043833;0.043314;0.043762;0.043889;0.042934;0.043276;0.043312;0.042866;0.047857;0.04354;0.044022;0.043838;0.043974;0.043914;0.042872;0.043702;0.044097;0.043574;0.043866;0.044258;0.043896;0.04377;0.0445;0.043692;0.043737;0.043821;0.044113;0.043813;0.043815;0.043659;0.044579;0.043568;0.043679;0.04388;0.043418;0.043856;0.043835;0.043445;0.043207;0.043767;0.043388;0.043341;0.04356;0.043235;0.043768;0.043594;0.043447;0.043617;0.043206;0.043026;0.042897;0.04389;0.043104;0.04484;0.043782;0.043672;0.043998;0.043977;0.044239;0.04375;0.043776;0.044082;0.043559;0.043521;0.043352;0.043307;0.043475;0.044091;0.043738;0.043482;0.043423;0.043506;0.043261;0.043874;0.044378;0.044136;0.044986;0.04373;0.044031;0.044497;0.043753;0.043886;0.044228;0.044041;0.043056;0.043668;0.043508;0.043483;0.043975;0.042694;0.043722;0.043491;0.043558;0.043538;0.043744;0.04519;0.044206;0.043375;0.043568;0.045262;0.043895;0.043475;0.043767;0.043195;0.04382;0.043788;0.043047;0.043426;0.043542;0.043692;0.044241;0.043673;0.043148;0.043165;0.04347;0.043412;0.043658;0.043941;0.043508;0.043776;0.04383;0.043215;0.044968;0.043371;0.045289;0.043615;0.044027;0.043887;0.04491;0.044896;0.044373;0.044274;0.044086;0.043675;0.043591;0.043816;0.044017;0.043523;0.044136;0.043904;0.043474;0.043116;0.044398;0.043712;0.045409;0.043791;0.044353;0.043457;0.043881;0.043799;0.043501;0.043833;0.043333;0.043722;0.044386;0.043885;0.043299;0.044061;0.043651;0.044619;0.043589;0.043555;0.043796;0.044797;0.044245;0.042967;0.043867;0.044848;0.043552;0.043504;0.043121;0.043579;0.043875;0.043466;0.044416;0.043563;0.044178;0.043578;0.043479;0.04366;0.043732;0.043694;0.043626;0.043812;0.043356;0.044157;0.043817;0.043508;0.043464;0.043824;0.045429;0.043646;0.043316;0.043934;0.043833;0.04381;0.043255;0.043966;0.043747;0.04356;0.043932;0.043294;0.043612;0.043316;0.043465;0.043508;0.043652;0.043991;0.04352;0.04352;0.043482;0.043583;0.043465;0.045431;0.043446;0.044018;0.045269;0.044239;0.044094;0.0434;0.044442;0.043762;0.044179;0.043819;0.044249;0.043946;0.043855;0.043567;0.044118;0.043276;0.043315;0.043941;0.044045;0.043836;0.043836;0.04351;0.045671;0.043989;0.043676;0.044119;0.043618;0.043773;0.043174;0.043452;0.043653;0.043879;0.044048;0.043611;0.043829;0.043916;0.043456;0.044343;0.043987;0.043796;0.043797;0.043941;0.044166;0.043564;0.045492;0.04385;0.043601;0.044214;0.044063;0.044479;0.044286;0.043486;0.043954;0.043564;0.043593;0.045122;0.044296;0.043496;0.043349;0.043697;0.043773;0.044183;0.043474;0.043448;0.043955;0.044386;0.044087;0.045341;0.0438;0.043955;0.043678;0.044281;0.043982;0.043112;0.044203;0.044332;0.043617;0.044424;0.044152;0.045492;0.043745;0.044396;0.04387;0.043673;0.04371;0.043803;0.043982;0.043993;0.043797;0.043589;0.046453;0.044037;0.044619;0.044731;0.045114;0.044559;0.043599;0.044492;0.043499;0.04381;0.044118;0.044293;0.045059;0.044828;0.044547;0.045021;0.044209;0.04469;0.044558;0.045089;0.04421;0.043972;0.04536;0.044192;0.044683;0.044682;0.044352;0.044051;0.043888;0.043745;0.044005;0.043782;0.043421;0.043728;0.044025;0.043527;0.043856;0.043795;0.044373;0.043356;0.043892;0.043404;0.043234;0.043969;0.042997;0.044691;0.043629;0.044233;0.044597;0.044791;0.044724;0.045461;0.044887;0.044197;0.043438;0.044204;0.043378;0.044135;0.044073;0.044125;0.04434;0.043522;0.043429;0.043321;0.04444;0.043399;0.043665;0.043018;0.044303;0.043375;0.043098;0.043235;0.043315;0.043886;0.043339;0.044166;0.044554;0.043388;0.043805;0.043512;0.043313;0.04432;0.043324;0.043427;0.043854;0.043995;0.043556;0.044047;0.043635;0.043887;0.043607;0.045509;0.043648;0.044716;0.044152;0.044667;0.044434;0.043827;0.043583;0.043876;0.043998;0.043445;0.04329;0.043706;0.043251;0.043802;0.044113;0.043876;0.044192;0.04406;0.044151;0.043305;0.04382;0.044442;0.043461;0.043626;0.045146;0.044747;0.044349;0.044132;0.044171;0.043374;0.044102;0.044538;0.044128;0.043535;0.043595;0.043225;0.043505;0.043989;0.043558;0.043467;0.043516;0.04437;0.043734;0.044024;0.044519;0.043963;0.043707;0.0441;0.043627;0.044128;0.043902;0.04515;0.043654;0.044313;0.043259;0.043403;0.043457;0.043421;0.04348;0.043477;0.043366;0.043414;0.043167;0.044209;0.042966;0.043552;0.043873;0.044908;0.044087;0.044585;0.044765;0.044261;0.045348;0.043647;0.043365;0.04493;0.043716;0.044251;0.043282;0.043295;0.043986;0.043524;0.043788;0.043387;0.043306;0.043265;0.043896;0.043229;0.043982;0.043695;0.045724;0.044078;0.044033;0.043975;0.04422;0.044577;0.043755;0.043826;0.043239;0.045394;0.043797;0.043728;0.043247;0.04389;0.043638;0.044174;0.044279;0.044483;0.04389;0.044266;0.04454;0.043696;0.045486;0.043817;0.04369;0.044247;0.043676;0.043187;0.043862;0.043953;0.043994;0.043722;0.043565;0.043443;0.043856;0.043531;0.043458;0.044022;0.043849;0.043146;0.043196;0.043404;0.04401;0.043481;0.043588;0.044833;0.043979;0.045167;0.045038;0.044554;0.043836;0.043359;0.043167;0.043332;0.043859;0.043684;0.043924;0.044397;0.043336;0.04402;0.043861;0.044071;0.0451;0.044494;0.04405;0.043751;0.043123;0.044344;0.048208;0.044293;0.042889;0.04323;0.044051;0.04363;0.043214;0.04368;0.0435;0.04362;0.043324;0.043104;0.043811;0.044411;0.043849;0.043119;0.043635;0.04349;0.043077;0.043174;0.043465;0.043364;0.043596;0.045215;0.044052;0.044124;0.044373;0.044221;0.043804;0.044024;0.043609;0.043807;0.043549;0.04395;0.043513;0.043486;0.044066;0.043222;0.043101;0.04345;0.043845;0.044228;0.043791;0.043217;0.043561;0.043423;0.044693;0.044714;0.044031;0.044131;0.044591;0.044427;0.04404;0.044501;0.043793;0.044462;0.043477;0.043765;0.044359;0.044003;0.04418;0.044555;0.043687;0.044207;0.044182;0.043866;0.043886;0.044303;0.04523;0.043277;0.043536;0.043381;0.043698;0.043981;0.044102;0.043478;0.043735;0.044833;0.043835;0.044183;0.043853;0.043888;0.044118;0.044177;0.043559;0.044187;0.044388;0.04452;0.043889;0.04445;0.044734;0.045875;0.044175;0.043734;0.044079;0.044224;0.045302;0.044027;0.044237;0.043242;0.044461;0.045612;0.044433;0.043935;0.043521;0.044166;0.043386;0.043489;0.043379;0.043982;0.043685;0.044084;0.043498;0.04423;0.045366;0.043334;0.043272;0.043943;0.043462;0.044147;0.04395;0.044202;0.044268;0.043955;0.043918;0.044531;0.043598;0.043453;0.044236;0.043224;0.043731;0.044338;0.043709;0.043796;0.043561;0.043478;0.045101;0.043496;0.043953;0.043458;0.043993;0.044191;0.044154;0.044299;0.044051;0.043243;0.043398;0.043633;0.043404;0.043529;0.043775;0.043491;0.043257;0.043464;0.043687;0.043569;0.044406;0.044137;0.043622;0.045242;0.043589;0.044522;0.044151;0.044451;0.044608;0.044506;0.043616;0.043894;0.043827;0.043755;0.043487;0.043443;0.044059;0.043871;0.043477;0.043167;0.043353;0.043551;0.043494;0.043416;0.044479;0.044379;0.047198;0.044364;0.044453;0.044454;0.044312;0.04388;0.044254;0.043571;0.043436;0.043539;0.043454;0.043428;0.043636;0.043391;0.043734;0.044135;0.043613;0.043253;0.043745;0.043171;0.043752;0.043593;0.044312;0.045147;0.044224;0.04388;0.043802;0.043782;0.043987;0.043814;0.043796;0.043353;0.043285;0.043435;0.04356;0.04413;0.043383;0.043665;0.043981;0.044691;0.044006;0.043705;0.043568;0.043592;0.04399;0.04482;0.0433;0.043929;0.044604;0.044287;0.043934;0.043384;0.044194;0.043391;0.043518;0.043684;0.043744;0.043691;0.044336;0.044059;0.043347;0.044052;0.043562;0.043778;0.044121;0.043908;0.043219;0.043016;0.044145;0.044352;0.044941;0.044122;0.044471;0.044334;0.044223;0.043356;0.043574;0.043983;0.044272;0.043801;0.044106;0.043785;0.043984;0.043682;0.043931;0.045074;0.043747;0.044015;0.043918;0.044018;0.043558;0.044627;0.044121;0.043787;0.043598;0.043857;0.043966;0.044085;0.043763;0.043925;0.043605;0.043604;0.044989;0.044267;0.04439;0.043711;0.043713;0.043878;0.043716;0.043616;0.044681;0.043676;0.044255;0.044298;0.044799;0.044003;0.043395;0.043408;0.043633;0.043565;0.044449;0.044182;0.043541;0.043586;0.043902;0.043284;0.043665;0.044175;0.044032;0.043654;0.043352;0.043465;0.043801;0.043805;0.043522;0.043638;0.044382;0.044277;0.043893;0.043504;0.044286;0.043735;0.043813;0.044002;0.043575;0.043775;0.043904;0.043962;0.043673;0.04406;0.044321;0.044017;0.043453;0.043946;0.043218;0.043988;0.043865;0.043885;0.04375;0.044677;0.043816;0.043246;0.043097;0.044072;0.043629;0.045515;0.043983;0.043615;0.044382;0.044435;0.043343;0.04459;0.04389;0.043177;0.043882;0.043306;0.04381;0.043467;0.043314;0.043429;0.043692;0.043829;0.044991;0.043167;0.043465;0.044157;0.042934;0.043333;0.043936;0.043333;0.043133;0.043583;0.043204;0.043821;0.044144;0.043817;0.044172;0.044229;0.044035;0.043524;0.044354;0.043911;0.043275;0.04416;0.04397;0.045447;0.04346;0.044048;0.044555;0.043995;0.04369;0.043175;0.04453;0.043572;0.043827;0.043933;0.043701;0.043955;0.043146;0.042883;0.043781;0.043696;0.043179;0.043652;0.043229;0.043477;0.044192;0.043915;0.045209;0.043877;0.04348;0.04295;0.04417;0.043143;0.043235;0.043508;0.044035;0.04316;0.043816;0.043802;0.043531;0.043905;0.043258;0.044472;0.044136;0.043503;0.043575;0.04333;0.043135;0.044039;0.043578;0.044904;0.04363;0.042789;0.043544;0.043117;0.043593;0.04354;0.043711;0.0437;0.044278;0.044601;0.043583;0.043835;0.043529;0.043826;0.044258;0.043369;0.043252;0.043203;0.044038;0.044276;0.043669;0.04343;0.044814;0.044652;0.043774;0.043881;0.044158;0.043936;0.043209;0.04421;0.044012;0.04453;0.044672;0.043657;0.043669;0.043875;0.044061;0.043585;0.043736;0.044219;0.043278;0.043863;0.044067;0.043504;0.045157;0.043515;0.044094;0.044312;0.044904;0.044;0.043276;0.043916;0.044286;0.044286;0.044405;0.045057;0.043957;0.044627;0.044033;0.043482;0.043664;0.043694;0.043733;0.043741;0.043782;0.043598;0.04374;0.045734;0.043652;0.043309;0.043804;0.044836;0.044036;0.043122;0.044139;0.043682;0.044532;0.043882;0.044018;0.043135;0.043188;0.043915;0.042949;0.043663;0.043481;0.043809;0.043654;0.043936;0.04372;0.04386;0.044689;0.04512;0.043813;0.043851;0.043842;0.044464;0.043869;0.044292;0.04433;0.043742;0.043492;0.044344;0.043533;0.043639;0.044064;0.04393;0.043846;0.044001;0.044768;0.043636;0.043626;0.043548;0.044547;0.043639;0.043063;0.045348;0.043626;0.043128;0.043282;0.043292;0.04322;0.043832;0.043299;0.04386;0.043213;0.043349;0.043737;0.043818;0.043215;0.044022;0.0437;0.043516;0.043776;0.043439;0.044946;0.043685;0.042886;0.043595;0.043626;0.043532;0.043768;0.043461;0.044459;0.043774;0.043934;0.043504;0.04433;0.044185;0.043293;0.043932;0.043187;0.043588;0.043146;0.043056;0.043482;0.04323;0.043689;0.044755;0.043681;0.04366;0.044187;0.043534;0.043838;0.043739;0.042684;0.043484;0.044422;0.043728;0.043701;0.044022;0.043812;0.043627;0.043618;0.042671;0.043817;0.043948;0.043755;0.043535;0.043916;0.044429;0.043345;0.043169;0.043425;0.043593;0.043373;0.04344;0.043221;0.043943;0.043838;0.043167;0.044226;0.04379;0.043626;0.044067;0.043837;0.043441;0.043478;0.0434;0.043981;0.043691;0.044259;0.043765;0.044687;0.043477;0.044174;0.044928;0.043678;0.044332;0.043813;0.043739;0.044528;0.044048;0.043823;0.043895;0.044054;0.043541;0.043758;0.04319;0.044748;0.043783;0.043656;0.043812;0.044301;0.043821;0.044159;0.046371;0.044183;0.044469;0.044768;0.044557;0.044579;0.043771;0.043756;0.043641;0.044155;0.043737;0.043685;0.043724;0.044214;0.044002;0.043098;0.044136;0.043614;0.043545;0.043375;0.043406;0.044049;0.043997;0.044778;0.044961;0.044599;0.044904;0.04406;0.043664;0.045279;0.043598;0.043522;0.044448;0.043759;0.044154;0.043925;0.043958;0.043684;0.043787;0.043629;0.043778;0.043764;0.043847;0.043291;0.043591;0.044378;0.044153;0.044821;0.044125;0.044503;0.043785;0.043663;0.043535;0.0438;0.043672;0.043268;0.04363;0.043782;0.04355;0.043745;0.044281;0.043502;0.043903;0.043643;0.043438;0.043775;0.042971;0.043683;0.044539;0.043757;0.043768;0.043386;0.04335;0.043537;0.043922;0.043512;0.04408;0.043901;0.043533;0.043695;0.043203;0.04364;0.043149;0.043719;0.043701;0.043385;0.043765;0.043555;0.04371;0.043801;0.043537;0.044462;0.044108;0.044158;0.04341;0.043971;0.043564;0.04325;0.043525;0.042899;0.043203;0.043648;0.042947;0.043692;0.044142;0.043185;0.04306;0.043693;0.043776;0.04382;0.043717;0.044004;0.04368;0.044267;0.044754;0.043196;0.043578;0.04377;0.043587;0.043975;0.043977;0.04348;0.043185;0.042864;0.043564;0.042792;0.043325;0.043414;0.043957;0.043224;0.043405;0.04527;0.04328;0.043634;0.043217;0.042976;0.04347;0.044028;0.04359;0.043651;0.043508;0.043496;0.043621;0.043622;0.043442;0.043636;0.043546;0.043065;0.043555;0.043358;0.043727;0.043683;0.043851;0.043877;0.043681;0.042765;0.044182;0.043734;0.043543;0.043643;0.04569;0.044615;0.045156;0.045418;0.044271;0.045081;0.044418;0.043775;0.043469;0.044006;0.044118;0.043471;0.04379;0.043985;0.044035;0.044095;0.044101;0.043806;0.044183;0.044255;0.04418;0.043663;0.044993;0.043025;0.043893;0.043242;0.043903;0.043957;0.043417;0.044272;0.043501;0.044012;0.043696;0.044039;0.043713;0.044299;0.044175;0.043794;0.044279;0.044728;0.043819;0.043859;0.043874;0.043623;0.043547;0.045118;0.044035;0.044065;0.043862;0.043965;0.04393;0.044325;0.044148;0.044078;0.043451;0.043265;0.043949;0.043505;0.043546;0.043652;0.043616;0.043577;0.043503;0.045021;0.043748;0.044001;0.043409;0.043868;0.044641;0.043449;0.044035;0.04356;0.043418;0.043611;0.043996;0.043419;0.044054;0.043882;0.043283;0.043851;0.043644;0.043386;0.043811;0.043519;0.043681;0.044234;0.044012;0.043793;0.044249;0.044531;0.043103;0.04533;0.043421;0.043555;0.043818;0.044464;0.043962;0.043657;0.043797;0.043355;0.043922;0.044246;0.043584;0.044069;0.043253;0.043761;0.043615;0.043632;0.04315;0.043346;0.043611;0.044506;0.044223;0.043286;0.045043;0.0434;0.043397;0.0445;0.043086;0.043669;0.044013;0.043772;0.044498;0.043284;0.043967;0.043895;0.043561;0.043959;0.043684;0.044356;0.043389;0.044167;0.043426;0.043665;0.043366;0.044148;0.044769;0.044078;0.043569;0.044264;0.043411;0.043598;0.04333;0.043832;0.043545;0.043762;0.044225;0.043237;0.043457;0.044108;0.043277;0.043563;0.043578;0.043525;0.043649;0.043477;0.043876;0.043855;0.043582;0.044267;0.043722;0.043572;0.043294;0.043934;0.043498;0.044263;0.044001;0.04341;0.043868;0.043817;0.044008;0.043598;0.043733;0.043866;0.045748;0.04378;0.043421;0.043479;0.043637;0.043589;0.043737;0.043928;0.044661;0.043787;0.04355;0.043947;0.043645;0.043539;0.043299;0.043945;0.043618;0.044273;0.043647;0.044244;0.04372;0.044265;0.043908;0.043788;0.043329;0.044026;0.0439;0.043947;0.043696;0.043512;0.044089;0.045018;0.04348;0.043475;0.044083;0.043871;0.043908;0.043138;0.044071;0.044141;0.044146;0.043472;0.043666;0.04398;0.044107;0.043632;0.043847;0.04377;0.043289;0.043498;0.043378;0.043579;0.043782;0.043508;0.045193;0.044166;0.043585;0.043045;0.043535;0.044097;0.044341;0.044089;0.043893;0.043907;0.044596;0.043729;0.043463;0.043863;0.043672;0.043508;0.044061;0.043928;0.044743;0.043358;0.043647;0.043563;0.045176;0.043286;0.043303;0.044005;0.043885;0.044017;0.043729;0.044541;0.043743;0.043437;0.043729;0.043592;0.044019;0.043531;0.043352;0.043695;0.043913;0.043708;0.04382;0.043689;0.043841;0.043654;0.044735;0.044581;0.04374;0.045808;0.043645;0.043749;0.043331;0.043644;0.043675;0.044206;0.043444;0.043293;0.044123;0.044044;0.043466;0.044242;0.043525;0.043817;0.043345;0.043481;0.043868;0.044117;0.043633;0.044131;0.044627;0.044046;0.043457;0.043868;0.044001;0.044459;0.043927;0.04412;0.043969;0.043826;0.043582;0.043832;0.044259;0.044143;0.044357;0.043564;0.044307;0.04474;0.044095;0.044828;0.043859;0.044215;0.043666;0.045245;0.044325;0.044696;0.045662;0.044386;0.04446;0.044519;0.044208;0.044248;0.044487;0.043742;0.044607;0.045122;0.044199;0.044741;0.043757;0.043509;0.044632;0.045213;0.044572;0.044322;0.04425;0.045699;0.044972;0.044653;0.045372;0.044143;0.043936;0.043959;0.044804;0.044215;0.044342;0.044219;0.044183;0.043918;0.043615;0.043769;0.04426;0.044507;0.04434;0.043964;0.044406;0.046264;0.044352;0.043964;0.044761;0.044965;0.045061;0.044515;0.044566;0.0443;0.043728;0.042938;0.043812;0.044264;0.044029;0.043805;0.043369;0.043057;0.042772;0.043368;0.04396;0.043745;0.044107;0.042937;0.044004;0.044935;0.045447;0.043306;0.043295;0.043668;0.043511;0.044188;0.043655;0.043698;0.044129;0.043499;0.043721;0.043165;0.043792;0.043965;0.043833;0.043988;0.043705;0.043491;0.043744;0.043496;0.044426;0.043985;0.043587;0.046623;0.043299;0.043625;0.044495;0.043426;0.044424;0.044123;0.043873;0.044194;0.044321;0.043521;0.043895;0.043367;0.044182;0.043509;0.044408;0.043549;0.043763;0.043768;0.043884;0.044359;0.043963;0.043786;0.04452;0.043946;0.043887;0.043753;0.043531;0.043977;0.043468;0.044334;0.043864;0.044259;0.043332;0.043552;0.043465;0.043192;0.043924;0.043974;0.04416;0.043742;0.043722;0.04341;0.044573;0.043706;0.043819;0.044819;0.043231;0.04354;0.044032;0.043157;0.043275;0.043051;0.044165;0.043435;0.044139;0.043597;0.04345;0.043914;0.043603;0.043331;0.043451;0.043364;0.043694;0.043018;0.043695;0.043781;0.044704;0.043701;0.045273;0.044238;0.043739;0.043716;0.044077;0.0444;0.044196;0.043228;0.043633;0.044062;0.044383;0.043985;0.044007;0.043802;0.043979;0.043388;0.044202;0.043771;0.043767;0.043754;0.043446;0.043912;0.046044;0.04335;0.043547;0.043368;0.043098;0.043621;0.043569;0.043703;0.044063;0.043738;0.043873;0.043735;0.044011;0.043619;0.042939;0.043847;0.043034;0.043635;0.0434;0.04386;0.04319;0.043321;0.043711;0.045068;0.044232;0.043515;0.043262;0.042932;0.04331;0.04333;0.043776;0.044157;0.044103;0.043948;0.04319;0.043707;0.043071;0.043558;0.043837;0.043542;0.043762;0.043458;0.043119;0.0437;0.043205;0.043895;0.044755;0.043463;0.043449;0.0438;0.043618;0.043352;0.043291;0.044049;0.043909;0.043167;0.043861;0.043837;0.044795;0.044155;0.043799;0.04284;0.043053;0.042875;0.043716;0.043451;0.043452;0.043794;0.043775;0.045324;0.043986;0.044006;0.043585;0.043312;0.044055;0.043746;0.04383;0.043471;0.043566;0.043265;0.04304;0.043998;0.044797;0.04423;0.043671;0.043369;0.042815;0.043567;0.043311;0.043666;0.044007;0.043375;0.045415;0.043364;0.043203;0.043319;0.044399;0.043632;0.043873;0.044048;0.044544;0.043596;0.044027;0.043464;0.043685;0.043462;0.044363;0.043515;0.042992;0.043115;0.043227;0.043313;0.044124;0.04324;0.044023;0.044574;0.043607;0.044026;0.043727;0.044607;0.043207;0.043564;0.043145;0.043955;0.043401;0.044247;0.044067;0.043583;0.042562;0.043872;0.043285;0.044207;0.043516;0.043423;0.04361;0.043574;0.043881;0.043333;0.044898;0.044402;0.042867;0.043036;0.044232;0.043285;0.044425;0.043372;0.043464;0.043786;0.043894;0.044165;0.043793;0.043798;0.043762;0.044094;0.043777;0.043716;0.043716;0.043923;0.044123;0.043579;0.043949;0.044979;0.044567;0.04475;0.045213;0.043985;0.043784;0.043405;0.043573;0.043458;0.043596;0.043948;0.044273;0.043412;0.043787;0.043923;0.044024;0.042637;0.044075;0.043388;0.043594;0.04329;0.042996;0.044101;0.043171;0.04423;0.044457;0.044421;0.044078;0.043255;0.044627;0.043684;0.044108;0.043628;0.04358;0.04387;0.044186;0.043571;0.04515;0.043549;0.044175;0.043823;0.044261;0.044038;0.043335;0.043897;0.04534;0.043386;0.044505;0.043788;0.044536;0.043793;0.044961;0.045011;0.044361;0.04337;0.043748;0.04406;0.044492;0.044303;0.044255;0.044393;0.043606;0.043531;0.043748;0.043461;0.044051;0.044934;0.044383;0.045303;0.04528;0.044867;0.044759;0.044771;0.043623;0.042934;0.043653;0.043944;0.044211;0.044105;0.04355;0.044219;0.043802;0.04382;0.043598;0.043125;0.043629;0.043715;0.043276;0.044136;0.044165;0.044431;0.043601;0.044263;0.045184;0.044608;0.045768;0.044836;0.043931;0.043655;0.044166;0.043916;0.043361;0.044311;0.043789;0.043952;0.043975;0.044354;0.043893;0.043884;0.043524;0.043708;0.043562;0.043897;0.045397;0.044806;0.044716;0.044668;0.04464;0.044182;0.04364;0.043961;0.043607;0.043425;0.044142;0.043452;0.043428;0.043982;0.043998;0.044578;0.04461;0.043687;0.044016;0.044342;0.043799;0.043467;0.043497;0.044749;0.045291;0.045271;0.044792;0.044075;0.044202;0.043881;0.043954;0.043781;0.043898;0.044096;0.043636;0.04394;0.044807;0.044487;0.043835;0.044551;0.046345;0.045021;0.044872;0.044676;0.044051;0.044883;0.044403;0.044333;0.043668;0.044428;0.04481;0.045356;0.044673;0.044872;0.043981;0.043922;0.043788;0.043844;0.043369;0.043826;0.044095;0.044234;0.043651;0.044089;0.044888;0.044028;0.043548;0.043711;0.045088;0.044012;0.043696;0.044129;0.043716;0.043261;0.043766;0.043457;0.043387;0.044429;0.044227;0.043362;0.044085;0.043944;0.044318;0.043775;0.043454;0.04382;0.044143;0.04414;0.043477;0.044131;0.044037;0.044596;0.043311;0.043729;0.043973;0.043785;0.044056;0.043434;0.043795;0.043519;0.043998;0.043503;0.043924;0.044528;0.043918;0.043551;0.044591;0.043948;0.044475;0.04349;0.044389;0.044037;0.044238;0.045023;0.043827;0.043587;0.043747;0.044045;0.044058;0.04407;0.044008;0.044566;0.044067;0.044699;0.044263;0.044097;0.043858;0.044013;0.044416;0.044433;0.043787;0.043896;0.04401;0.043943;0.044435;0.044787;0.04473;0.043948;0.043831;0.044328;0.044101;0.044026;0.044001;0.043725;0.043673;0.043811;0.043466;0.04371;0.043884;0.042951;0.043697;0.043526;0.043926;0.043544;0.043728;0.044173;0.043857;0.044208;0.043514;0.045939;0.043593;0.043608;0.043343;0.043885;0.044074;0.044056;0.044065;0.043487;0.043118;0.043931;0.043517;0.043686;0.043631;0.043382;0.043248;0.043976;0.043927;0.044486;0.043545;0.04364;0.043769;0.043885;0.04512;0.04517;0.043627;0.043876;0.043671;0.043796;0.043497;0.043824;0.043545;0.044111;0.043842;0.043617;0.043938;0.04453;0.043828;0.04356;0.044042;0.043774;0.044046;0.044346;0.044596;0.044203;0.045152;0.043381;0.043589;0.045246;0.04356;0.043463;0.043557;0.043712;0.042801;0.044131;0.043832;0.043407;0.043674;0.043827;0.043917;0.043401;0.043917;0.044089;0.043118;0.043254;0.043837;0.043649;0.044181;0.045407;0.043296;0.043385;0.043999;0.042994;0.043214;0.043817;0.043102;0.044176;0.043267;0.043564;0.043474;0.043286;0.043485;0.043638;0.043564;0.043287;0.043475;0.043605;0.044023;0.043104;0.043444;0.043165;0.044898;0.043692;0.04374;0.043605;0.043415;0.043668;0.043625;0.043744;0.043666;0.043536;0.043576;0.044346;0.043776;0.044365;0.043796;0.043604;0.043378;0.043563;0.044038;0.044166;0.043961;0.043818;0.043611;0.044597;0.043042;0.043693;0.043953;0.044296;0.043848;0.044153;0.043813;0.04347;0.043336;0.044096;0.044439;0.04472;0.043566;0.04423;0.04325;0.043914;0.043485;0.043451;0.043935;0.04356;0.043776;0.043928;0.044337;0.043991;0.044219;0.045182;0.043553;0.044145;0.044178;0.044;0.043786;0.043366;0.043681;0.043839;0.044139;0.044236;0.042915;0.043504;0.044144;0.043428;0.043185;0.043438;0.043416;0.043317;0.043608;0.044815;0.043858;0.043628;0.044125;0.044228;0.043978;0.043743;0.044397;0.043366;0.044361;0.043901;0.044852;0.044363;0.044734;0.04523;0.044982;0.045023;0.044657;0.044834;0.044864;0.044258;0.043912;0.045214;0.044396;0.046854;0.04435;0.043968;0.044397;0.044143;0.043343;0.043465;0.044459;0.043086;0.043985;0.043948;0.044054;0.043542;0.044031;0.04498;0.043777;0.0444;0.043745;0.044916;0.044357;0.044135;0.044746;0.04393;0.0445;0.044636;0.043795;0.043392;0.042964;0.042961;0.042948;0.04388;0.043569;0.044149;0.043757;0.044028;0.043731;0.043838;0.043517;0.043835;0.043619;0.043647;0.043387;0.043879;0.044971;0.044463;0.044108;0.043733;0.044719;0.043505;0.043085;0.043452;0.043559;0.043339;0.04338;0.044079;0.044234;0.043924;0.043792;0.043211;0.044406;0.043806;0.043931;0.044821;0.043799;0.04408;0.044053;0.045335;0.044183;0.044754;0.043997;0.044519;0.043881;0.044228;0.043327;0.044126;0.044082;0.04375;0.044241;0.044077;0.044501;0.043677;0.043766;0.044228;0.044795;0.043725;0.043924;0.045531;0.044577;0.044131;0.044733;0.044138;0.044745;0.044198;0.043903;0.043681;0.043957;0.043031;0.043812;0.043823;0.043234;0.043885;0.044009;0.044323;0.043702;0.0443;0.043204;0.043723;0.043648;0.044156;0.043635;0.044288;0.04365;0.044779;0.044186;0.044218;0.044354;0.043949;0.044407;0.044239;0.043939;0.043818;0.043939;0.043821;0.04415;0.043682;0.044274;0.043627;0.043675;0.043921;0.044135;0.044189;0.043568;0.04399;0.044133;0.045022;0.044217;0.044541;0.044564;0.044125;0.043943;0.043982;0.0447;0.043988;0.043552;0.04358;0.043387;0.044368;0.044047;0.043902;0.043554;0.04325;0.043627;0.043929;0.044577;0.043218;0.04353;0.04345;0.044551;0.044326;0.044585;0.045533;0.044543;0.044109;0.04451;0.043823;0.043442;0.04338;0.04419;0.043973;0.043563;0.043431;0.044515;0.04391;0.043544;0.044496;0.043773;0.04367;0.044;0.043585;0.043832;0.045029;0.04395;0.044093;0.043759;0.042928;0.043957;0.043854;0.043512;0.043997;0.043868;0.043388;0.043588;0.044334;0.043976;0.043973;0.044156;0.043744;0.044184;0.043566;0.044918;0.043427;0.044743;0.045635;0.043803;0.044093;0.043214;0.043987;0.043699;0.044199;0.043894;0.043794;0.043607;0.044412;0.043751;0.044165;0.044897;0.044217;0.044353;0.044103;0.043649;0.043657;0.043381;0.044315;0.043776;0.043567;0.045342;0.043754;0.043575;0.043627;0.04371;0.043785;0.043886;0.043864;0.043948;0.043786;0.044514;0.044481;0.044024;0.043725;0.043167;0.043733;0.04374;0.043087;0.044242;0.04546;0.044206;0.043751;0.043781;0.044197;0.042892;0.043743;0.043051;0.043548;0.043224;0.04364;0.043752;0.043874;0.04394;0.043342;0.043634;0.04346;0.04349;0.043775;0.043719;0.043705;0.043456;0.043828;0.042982;0.04414;0.044086;0.043656;0.045207;0.043906;0.043146;0.044141;0.043587;0.043853;0.043458;0.044254;0.043824;0.044315;0.043894;0.043143;0.044428;0.043862;0.043814;0.044473;0.043824;0.043963;0.043938;0.04403;0.043682;0.043979;0.04401;0.044275;0.043593;0.043439;0.043582;0.043227;0.043491;0.043745;0.043935;0.045007;0.044205;0.043687;0.043881;0.044238;0.043733;0.043932;0.04337;0.043532;0.043887;0.043862;0.043918;0.043894;0.043771;0.044566;0.04346;0.043045;0.043252;0.043812;0.042863;0.043512;0.043412;0.043149;0.044234;0.04494;0.043352;0.043991;0.043618;0.043157;0.043916;0.043244;0.043569;0.043769;0.043652;0.043389;0.044258;0.043222;0.044592;0.043705;0.044179;0.044466;0.045232;0.044751;0.04482;0.044651;0.043971;0.044154;0.043807;0.044088;0.043881;0.043584;0.043854;0.043315;0.044013;0.04366;0.04422;0.043434;0.044034;0.044453;0.044138;0.044287;0.043858;0.043855;0.044002;0.044151;0.043949;0.043888;0.0439;0.044887;0.043119;0.043474;0.043469;0.043263;0.043178;0.043546;0.043125;0.043278;0.043956;0.04374;0.043195;0.043251;0.043139;0.043734;0.045376;0.044395;0.044915;0.043819;0.043954;0.043172;0.044353;0.043394;0.04328;0.044113;0.04323;0.043991;0.043877;0.043451;0.043833;0.043241;0.043616;0.043415;0.043545;0.043645;0.043595;0.044944;0.043733;0.044442;0.043663;0.043802;0.044116;0.043184;0.043111;0.04307;0.04334;0.043563;0.04405;0.043499;0.044006;0.044131;0.043046;0.04324;0.043484;0.043816;0.043668;0.044068;0.04343;0.045208;0.043732;0.044234;0.043779;0.044208;0.043431;0.043848;0.044265;0.043568;0.043714;0.043161;0.043498;0.043661;0.044138;0.043733;0.043704;0.044267;0.043423;0.043886;0.04456;0.04409;0.043903;0.044065;0.043691;0.044876;0.045371;0.043357;0.043983;0.043589;0.044097;0.043673;0.043737;0.044076;0.043896;0.04384;0.04365;0.043504;0.043798;0.043458;0.044117;0.044034;0.043431;0.043478;0.043741;0.04392;0.043319;0.043889;0.044307;0.04643;0.044446;0.043413;0.043996;0.043703;0.044494;0.044099;0.043087;0.043474;0.043509;0.043785;0.043748;0.043532;0.044251;0.044004;0.04347;0.043643;0.04429;0.043643;0.043572;0.043591;0.043085;0.044429;0.044967;0.043162;0.043461;0.043622;0.043534;0.043856;0.043598;0.04359;0.044324;0.043773;0.043414;0.043958;0.043404;0.04407;0.043958;0.043679;0.044046;0.043991;0.043051;0.043351;0.043283;0.043871;0.043921;0.044915;0.043714;0.04447;0.043608;0.043993;0.043699;0.043021;0.044789;0.044239;0.044123;0.043955;0.043378;0.04351;0.043706;0.043428;0.043699;0.045177;0.043465;0.044484;0.04468;0.043624;0.043396;0.045094;0.043735;0.043775;0.043456;0.044315;0.0446;0.043763;0.043918;0.044044;0.044409;0.043801;0.043834;0.043517;0.044261;0.043884;0.044092;0.043584;0.044027;0.043669;0.043104;0.043683;0.043375;0.043603;0.045424;0.04406;0.044229;0.044074;0.043554;0.043459;0.043358;0.044299;0.043884;0.043785;0.043928;0.043878;0.043725;0.043826;0.043716;0.045026;0.043636;0.044055;0.043372;0.044055;0.043421;0.04316;0.043561;0.045152;0.044749;0.043937;0.045119;0.044256;0.044497;0.044479;0.044549;0.043452;0.044428;0.044102;0.044164;0.044693;0.043228;0.044507;0.043959;0.043834;0.043967;0.043266;0.043509;0.043677;0.043661;0.043653;0.044862;0.044791;0.044099;0.044726;0.043998;0.04314;0.043586;0.043286;0.04378;0.043285;0.043861;0.043544;0.044139;0.043688;0.043864;0.043614;0.043729;0.043156;0.043271;0.044667;0.043201;0.04298;0.044924;0.043355;0.043724;0.044261;0.044082;0.043671;0.04432;0.044477;0.044752;0.043695;0.043656;0.043395;0.043909;0.044484;0.044097;0.043636;0.043864;0.043641;0.043887;0.044073;0.043927;0.044002;0.043494;0.045829;0.0434;0.044042;0.043738;0.044094;0.044975;0.044668;0.044188;0.043229;0.043459;0.043685;0.042841;0.043567;0.043087;0.043408;0.043127;0.045686;0.04319;0.043387;0.04367;0.043638;0.044243;0.043537;0.04436;0.043689;0.043528;0.043846;0.043781;0.043376;0.04443;0.044767;0.043997;0.043706;0.04307;0.043692;0.044153;0.043751;0.044003;0.044253;0.043267;0.0442;0.044197;0.043687;0.043821;0.043945;0.043463;0.044283;0.043338;0.043406;0.043839;0.043158;0.043356;0.043267;0.043772;0.043388;0.043477;0.043568;0.043765;0.043385;0.04353;0.043375;0.043563;0.042939;0.04371;0.043587;0.043709;0.043509;0.043958;0.043966;0.046655;0.043856;0.043706;0.043923;0.044257;0.04425;0.044111;0.043532;0.043124;0.04381;0.043798;0.043835;0.043589;0.04377;0.044537;0.044474;0.044091;0.044148;0.043833;0.044088;0.043699;0.044782;0.044838;0.043711;0.043279;0.043831;0.043885;0.043883;0.043618;0.044113;0.042918;0.043156;0.043879;0.043006;0.043895;0.043406;0.043913;0.044693;0.043675;0.043325;0.043719;0.044231;0.044343;0.044107;0.044124;0.044891;0.043353;0.043969;0.045208;0.044061;0.043957;0.043409;0.043172;0.044019;0.043728;0.043137;0.044219;0.043988;0.043322;0.043515;0.043866;0.044282;0.043899;0.043733;0.044474;0.043391;0.043917;0.04358;0.044687;0.044118;0.043811;0.043435;0.043325;0.043429;0.043375;0.043854;0.042898;0.045476;0.044876;0.043689;0.043764;0.043273;0.04338;0.043382;0.0435;0.043691;0.043788;0.043536;0.044465;0.04385;0.043993;0.044736;0.043714;0.043311;0.043306;0.043347;0.043754;0.043941;0.043807;0.043326;0.043564;0.044045;0.043444;0.043469;0.043735;0.043909;0.043917;0.044036;0.044288;0.044343;0.044008;0.043092;0.043973;0.043497;0.044948;0.043326;0.043681;0.043671;0.044448;0.043842;0.044728;0.043707;0.043524;0.043787;0.044065;0.044461;0.043419;0.043493;0.043903;0.043946;0.043567;0.043218;0.043844;0.043833;0.043461;0.043668;0.044809;0.043548;0.04471;0.045514;0.044882;0.043864;0.043316;0.043295;0.044149;0.043805;0.043235;0.043796;0.04393;0.043537;0.04364;0.044254;0.043252;0.043919;0.0436;0.043621;0.043152;0.043785;0.04315;0.044877;0.042637;0.043829;0.043969;0.043899;0.043661;0.043691;0.043562;0.043072;0.043384;0.043859;0.043353;0.043553;0.043444;0.043529;0.04414;0.043858;0.043556;0.043404;0.043685;0.043407;0.044221;0.043615;0.04473;0.044229;0.043447;0.043959;0.044236;0.043663;0.044382;0.043874;0.043494;0.043562;0.044068;0.043896;0.043666;0.044013;0.043281;0.043914;0.043765;0.043359;0.043146;0.043229;0.04502;0.043954;0.043513;0.04472;0.043369;0.04358;0.043766;0.043933;0.0436;0.043646;0.04375;0.044392;0.043968;0.044273;0.044313;0.043278;0.043469;0.043704;0.044269;0.044067;0.044182;0.04396;0.043954;0.043244;0.04345;0.043592;0.04499;0.043527;0.044009;0.043664;0.044083;0.043528;0.043478;0.043577;0.043445;0.043598;0.043423;0.0435;0.04333;0.043421;0.043455;0.0435;0.043566;0.043102;0.043573;0.044045;0.043131;0.044159;0.043642;0.044455;0.043914;0.04377;0.043654;0.043366;0.043513;0.043306;0.043797;0.043848;0.043923;0.043352;0.044019;0.0441;0.044145;0.043814;0.04398;0.044076;0.044132;0.043456;0.043009;0.043678;0.043618;0.045054;0.043449;0.043178;0.0436;0.043883;0.043671;0.042974;0.043851;0.043926;0.043558;0.043428;0.045216;0.044101;0.043438;0.043988;0.04449;0.044649;0.044029;0.043692;0.043281;0.04451;0.04405;0.044142;0.044934;0.043935;0.043537;0.043927;0.043182;0.043666;0.043518;0.043136;0.043461;0.043536;0.043677;0.043293;0.043666;0.04385;0.043827;0.043998;0.044014;0.045228;0.043081;0.044241;0.043958;0.043951;0.043253;0.044675;0.043701;0.043455;0.043644;0.043844;0.043474;0.043605;0.04398;0.043391;0.042912;0.044198;0.043734;0.044027;0.043166;0.043973;0.043092;0.043922;0.043759;0.044457;0.043939;0.044205;0.043881;0.043021;0.044679;0.043438;0.04356;0.043169;0.044016;0.043991;0.043749;0.043092;0.04286;0.043353;0.043165;0.04303;0.044353;0.045016;0.043775;0.043905;0.04374;0.043953;0.043133;0.043576;0.043755;0.043426;0.043005;0.044869;0.044696;0.045241;0.044538;0.044184;0.043979;0.043331;0.043812;0.044016;0.044498;0.043991;0.043965;0.043603;0.043828;0.043853;0.04346;0.043584;0.044558;0.044143;0.043657;0.043868;0.043669;0.04451;0.043768;0.044299;0.046307;0.043677;0.043748;0.043211;0.043876;0.043787;0.043379;0.043585;0.044625;0.04469;0.043577;0.04383;0.043865;0.043939;0.043841;0.044459;0.044081;0.043957;0.04349;0.044233;0.045248;0.043684;0.043841;0.043299;0.043606;0.043917;0.044541;0.04333;0.042841;0.045318;0.043787;0.044218;0.044507;0.044223;0.043504;0.043865;0.043485;0.043677;0.043707;0.043443;0.043641;0.044808;0.04435;0.044726;0.043743;0.043898;0.04387;0.043682;0.043807;0.043216;0.043853;0.043954;0.043991;0.04334;0.044276;0.044253;0.044294;0.044029;0.043264;0.044067;0.04384;0.043131;0.043261;0.044964;0.043575;0.043387;0.044822;0.043893;0.043707;0.04376;0.043429;0.043482;0.043447;0.043817;0.043012;0.044016;0.043462;0.04386;0.043752;0.043599;0.043475;0.043453;0.043893;0.043476;0.044212;0.043545;0.043847;0.044634;0.043997;0.044927;0.043348;0.043165;0.044821;0.043772;0.044121;0.044091;0.043125;0.044284;0.043702;0.043898;0.043532;0.043973;0.043943;0.043832;0.043669;0.043345;0.043477;0.04395;0.043703;0.043838;0.043576;0.045031;0.043051;0.044174;0.04362;0.043296;0.04379;0.044093;0.044369;0.042862;0.043641;0.043493;0.044493;0.043118;0.043672;0.043287;0.043685;0.043611;0.043583;0.043846;0.043244;0.043895;0.044016;0.043846;0.045954;0.044018;0.043741;0.043948;0.044765;0.044248;0.043471;0.043368;0.044102;0.04451;0.043648;0.044054;0.044126;0.043387;0.043253;0.043822;0.043946;0.043695;0.043376;0.044168;0.044341;0.043841;0.043789;0.045044;0.043587;0.043259;0.043504;0.043162;0.04311;0.043969;0.043815;0.044535;0.043349;0.043887;0.043293;0.043427;0.043753;0.043921;0.044018;0.043296;0.044155;0.043929;0.044028;0.043586;0.043941;0.045832;0.044934;0.044264;0.043911;0.044817;0.044145;0.044319;0.043804;0.044262;0.043108;0.043729;0.043751;0.043327;0.044036;0.044333;0.044263;0.043909;0.043989;0.043823;0.043674;0.043801;0.044543;0.043059;0.044598;0.043177;0.043225;0.043943;0.043288;0.044857;0.044351;0.044324;0.044076;0.043615;0.04453;0.043847;0.043574;0.042865;0.043581;0.044238;0.044138;0.043501;0.043449;0.043497;0.043714;0.043509;0.043611;0.043968;0.043625;0.04443;0.043388;0.043759;0.043006;0.043604;0.043723;0.042427;0.043507;0.043385;0.043446;0.043161;0.042987;0.043488;0.043696;0.043602;0.04367;0.043986;0.043935;0.043347;0.043584;0.044068;0.044096;0.043507;0.043244;0.043929;0.04362;0.04376;0.044198;0.044132;0.043817;0.043612;0.043849;0.043907;0.043462;0.043362;0.044636;0.043461;0.043754;0.044078;0.045005;0.043689;0.044152;0.043473;0.043526;0.045309;0.043527;0.043457;0.043246;0.043062;0.04355;0.043893;0.042834;0.043422;0.043466;0.043657;0.043902;0.043606;0.044099;0.043364;0.042596;0.044177;0.043634;0.043584;0.043035;0.043214;0.042659;0.043824;0.045008;0.043538;0.043419;0.043641;0.043917;0.043411;0.042838;0.043359;0.043908;0.044655;0.043575;0.043855;0.043928;0.043928;0.043626;0.043488;0.043817;0.044493;0.04346;0.043229;0.044992;0.0441;0.043558;0.044303;0.044096;0.042703;0.043065;0.04334;0.043558;0.043149;0.042957;0.043496;0.043394;0.04353;0.04315;0.043461;0.044319;0.043951;0.044071;0.044215;0.043529;0.043455;0.043331;0.04417;0.044121;0.043322;0.045049;0.043408;0.043585;0.04347;0.04378;0.043773;0.043811;0.043946;0.044089;0.043768;0.044527;0.043384;0.044083;0.043677;0.044045;0.044619;0.043446;0.043739;0.043631;0.044547;0.043158;0.04349;0.043346;0.044565;0.043329;0.043901;0.043249;0.043839;0.043634;0.043458;0.04279;0.043598;0.043786;0.043446;0.043357;0.043176;0.043329;0.043352;0.04356;0.043238;0.043301;0.043368;0.043153;0.043332;0.044152;0.043423;0.044023;0.044867;0.044293;0.043444;0.042881;0.043797;0.043669;0.043197;0.0437;0.043945;0.043995;0.043796;0.044041;0.043634;0.043949;0.043443;0.044152;0.044582;0.043794;0.043998;0.043836;0.043443;0.044121;0.043872;0.043633;0.043467;0.044432;0.044353;0.043204;0.044115;0.04373;0.044097;0.043246;0.043488;0.0439;0.043713;0.043429;0.044005;0.043528;0.043442;0.043409;0.043361;0.043441;0.043449;0.04375;0.045779;0.046384;0.044488;0.044643;0.04513;0.044401;0.04553;0.043619;0.043232;0.043534;0.044239;0.043883;0.044703;0.043794;0.043138;0.043577;0.044213;0.04414;0.043665;0.043802;0.043737;0.044104;0.043397;0.044869;0.043427;0.043292;0.043675;0.043056;0.043788;0.043522;0.043973;0.043259;0.043392;0.043851;0.043687;0.043178;0.042914;0.043947;0.043802;0.043526;0.043996;0.043625;0.043466;0.042996;0.043148;0.043066;0.044788;0.043533;0.043496;0.04355;0.043375;0.043971;0.043945;0.045083;0.044276;0.043884;0.044271;0.043899;0.043583;0.044017;0.043125;0.043216;0.043872;0.043637;0.04328;0.044019;0.043836;0.043778;0.043957;0.04424;0.043511;0.043957;0.044164;0.044408;0.044074;0.043519;0.043463;0.044684;0.044331;0.043972;0.044225;0.043539;0.044306;0.043889;0.043759;0.043292;0.043972;0.044349;0.043908;0.043478;0.044034;0.044436;0.043329;0.043615;0.044136;0.044589;0.043865;0.044222;0.044334;0.043771;0.043909;0.043656;0.044589;0.043403;0.043144;0.044033;0.045102;0.043971;0.043576;0.043645;0.043715;0.043884;0.044077;0.04352;0.044857;0.043317;0.044944;0.04463;0.043553;0.043528;0.043877;0.044124;0.044046;0.043692;0.043783;0.043516;0.043659;0.044276;0.043548;0.043764;0.043644;0.043328;0.044225;0.043982;0.043744;0.043731;0.043295;0.044938;0.043669;0.043738;0.043901;0.044038;0.043716;0.042926;0.043026;0.043776;0.043156;0.043582;0.043181;0.043208;0.043186;0.043138;0.043459;0.043361;0.044339;0.044303;0.043817;0.0441;0.043603;0.043756;0.044552;0.043746;0.043649;0.043822;0.044339;0.045139;0.043246;0.043797;0.043635;0.043997;0.043896;0.043371;0.043716;0.043865;0.043984;0.043512;0.043986;0.04424;0.044194;0.044521;0.04449;0.044009;0.044415;0.044815;0.04381;0.043369;0.043447;0.043594;0.044076;0.043742;0.043605;0.043347;0.043452;0.044061;0.043642;0.042598;0.043289;0.043013;0.043674;0.043617;0.043337;0.04328;0.043175;0.043946;0.043484;0.044808;0.043367;0.043254;0.04343;0.043489;0.043316;0.04316;0.04379;0.043145;0.043538;0.043409;0.044021;0.04269;0.043782;0.043331;0.044227;0.043377;0.043364;0.042764;0.04349;0.044191;0.043738;0.044135;0.04483;0.043335;0.043187;0.044006;0.043963;0.043545;0.043958;0.043549;0.044114;0.043493;0.043483;0.043477;0.043819;0.043402;0.043369;0.0435;0.043899;0.04381;0.043807;0.043299;0.042669;0.043337;0.043129;0.045783;0.043432;0.043575;0.043291;0.043711;0.043703;0.044;0.043301;0.043903;0.043672;0.044121;0.044131;0.044409;0.045159;0.04447;0.044081;0.043829;0.044094;0.044467;0.044301;0.044106;0.042899;0.043645;0.044415;0.043362;0.043643;0.043637;0.043126;0.043454;0.043614;0.04378;0.044531;0.044979;0.044289;0.044937;0.044876;0.043247;0.043781;0.043751;0.043438;0.043565;0.043402;0.043081;0.043782;0.045669;0.044704;0.045917;0.04406;0.044634;0.04457;0.044108;0.045266;0.044498;0.043676;0.044153;0.043793;0.044405;0.044932;0.044953;0.044763;0.044483;0.044475;0.0442;0.044793;0.044172;0.044747;0.043946;0.044001;0.046186;0.04487;0.044472;0.044696;0.04381;0.043676;0.043305;0.043948;0.043915;0.043979;0.043591;0.044171;0.043785;0.043709;0.04373;0.04409;0.044232;0.044229;0.043921;0.044109;0.044168;0.043224;0.043482;0.045251;0.04314;0.043382;0.043631;0.044409;0.043334;0.043658;0.043259;0.043892;0.043752;0.043839;0.043654;0.043355;0.043692;0.044223;0.044808;0.043473;0.043184;0.043913;0.044284;0.043938;0.043503;0.043897;0.045169;0.044022;0.044663;0.044806;0.044115;0.043845;0.04417;0.043386;0.043419;0.043954;0.04398;0.044378;0.044919;0.044456;0.043487;0.043786;0.044667;0.043928;0.044597;0.043307;0.043319;0.043994;0.044735;0.043994;0.04406;0.043517;0.043184;0.043859;0.043521;0.044144;0.042968;0.043869;0.043692;0.043956;0.043641;0.043711;0.043044;0.043786;0.043515;0.044239;0.04518;0.043111;0.043754;0.043664;0.043294;0.045066;0.043691;0.044552;0.043745;0.043615;0.043986;0.043656;0.042887;0.043446;0.04416;0.043962;0.043855;0.04418;0.043848;0.044325;0.0434;0.044006;0.043347;0.043618;0.043818;0.043979;0.043805;0.043524;0.044924;0.044872;0.044453;0.044595;0.044404;0.043977;0.043429;0.04401;0.043867;0.043217;0.044551;0.044413;0.043835;0.043537;0.043317;0.044152;0.043827;0.04374;0.044104;0.043714;0.043598;0.045667;0.045628;0.044395;0.043719;0.044248;0.043808;0.044217;0.043924;0.04393;0.043919;0.044311;0.043089;0.043402;0.042951;0.043957;0.043808;0.04379;0.043183;0.043531;0.043511;0.043517;0.042528;0.04324;0.043262;0.042807;0.046454;0.04382;0.043683;0.044232;0.043437;0.043738;0.043523;0.043514;0.044077;0.043589;0.04412;0.044204;0.043741;0.043574;0.043366;0.043718;0.044491;0.043585;0.043818;0.043642;0.04371;0.043772;0.044496;0.043938;0.045519;0.043819;0.04395;0.043616;0.043449;0.044091;0.043661;0.043199;0.043513;0.043202;0.043481;0.043897;0.04379;0.043492;0.043724;0.043881;0.044146;0.043589;0.043884;0.043621;0.044212;0.044887;0.043661;0.043324;0.044895;0.043599;0.04387;0.043234;0.044158;0.043245;0.043233;0.043823;0.044414;0.044379;0.043179;0.044009;0.043696;0.043421;0.044287;0.04347;0.043757;0.043843;0.044048;0.043997;0.04461;0.043635;0.043332;0.043308;0.043453;0.043534;0.043569;0.043799;0.043723;0.043754;0.043732;0.043249;0.043723;0.043792;0.043996;0.043633;0.043535;0.043578;0.044352;0.044067;0.043221;0.043314;0.043454;0.044961;0.043624;0.043478;0.043681;0.043544;0.043145;0.044518;0.044004;0.04394;0.043448;0.044143;0.043009;0.043402;0.043509;0.043661;0.045181;0.04344;0.044178;0.043858;0.043008;0.043919;0.04391;0.043379;0.044484;0.043609;0.043993;0.04344;0.042921;0.043206;0.043667;0.043673;0.043522;0.043742;0.043479;0.043861;0.043501;0.043593;0.04345;0.043436;0.04425;0.044481;0.044187;0.043549;0.043212;0.043086;0.043389;0.044771;0.043934;0.043941;0.0437;0.043756;0.043913;0.04391;0.043895;0.043359;0.043513;0.04379;0.044264;0.044028;0.043738;0.043146;0.043323;0.044321;0.044549;0.043912;0.043974;0.043567;0.043457;0.044721;0.043003;0.04333;0.043914;0.043431;0.04501;0.044005;0.043121;0.044665;0.043382;0.044797;0.043251;0.043391;0.043547;0.043202;0.0437;0.043192;0.043494;0.043301;0.043673;0.044171;0.043659;0.043635;0.044686;0.043699;0.04411;0.044178;0.043471;0.044297;0.043662;0.043642;0.044035;0.043793;0.044049;0.043776;0.043604;0.043206;0.043212;0.043412;0.043806;0.044116;0.043476;0.044202;0.043756;0.04348;0.044109;0.044053;0.043894;0.043691;0.04391;0.043803;0.043676;0.04353;0.045506;0.043592;0.044339;0.043845;0.044099;0.043817;0.043917;0.044645;0.043844;0.043859;0.04422;0.043781;0.043398;0.044106;0.043101;0.044566;0.044984;0.043014;0.043;0.043708;0.043661;0.04351;0.043709;0.043527;0.043551;0.043564;0.043153;0.043476;0.043541;0.045254;0.043229;0.042601;0.043245;0.043201;0.043752;0.043484;0.043485;0.043311;0.043338;0.045343;0.04459;0.043691;0.043497;0.043457;0.043893;0.043526;0.043796;0.043778;0.043853;0.043857;0.043927;0.044035;0.044371;0.04436;0.044473;0.043727;0.043971;0.043753;0.044183;0.04355;0.043776;0.045247;0.043147;0.043801;0.043776;0.044535;0.043569;0.043907;0.04369;0.04346;0.043275;0.043564;0.044017;0.042966;0.044302;0.043624;0.043712;0.043734;0.043335;0.043409;0.04371;0.043597;0.043851;0.04319;0.044319;0.04394;0.044319;0.043765;0.044009;0.043805;0.044533;0.043414;0.045731;0.044242;0.044647;0.044634;0.043256;0.043685;0.044084;0.043254;0.044245;0.043809;0.043684;0.043367;0.043585;0.043878;0.044134;0.044742;0.043703;0.043688;0.043788;0.043378;0.04446;0.043771;0.043427;0.043946;0.045794;0.043902;0.043915;0.043515;0.044479;0.043792;0.043336;0.043739;0.043611;0.043551;0.044445;0.043836;0.044292;0.043987;0.04463;0.044203;0.043431;0.044224;0.044075;0.043487;0.044342;0.043963;0.043622;0.043625;0.045302;0.043951;0.043391;0.043628;0.043373;0.044927;0.044;0.043452;0.044111;0.043713;0.044238;0.043903;0.044637;0.043864;0.04463;0.044144;0.043299;0.043656;0.043739;0.044053;0.044186;0.044199;0.043959;0.043561;0.043792;0.043455;0.043379;0.044089;0.04388;0.043344;0.043443;0.043348;0.043392;0.044035;0.04416;0.044797;0.043755;0.044618;0.044596;0.043921;0.044015;0.04374;0.043905;0.044316;0.043443;0.043897;0.044076;0.043508;0.043949;0.044779;0.043902;0.043653;0.043951;0.04323;0.043547;0.043708;0.043589;0.043477;0.045013;0.04406;0.043727;0.044667;0.04386;0.044167;0.043418;0.044155;0.043578;0.042736;0.043422;0.044203;0.043818;0.044279;0.044263;0.044795;0.043111;0.043689;0.043342;0.043758;0.043376;0.043314;0.043464;0.044577;0.044624;0.044539;0.044669;0.043538;0.043802;0.043326;0.044026;0.043931;0.044232;0.044014;0.043632;0.044037;0.04407;0.043591;0.044032;0.04409;0.042952;0.043198;0.044125;0.043764;0.045416;0.043582;0.044238;0.044131;0.044216;0.043215;0.0442;0.043482;0.043391;0.043;0.043673;0.043478;0.04414;0.043576;0.043872;0.043692;0.043497;0.043564;0.043415;0.043716;0.044707;0.043998;0.043845;0.043413;0.044871;0.043739;0.043785;0.043975;0.043346;0.043238;0.043554;0.043965;0.043639;0.04329;0.043819;0.043723;0.044055;0.043922;0.044046;0.043259;0.043515;0.043877;0.04402;0.044201;0.043754;0.043282;0.04342;0.04603;0.043939;0.043811;0.043344;0.043839;0.044284;0.043617;0.043882;0.043702;0.043621;0.043972;0.043905;0.043778;0.043627;0.043647;0.044186;0.043614;0.043866;0.043875;0.043791;0.043889;0.044066;0.04397;0.044794;0.045073;0.043659;0.043514;0.043727;0.043587;0.044017;0.043766;0.043345;0.044242;0.044124;0.044278;0.044095;0.043642;0.043836;0.044233;0.043544;0.044272;0.044139;0.044718;0.044345;0.043782;0.043866;0.045666;0.043472;0.043245;0.043659;0.043587;0.043746;0.043063;0.044936;0.043787;0.043756;0.042879;0.043933;0.043931;0.04361;0.043415;0.043905;0.044132;0.043398;0.043636;0.043631;0.044126;0.044106;0.044134;0.044502;0.044652;0.043422;0.043393;0.043454;0.043339;0.043608;0.043364;0.043738;0.044356;0.043911;0.04369;0.044267;0.044003;0.044663;0.04453;0.043631;0.043877;0.043768;0.043466;0.04359;0.044136;0.056268;0.043714;0.043528;0.043622;0.043904;0.043735;0.044139;0.043966;0.043928;0.043699;0.043623;0.043677;0.04373;0.04385;0.04397;0.043635;0.044638;0.043848;0.044057;0.044156;0.043253;0.043408;0.043338;0.044696;0.045139;0.044752;0.04388;0.043192;0.04403;0.044252;0.044057;0.044121;0.043744;0.043894;0.043914;0.043988;0.043839;0.044741;0.04412;0.043591;0.043883;0.043963;0.044253;0.043474;0.044286;0.043751;0.043892;0.043402;0.043611;0.044077;0.043818;0.044048;0.044179;0.043029;0.043264;0.044284;0.043659;0.043422;0.043704;0.043984;0.043453;0.043581;0.043284;0.043588;0.043688;0.043205;0.043643;0.044164;0.044803;0.043793;0.043846;0.043164;0.044091;0.044111;0.043416;0.043812;0.044151;0.043395;0.044095;0.04406;0.043369;0.044097;0.04337;0.043316;0.043653;0.044118;0.043252;0.044838;0.043978;0.043946;0.043418;0.04451;0.043888;0.04452;0.04315;0.043368;0.043219;0.043444;0.043519;0.043175;0.04323;0.0441;0.043675;0.043309;0.043286;0.043755;0.043871;0.043818;0.043553;0.044118;0.044023;0.043752;0.043436;0.043395;0.044924;0.04368;0.043326;0.043488;0.043854;0.043547;0.043659;0.042804;0.043649;0.04399;0.043746;0.043904;0.04337;0.043854;0.043031;0.043307;0.043191;0.044312;0.043846;0.043698;0.044044;0.043664;0.043617;0.045626;0.043609;0.04349;0.043856;0.04415;0.043981;0.043954;0.043636;0.043709;0.043731;0.043589;0.043567;0.043719;0.044278;0.043937;0.043953;0.043535;0.044046;0.044201;0.044034;0.043991;0.044056;0.043981;0.044389;0.042544;0.043915;0.044412;0.043089;0.0445;0.043391;0.043539;0.043767;0.043658;0.043616;0.044594;0.043419;0.042803;0.043535;0.043793;0.043736;0.043449;0.043986;0.043493;0.043028;0.043294;0.043446;0.044538;0.044797;0.044456;0.044506;0.045148;0.043814;0.044996;0.044246;0.044312;0.042983;0.044182;0.043883;0.043452;0.044112;0.043567;0.043514;0.043067;0.043192;0.04369;0.043971;0.043438;0.043263;0.044765;0.043031;0.043092;0.043983;0.043877;0.043523;0.043987;0.043672;0.043775;0.043661;0.043743;0.043224;0.043767;0.043483;0.044546;0.043303;0.043797;0.043558;0.043844;0.045742;0.044001;0.043491;0.04325;0.044208;0.044056;0.044868;0.044497;0.043366;0.043388;0.044157;0.043976;0.043917;0.04463;0.043787;0.043902;0.043963;0.044197;0.043598;0.044608;0.043466;0.043386;0.043786;0.044298;0.043831;0.043953;0.044345;0.044638;0.043389;0.043969;0.04398;0.043539;0.04411;0.043897;0.043363;0.044012;0.043831;0.043941;0.043141;0.043683;0.043805;0.04397;0.043768;0.043859;0.043262;0.044158;0.043477;0.04425;0.045396;0.044093;0.045068;0.044677;0.044621;0.044834;0.043553;0.044235;0.043545;0.043742;0.043493;0.043482;0.043483;0.043759;0.043894;0.043109;0.043021;0.043723;0.043898;0.043545;0.043613;0.043987;0.0438;0.044067;0.044387;0.044399;0.045336;0.044731;0.04488;0.044559;0.044441;0.044126;0.044319;0.043994;0.043754;0.044528;0.043841;0.043716;0.043325;0.043477;0.042862;0.043695;0.043491;0.044386;0.043875;0.043951;0.044317;0.045542;0.044109;0.04331;0.044258;0.043716;0.043522;0.045289;0.043903;0.043477;0.043407;0.043161;0.044161;0.044022;0.043797;0.043783;0.04381;0.044261;0.04359;0.043643;0.044366;0.044057;0.044008;0.043542;0.04452;0.044014;0.043329;0.043518;0.043854;0.04387;0.043445;0.043848;0.044439;0.044414;0.043912;0.044049;0.044177;0.044629;0.0433;0.043868;0.043735;0.044077;0.043658;0.043713;0.044189;0.044123;0.043605;0.044864;0.04375;0.044152;0.043987;0.043575;0.044151;0.044149;0.043984;0.043898;0.044216;0.043155;0.043372;0.043683;0.044961;0.043664;0.044241;0.043359;0.043592;0.044144;0.044087;0.043383;0.043783;0.04443;0.043934;0.043944;0.043875;0.044472;0.044495;0.04412;0.043223;0.043975;0.043579;0.043773;0.043711;0.043566;0.044089;0.043573;0.045452;0.043795;0.043879;0.043868;0.043814;0.044489;0.044807;0.043657;0.044549;0.04307;0.043414;0.043123;0.043538;0.043041;0.043752;0.043649;0.043251;0.043982;0.044237;0.043999;0.04313;0.043362;0.044125;0.043579;0.044058;0.044012;0.042985;0.043306;0.043568;0.04343;0.04324;0.045097;0.044057;0.043799;0.044136;0.043047;0.043558;0.043599;0.043639;0.044253;0.044094;0.043838;0.044195;0.043955;0.044172;0.044657;0.044309;0.043986;0.043753;0.0441;0.044263;0.043292;0.043694;0.045786;0.045425;0.04428;0.044308;0.044637;0.043457;0.044287;0.04406;0.04349;0.044202;0.0439;0.043786;0.044244;0.043768;0.043822;0.04329;0.043495;0.043953;0.043831;0.044387;0.04387;0.044025;0.043545;0.044587;0.045116;0.04476;0.04443;0.044102;0.0433;0.043539;0.043603;0.043489;0.043554;0.043729;0.043235;0.043127;0.043566;0.043603;0.043682;0.043654;0.043276;0.044334;0.043928;0.04367;0.043273;0.0433;0.045126;0.043383;0.044927;0.044772;0.044855;0.044699;0.044137;0.043471;0.043882;0.043779;0.043469;0.043639;0.043783;0.043935;0.043696;0.043362;0.043847;0.044175;0.044346;0.043919;0.043518;0.044001;0.043784;0.045012;0.043391;0.043775;0.04354;0.043535;0.042703;0.043421;0.043622;0.042946;0.043261;0.043601;0.043238;0.043529;0.044344;0.043797;0.04359;0.043315;0.043825;0.043896;0.044682;0.044285;0.044084;0.04401;0.045041;0.044566;0.045439;0.045209;0.045027;0.044826;0.043571;0.044057;0.043939;0.044051;0.044504;0.043845;0.044482;0.044535;0.04566;0.044497;0.043482;0.044376;0.044407;0.04481;0.044644;0.044575;0.045785;0.043828;0.04406;0.044033;0.044298;0.044001;0.044241;0.04371;0.043497;0.044296;0.043201;0.043683;0.043547;0.044085;0.043577;0.043592;0.044119;0.04375;0.044515;0.044053;0.043697;0.043922;0.044237;0.044965;0.043767;0.043478;0.043188;0.043632;0.043492;0.043981;0.043801;0.043821;0.043974;0.043792;0.044001;0.044152;0.043879;0.043737;0.043463;0.043788;0.044824;0.043443;0.044091;0.043906;0.043947;0.043758;0.044514;0.043483;0.043344;0.04413;0.043235;0.04402;0.043622;0.043403;0.043019;0.044434;0.043385;0.044442;0.044081;0.044033;0.043921;0.043504;0.044201;0.043486;0.043264;0.043741;0.04334;0.043138;0.043247;0.044607;0.043299;0.044226;0.044511;0.043578;0.043812;0.043622;0.043796;0.043573;0.043508;0.044065;0.043314;0.043392;0.043746;0.043358;0.044014;0.043479;0.044212;0.043872;0.043079;0.043785;0.043231;0.043441;0.044887;0.04351;0.044066;0.044288;0.044519;0.043931;0.045579;0.044105;0.044533;0.04511;0.043677;0.04399;0.044249;0.043941;0.044293;0.043837;0.043805;0.043591;0.044228;0.043274;0.043516;0.043671;0.04511;0.043711;0.043585;0.043913;0.044324;0.04471;0.044283;0.043728;0.045249;0.044147;0.043939;0.043974;0.044135;0.04372;0.043566;0.044326;0.043986;0.044256;0.043652;0.043408;0.044195;0.044574;0.044052;0.045246;0.044095;0.044035;0.044077;0.043742;0.043904;0.044314;0.043761;0.043948;0.045843;0.044634;0.043703;0.044039;0.043857;0.043736;0.043832;0.044349;0.043939;0.043849;0.043912;0.04352;0.043517;0.04376;0.045039;0.044137;0.044389;0.043828;0.043972;0.043804;0.044037;0.043162;0.044364;0.043971;0.043037;0.044209;0.044383;0.043841;0.043868;0.044083;0.04427;0.043945;0.043817;0.043853;0.04366;0.044086;0.045141;0.04377;0.043217;0.043274;0.043029;0.043239;0.043106;0.04471;0.043079;0.043533;0.043862;0.043682;0.043292;0.043363;0.043104;0.043458;0.043399;0.043678;0.043543;0.044238;0.043684;0.044013;0.043561;0.044862;0.043442;0.043404;0.04337;0.043688;0.043441;0.043829;0.043698;0.043872;0.044929;0.044234;0.043342;0.043774;0.043654;0.043838;0.043792;0.043804;0.043926;0.044149;0.043937;0.043707;0.044019;0.043529;0.045403;0.043321;0.043559;0.043316;0.043949;0.043424;0.043735;0.043954;0.042902;0.043522;0.043239;0.04309;0.043161;0.043137;0.044082;0.044541;0.04365;0.043638;0.044044;0.043648;0.043302;0.044126;0.044163;0.045088;0.043467;0.043731;0.04415;0.043725;0.043936;0.043329;0.043533;0.043935;0.043417;0.044622;0.043497;0.04309;0.043258;0.044054;0.043973;0.043478;0.043479;0.042995;0.043945;0.043476;0.043487;0.043503;0.044727;0.042971;0.043846;0.043919;0.044209;0.04406;0.043653;0.045986;0.044139;0.044331;0.043506;0.043735;0.043588;0.044084;0.044485;0.044298;0.044193;0.043379;0.043206;0.043394;0.043272;0.043922;0.045286;0.043835;0.043939;0.043818;0.044261;0.04409;0.043966;0.043798;0.043783;0.046205;0.044225;0.043409;0.044559;0.044053;0.044067;0.043947;0.043343;0.043247;0.043467;0.04358;0.043743;0.044318;0.043823;0.045073;0.044041;0.043261;0.044044;0.043846;0.043671;0.043916;0.044354;0.044425;0.043256;0.043749;0.043356;0.043669;0.043693;0.044136;0.044403;0.043544;0.044079;0.0439;0.043576;0.044393;0.044171;0.043729;0.045624;0.043263;0.043652;0.043495;0.044179;0.04361;0.043827;0.043982;0.04373;0.043292;0.043928;0.043843;0.044194;0.044129;0.044063;0.044377;0.045464;0.043798;0.043675;0.044265;0.045125;0.043365;0.043694;0.045618;0.043324;0.043488;0.043535;0.044483;0.043637;0.044119;0.04419;0.043981;0.043513;0.043721;0.044397;0.043661;0.043368;0.043895;0.044092;0.043736;0.043598;0.043782;0.043291;0.043952;0.044717;0.045197;0.042888;0.043544;0.042748;0.04357;0.043733;0.043343;0.043038;0.043244;0.042958;0.043532;0.043782;0.043566;0.043768;0.043645;0.044657;0.043665;0.043611;0.044031;0.04459;0.043397;0.043867;0.043843;0.045129;0.043443;0.04368;0.044131;0.043641;0.043268;0.044283;0.044026;0.043938;0.043688;0.043576;0.043464;0.043557;0.043989;0.043562;0.043752;0.043573;0.043818;0.043369;0.043606;0.043468;0.042649;0.044293;0.04541;0.043438;0.043778;0.043088;0.043712;0.043529;0.043206;0.044719;0.043247;0.044214;0.043573;0.043438;0.043922;0.043784;0.043495;0.044034;0.043797;0.043429;0.043927;0.043648;0.043919;0.043342;0.043401;0.044609;0.044401;0.044202;0.04441;0.044472;0.044003;0.043844;0.043506;0.043924;0.043685;0.043741;0.043371;0.04418;0.0435;0.043594;0.044457;0.043939;0.043322;0.043919;0.044095;0.043959;0.04347;0.043706;0.045816;0.043334;0.043435;0.043209;0.042661;0.043811;0.043006;0.043287;0.042809;0.043465;0.043542;0.042991;0.043488;0.0435;0.043376;0.043903;0.043617;0.043459;0.044065;0.043045;0.042934;0.043032;0.043858;0.045086;0.043389;0.043633;0.043282;0.04427;0.043247;0.043792;0.043579;0.043449;0.043798;0.043716;0.043692;0.043717;0.044092;0.043303;0.043294;0.044166;0.043699;0.043319;0.043689;0.043008;0.04446;0.044123;0.045213;0.043537;0.043792;0.043965;0.044196;0.042948;0.043312;0.04379;0.043119;0.043448;0.043335;0.043887;0.043752;0.043784;0.043206;0.043409;0.043506;0.043578;0.043628;0.043868;0.043397;0.043669;0.043867;0.044826;0.044671;0.043965;0.043776;0.04393;0.043992;0.04364;0.043914;0.043888;0.043982;0.043658;0.042979;0.043365;0.043774;0.043749;0.043478;0.043625;0.04443;0.043392;0.043979;0.043659;0.04364;0.045165;0.043536;0.043222;0.043244;0.043099;0.043893;0.043599;0.04367;0.043592;0.043297;0.043391;0.043481;0.043467;0.043517;0.043922;0.043777;0.043881;0.043658;0.043815;0.0441;0.044605;0.04397;0.043562;0.044827;0.043359;0.043528;0.043565;0.043696;0.043902;0.043545;0.043675;0.04415;0.043706;0.04346;0.043571;0.043407;0.043499;0.043424;0.043449;0.044152;0.043209;0.043731;0.043978;0.04367;0.043131;0.043415;0.044323;0.04482;0.043593;0.043904;0.04361;0.043758;0.043635;0.043775;0.044432;0.043236;0.043428;0.04398;0.043794;0.043605;0.04441;0.043366;0.044093;0.044045;0.043932;0.04378;0.044258;0.044136;0.043931;0.044835;0.044115;0.043743;0.043588;0.043589;0.044482;0.043911;0.043751;0.04312;0.044335;0.044476;0.044327;0.043183;0.043754;0.043183;0.043595;0.043661;0.044379;0.044746;0.044936;0.043433;0.043046;0.044003;0.044794;0.043418;0.044093;0.043972;0.043449;0.044328;0.043327;0.043433;0.043153;0.043896;0.043027;0.04415;0.044071;0.044304;0.04344;0.043446;0.043128;0.043239;0.044605;0.044183;0.045232;0.044049;0.045614;0.043632;0.044322;0.044167;0.044015;0.044305;0.043983;0.043814;0.044303;0.0438;0.044286;0.043519;0.044058;0.044056;0.044154;0.043633;0.044152;0.043296;0.043591;0.04343;0.043686;0.043787;0.04327;0.04476;0.043766;0.04351;0.043376;0.043497;0.0442;0.043876;0.044141;0.043473;0.043508;0.04386;0.043576;0.043512;0.043479;0.043825;0.043893;0.04354;0.043664;0.043795;0.043957;0.043232;0.043811;0.043998;0.044578;0.043987;0.043572;0.04418;0.043804;0.043453;0.043848;0.043772;0.043791;0.044065;0.043651;0.044373;0.043313;0.043906;0.043809;0.043475;0.044293;0.043497;0.043904;0.04337;0.043827;0.044121;0.043841;0.045615;0.044058;0.04424;0.043503;0.04335;0.043897;0.044673;0.044082;0.04356;0.044083;0.04372;0.045117;0.043658;0.043524;0.04379;0.044064;0.043008;0.043658;0.043698;0.042762;0.043836;0.044892;0.044493;0.045073;0.043766;0.0435;0.043712;0.04349;0.043537;0.043311;0.044451;0.044129;0.04364;0.043576;0.04382;0.043857;0.043624;0.043474;0.04389;0.043362;0.045259;0.043827;0.043918;0.042967;0.044176;0.044282;0.043414;0.04381;0.043596;0.043402;0.04322;0.043927;0.04378;0.043583;0.043285;0.043851;0.043463;0.04298;0.043642;0.043984;0.043593;0.043253;0.042931;0.043899;0.044134;0.04339;0.043407;0.043805;0.045433;0.043602;0.044638;0.044212;0.043494;0.044099;0.043706;0.044027;0.044085;0.044003;0.043803;0.04351;0.043764;0.044185;0.043719;0.044002;0.044127;0.043638;0.044094;0.043649;0.044131;0.043736;0.043997;0.044412;0.043852;0.043229;0.04353;0.043366;0.044107;0.043255;0.042783;0.043821;0.04333;0.043477;0.043472;0.044773;0.043712;0.044863;0.044587;0.044899;0.044186;0.044599;0.043942;0.043864;0.043986;0.04398;0.045139;0.04405;0.044212;0.043302;0.043113;0.043106;0.043397;0.043567;0.043331;0.043543;0.043867;0.043624;0.042928;0.043569;0.043695;0.043412;0.043858;0.043656;0.043149;0.043854;0.043688;0.044174;0.043752;0.200621;0.043403;0.043459;0.043972;0.043829;0.043887;0.04382;0.043421;0.043791;0.043639;0.043401;0.043511;0.044295;0.044425;0.044644;0.044611;0.04401;0.043808;0.043794;0.046005;0.044555;0.044447;0.044479;0.044738;0.044543;0.04502;0.044898;0.044194;0.044002;0.043727;0.04356;0.043719;0.043489;0.043358;0.04399;0.042848;0.043421;0.043783;0.043955;0.043822;0.043861;0.043768;0.045169;0.044236;0.045023;0.044673;0.044915;0.045195;0.043532;0.04458;0.044663;0.04447;0.045498;0.044168;0.043392;0.044002;0.044466;0.043674;0.043311;0.043888;0.043044;0.044244;0.045651;0.043628;0.045506;0.043369;0.043774;0.044402;0.043655;0.044054;0.04381;0.043607;0.043979;0.043455;0.043713;0.044072;0.044366;0.043631;0.044269;0.043655;0.044022;0.043404;0.043892;0.043777;0.043611;0.043775;0.044808;0.044993;0.044725;0.04416;0.04402;0.044531;0.043962;0.043942;0.043658;0.043941;0.04327;0.043584;0.044339;0.043873;0.043281;0.043593;0.043117;0.043727;0.043683;0.043586;0.044129;0.044067;0.043702;0.043406;0.044051;0.045156;0.044062;0.044463;0.043743;0.044693;0.044178;0.044174;0.044086;0.044112;0.044226;0.043301;0.044584;0.044472;0.044004;0.043482;0.043422;0.043281;0.043346;0.043094;0.043901;0.044102;0.044209;0.044441;0.044229;0.044931;0.043093;0.044397;0.043644;0.043027;0.043708;0.043951;0.043466;0.043589;0.043585;0.044192;0.043896;0.044029;0.043174;0.043398;0.043641;0.044068;0.043055;0.04345;0.043821;0.045279;0.044149;0.045775;0.044007;0.044261;0.043986;0.043585;0.043896;0.044172;0.043716;0.043553;0.043788;0.043278;0.043854;0.044098;0.043872;0.044007;0.042968;0.043854;0.04395;0.043871;0.044564;0.043405;0.044698;0.043891;0.043746;0.043252;0.043737;0.044366;0.044022;0.043537;0.043669;0.043809;0.043546;0.043483;0.043813;0.043697;0.043933;0.043352;0.044903;0.044178;0.043929;0.04372;0.044053;0.043488;0.043787;0.045066;0.044386;0.044065;0.044324;0.043949;0.043601;0.044384;0.044312;0.043512;0.04386;0.044331;0.043191;0.044382;0.043854;0.043661;0.043812;0.043861;0.04421;0.044166;0.044009;0.043999;0.043862;0.044041;0.044507;0.044117;0.044594;0.044632;0.043254;0.043494;0.044056;0.043272;0.043614;0.043124;0.043613;0.043143;0.043559;0.044038;0.043927;0.044111;0.042928;0.044289;0.043892;0.044093;0.04391;0.043487;0.044812;0.044234;0.045432;0.043834;0.04429;0.044174;0.043451;0.044054;0.04453;0.043749;0.043764;0.044028;0.043518;0.043871;0.044181;0.044128;0.043833;0.043551;0.043881;0.044407;0.044147;0.043555;0.044461;0.051398;0.043362;0.043705;0.044056;0.044179;0.044277;0.04459;0.043946;0.044086;0.043824;0.044205;0.044224;0.043813;0.043622;0.043701;0.044071;0.043419;0.043978;0.043723;0.04404;0.04386;0.044173;0.044577;0.043574;0.043823;0.043396;0.04414;0.044756;0.043726;0.044337;0.04352;0.043533;0.04304;0.043407;0.043672;0.043884;0.043711;0.04417;0.043994;0.04317;0.043427;0.044015;0.042968;0.044236;0.04324;0.044838;0.043353;0.04336;0.043352;0.043107;0.044073;0.04427;0.043372;0.043413;0.043784;0.043192;0.043104;0.043397;0.043472;0.043421;0.043468;0.043962;0.04308;0.043336;0.044164;0.044046;0.043837;0.043466;0.044778;0.043507;0.044044;0.04383;0.043379;0.043912;0.043814;0.044026;0.043456;0.043804;0.04336;0.043324;0.044273;0.043699;0.043402;0.043164;0.044306;0.043881;0.043592;0.043157;0.043436;0.042895;0.043333;0.044657;0.043918;0.043366;0.043534;0.043306;0.043694;0.043788;0.043072;0.043864;0.043577;0.043858;0.043612;0.043313;0.043855;0.044031;0.043777;0.043414;0.043396;0.042976;0.043989;0.043291;0.043279;0.044124;0.044724;0.043039;0.043815;0.043626;0.044021;0.04357;0.043204;0.044099;0.043564;0.043923;0.043224;0.043683;0.043661;0.043778;0.042946;0.043618;0.043898;0.043349;0.043936;0.04374;0.043794;0.044267;0.043359;0.04503;0.043952;0.043733;0.04428;0.044417;0.04355;0.044186;0.044086;0.043313;0.044061;0.043713;0.043893;0.043994;0.043436;0.043286;0.043528;0.043566;0.043765;0.044692;0.044575;0.044217;0.043465;0.04427;0.044522;0.043807;0.043557;0.043525;0.043605;0.044218;0.043768;0.043634;0.043394;0.044124;0.043942;0.043517;0.045132;0.043438;0.043419;0.044168;0.043768;0.043823;0.044434;0.044107;0.043954;0.043904;0.044846;0.043541;0.043272;0.044302;0.044111;0.04422;0.043977;0.043209;0.043919;0.04405;0.043817;0.043975;0.043186;0.043892;0.044932;0.04387;0.043765;0.044037;0.044089;0.044116;0.04386;0.043321;0.044169;0.044962;0.043458;0.043514;0.043093;0.044209;0.043984;0.04343;0.043921;0.043413;0.043763;0.043756;0.044423;0.043495;0.043064;0.043454;0.043469;0.043229;0.043488;0.044272;0.043878;0.043923;0.0445;0.043599;0.044815;0.043514;0.043873;0.043565;0.043767;0.043308;0.043711;0.043789;0.044088;0.043736;0.043252;0.044298;0.043537;0.044411;0.043317;0.04406;0.044789;0.044642;0.043545;0.04316;0.043319;0.043743;0.043589;0.0444;0.043407;0.043018;0.042955;0.043378;0.043269;0.043045;0.043073;0.042841;0.043639;0.043023;0.043501;0.04326;0.043714;0.043437;0.043245;0.043334;0.043786;0.043228;0.043375;0.043512;0.043159;0.043155;0.044329;0.043535;0.043354;0.044152;0.043833;0.044154;0.043481;0.043328;0.04402;0.043788;0.044072;0.04316;0.043482;0.043958;0.043993;0.043288;0.04358;0.043471;0.044349;0.043756;0.044431;0.043158;0.043698;0.04459;0.044914;0.04316;0.043549;0.043595;0.043594;0.044245;0.043726;0.043084;0.04386;0.04344;0.04399;0.043453;0.04327;0.044224;0.044408;0.044024;0.043956;0.043431;0.043262;0.043827;0.043359;0.043256;0.044544;0.043516;0.044018;0.043398;0.044335;0.043551;0.043933;0.043459;0.043762;0.043911;0.043617;0.043285;0.044261;0.043626;0.043732;0.043611;0.043824;0.044445;0.044212;0.043931;0.044476;0.043422;0.044999;0.043227;0.0435;0.043652;0.043255;0.043436;0.043611;0.044012;0.044202;0.043581;0.043676;0.044006;0.043504;0.043387;0.044212;0.044;0.043477;0.043642;0.043473;0.043995;0.043593;0.043415;0.04339;0.044376;0.043784;0.043892;0.04401;0.043561;0.043641;0.043585;0.043569;0.043585;0.043843;0.043582;0.043865;0.043724;0.043426;0.04307;0.042985;0.043602;0.04359;0.043275;0.043187;0.043732;0.043443;0.044235;0.044062;0.044643;0.044228;0.045126;0.044305;0.044632;0.044357;0.04533;0.043912;0.043885;0.043401;0.044374;0.044395;0.043668;0.043461;0.043772;0.044111;0.044191;0.044043;0.043545;0.043564;0.043743;0.044018;0.044724;0.044087;0.044385;0.04395;0.043301;0.043916;0.04374;0.043762;0.043436;0.043696;0.043954;0.043759;0.043818;0.042987;0.04384,0.088865;0.076851;0.077701;0.073804;0.07484;0.072541;0.072061;0.072345;0.073239;0.072343;0.071265;0.072639;0.072357;0.072395;0.073884;0.072279;0.074862;0.072575;0.072918;0.071398;0.072643;0.07122;0.071863;0.071994;0.071417;0.070502;0.072709;0.071519;0.070882;0.072617;0.070752;0.071683;0.071016;0.0727;0.071591;0.07138;0.070918;0.071982;0.072243;0.07289;0.071343;0.070814;0.071161;0.073217;0.070685;0.071623;0.073299;0.070669;0.070979;0.071152;0.070056;0.072129;0.071453;0.070862;0.071452;0.072101;0.071759;0.07282;0.071038;0.070654;0.070195;0.071233;0.070642;0.070067;0.070398;0.071065;0.071317;0.071587;0.070373;0.070629;0.070797;0.071827;0.071995;0.071635;0.070321;0.071666;0.071303;0.071551;0.071797;0.072576;0.070721;0.071537;0.071517;0.071429;0.071984;0.070592;0.070414;0.070775;0.071403;0.07166;0.07041;0.070685;0.071424;0.070967;0.071726;0.071862;0.071062;0.070998;0.073031;0.071156;0.071009;0.072045;0.072065;0.069534;0.070812;0.071645;0.071735;0.070786;0.0709;0.071384;0.071058;0.070542;0.072781;0.07143;0.071622;0.071786;0.072507;0.072155;0.0712;0.071084;0.070852;0.071121;0.071175;0.070859;0.073053;0.070123;0.072727;0.069332;0.071915;0.069555;0.072079;0.072723;0.071027;0.072084;0.072132;0.07138;0.071061;0.071463;0.071259;0.074133;0.072838;0.07046;0.072199;0.072278;0.071603;0.070013;0.070682;0.070088;0.07242;0.07117;0.071545;0.072155;0.070839;0.070654;0.072523;0.071159;0.07178;0.070766;0.07085;0.071867;0.071226;0.070573;0.070311;0.071176;0.070631;0.071807;0.07279;0.074037;0.07536;0.073488;0.074379;0.072289;0.07348;0.072442;0.070245;0.070704;0.070866;0.07119;0.071221;0.073124;0.071204;0.072948;0.071469;0.072518;0.072683;0.071853;0.071763;0.069601;0.072426;0.071457;0.071493;0.071531;0.070717;0.071114;0.071179;0.07306;0.070869;0.072812;0.070644;0.071169;0.070991;0.070923;0.070569;0.071448;0.070366;0.070697;0.071764;0.069837;0.071702;0.074309;0.07338;0.073346;0.070858;0.070959;0.071442;0.07103;0.07139;0.069974;0.071441;0.071322;0.071325;0.07122;0.072825;0.071573;0.072732;0.071403;0.072141;0.070733;0.070539;0.070465;0.071509;0.071171;0.069343;0.070993;0.07158;0.070395;0.07171;0.07219;0.073401;0.072443;0.070687;0.07164;0.071562;0.071772;0.070572;0.070752;0.07222;0.073612;0.071078;0.071124;0.073309;0.071167;0.072095;0.070892;0.070922;0.071284;0.071082;0.071758;0.071394;0.072195;0.071841;0.072549;0.070795;0.071077;0.072063;0.071013;0.072566;0.07147;0.070944;0.072137;0.071879;0.072009;0.070432;0.071864;0.0707;0.072389;0.072862;0.073675;0.071737;0.072625;0.072211;0.072437;0.071162;0.071535;0.071062;0.069907;0.071662;0.070731;0.071755;0.070965;0.071061;0.071763;0.07152;0.070805;0.071824;0.07059;0.072731;0.070633;0.071083;0.069976;0.07161;0.071912;0.07154;0.070418;0.071033;0.075134;0.071995;0.072333;0.071568;0.071647;0.071763;0.071866;0.071915;0.071303;0.070314;0.070069;0.071002;0.070301;0.071262;0.072257;0.072442;0.071029;0.072022;0.071793;0.070559;0.072515;0.071172;0.07037;0.071584;0.070553;0.071799;0.071842;0.071163;0.070508;0.071098;0.072275;0.071198;0.074407;0.071615;0.072131;0.072613;0.072609;0.073783;0.072675;0.073269;0.070115;0.072492;0.070745;0.070947;0.072229;0.071185;0.070875;0.071928;0.072008;0.070374;0.072;0.072374;0.072057;0.07112;0.071068;0.072068;0.073471;0.071858;0.071409;0.07141;0.073593;0.07141;0.070823;0.071113;0.072042;0.071215;0.070847;0.072277;0.071118;0.072295;0.071539;0.072189;0.070979;0.071396;0.071663;0.071678;0.071288;0.070531;0.071485;0.071071;0.070642;0.070804;0.070468;0.073576;0.073211;0.07062;0.070253;0.070674;0.070933;0.070408;0.072811;0.071708;0.071708;0.070671;0.071499;0.071048;0.072043;0.071584;0.072064;0.070117;0.071591;0.071767;0.071147;0.072497;0.071186;0.070671;0.069971;0.071562;0.071473;0.070999;0.072548;0.071676;0.072287;0.073698;0.07259;0.071866;0.072814;0.071695;0.070951;0.072072;0.070947;0.072263;0.072755;0.071992;0.074884;0.073393;0.072594;0.072241;0.071588;0.069899;0.072178;0.072006;0.071164;0.0713;0.071345;0.071261;0.072078;0.073145;0.072594;0.07286;0.073524;0.072485;0.072703;0.07088;0.071764;0.071009;0.071412;0.072019;0.070274;0.070869;0.072331;0.072813;0.070708;0.072327;0.072723;0.070507;0.070639;0.07189;0.071653;0.070485;0.070653;0.071383;0.070764;0.071546;0.070254;0.072948;0.072843;0.072794;0.071792;0.07098;0.070795;0.071134;0.071619;0.071224;0.071785;0.070886;0.070509;0.071439;0.071603;0.072321;0.070775;0.071586;0.070268;0.071037;0.072191;0.071545;0.070169;0.071169;0.071575;0.071178;0.072306;0.07121;0.072277;0.072888;0.070585;0.072132;0.070658;0.071545;0.071534;0.071349;0.070706;0.071176;0.072426;0.071026;0.071492;0.071358;0.071544;0.07121;0.072115;0.072954;0.070666;0.071394;0.071207;0.072946;0.072264;0.072198;0.071321;0.069917;0.070717;0.071115;0.070924;0.072715;0.072066;0.070779;0.070215;0.071321;0.071675;0.070808;0.070452;0.071237;0.070249;0.071098;0.069845;0.071426;0.072886;0.071943;0.072458;0.072611;0.070944;0.070558;0.070307;0.071457;0.071204;0.071765;0.070743;0.071974;0.070802;0.072215;0.07203;0.071683;0.071398;0.073948;0.070424;0.071463;0.07118;0.070845;0.071457;0.070833;0.06998;0.070375;0.07072;0.070928;0.072088;0.071248;0.071715;0.069958;0.073492;0.072203;0.071408;0.070859;0.071182;0.071116;0.070722;0.071712;0.071166;0.071335;0.072451;0.071289;0.070974;0.070428;0.069875;0.071433;0.070346;0.070573;0.06947;0.071357;0.069152;0.069572;0.070072;0.071807;0.071995;0.070205;0.070391;0.070833;0.070908;0.070658;0.069798;0.069838;0.069962;0.071312;0.070712;0.069777;0.071016;0.070829;0.071648;0.071767;0.070277;0.071362;0.070634;0.070505;0.070823;0.071662;0.072283;0.071967;0.071291;0.070684;0.07056;0.072002;0.0732;0.071394;0.071842;0.071989;0.072493;0.071015;0.07188;0.071568;0.071105;0.070762;0.071661;0.071602;0.070717;0.072243;0.070668;0.071683;0.070591;0.071649;0.070407;0.073193;0.071032;0.071971;0.071086;0.070856;0.070939;0.070385;0.070321;0.071829;0.070905;0.070106;0.070979;0.069611;0.071973;0.070307;0.070378;0.069466;0.070016;0.07054;0.070904;0.070389;0.070384;0.072593;0.070985;0.072205;0.070489;0.071111;0.071276;0.070809;0.073023;0.07061;0.071211;0.070358;0.072091;0.070275;0.07069;0.072308;0.069337;0.071405;0.071475;0.071842;0.072332;0.071433;0.071524;0.073559;0.070027;0.070573;0.070614;0.071194;0.071479;0.072468;0.071678;0.071761;0.071473;0.070995;0.071173;0.071923;0.069644;0.070494;0.071489;0.071367;0.072446;0.070997;0.069456;0.071617;0.072124;0.07153;0.070546;0.071396;0.071699;0.069587;0.071588;0.071292;0.072395;0.070943;0.070973;0.071226;0.070577;0.073214;0.070582;0.071334;0.070672;0.070938;0.072308;0.070751;0.071892;0.069629;0.07108;0.071438;0.072148;0.071649;0.071009;0.071314;0.069501;0.07089;0.070714;0.069517;0.07003;0.070238;0.070265;0.071767;0.071773;0.071721;0.070715;0.071448;0.070538;0.071686;0.07188;0.071189;0.071326;0.071761;0.0703;0.071748;0.070551;0.071941;0.071984;0.071367;0.073077;0.070212;0.072994;0.07165;0.070424;0.07174;0.071413;0.070573;0.070484;0.071017;0.070563;0.071169;0.071316;0.07088;0.070461;0.071391;0.071939;0.071174;0.072177;0.071085;0.071293;0.07186;0.07094;0.070917;0.071616;0.07252;0.07169;0.070739;0.071026;0.073478;0.071641;0.071079;0.071086;0.071398;0.070411;0.07132;0.071247;0.071052;0.07012;0.072128;0.071735;0.069991;0.071388;0.071641;0.072008;0.070308;0.070474;0.070884;0.070862;0.072397;0.072292;0.071747;0.07038;0.071245;0.071627;0.071278;0.072351;0.071557;0.071504;0.070059;0.071543;0.07124;0.070589;0.071231;0.071086;0.072455;0.071612;0.072271;0.070892;0.070454;0.070593;0.070698;0.072357;0.070688;0.070876;0.0706;0.070121;0.070478;0.070571;0.070781;0.071125;0.071929;0.073005;0.071701;0.070477;0.069642;0.071986;0.072325;0.072328;0.070565;0.069693;0.071681;0.070877;0.069949;0.071009;0.071321;0.07128;0.071383;0.071502;0.072612;0.071754;0.0711;0.069607;0.070425;0.07107;0.072182;0.070883;0.071477;0.070623;0.070639;0.070463;0.073553;0.070668;0.073437;0.070212;0.071118;0.07201;0.07155;0.071478;0.071087;0.071672;0.07126;0.071128;0.070735;0.070962;0.070285;0.07185;0.071752;0.070711;0.071542;0.070649;0.070579;0.070591;0.071494;0.070961;0.071272;0.070733;0.070583;0.069817;0.071597;0.070342;0.071457;0.071321;0.071996;0.07301;0.07311;0.071589;0.069945;0.071344;0.071529;0.070339;0.073463;0.073137;0.072557;0.072572;0.072405;0.070937;0.070703;0.069716;0.071058;0.071045;0.071318;0.07201;0.070995;0.071695;0.071326;0.07086;0.07063;0.070132;0.072211;0.070022;0.070656;0.069594;0.071063;0.071231;0.070443;0.070008;0.070625;0.070748;0.070443;0.071231;0.071894;0.071312;0.071842;0.070872;0.0711;0.070947;0.070062;0.072457;0.072324;0.071694;0.071269;0.071163;0.071854;0.070679;0.071414;0.072443;0.071262;0.070742;0.071747;0.071788;0.072247;0.074127;0.07184;0.071233;0.073088;0.072069;0.070742;0.070824;0.071039;0.072768;0.071055;0.071387;0.071432;0.070813;0.071009;0.071384;0.072287;0.072373;0.072836;0.072575;0.072084;0.074565;0.071875;0.072659;0.071682;0.070328;0.0716;0.07058;0.071879;0.072134;0.072373;0.071246;0.071007;0.070941;0.071448;0.071657;0.071702;0.0718;0.071835;0.072153;0.071726;0.071177;0.070356;0.072129;0.070195;0.073418;0.070569;0.072399;0.071765;0.07186;0.070922;0.07266;0.072124;0.070854;0.071844;0.071112;0.070486;0.071742;0.070942;0.071715;0.070963;0.071617;0.070713;0.073361;0.073035;0.072336;0.072534;0.073049;0.07302;0.072103;0.071336;0.071812;0.072619;0.073883;0.073578;0.072506;0.07236;0.072159;0.075345;0.071657;0.07108;0.071729;0.070534;0.071604;0.071497;0.070919;0.07091;0.069966;0.072681;0.071413;0.071789;0.070345;0.073291;0.072481;0.072253;0.071533;0.070805;0.070057;0.071716;0.071973;0.071684;0.071895;0.070469;0.071235;0.072065;0.072523;0.069644;0.071642;0.071603;0.071052;0.071456;0.069868;0.069764;0.071121;0.071479;0.071528;0.070632;0.071662;0.071111;0.072958;0.071399;0.072865;0.072091;0.072465;0.071956;0.070528;0.071232;0.070967;0.071197;0.070538;0.071039;0.070358;0.071268;0.072694;0.073413;0.073237;0.071093;0.071132;0.072295;0.071291;0.071885;0.071308;0.07236;0.071216;0.071482;0.070392;0.071468;0.072907;0.072602;0.071372;0.071879;0.07259;0.071949;0.072326;0.073597;0.072563;0.072922;0.073807;0.071707;0.071269;0.07285;0.072155;0.073048;0.073172;0.071759;0.071717;0.070888;0.071158;0.072494;0.07085;0.069932;0.072623;0.070814;0.071333;0.07267;0.07191;0.071857;0.07243;0.071203;0.071401;0.07106;0.070552;0.071465;0.071649;0.070883;0.072333;0.072155;0.071847;0.071119;0.071053;0.070478;0.072096;0.070614;0.070382;0.069978;0.070794;0.070975;0.071766;0.074219;0.070567;0.071333;0.071323;0.073058;0.071761;0.071493;0.072724;0.069859;0.07149;0.071626;0.071788;0.070964;0.0718;0.070955;0.072825;0.071217;0.071051;0.073471;0.072055;0.072734;0.072024;0.070831;0.07054;0.071637;0.07114;0.070104;0.070329;0.071044;0.069954;0.07183;0.071821;0.0713;0.072089;0.071983;0.070282;0.071386;0.070967;0.071076;0.070883;0.071159;0.069845;0.071339;0.0706;0.071265;0.074686;0.071905;0.072229;0.072423;0.072455;0.070679;0.071384;0.071668;0.071132;0.070708;0.071254;0.070808;0.070455;0.070454;0.0728;0.0728;0.07139;0.071719;0.071968;0.07083;0.070023;0.071133;0.071112;0.070489;0.071364;0.070128;0.070857;0.070478;0.071516;0.07246;0.072249;0.071489;0.071178;0.071916;0.070151;0.070132;0.071467;0.070199;0.071396;0.07151;0.071988;0.070763;0.072574;0.072557;0.071938;0.072129;0.071769;0.070386;0.071696;0.072345;0.07183;0.071731;0.07107;0.070685;0.070873;0.069762;0.072731;0.073298;0.073026;0.072159;0.070575;0.070846;0.070762;0.0718;0.070585;0.071587;0.070675;0.071905;0.071837;0.072842;0.074397;0.072949;0.072949;0.073263;0.072396;0.071398;0.071596;0.071284;0.071931;0.070898;0.07127;0.070879;0.070899;0.072268;0.072359;0.072494;0.071475;0.071447;0.070944;0.070787;0.071593;0.071193;0.071085;0.071812;0.072538;0.071053;0.071248;0.072013;0.072612;0.073785;0.072155;0.071566;0.071317;0.07042;0.071144;0.07156;0.071138;0.072305;0.069819;0.072056;0.07144;0.071272;0.072395;0.072788;0.07271;0.069932;0.070662;0.072025;0.071007;0.071266;0.071104;0.071639;0.070798;0.071261;0.072046;0.069468;0.072059;0.070909;0.071767;0.072392;0.069798;0.07046;0.071222;0.070892;0.070493;0.07147;0.071017;0.070111;0.072886;0.072191;0.07129;0.072587;0.070835;0.071565;0.070644;0.071347;0.071238;0.070868;0.070527;0.071464;0.071016;0.070643;0.072099;0.073125;0.071005;0.071319;0.07124;0.070856;0.071012;0.071795;0.069709;0.070157;0.070221;0.071334;0.070708;0.070319;0.072589;0.070806;0.072452;0.069882;0.069799;0.071061;0.071385;0.071517;0.071507;0.071926;0.070352;0.070213;0.071482;0.071208;0.072427;0.070855;0.071931;0.072007;0.071225;0.07299;0.07158;0.072088;0.070755;0.071483;0.071019;0.071558;0.071034;0.070934;0.072219;0.07215;0.071741;0.072402;0.070856;0.071524;0.071118;0.0706;0.071023;0.071328;0.071066;0.071045;0.073171;0.072458;0.071618;0.071935;0.071422;0.071647;0.072075;0.071459;0.070598;0.071521;0.071922;0.072393;0.07264;0.071301;0.07049;0.075294;0.071323;0.07128;0.06987;0.070891;0.070739;0.071312;0.071366;0.070094;0.070545;0.071663;0.07042;0.070958;0.070094;0.074188;0.071633;0.072082;0.071417;0.070245;0.070257;0.070466;0.07071;0.072158;0.072138;0.070875;0.071616;0.071808;0.071263;0.072297;0.070447;0.073048;0.071126;0.070179;0.070689;0.071722;0.07137;0.07018;0.07024;0.071258;0.071049;0.071948;0.071402;0.070605;0.070365;0.07092;0.074761;0.070854;0.071342;0.072561;0.070077;0.071504;0.071713;0.071356;0.0715;0.071514;0.072175;0.071124;0.069951;0.070727;0.069797;0.070221;0.07179;0.070334;0.070651;0.069173;0.070794;0.071929;0.070184;0.070172;0.070305;0.072483;0.071094;0.072275;0.071875;0.071855;0.072823;0.071279;0.07142;0.071373;0.071618;0.071729;0.070119;0.071317;0.072751;0.070421;0.071122;0.070926;0.070969;0.071387;0.069674;0.070963;0.070224;0.071712;0.072683;0.070726;0.070209;0.07074;0.072072;0.072726;0.071393;0.071091;0.071705;0.071108;0.071718;0.069941;0.069975;0.070698;0.070521;0.07148;0.071093;0.070554;0.073975;0.070969;0.072011;0.070081;0.070388;0.070462;0.071173;0.073169;0.071471;0.070985;0.07159;0.072393;0.070387;0.070446;0.072712;0.071233;0.070269;0.07156;0.071981;0.071064;0.070585;0.069973;0.070867;0.070474;0.070877;0.06991;0.070253;0.071562;0.072301;0.072821;0.072506;0.071609;0.071335;0.070972;0.07041;0.071566;0.070196;0.069585;0.07176;0.069995;0.071503;0.070524;0.071668;0.070949;0.071689;0.070601;0.070748;0.070508;0.071326;0.071467;0.070603;0.071233;0.071169;0.070546;0.07004;0.070297;0.073102;0.071087;0.072427;0.070242;0.070347;0.071043;0.070548;0.070224;0.070934;0.070973;0.069925;0.071368;0.072027;0.073175;0.070211;0.070157;0.070294;0.072122;0.07077;0.070515;0.071569;0.070166;0.070774;0.071682;0.069821;0.071146;0.072474;0.072356;0.071885;0.070508;0.070737;0.071613;0.070988;0.070719;0.071633;0.072598;0.07047;0.071374;0.069687;0.071049;0.071014;0.072865;0.070474;0.071015;0.071584;0.070725;0.070483;0.069771;0.069058;0.069946;0.071923;0.071302;0.070781;0.070136;0.069365;0.073434;0.070845;0.071146;0.073487;0.070275;0.070103;0.070007;0.070901;0.071655;0.070295;0.070988;0.07009;0.070226;0.070308;0.072449;0.070211;0.071948;0.070994;0.071103;0.071453;0.071464;0.072206;0.071591;0.071926;0.071773;0.070694;0.071324;0.071484;0.07304;0.070827;0.071208;0.071008;0.071309;0.071206;0.072027;0.070499;0.071161;0.072667;0.070607;0.071441;0.070982;0.069473;0.071183;0.072357;0.072557;0.071205;0.070592;0.071024;0.070888;0.071329;0.073047;0.071714;0.071381;0.071138;0.070831;0.070817;0.072581;0.0722;0.071512;0.070985;0.07086;0.071367;0.071156;0.07035;0.069656;0.070426;0.070145;0.070314;0.070468;0.07033;0.07248;0.071965;0.070317;0.070723;0.071695;0.069762;0.06976;0.071713;0.070961;0.07181;0.070258;0.070699;0.071271;0.072329;0.070052;0.070709;0.071472;0.071533;0.070956;0.070616;0.0713;0.071173;0.071428;0.07122;0.070545;0.071464;0.07032;0.07138;0.072233;0.072357;0.07129;0.07025;0.071484;0.070784;0.071041;0.07077;0.07055;0.070337;0.072033;0.071354;0.071044;0.072478;0.073682;0.071781;0.071497;0.071065;0.07141;0.071954;0.070832;0.071757;0.071465;0.0702;0.071682;0.07155;0.072641;0.072228;0.071596;0.072002;0.07057;0.070136;0.07083;0.071311;0.071473;0.07219;0.069755;0.071531;0.071541;0.070639;0.072948;0.07223;0.071427;0.072634;0.070914;0.069744;0.071027;0.072003;0.069842;0.069474;0.070249;0.07095;0.070336;0.070686;0.071272;0.073428;0.071088;0.071294;0.071118;0.071134;0.07016;0.070588;0.071614;0.070443;0.071076;0.070576;0.070134;0.070398;0.070071;0.072029;0.071864;0.07075;0.071565;0.070137;0.07062;0.070496;0.069657;0.070456;0.071708;0.070546;0.071735;0.070681;0.070991;0.070836;0.073329;0.070559;0.071188;0.070667;0.071739;0.071738;0.071349;0.072086;0.06943;0.070817;0.070147;0.071051;0.073193;0.070853;0.071415;0.071105;0.07052;0.070941;0.071874;0.070638;0.071362;0.072058;0.070655;0.071395;0.07093;0.071385;0.072456;0.071127;0.072115;0.071037;0.070123;0.07002;0.070984;0.0704;0.071291;0.071296;0.071638;0.071268;0.071657;0.07126;0.070734;0.069691;0.069678;0.070639;0.071232;0.070379;0.069645;0.071466;0.069499;0.070091;0.072807;0.070489;0.06998;0.070595;0.071558;0.07095;0.071002;0.070815;0.070581;0.07159;0.070723;0.069641;0.07166;0.071644;0.072097;0.072091;0.070552;0.072467;0.072727;0.070592;0.070447;0.071051;0.07165;0.071931;0.070978;0.070777;0.070379;0.070292;0.070514;0.071254;0.071273;0.070516;0.071429;0.071314;0.071228;0.06936;0.071219;0.071577;0.069416;0.072525;0.07063;0.070833;0.069968;0.070479;0.071599;0.071632;0.070781;0.071834;0.073589;0.069855;0.069985;0.071604;0.071099;0.071779;0.070831;0.070398;0.071166;0.071111;0.071729;0.070976;0.071528;0.070393;0.070543;0.07205;0.070584;0.070917;0.07064;0.070466;0.069377;0.071055;0.071135;0.069638;0.071804;0.070848;0.072364;0.071641;0.069521;0.070702;0.070647;0.071871;0.071736;0.071237;0.069464;0.07037;0.070673;0.071017;0.071018;0.072298;0.07018;0.069908;0.070596;0.070494;0.072556;0.070731;0.071316;0.070811;0.069829;0.070473;0.072108;0.070655;0.070567;0.072578;0.069891;0.071839;0.070698;0.072285;0.071748;0.071136;0.071472;0.071351;0.07179;0.070215;0.070972;0.070538;0.071526;0.072747;0.071845;0.070481;0.070064;0.070093;0.071333;0.071147;0.071342;0.072553;0.071644;0.071097;0.070829;0.071331;0.070583;0.072195;0.071427;0.071343;0.070536;0.069542;0.071913;0.071684;0.071683;0.070192;0.071351;0.070878;0.071782;0.071582;0.071403;0.071271;0.071884;0.071815;0.072055;0.071129;0.06971;0.072003;0.070917;0.071192;0.071101;0.070597;0.071091;0.07058;0.07119;0.072879;0.071403;0.07041;0.073023;0.071185;0.070968;0.071229;0.071616;0.069961;0.070699;0.071017;0.071759;0.071295;0.071314;0.071828;0.072618;0.072351;0.072103;0.075248;0.07219;0.072714;0.072368;0.071755;0.071789;0.072089;0.071588;0.072741;0.073725;0.070739;0.072121;0.071689;0.071651;0.072024;0.072548;0.071684;0.072184;0.07098;0.071849;0.071847;0.071136;0.072468;0.073194;0.072506;0.072612;0.071181;0.070531;0.072318;0.071153;0.071761;0.071315;0.071365;0.072052;0.071696;0.07096;0.070651;0.073292;0.071232;0.070651;0.070075;0.071432;0.072179;0.07194;0.069917;0.070248;0.07112;0.071231;0.071196;0.071185;0.073496;0.070935;0.070651;0.071199;0.070675;0.071217;0.070621;0.070496;0.071186;0.070213;0.070982;0.071045;0.071496;0.070954;0.072873;0.070959;0.071323;0.071604;0.071565;0.071298;0.072334;0.071442;0.072893;0.072349;0.071571;0.071576;0.072086;0.072147;0.072383;0.070586;0.070899;0.070894;0.071821;0.071462;0.071732;0.071404;0.072221;0.070936;0.072766;0.071742;0.070937;0.07083;0.071342;0.071275;0.071872;0.071937;0.071941;0.070846;0.070264;0.071216;0.071387;0.072079;0.072466;0.0747;0.072282;0.071357;0.072366;0.07112;0.071133;0.071454;0.069504;0.070666;0.071078;0.070882;0.071198;0.070274;0.071987;0.070681;0.072615;0.070288;0.072047;0.071573;0.071233;0.070906;0.07152;0.070681;0.071788;0.071813;0.071481;0.070754;0.070261;0.071566;0.072005;0.074289;0.071194;0.07136;0.071618;0.071356;0.071607;0.070977;0.071259;0.070992;0.071869;0.071618;0.070773;0.070677;0.070702;0.072292;0.071222;0.071097;0.071845;0.070809;0.071467;0.070594;0.071524;0.070676;0.07087;0.070308;0.070473;0.069796;0.072706;0.073093;0.071171;0.07381;0.070717;0.070773;0.071978;0.070674;0.07141;0.070695;0.072575;0.071498;0.071929;0.070243;0.071349;0.071144;0.071388;0.070483;0.070258;0.068503;0.070909;0.071976;0.071466;0.070661;0.07111;0.07111;0.072592;0.071973;0.071847;0.071933;0.071119;0.071609;0.069726;0.069798;0.070438;0.071284;0.071019;0.070446;0.071674;0.071718;0.070442;0.070302;0.07031;0.071893;0.070134;0.070824;0.071319;0.071717;0.070938;0.071473;0.071412;0.071489;0.071538;0.070967;0.071322;0.071246;0.072161;0.070461;0.070739;0.070865;0.07163;0.069756;0.070127;0.071731;0.070693;0.07087;0.071842;0.06983;0.071891;0.071326;0.072234;0.071084;0.071214;0.071659;0.071662;0.070071;0.070439;0.070883;0.071418;0.070798;0.071055;0.0704;0.072455;0.072017;0.070955;0.071635;0.069719;0.07104;0.071356;0.071027;0.070182;0.071886;0.071231;0.070912;0.072563;0.069923;0.070273;0.071173;0.072922;0.072017;0.070572;0.071847;0.070796;0.069785;0.071626;0.07202;0.070819;0.072071;0.071389;0.071439;0.071241;0.070194;0.072931;0.073761;0.073073;0.071381;0.071664;0.071295;0.070902;0.072006;0.070989;0.070298;0.072229;0.071372;0.071381;0.071538;0.071261;0.071592;0.071124;0.072966;0.071436;0.069551;0.071248;0.071165;0.069674;0.071378;0.070028;0.070692;0.070153;0.070299;0.072672;0.071683;0.072561;0.071728;0.072;0.069998;0.06974;0.070413;0.070999;0.070599;0.071746;0.070372;0.070074;0.070096;0.072397;0.071536;0.070883;0.070789;0.071071;0.072481;0.07136;0.071619;0.07131;0.072102;0.071647;0.07163;0.070895;0.073154;0.071296;0.071526;0.071031;0.071329;0.069907;0.06953;0.071062;0.070255;0.071986;0.070865;0.071889;0.070904;0.070562;0.072403;0.071061;0.070808;0.070065;0.071161;0.070262;0.071447;0.071848;0.071374;0.071927;0.071323;0.070901;0.071522;0.072516;0.072013;0.071033;0.069968;0.0709;0.070765;0.071602;0.070846;0.071268;0.070032;0.072226;0.072525;0.070331;0.07258;0.071687;0.074418;0.07162;0.071733;0.071602;0.071312;0.070118;0.070804;0.070958;0.071224;0.070641;0.071632;0.070988;0.071259;0.071007;0.071756;0.072932;0.070337;0.070413;0.071524;0.069965;0.071276;0.072583;0.071063;0.071494;0.06973;0.07155;0.070502;0.070694;0.074936;0.071628;0.070693;0.06936;0.071499;0.070792;0.071383;0.073351;0.072272;0.070869;0.071738;0.070926;0.070702;0.074418;0.070041;0.071911;0.070294;0.070883;0.071581;0.070794;0.071041;0.070835;0.072796;0.071208;0.071453;0.070794;0.07071;0.072338;0.070855;0.070984;0.071015;0.070356;0.070875;0.071059;0.07199;0.071205;0.070409;0.070314;0.071165;0.071211;0.071156;0.073238;0.071593;0.070857;0.071093;0.069909;0.070858;0.07096;0.070323;0.070836;0.070942;0.071474;0.070826;0.070131;0.070955;0.07278;0.071273;0.069835;0.07051;0.071299;0.071811;0.072064;0.070816;0.071603;0.071574;0.070803;0.068893;0.071039;0.070146;0.072594;0.071697;0.072263;0.071096;0.071743;0.071368;0.071915;0.070151;0.07122;0.070896;0.071772;0.07099;0.070579;0.071506;0.072064;0.071735;0.071099;0.070575;0.07221;0.072248;0.070551;0.072214;0.071314;0.072476;0.07193;0.071039;0.072107;0.071044;0.073324;0.071379;0.073119;0.071059;0.071452;0.07069;0.070891;0.071033;0.071216;0.072646;0.071111;0.070564;0.071514;0.071374;0.069844;0.070882;0.072268;0.071867;0.071745;0.070105;0.071715;0.070555;0.07126;0.07155;0.073488;0.071204;0.071999;0.071784;0.069773;0.070705;0.071616;0.071639;0.070736;0.071377;0.071378;0.070824;0.07006;0.070786;0.071393;0.071503;0.071657;0.071962;0.071721;0.072113;0.070291;0.07;0.071148;0.070764;0.071267;0.070005;0.071807;0.071204;0.071497;0.072425;0.071088;0.07175;0.070743;0.071238;0.071141;0.071017;0.071791;0.071201;0.071061;0.070866;0.071172;0.070807;0.070488;0.071376;0.070072;0.071683;0.069241;0.070105;0.069668;0.070065;0.070164;0.070611;0.070345;0.070229;0.070891;0.070928;0.070456;0.070462;0.072194;0.071808;0.071389;0.071521;0.069756;0.071561;0.071647;0.070641;0.071091;0.071105;0.070588;0.07064;0.072446;0.070779;0.070163;0.074104;0.070929;0.070886;0.069939;0.070826;0.071721;0.07128;0.071082;0.071193;0.069845;0.071043;0.070572;0.07137;0.071037;0.071961;0.071191;0.072129;0.071562;0.070489;0.070901;0.070306;0.070313;0.070857;0.069723;0.071509;0.070853;0.070868;0.072278;0.071527;0.071421;0.069818;0.071084;0.070943;0.071513;0.069739;0.071999;0.07017;0.070368;0.071306;0.071088;0.070884;0.072677;0.07158;0.072961;0.071386;0.072108;0.070556;0.070245;0.071543;0.071321;0.07176;0.069168;0.071185;0.071198;0.071237;0.072747;0.070117;0.070869;0.070548;0.071863;0.07008;0.071073;0.070338;0.070832;0.07102;0.074376;0.069983;0.069325;0.070906;0.071905;0.07131;0.070972;0.071133;0.071323;0.070523;0.069496;0.071179;0.071595;0.071794;0.071236;0.072091;0.071429;0.071217;0.071641;0.070911;0.071414;0.072656;0.070798;0.070497;0.070692;0.07099;0.070508;0.07016;0.071465;0.070141;0.070008;0.070172;0.072417;0.071709;0.071081;0.072309;0.069633;0.071433;0.071214;0.070842;0.071309;0.070928;0.071536;0.071009;0.072079;0.07116;0.071733;0.071822;0.072019;0.070071;0.071697;0.071176;0.070766;0.070079;0.069528;0.071403;0.071657;0.069838;0.070408;0.070655;0.070755;0.070827;0.071609;0.070991;0.071364;0.070538;0.070962;0.070687;0.069763;0.071262;0.070554;0.070969;0.071482;0.073418;0.070415;0.070798;0.070117;0.070536;0.069709;0.070689;0.071073;0.070322;0.070027;0.070724;0.069609;0.071307;0.070383;0.071597;0.072666;0.070625;0.070296;0.07084;0.069673;0.072168;0.070387;0.07049;0.07087;0.071042;0.071971;0.070502;0.071618;0.071412;0.070541;0.069756;0.070763;0.071134;0.071584;0.072151;0.072435;0.070861;0.070872;0.070649;0.070704;0.070226;0.071793;0.071915;0.07054;0.071808;0.070631;0.07068;0.07015;0.071563;0.070413;0.071224;0.071336;0.070817;0.071073;0.07053;0.070431;0.070483;0.069896;0.070464;0.070649;0.071584;0.070714;0.070151;0.070959;0.070871;0.07103;0.07141;0.069555;0.070358;0.070064;0.073756;0.072082;0.070739;0.070618;0.07192;0.069674;0.071425;0.070154;0.070741;0.071927;0.071076;0.072337;0.070931;0.071754;0.072597;0.072332;0.071092;0.069899;0.071088;0.071929;0.070924;0.071286;0.070345;0.070683;0.069834;0.070398;0.071224;0.07053;0.071071;0.070528;0.073031;0.071247;0.07097;0.070464;0.070736;0.071181;0.070356;0.071285;0.072361;0.070564;0.070371;0.071064;0.071658;0.069471;0.070797;0.071102;0.071286;0.070542;0.071239;0.070812;0.0719;0.070199;0.071921;0.070892;0.07097;0.070898;0.072477;0.070942;0.071176;0.070654;0.071147;0.070955;0.07127;0.07136;0.070953;0.070934;0.070364;0.070421;0.072081;0.07152;0.072031;0.072386;0.06906;0.071636;0.071023;0.070426;0.071882;0.071731;0.071795;0.070729;0.070811;0.070521;0.070559;0.072933;0.071085;0.0709;0.073292;0.071519;0.071269;0.070523;0.071822;0.072169;0.071565;0.069819;0.070603;0.071204;0.071578;0.072301;0.06993;0.071362;0.070919;0.070736;0.070452;0.070113;0.070834;0.071287;0.070348;0.070939;0.071244;0.07083;0.070918;0.071653;0.070471;0.073393;0.072946;0.072311;0.071268;0.071125;0.070066;0.071471;0.071126;0.072769;0.069985;0.07097;0.069979;0.072747;0.072451;0.072142;0.07271;0.069853;0.071204;0.070749;0.071199;0.071231;0.070756;0.070463;0.071163;0.070836;0.070444;0.071341;0.071341;0.07003;0.070365;0.070917;0.071782;0.070381;0.071697;0.069605;0.070673;0.071893;0.073315;0.071186;0.069657;0.071723;0.070548;0.07021;0.070899;0.070359;0.071525;0.071699;0.071727;0.071488;0.069782;0.072115;0.070953;0.070755;0.070616;0.071258;0.070008;0.07119;0.070645;0.070622;0.070504;0.070501;0.072094;0.071172;0.070604;0.06951;0.071259;0.07074;0.073206;0.071678;0.070322;0.071846;0.07122;0.069277;0.071234;0.071154;0.071474;0.0712;0.07019;0.070466;0.071737;0.071133;0.071917;0.070724;0.071172;0.071481;0.0702;0.07099;0.071653;0.070998;0.070665;0.072141;0.070574;0.069888;0.070741;0.069938;0.071175;0.070775;0.070767;0.071142;0.071066;0.0709;0.070229;0.070908;0.07133;0.071141;0.073747;0.071594;0.070253;0.071547;0.071654;0.071917;0.070051;0.07064;0.070862;0.071179;0.071383;0.0712;0.071579;0.071971;0.071349;0.073325;0.07147;0.071747;0.072295;0.071651;0.071997;0.071066;0.072039;0.070408;0.070386;0.071154;0.072215;0.072244;0.071803;0.07292;0.072196;0.070764;0.072699;0.072546;0.072136;0.071976;0.070554;0.071089;0.070814;0.070555;0.070688;0.069981;0.071286;0.071742;0.069942;0.071209;0.073366;0.071962;0.072744;0.071032;0.071664;0.07071;0.07106;0.071633;0.070417;0.070342;0.07127;0.071627;0.070113;0.073212;0.072111;0.070144;0.070665;0.069791;0.071243;0.07076;0.07055;0.070299;0.069552;0.070907;0.071558;0.070701;0.071546;0.072464;0.073578;0.0705;0.071008;0.070052;0.070845;0.070416;0.070033;0.070393;0.070736;0.071507;0.071058;0.070191;0.071343;0.072468;0.072018;0.073489;0.070752;0.070669;0.07105;0.070933;0.070659;0.071661;0.071619;0.071492;0.071575;0.070608;0.071262;0.072428;0.071168;0.07058;0.070302;0.07125;0.070828;0.070813;0.071393;0.071549;0.072197;0.0712;0.071613;0.070169;0.06993;0.07176;0.07094;0.070488;0.073967;0.070123;0.070425;0.069749;0.070202;0.071525;0.071552;0.070399;0.071038;0.070128;0.069501;0.071681;0.071409;0.071027;0.071273;0.071211;0.072142;0.071014;0.070976;0.072246;0.070597;0.069662;0.07144;0.072359;0.071169;0.072225;0.070755;0.070193;0.071055;0.072778;0.069917;0.070742;0.070737;0.070961;0.070833;0.070829;0.070848;0.070195;0.071533;0.071864;0.071201;0.071271;0.071927;0.071034;0.071133;0.070721;0.071073;0.070551;0.069565;0.071918;0.070004;0.06952;0.070644;0.070565;0.07066;0.071327;0.071305;0.070611;0.071652;0.071126;0.071277;0.071347;0.070355;0.071089;0.070803;0.071456;0.071373;0.071288;0.069895;0.071757;0.070971;0.072244;0.07197;0.071051;0.073781;0.071051;0.072004;0.070618;0.071725;0.070958;0.071607;0.071711;0.071021;0.070729;0.071777;0.070514;0.07088;0.071137;0.070185;0.071328;0.072162;0.071999;0.072142;0.071667;0.073425;0.071601;0.069908;0.071607;0.070712;0.070884;0.071024;0.06997;0.071246;0.07071;0.070846;0.070963;0.072068;0.070736;0.072333;0.070783;0.070733;0.072134;0.070841;0.071104;0.071973;0.070819;0.070708;0.069575;0.072059;0.070779;0.070501;0.073508;0.071622;0.070131;0.070906;0.071209;0.07038;0.071865;0.071742;0.071219;0.071314;0.07205;0.071486;0.071475;0.071666;0.070541;0.072206;0.07044;0.071119;0.071251;0.069552;0.070521;0.072654;0.070457;0.070617;0.070772;0.071526;0.069691;0.070023;0.072943;0.069531;0.071189;0.070896;0.07005;0.070599;0.070647;0.071601;0.071739;0.06951;0.071485;0.071551;0.070781;0.071167;0.073853;0.070515;0.071391;0.071122;0.07193;0.07197;0.07116;0.070011;0.070216;0.071155;0.070402;0.071564;0.070826;0.070603;0.072737;0.07082;0.0709;0.071576;0.07007;0.070887;0.070672;0.070779;0.07056;0.070899;0.071463;0.071333;0.071134;0.07159;0.072351;0.071972;0.07163;0.071375;0.070717;0.070371;0.071702;0.070712;0.070965;0.070865;0.071022;0.07176;0.071969;0.071144;0.073516;0.070118;0.070503;0.069283;0.071196;0.071841;0.070705;0.070382;0.07155;0.06995;0.070919;0.071405;0.071626;0.070694;0.072226;0.071208;0.07277;0.071453;0.071371;0.071328;0.071143;0.070802;0.070373;0.071032;0.070895;0.070964;0.070887;0.07081;0.073222;0.070129;0.072042;0.068983;0.070572;0.071013;0.071383;0.070462;0.070497;0.070905;0.070675;0.071275;0.070817;0.071376;0.071582;0.070385;0.070405;0.070774;0.07135;0.072053;0.071965;0.071051;0.069436;0.070999;0.070585;0.070377;0.069495;0.071112;0.07175;0.073771;0.070678;0.071663;0.070537;0.071763;0.070794;0.071299;0.069341;0.070853;0.071087;0.071904;0.070809;0.071789;0.071628;0.072401;0.072444;0.070996;0.070544;0.071334;0.070314;0.071076;0.07114;0.0722;0.071148;0.071013;0.070929;0.073788;0.071194;0.071152;0.072068;0.072326;0.071788;0.070647;0.071056;0.071714;0.070617;0.071409;0.070195;0.071446;0.07104;0.072613;0.072165;0.072264;0.071361;0.071015;0.072365;0.070162;0.070809;0.072917;0.071803;0.071086;0.070309;0.071282;0.070961;0.072563;0.072013;0.073075;0.071469;0.069881;0.071343;0.071033;0.071172;0.069669;0.070759;0.070415;0.069818;0.070884;0.071225;0.073332;0.073045;0.07011;0.071574;0.071396;0.070893;0.072236;0.071871;0.070216;0.071455;0.070569;0.071547;0.071434;0.070584;0.073644;0.072484;0.072498;0.069713;0.07055;0.069266;0.071092;0.072455;0.07122;0.071275;0.070094;0.07053;0.070948;0.072366;0.071318;0.072075;0.071285;0.070279;0.069855;0.071899;0.071442;0.070344;0.071826;0.069637;0.070675;0.070424;0.071177;0.072709;0.070908;0.072572;0.070183;0.071342;0.07062;0.071698;0.071316;0.070631;0.072311;0.070391;0.069103;0.071828;0.069951;0.072968;0.071456;0.071464;0.070596;0.071043;0.070078;0.071203;0.071173;0.070464;0.071547;0.071691;0.069321;0.070671;0.071755;0.071678;0.072465;0.072384;0.070714;0.070813;0.071212;0.07089;0.071725;0.070385;0.070492;0.072146;0.071686;0.070299;0.071836;0.072186;0.071742;0.071969;0.070995;0.070639;0.069903;0.070701;0.07098;0.071172;0.070836;0.06979;0.071283;0.070932;0.072026;0.071962;0.072277;0.071241;0.071593;0.071812;0.070132;0.07108;0.071949;0.071096;0.071833;0.070691;0.071735;0.07072;0.070459;0.071809;0.071209;0.071022;0.070446;0.070271;0.070031;0.070583;0.070128;0.07125;0.071305;0.071388;0.07079;0.071001;0.070484;0.071982;0.073799;0.072142;0.072703;0.072937;0.071223;0.071549;0.070961;0.071847;0.070149;0.071041;0.073183;0.072552;0.072275;0.072024;0.07043;0.070096;0.069728;0.070685;0.071495;0.071674;0.070183;0.071191;0.070392;0.072213;0.070296;0.070743;0.071066;0.070807;0.070274;0.071055;0.070741;0.070566;0.071645;0.071391;0.071316;0.070715;0.069822;0.070322;0.07233;0.072098;0.071476;0.06993;0.07093;0.071164;0.069945;0.070992;0.070337;0.071129;0.072078;0.070592;0.070477;0.070549;0.06983;0.070274;0.072197;0.070202;0.072323;0.069656;0.071097;0.071012;0.069677;0.07211;0.070548;0.070969;0.071816;0.071117;0.070068;0.072239;0.071576;0.069606;0.071242;0.070627;0.071225;0.071483;0.072015;0.071809;0.070438;0.070633;0.071288;0.07078;0.071789;0.069879;0.072493;0.070757;0.070431;0.071944;0.070875;0.071107;0.071401;0.07241;0.070934;0.070823;0.070622;0.070816;0.071115;0.070933;0.071786;0.070084;0.071241;0.070683;0.071779;0.070841;0.069;0.071568;0.069701;0.07045;0.071028;0.071292;0.071514;0.070045;0.072164;0.071241;0.071918;0.070621;0.070416;0.07147;0.07154;0.071565;0.07248;0.071168;0.070998;0.070215;0.070818;0.071969;0.07181;0.071461;0.071467;0.071617;0.070366;0.070731;0.071365;0.071209;0.070697;0.070376;0.071655;0.070383;0.070018;0.072444;0.071398;0.071584;0.072446;0.071124;0.07116;0.071496;0.070436;0.070871;0.070699;0.070497;0.072753;0.070288;0.071433;0.071999;0.070435;0.071369;0.070417;0.070525;0.07049;0.070661;0.071477;0.071191;0.072446;0.071812;0.070954;0.071968;0.071133;0.071909;0.071444;0.070205;0.071398;0.070832;0.071902;0.070386;0.07152;0.071846;0.07103;0.0705;0.070496;0.073407;0.071968;0.071417;0.070653;0.071802;0.071129;0.070743;0.071796;0.071976;0.069753;0.071524;0.071522;0.069302;0.071941;0.070836;0.073545;0.072488;0.071033;0.069892;0.070161;0.071466;0.070882;0.070785;0.070543;0.070204;0.070811;0.070284;0.070698;0.071109;0.070727;0.075163;0.070327;0.07078;0.070287;0.070517;0.07146;0.071711;0.070427;0.070547;0.070694;0.071134;0.070862;0.071167;0.070406;0.071068;0.070984;0.069712;0.071218;0.070194;0.070814;0.070036;0.072064;0.071165;0.07203;0.069752;0.070472;0.071043;0.070803;0.069424;0.070076;0.07143;0.070842;0.070459;0.072118;0.070349;0.070344;0.071692;0.070729;0.071101;0.071465;0.070489;0.072477;0.071594;0.071052;0.071307;0.071131;0.069725;0.070145;0.071031;0.070424;0.070767;0.070644;0.07093;0.069965;0.069892;0.073426;0.070864;0.07117;0.069921;0.072456;0.071276;0.071368;0.071297;0.070873;0.071521;0.07025;0.070739;0.071193;0.07082;0.072202;0.071371;0.071133;0.070886;0.069728;0.070854;0.069534;0.071278;0.071381;0.071212;0.07113;0.071151;0.071693;0.070092;0.072037;0.069515;0.070151;0.069496;0.070689;0.070019;0.071555;0.071056;0.069925;0.070553;0.071251;0.069802;0.070639;0.069679;0.071555;0.069404;0.071076;0.071722;0.071704;0.071566;0.072429;0.071002;0.071223;0.073395;0.07069;0.070364;0.070685;0.069638;0.072464;0.070506;0.070586;0.070285;0.070615;0.070066;0.070797;0.07028;0.070632;0.070536;0.07112;0.069991;0.071749;0.070809;0.071536;0.071326;0.070952;0.070679;0.070987;0.071327;0.070394;0.070707;0.071208;0.072577;0.069856;0.071742;0.070291;0.069781;0.072124;0.071147;0.070677;0.070298;0.070527;0.070985;0.071492;0.071521;0.070708;0.069728;0.069434;0.070289;0.072426;0.071792;0.900817;0.077622;0.073421;0.070468;0.072761;0.071214;0.071131;0.071311;0.071314;0.07149;0.069516;0.07088;0.070152;0.070779;0.071718;0.070397;0.073134;0.070824;0.072011;0.071568;0.070615;0.071153;0.071374;0.071573;0.071972;0.071094;0.070389;0.071163;0.071122;0.071741;0.072074;0.07388;0.071184;0.071526;0.070806;0.070395;0.071094;0.070936;0.071036;0.070628;0.071202;0.070257;0.070613;0.07113;0.07242;0.071617;0.072744;0.072284;0.071526;0.069594;0.071297;0.070438;0.070326;0.070328;0.07012;0.070921;0.070519;0.070489;0.070588;0.070181;0.071285;0.07084;0.070464;0.069423;0.069903;0.07067;0.072032;0.072538;0.071421;0.070335;0.070723;0.071897;0.071645;0.071314;0.071136;0.071402;0.073166;0.071172;0.070774;0.070908;0.070928;0.071576;0.071318;0.07134;0.069735;0.071946;0.071102;0.070231;0.072161;0.070723;0.070865;0.070368;0.070798;0.070606;0.072186;0.071053;0.070614;0.072067;0.071622;0.072652;0.071114;0.072429;0.07139;0.071435;0.071908;0.072072;0.070972;0.070973;0.071354;0.073451;0.071378;0.071401;0.070649;0.072207;0.071023;0.070343;0.071454;0.071909;0.071443;0.070281;0.070849;0.07052;0.071681;0.071606;0.071275;0.071856;0.072786;0.070576;0.069648;0.071333;0.071519;0.070219;0.071583;0.070676;0.071046;0.070445;0.070247;0.070347;0.072744;0.07116;0.072475;0.070373;0.071684;0.072022;0.071935;0.07032;0.069923;0.069961;0.069763;0.070077;0.071851;0.071115;0.070897;0.071809;0.073181;0.071419;0.072528;0.071679;0.072195;0.070542;0.069785;0.072002;0.07092;0.070953;0.071097;0.070968;0.069941;0.071342;0.072509;0.072945;0.073645;0.073393;0.071432;0.071459;0.070675;0.071192;0.071155;0.07144;0.072917;0.072612;0.072186;0.071042;0.07198;0.071938;0.072276;0.071506;0.071404;0.072897;0.071177;0.071552;0.071475;0.071021;0.070871;0.071543;0.070772;0.070477;0.071518;0.070841;0.071089;0.07107;0.070804;0.07079;0.070699;0.070372;0.070881;0.070724;0.07058;0.071488;0.070286;0.071957;0.070041;0.070145;0.070285;0.069566;0.069505;0.070345;0.070668;0.070492;0.069509;0.06905;0.070429;0.070815;0.070976;0.071721;0.070156;0.072414;0.072735;0.07023;0.070895;0.07167;0.069535;0.071898;0.07145;0.071128;0.070876;0.071447;0.07277;0.072148;0.071787;0.071249;0.070094;0.071888;0.07075;0.073407;0.071883;0.070588;0.071966;0.069969;0.071093;0.0711;0.072432;0.070419;0.070611;0.070524;0.070264;0.070234;0.071164;0.071955;0.071875;0.070503;0.070762;0.071569;0.07193;0.071034;0.071572;0.072542;0.071018;0.07197;0.06998;0.071555;0.070711;0.070621;0.071352;0.073195;0.072507;0.0719;0.07214;0.071365;0.07199;0.071914;0.069989;0.071902;0.071369;0.070496;0.071049;0.070769;0.071215;0.072066;0.07125;0.07177;0.070867;0.069746;0.073517;0.070905;0.070009;0.070727;0.072265;0.072387;0.072212;0.071696;0.072502;0.071093;0.072467;0.070674;0.070536;0.071351;0.073435;0.071108;0.071439;0.071131;0.070794;0.071046;0.072553;0.071854;0.071264;0.070759;0.069398;0.070508;0.070674;0.070978;0.074578;0.070666;0.070744;0.072434;0.070175;0.071592;0.071448;0.072491;0.069697;0.071743;0.070303;0.069344;0.071762;0.070967;0.072667;0.072376;0.071532;0.071532;0.070988;0.071835;0.072345;0.071577;0.071057;0.071999;0.070896;0.07168;0.071021;0.071007;0.072712;0.071719;0.070721;0.070641;0.07108;0.072426;0.070217;0.071743;0.071491;0.070468;0.071139;0.069225;0.07101;0.069277;0.072246;0.070485;0.071017;0.072052;0.070141;0.070952;0.070543;0.072529;0.070964;0.070412;0.071462;0.070063;0.071404;0.071975;0.069924;0.071599;0.072146;0.071067;0.071029;0.07142;0.071347;0.071405;0.071764;0.070024;0.072069;0.071659;0.071;0.071607;0.071065;0.072615;0.070336;0.069618;0.071445;0.071082;0.071894;0.070812;0.071318;0.069904;0.070799;0.07115;0.070226;0.071174;0.070416;0.071885;0.071735;0.071367;0.070001;0.072236;0.070212;0.071577;0.070614;0.07306;0.070553;0.070399;0.070722;0.071708;0.071542;0.071058;0.06953;0.070758;0.071746;0.071948;0.071662;0.06962;0.071097;0.071997;0.072556;0.073043;0.070693;0.070893;0.071311;0.071646;0.07085;0.071001;0.070727;0.070929;0.069856;0.072335;0.07108;0.071549;0.071382;0.071012;0.071822;0.072068;0.070936;0.071337;0.07182;0.072046;0.071996;0.071277;0.070337;0.071644;0.071472;0.072119;0.072293;0.072637;0.072969;0.072099;0.072021;0.072964;0.071027;0.071417;0.071059;0.071049;0.071795;0.071468;0.072281;0.071707;0.070965;0.071123;0.073183;0.073589;0.072065;0.070279;0.070107;0.070748;0.072169;0.070789;0.071514;0.070592;0.071872;0.071929;0.072603;0.07164;0.074179;0.071849;0.071032;0.071046;0.071688;0.071458;0.071624;0.072074;0.071447;0.071172;0.07097;0.070231;0.07103;0.070343;0.07117;0.074506;0.071552;0.071416;0.070205;0.071455;0.071162;0.070802;0.071742;0.070224;0.071919;0.071244;0.07163;0.073143;0.070815;0.072376;0.072349;0.071731;0.070275;0.070346;0.072457;0.071175;0.070275;0.071189;0.070324;0.071193;0.071144;0.073083;0.071035;0.072403;0.071248;0.071676;0.071618;0.070921;0.071031;0.070206;0.070262;0.070736;0.071554;0.069464;0.070954;0.071545;0.071332;0.069783;0.070923;0.070041;0.070818;0.069397;0.071781;0.07093;0.071401;0.069589;0.072522;0.070737;0.071377;0.072769;0.07137;0.071451;0.071347;0.070735;0.070952;0.070835;0.070691;0.071355;0.072591;0.070264;0.071141;0.071035;0.071462;0.071864;0.071546;0.071603;0.070776;0.070098;0.071345;0.070183;0.071453;0.073;0.071411;0.071167;0.071317;0.071511;0.071109;0.072107;0.070658;0.071762;0.070569;0.071461;0.07184;0.070949;0.071321;0.071326;0.072736;0.07108;0.071201;0.070848;0.07128;0.071582;0.07138;0.069765;0.071488;0.070919;0.071954;0.071087;0.069969;0.071158;0.07176;0.070828;0.071541;0.071443;0.073768;0.071861;0.071345;0.07129;0.072221;0.069706;0.071609;0.071716;0.071765;0.071394;0.072114;0.072058;0.070413;0.070895;0.072945;0.071324;0.072192;0.071436;0.070699;0.073127;0.070909;0.071666;0.071056;0.07115;0.072515;0.07165;0.071408;0.072731;0.072334;0.071144;0.070437;0.070988;0.07008;0.071918;0.07284;0.07055;0.070398;0.071445;0.070292;0.070848;0.070105;0.070548;0.072396;0.07029;0.072346;0.07075;0.070538;0.070824;0.07173;0.070902;0.071573;0.071502;0.071582;0.070131;0.071445;0.071691;0.071505;0.071888;0.070664;0.071054;0.071274;0.07012;0.071626;0.071173;0.072254;0.070025;0.071674;0.071134;0.070837;0.07224;0.070904;0.070277;0.071517;0.070777;0.071139;0.072682;0.071285;0.070527;0.071719;0.07073;0.071873;0.070677;0.071387;0.071514;0.070674;0.071375;0.071018;0.071518;0.071081;0.070677;0.070326;0.071557;0.071225;0.071291;0.071278;0.072428;0.071701;0.071674;0.071201;0.072744;0.070793;0.072753;0.07129;0.070714;0.072046;0.071046;0.070543;0.070638;0.071626;0.070841;0.071125;0.071325;0.070781;0.071313;0.072817;0.071424;0.071482;0.072074;0.069485;0.071111;0.070821;0.07005;0.070832;0.070885;0.070522;0.072215;0.07237;0.070415;0.071025;0.072894;0.070023;0.071173;0.071836;0.06985;0.072077;0.07093;0.072017;0.07186;0.072868;0.070222;0.071326;0.070837;0.070566;0.071995;0.070497;0.071619;0.070658;0.071825;0.070098;0.069408;0.069954;0.072596;0.072924;0.071454;0.070809;0.071373;0.07098;0.071282;0.071802;0.070684;0.070795;0.070714;0.071023;0.072074;0.070581;0.070747;0.072287;0.072911;0.072093;0.071619;0.07161;0.070184;0.070524;0.07199;0.071229;0.070235;0.072979;0.070841;0.070519;0.071854;0.073114;0.071119;0.071562;0.070761;0.070416;0.071368;0.071196;0.07122;0.071485;0.070704;0.072578;0.071896;0.071438;0.070826;0.072005;0.070989;0.070774;0.071443;0.071116;0.07189;0.07075;0.071175;0.071629;0.071933;0.072511;0.071981;0.072208;0.070109;0.072464;0.071157;0.071266;0.071699;0.071417;0.071098;0.071819;0.069772;0.071374;0.071429;0.071579;0.071301;0.070472;0.072126;0.071165;0.072226;0.070617;0.071971;0.071064;0.072226;0.072398;0.071577;0.070982;0.071643;0.070734;0.071507;0.073005;0.073194;0.070868;0.070601;0.072105;0.070247;0.070206;0.071464;0.070545;0.072134;0.07035;0.069823;0.071146;0.070711;0.071219;0.074384;0.068923;0.071767;0.071031;0.071494;0.070867;0.070615;0.070973;0.071136;0.072467;0.070617;0.072248;0.071425;0.07156;0.072097;0.071516;0.070697;0.071024;0.070446;0.069986;0.071885;0.070405;0.071435;0.072479;0.070912;0.07106;0.071562;0.071738;0.073373;0.073718;0.07189;0.071847;0.072266;0.070033;0.070645;0.073026;0.071563;0.072076;0.07025;0.072324;0.07116;0.072456;0.071403;0.072331;0.070076;0.071817;0.071386;0.070715;0.072746;0.070412;0.070949;0.07145;0.071822;0.071099;0.070951;0.071427;0.070852;0.072245;0.072279;0.07055;0.070589;0.071488;0.070923;0.071565;0.07054;0.071227;0.070686;0.071493;0.070762;0.072378;0.071981;0.071676;0.071037;0.071735;0.069995;0.070342;0.068429;0.07093;0.071356;0.070457;0.071181;0.069497;0.072544;0.072109;0.070664;0.071259;0.070918;0.070667;0.070587;0.070226;0.070288;0.070972;0.070284;0.071005;0.071713;0.070517;0.070959;0.072351;0.071008;0.071138;0.069536;0.070958;0.070661;0.072048;0.071189;0.071299;0.07014;0.072364;0.071578;0.071592;0.07185;0.071401;0.070924;0.070929;0.072126;0.07135;0.071024;0.071803;0.070313;0.071837;0.071095;0.071405;0.07176;0.070979;0.072138;0.07138;0.071928;0.071318;0.071609;0.072284;0.072078;0.069936;0.073703;0.071347;0.070363;0.070963;0.071364;0.07135;0.072462;0.071246;0.070895;0.070325;0.070409;0.069421;0.070452;0.070953;0.070209;0.071967;0.06984;0.071117;0.071293;0.071513;0.071555;0.070051;0.070318;0.071607;0.071317;0.071632;0.071002;0.070461;0.070272;0.070256;0.071078;0.07068;0.07175;0.072142;0.072422;0.072366;0.073446;0.07335;0.071326;0.071595;0.07029;0.070033;0.071503;0.071319;0.070623;0.071112;0.07181;0.071412;0.072044;0.071622;0.071607;0.072383;0.070988;0.070643;0.071239;0.07076;0.070516;0.070033;0.07134;0.070695;0.070312;0.071785;0.072825;0.071107;0.071153;0.073634;0.071383;0.07044;0.071587;0.071414;0.070783;0.071897;0.070901;0.071581;0.07137;0.072239;0.071812;0.071174;0.07126;0.071194;0.070549;0.070298;0.071167;0.071123;0.071529;0.070473;0.070825;0.071238;0.071207;0.07262;0.070979;0.071276;0.071871;0.070674;0.072813;0.070702;0.070933;0.07084;0.070335;0.070245;0.070782;0.070086;0.069773;0.072434;0.07104;0.071043;0.071213;0.070303;0.070551;0.072368;0.071739;0.070956;0.070664;0.072116;0.071012;0.070864;0.071359;0.072312;0.071848;0.070892;0.071332;0.072394;0.070676;0.071582;0.07163;0.070219;0.070993;0.07162;0.070414;0.070774;0.071408;0.071327;0.071211;0.070574;0.071019;0.071425;0.072429;0.069872;0.073143;0.069735;0.071809;0.071142;0.070616;0.070424;0.070288;0.071056;0.071573;0.069937;0.071482;0.072174;0.071591;0.069334;0.069761;0.071636;0.069651;0.071611;0.070537;0.070567;0.070277;0.072831;0.070674;0.070935;0.070481;0.072102;0.071706;0.07123;0.070293;0.071352;0.070578;0.071824;0.070782;0.069852;0.071907;0.070861;0.071458;0.071308;0.071072;0.071318;0.07057;0.071027;0.070624;0.071109;0.07099;0.07406;0.071748;0.069482;0.071952;0.070576;0.071003;0.07142;0.071858;0.071775;0.070956;0.069367;0.070517;0.071358;0.071636;0.070748;0.070915;0.069998;0.07163;0.073236;0.071114;0.071236;0.070946;0.070667;0.071247;0.071964;0.070066;0.071653;0.070716;0.071445;0.070598;0.070386;0.071598;0.070425;0.072582;0.071458;0.069773;0.070703;0.070621;0.070376;0.071694;0.070786;0.071441;0.071189;0.069893;0.070914;0.071968;0.070056;0.07254;0.07016;0.070075;0.071321;0.070982;0.071832;0.070769;0.070525;0.071845;0.071617;0.071371;0.070827;0.072572;0.070073;0.070946;0.071526;0.071454;0.071431;0.071615;0.071305;0.070859;0.072232;0.070188;0.070254;0.070739;0.07244;0.06974;0.069623;0.070683;0.073083;0.071457;0.070902;0.070191;0.070153;0.070137;0.069773;0.070966;0.070933;0.070624;0.072173;0.070563;0.071819;0.070156;0.071019;0.070445;0.070571;0.070853;0.070614;0.072186;0.071095;0.071438;0.070204;0.071028;0.071908;0.071464;0.072869;0.071052;0.071154;0.072003;0.071353;0.071249;0.072546;0.071233;0.071019;0.071438;0.071567;0.07032;0.072278;0.070372;0.07131;0.070322;0.071736;0.071169;0.071348;0.070848;0.070916;0.070428;0.072178;0.070749;0.069682;0.071065;0.071524;0.072445;0.070835;0.070478;0.070851;0.071993;0.070934;0.071183;0.070799;0.071813;0.070251;0.07214;0.071869;0.070599;0.07218;0.070579;0.071452;0.071139;0.07136;0.070842;0.070952;0.070823;0.070022;0.071415;0.07219;0.073031;0.070998;0.070061;0.070766;0.070457;0.070414;0.07085;0.069979;0.071048;0.069409;0.070589;0.070672;0.071577;0.070555;0.0715;0.071767;0.070767;0.072372;0.071148;0.071267;0.072534;0.07051;0.071774;0.071315;0.072696;0.071662;0.070025;0.071032;0.070884;0.071319;0.072283;0.071254;0.070297;0.071763;0.071156;0.072067;0.072352;0.071501;0.071607;0.072755;0.070514;0.071775;0.072262;0.071376;0.071621;0.070837;0.070246;0.070482;0.071812;0.071193;0.071515;0.072279;0.071368;0.072623;0.070815;0.070522;0.070207;0.071513;0.070788;0.071421;0.07051;0.072097;0.071166;0.071285;0.06978;0.069065;0.071933;0.070688;0.071084;0.070782;0.070188;0.071467;0.072759;0.071186;0.070852;0.071444;0.071297;0.071725;0.072175;0.071742;0.07154;0.070532;0.071189;0.071271;0.069898;0.071667;0.071831;0.070971;0.072159;0.070825;0.070639;0.071223;0.071531;0.070683;0.073612;0.071311;0.071556;0.071329;0.070958;0.072715;0.070733;0.07106;0.071692;0.070109;0.070486;0.070314;0.071008;0.071378;0.070524;0.071227;0.070504;0.07114;0.070522;0.072218;0.071519;0.070664;0.071148;0.072384;0.069855;0.072643;0.070436;0.070867;0.071146;0.070355;0.070819;0.070774;0.070775;0.074659;0.070326;0.071407;0.07148;0.070648;0.071738;0.072486;0.071521;0.071264;0.07094;0.071249;0.071441;0.072448;0.071709;0.07213;0.07206;0.071578;0.070134;0.0719;0.07173;0.071261;0.070644;0.07128;0.070983;0.070704;0.07148;0.071961;0.071706;0.071098;0.071132;0.073318;0.072298;0.070812;0.071312;0.070298;0.07141;0.072011;0.071259;0.070845;0.071326;0.07124;0.071499;0.071172;0.070974;0.070371;0.071436;0.071746;0.071574;0.071257;0.070773;0.070709;0.070861;0.070587;0.071258;0.070647;0.072515;0.069902;0.071983;0.0712;0.070356;0.070814;0.070854;0.071606;0.069596;0.071515;0.069848;0.070761;0.0712;0.069779;0.072817;0.070649;0.071431;0.071824;0.071113;0.072237;0.072079;0.070805;0.070299;0.070438;0.070741;0.07176;0.07238;0.071268;0.071063;0.071756;0.07139;0.071318;0.07142;0.071745;0.070738;0.071451;0.070994;0.070851;0.071864;0.071791;0.072505;0.074542;0.073149;0.071782;0.071432;0.070255;0.072041;0.070502;0.071148;0.070818;0.070872;0.071248;0.071239;0.071019;0.072469;0.070243;0.072049;0.071944;0.070064;0.072239;0.071996;0.071821;0.070815;0.070958;0.07269;0.071847;0.071557;0.070582;0.072151;0.071424;0.071497;0.072509;0.071016;0.071194;0.0717;0.070169;0.071133;0.072136;0.071707;0.070617;0.072259;0.07178;0.070875;0.072144;0.072226;0.072205;0.07284;0.071687;0.072502;0.070795;0.069566;0.071312;0.069785;0.070456;0.070824;0.071621;0.071899;0.073242;0.071876;0.072649;0.071199;0.071507;0.071196;0.071112;0.070588;0.07093;0.07143;0.070529;0.071566;0.071978;0.070989;0.073584;0.072219;0.070819;0.07126;0.072618;0.071644;0.071496;0.071086;0.071443;0.071367;0.070458;0.070209;0.070216;0.070361;0.072657;0.074009;0.072;0.07184;0.070476;0.071667;0.072011;0.071762;0.069776;0.069879;0.07123;0.070661;0.070095;0.071589;0.071567;0.072725;0.072005;0.071568;0.070272;0.071602;0.071639;0.071462;0.071375;0.069838;0.072805;0.070443;0.070722;0.071857;0.072639;0.070751;0.071424;0.070084;0.071382;0.07075;0.07083;0.071993;0.071084;0.069139;0.070043;0.070415;0.071784;0.073064;0.072995;0.072327;0.06959;0.072403;0.07148;0.070365;0.072161;0.070727;0.070397;0.071283;0.070215;0.070485;0.07026;0.072815;0.072118;0.071726;0.071871;0.071554;0.070817;0.071551;0.071616;0.07238;0.071148;0.070862;0.071023;0.070781;0.070766;0.070994;0.071102;0.071833;0.071459;0.071229;0.070983;0.070869;0.070586;0.07129;0.06985;0.071197;0.070238;0.071242;0.0707;0.071855;0.07064;0.071751;0.073028;0.069917;0.070247;0.070278;0.072115;0.070686;0.0688;0.06959;0.071931;0.0708;0.072035;0.072045;0.071551;0.07138;0.070899;0.071672;0.071394;0.071426;0.0706;0.073206;0.072342;0.071938;0.070248;0.071223;0.072142;0.07169;0.071331;0.071654;0.070492;0.072648;0.070844;0.070962;0.070201;0.070954;0.072942;0.072118;0.07063;0.07157;0.081269;0.072323;0.071588;0.072077;0.071741;0.071754;0.071806;0.072399;0.071696;0.072296;0.072354;0.073185;0.07128;0.07011;0.072573;0.071578;0.070866;0.070988;0.071082;0.071521;0.07074;0.071319;0.07056;0.07211;0.071373;0.071294;0.071195;0.07217;0.071718;0.072462;0.07069;0.071896;0.071153;0.070462;0.071665;0.071008;0.071132;0.070815;0.070695;0.070509;0.071794;0.072799;0.071038;0.07167;0.07256;0.070919;0.070704;0.070915;0.071415;0.071585;0.071422;0.070491;0.070375;0.071188;0.07032;0.072592;0.070244;0.070197;0.07001;0.070811;0.071124;0.070191;0.071054;0.071745;0.071644;0.071735;0.070667;0.071412;0.071581;0.071441;0.070792;0.072149;0.070352;0.071749;0.070885;0.070892;0.071318;0.07135;0.071688;0.071917;0.072002;0.072987;0.071319;0.071945;0.070578;0.070603;0.069974;0.071116;0.07068;0.070084;0.071762;0.070321;0.070073;0.071882;0.069971;0.070226;0.072392;0.072917;0.070069;0.070037;0.070092;0.069424;0.070882;0.071647;0.070261;0.072296;0.069859;0.071286;0.071582;0.070359;0.07024;0.074144;0.070781;0.069703;0.0716;0.07158;0.07082;0.071244;0.071417;0.070472;0.072105;0.070888;0.071936;0.070581;0.072041;0.072232;0.072368;0.07137;0.071637;0.073315;0.072586;0.072923;0.072345;0.070266;0.071773;0.070706;0.072084;0.070286;0.071465;0.072706;0.07201;0.071017;0.071003;0.071744;0.07139;0.070357;0.070714;0.070489;0.071477;0.070541;0.071635;0.070667;0.072323;0.07302;0.072459;0.071918;0.071938;0.071922;0.073416;0.07167;0.070938;0.071162;0.071485;0.071769;0.070415;0.071667;0.071965;0.071692;0.071433;0.070494;0.071063;0.070246;0.070959;0.072748;0.071131;0.070983;0.070566;0.070635;0.071528;0.072212;0.071461;0.070301;0.070562;0.070837;0.070892;0.070914;0.069724;0.071323;0.07086;0.070446;0.070733;0.0701;0.069817;0.072113;0.071877;0.072097;0.072352;0.071925;0.070817;0.071726;0.071081;0.071656;0.071869;0.070244;0.072674;0.071209;0.071321;0.073686;0.071671;0.070946;0.071076;0.070956;0.072008;0.072579;0.071584;0.070217;0.07289;0.070976;0.070788;0.071496;0.070761;0.072744;0.071366;0.071302;0.071315;0.0707;0.070265;0.070986;0.070991;0.071352;0.070443;0.072421;0.071979;0.070817;0.070695;0.071969;0.071673;0.072658;0.070567;0.070964;0.070697;0.070413;0.071256;0.071533;0.073697;0.06982;0.071294;0.070843;0.071492;0.074296;0.071503;0.07289;0.071624;0.07046;0.070594;0.071896;0.072056;0.070927;0.070628;0.072545;0.071707;0.071089;0.072425;0.071981;0.07033;0.071802;0.071332;0.070214;0.071375;0.071702;0.070588;0.071588;0.069752;0.071625;0.071476;0.071157;0.072465;0.07146;0.072011;0.073258;0.070875;0.070937;0.070574;0.070421;0.07134;0.069582;0.071353;0.071819;0.07107;0.070917;0.072077;0.070974;0.071376;0.070473;0.072593;0.072304;0.071446;0.071384;0.07043;0.071563;0.072159;0.070827;0.072045;0.071287;0.07176;0.071266;0.071104;0.070222;0.071882;0.072592;0.071314;0.070449;0.070572;0.070106;0.071507;0.070629;0.070709;0.069755;0.071087;0.070799;0.070203;0.071752;0.071852;0.071509;0.071829;0.071285;0.070766;0.070478;0.070665;0.069855;0.070481;0.072245;0.069375;0.069187;0.071514;0.070759;0.070925;0.071972;0.07118;0.07098;0.069974;0.071083;0.070424;0.070071;0.070824;0.071141;0.071151;0.070885;0.070917;0.072254;0.071041;0.071603;0.070679;0.073292;0.071053;0.070699;0.069163;0.070992;0.072301;0.071434;0.070602;0.070451;0.071118;0.071312;0.071647;0.071588;0.070958;0.071866;0.071627;0.071655;0.0705;0.071301;0.071255;0.074003;0.071501;0.070353;0.071109;0.069971;0.07127;0.072003;0.071505;0.072736;0.070186;0.071489;0.07228;0.071695;0.071796;0.072091;0.07082;0.071596;0.071586;0.074702;0.071666;0.070266;0.069955;0.071572;0.070775;0.071569;0.070757;0.071903;0.070706;0.073073;0.072809;0.071857;0.072141;0.070574;0.070931;0.071315;0.070405;0.071675;0.071767;0.070486;0.070953;0.071406;0.072569;0.070881;0.073596;0.070527;0.071507;0.071216;0.070078;0.069725;0.069751;0.070845;0.070895;0.06945;0.070785;0.070838;0.073356;0.070934;0.070886;0.074289;0.071035;0.070868;0.071129;0.07223;0.071548;0.071378;0.070271;0.070667;0.069815;0.071868;0.072443;0.071803;0.071378;0.07132;0.071612;0.07164;0.071466;0.071224;0.071438;0.070513;0.071392;0.071566;0.070266;0.07089;0.072412;0.06942;0.071087;0.072058;0.071855;0.072269;0.070546;0.072442;0.0714;0.073368;0.071436;0.071314;0.071905;0.071755;0.073586;0.071605;0.070909;0.070281;0.07185;0.070947;0.071074;0.071979;0.071207;0.07008;0.072662;0.070705;0.071941;0.070521;0.07251;0.073535;0.072178;0.071189;0.069678;0.070877;0.071388;0.071621;0.070737;0.07103;0.070727;0.072034;0.070403;0.072176;0.070654;0.072628;0.070518;0.071669;0.070591;0.071442;0.073044;0.071742;0.071204;0.070463;0.069482;0.071842;0.072895;0.072099;0.072434;0.070543;0.072522;0.073081;0.071124;0.071387;0.070747;0.071667;0.071488;0.071086;0.07263;0.070715;0.072691;0.072454;0.070255;0.071195;0.07212;0.072184;0.071201;0.070066;0.071234;0.071232;0.071226;0.071336;0.070965;0.07194;0.071156;0.074478;0.071428;0.071474;0.070403;0.070469;0.071402;0.070601;0.070929;0.070455;0.070967;0.071139;0.070429;0.072005;0.071377;0.071212;0.070876;0.070955;0.071122;0.071667;0.070922;0.070475;0.071451;0.069802;0.070859;0.070905;0.070112;0.071973;0.071425;0.071221;0.070445;0.071444;0.070836;0.071603;0.071896;0.070575;0.070528;0.070685;0.07159;0.073083;0.071323;0.069932;0.071898;0.070579;0.071278;0.070767;0.071104;0.071384;0.070682;0.071125;0.070727;0.069129;0.069882;0.071977;0.071746;0.070337;0.073364;0.070394;0.072895;0.072496;0.071266;0.071413;0.071844;0.071003;0.072303;0.070412;0.071239;0.070475;0.071366;0.071559;0.07184;0.070315;0.071518;0.071249;0.071164;0.071933;0.072534;0.072147;0.072201;0.070641;0.071616;0.071352;0.071948;0.073344;0.072504;0.071437;0.072477;0.071687;0.070916;0.071552;0.071795;0.071233;0.070833;0.071903;0.072042;0.070878;0.072339;0.07213;0.071725;0.069758;0.070061;0.071354;0.071325;0.072012;0.071603;0.069922;0.071317;0.071117;0.072208;0.071629;0.072157;0.072183;0.071837;0.072606;0.072098;0.073309;0.072393;0.070171;0.072276;0.070531;0.070817;0.071048;0.070557;0.070894;0.071354;0.072393;0.071721;0.072698;0.070402;0.071153;0.071273;0.071542;0.071026;0.070513;0.070799;0.071472;0.070449;0.072437;0.070308;0.071469;0.07157;0.072412;0.072228;0.071657;0.070603;0.070999;0.072215;0.071467;0.070969;0.071101;0.071633;0.071318;0.070399;0.071391;0.071141;0.071097;0.071769;0.072184;0.070871;0.071962;0.071593;0.071315;0.071114;0.071491;0.070302;0.073259;0.073364;0.07104;0.072282;0.071057;0.07103;0.070735;0.071714;0.071833;0.07102;0.070516;0.070788;0.071826;0.071579;0.070837;0.071562;0.07115;0.071696;0.070896;0.072173;0.070825;0.071686;0.070189;0.071459;0.070051;0.073329;0.071293;0.072581;0.071059;0.071871;0.070405;0.070739;0.070998;0.071328;0.070734;0.070869;0.070349;0.070724;0.071338;0.070526;0.072856;0.0716;0.071549;0.073061;0.072618;0.072579;0.071737;0.07158;0.070543;0.071891;0.070365;0.070932;0.072185;0.071177;0.071584;0.070349;0.069803;0.073017;0.071928;0.069972;0.070458;0.071842;0.0706;0.071348;0.071867;0.070975;0.071072;0.071622;0.071065;0.072126;0.073163;0.07164;0.070525;0.072408;0.071239;0.069777;0.071102;0.070276;0.071403;0.071379;0.070332;0.0719;0.070376;0.070931;0.073204;0.071231;0.070913;0.071512;0.071489;0.071269;0.070741;0.070797;0.072103;0.071035;0.070861;0.070888;0.070403;0.072494;0.072465;0.07238;0.070721;0.071206;0.072234;0.071102;0.071121;0.071675;0.071541;0.070573;0.071069;0.072264;0.072191;0.071458;0.072728;0.070516;0.072833;0.071159;0.069831;0.070799;0.071136;0.071024;0.069866;0.071925;0.071645;0.07138;0.070532;0.070822;0.071322;0.07125;0.072054;0.070381;0.071973;0.071107;0.070428;0.070785;0.070935;0.070523;0.071698;0.070358;0.070363;0.070581;0.072659;0.073089;0.071577;0.070907;0.071235;0.070766;0.070626;0.070568;0.071377;0.07076;0.070919;0.072828;0.071798;0.072121;0.071023;0.072317;0.071241;0.070693;0.071476;0.070881;0.071407;0.071518;0.071241;0.071151;0.070161;0.071227;0.071434;0.07116;0.069597;0.070588;0.071997;0.07196;0.071602;0.072022;0.071469;0.070988;0.071392;0.071781;0.071898;0.071572;0.071271;0.073595;0.072094;0.070656;0.072285;0.070336;0.071272;0.070977;0.072085;0.071601;0.071452;0.07035;0.070636;0.071296;0.071281;0.071751;0.069814;0.070803;0.070497;0.07103;0.071116;0.072175;0.072026;0.072084;0.070352;0.07072;0.070127;0.070192;0.071648;0.07234;0.07244;0.071313;0.071132;0.071916;0.071544;0.071599;0.071182;0.070574;0.070726;0.072648;0.070883;0.070715;0.072288;0.072342;0.072709;0.071545;0.070223;0.072253;0.070108;0.07144;0.071425;0.071903;0.071367;0.071164;0.069913;0.071472;0.072282;0.070342;0.071999;0.071922;0.071091;0.071576;0.07097;0.071684;0.070838;0.069928;0.070201;0.071807;0.071113;0.070533;0.072188;0.070514;0.070674;0.06961;0.07162;0.070221;0.069269;0.071151;0.070326;0.070608;0.070792;0.07126;0.06977;0.071199;0.071687;0.072028;0.070243;0.071762;0.071824;0.072615;0.070111;0.072128;0.070256;0.071302;0.071076;0.071833;0.072176;0.071674;0.072291;0.071324;0.071642;0.071634;0.070924;0.071162;0.071933;0.071217;0.07016;0.072003;0.070735;0.070837;0.070292;0.071799;0.071875;0.071839;0.071164;0.071162;0.071641;0.072003;0.070867;0.071515;0.072382;0.070361;0.071932;0.071748;0.070832;0.070857;0.072422;0.072764;0.07083;0.070289;0.070937;0.072017;0.071464;0.070968;0.070916;0.070672;0.070893;0.071309;0.071125;0.072286;0.070747;0.071424;0.071646;0.070431;0.07068;0.071033;0.07041;0.070977;0.071316;0.071393;0.071218;0.070467;0.069946;0.079086;0.070466;0.071424;0.070711;0.072785;0.071159;0.070821;0.071753;0.070745;0.071499;0.072054;0.070989;0.071814;0.07075;0.071587;0.07072;0.071439;0.071666;0.070938;0.071189;0.072171;0.070282;0.071123;0.070756;0.072722;0.070872;0.071771;0.07206;0.071386;0.069898;0.070406;0.070737;0.070672;0.070858;0.071128;0.071015;0.071047;0.07152;0.071243;0.069919;0.07132;0.072708;0.072813;0.070503;0.071325;0.071867;0.070811;0.071043;0.070156;0.071198;0.070301;0.071358;0.071486;0.071086;0.071167;0.070794;0.073617;0.07165;0.070375;0.072684;0.071447;0.071527;0.07237;0.07134;0.07172;0.071225;0.071086;0.07165;0.071847;0.072661;0.070569;0.073981;0.070657;0.0721;0.071557;0.072117;0.07184;0.072052;0.072129;0.071056;0.071713;0.071455;0.070346;0.072009;0.070113;0.071625;0.071622;0.071529;0.071038;0.071106;0.071947;0.071314;0.072096;0.070607;0.071268;0.071192;0.072446;0.071467;0.071572;0.070659;0.072787;0.070028;0.070617;0.070786;0.070631;0.070308;0.07222;0.07034;0.070574;0.072138;0.070534;0.072316;0.071549;0.070714;0.070536;0.071665;0.071041;0.07184;0.072171;0.071942;0.071107;0.070794;0.071901;0.071432;0.071986;0.070731;0.070739;0.071132;0.070774;0.071048;0.071425;0.071806;0.072345;0.071071;0.071435;0.071214;0.070304;0.070743;0.072354;0.070587;0.071534;0.070946;0.071759;0.070765;0.071261;0.070985;0.071936;0.069892;0.071909;0.071547;0.070312;0.071266;0.071781;0.07117;0.072514;0.070728;0.069493;0.071607;0.071664;0.071057;0.070736;0.073138;0.070685;0.070964;0.070127;0.071362;0.072145;0.072507;0.073011;0.071979;0.070994;0.072428;0.071034;0.071529;0.071006;0.072432;0.073614;0.071003;0.071704;0.072061;0.073273;0.071406;0.071871;0.070782;0.071138;0.072262;0.07059;0.071544;0.071908;0.070391;0.070592;0.073677;0.070521;0.072186;0.07008;0.071784;0.070031;0.071204;0.070579;0.072136;0.071642;0.071602;0.071782;0.071084;0.07037;0.071906;0.070912;0.072359;0.070711;0.07095;0.071433;0.071099;0.072207;0.070675;0.070453;0.071963;0.072065;0.070398;0.069945;0.071857;0.074533;0.072509;0.071949;0.071892;0.071652;0.071196;0.072006;0.070315;0.0721;0.070776;0.070741;0.070985;0.072298;0.072738;0.070053;0.072621;0.071457;0.072163;0.070907;0.072582;0.07126;0.071002;0.070993;0.071071;0.0721;0.072353;0.072541;0.071713;0.07244;0.073173;0.072767;0.072136;0.071238;0.071516;0.070122;0.070713;0.071615;0.069727;0.070114;0.070786;0.071468;0.070594;0.071976;0.072122;0.071996;0.070144;0.070015;0.070635;0.070893;0.071425;0.070388;0.070762;0.07134;0.071151;0.069884;0.070143;0.072749;0.072182;0.07245;0.071488;0.072433;0.071612;0.071345;0.07115;0.071169;0.07115;0.070618;0.072031;0.070713;0.072022;0.072004;0.071491;0.070969;0.070909;0.070844;0.071122;0.071932;0.07089;0.071805;0.071643;0.07145;0.071519;0.071664;0.070758;0.072421;0.07143;0.070734;0.071027;0.071015;0.071718;0.071014;0.070517;0.071562;0.071328;0.071096;0.070929;0.071689;0.070542;0.072291;0.072877;0.072954;0.071366;0.071211;0.070865;0.074339;0.071138;0.072808;0.071303;0.070356;0.072399;0.071584;0.072987;0.070943;0.069594;0.070506;0.070649;0.071618;0.070805;0.070397;0.072551;0.071116;0.071153;0.071598;0.070485;0.0711;0.073332;0.070911;0.071977;0.071664;0.071184;0.070411;0.069035;0.070523;0.071975;0.072195;0.070948;0.070446;0.070363;0.070031;0.072521;0.070786;0.071746;0.070965;0.072962;0.072372;0.070827;0.071498;0.070878;0.071548;0.071779;0.072009;0.072168;0.071751;0.073473;0.071722;0.0723;0.072324;0.070776;0.071933;0.071633;0.072136;0.071376;0.069845;0.072558;0.072728;0.071399;0.07217;0.071892;0.071094;0.070815;0.069994;0.07135;0.071378;0.072295;0.070938;0.070681;0.071409;0.07143;0.070339;0.06949;0.069984;0.073592;0.071448;0.071285;0.069881;0.071103;0.072014;0.069673;0.071083;0.071369;0.071631;0.071033;0.070711;0.070392;0.07239;0.071856;0.070942;0.071546;0.069984;0.071216;0.070579;0.070636;0.071519;0.071608;0.069236;0.072018;0.071129;0.070734;0.072168;0.07191;0.072992;0.070356;0.071448;0.070699;0.070795;0.071215;0.071873;0.071287;0.071653;0.072191;0.070961;0.070897;0.072585;0.071342;0.071266;0.072439;0.070774;0.071276;0.071147;0.071362;0.070417;0.071234;0.07105;0.070509;0.071695;0.069655;0.072617;0.07105;0.071874;0.071099;0.072734;0.069444;0.072326;0.072046;0.071229;0.071485;0.070498;0.070905;0.07207;0.070293;0.07263;0.071497;0.070435;0.071786;0.072429;0.070849;0.070737;0.071879;0.070719;0.071298;0.070844;0.069851;0.070792;0.072973;0.071611;0.071657;0.072565;0.072589;0.07072;0.072139;0.070075;0.071567;0.071117;0.069553;0.07187;0.07067;0.071442;0.071481;0.071121;0.072377;0.071372;0.069917;0.069884;0.070819;0.069857;0.070566;0.070975;0.070473;0.070544;0.070165;0.070552;0.072622;0.070716;0.07266;0.070754;0.070363;0.070496;0.071534;0.070906;0.071101;0.071112;0.07092;0.071151;0.071222;0.071643;0.071672;0.071975;0.070548;0.072799;0.072159;0.072643;0.071296;0.071624;0.072543;0.071984;0.071291;0.074197;0.07255;0.071126;0.073283;0.071158;0.071728;0.071175;0.0712;0.070928;0.072322;0.070714;0.071879;0.07091;0.071031;0.069583;0.07181;0.070236;0.072804;0.072186;0.073006;0.070449;0.070558;0.07013;0.071568;0.071351;0.070914;0.070837;0.071078;0.070828;0.072422;0.072045;0.070971;0.071464;0.070636;0.07133;0.07157;0.070092;0.070051;0.070331;0.071108;0.071952;0.070118;0.069992;0.070086;0.073132;0.072968;0.07293;0.072916;0.071684;0.07027;0.072765;0.070762;0.071318;0.072556;0.072005;0.071122;0.071316;0.070664;0.072234;0.071261;0.071313;0.071607;0.070115;0.072067;0.071288;0.072185;0.070696;0.070842;0.072116;0.070872;0.070312;0.072398;0.072948;0.074343;0.072023;0.072499;0.072352;0.072395;0.071071;0.071135;0.070092;0.071611;0.072561;0.071939;0.071509;0.071781;0.07117;0.071923;0.07302;0.071256;0.070819;0.070677;0.071184;0.071173;0.070939;0.070262;0.071048;0.071378;0.071426;0.071745;0.070477;0.070537;0.071586;0.072303;0.070962;0.070408;0.071845;0.070798;0.071222;0.072255;0.069381;0.07122;0.071012;0.072773;0.070845;0.070144;0.071294;0.070971;0.071239;0.071521;0.071468;0.071191;0.071965;0.071062;0.071727;0.071041;0.071191;0.071761;0.070043;0.070896;0.070371;0.07138;0.072869;0.071386;0.069501;0.071755;0.069597;0.070185;0.07029;0.071778;0.07068;0.072424;0.071319;0.071229;0.071466;0.07044;0.071709;0.070662;0.071166;0.070857;0.072183;0.07077;0.072352;0.071653;0.070895;0.072035;0.072255;0.070971;0.071834;0.071325;0.072314;0.070681;0.071587;0.071801;0.07173;0.070676;0.071351;0.072106;0.072544;0.070335;0.071093;0.070006;0.07067;0.072582;0.071777;0.070927;0.071525;0.072593;0.07069;0.072253;0.071787;0.072223;0.074062;0.072302;0.072943;0.071571;0.070252;0.072206;0.070281;0.072724;0.073186;0.073983;0.071624;0.072145;0.07072;0.071805;0.07339;0.071609;0.072841;0.072047;0.071989;0.072555;0.072259;0.073016;0.071815;0.071617;0.072007;0.072143;0.070789;0.071073;0.072364;0.072435;0.071144;0.07156;0.071899;0.071806;0.074199;0.072405;0.072267;0.071683;0.07344;0.072571;0.072113;0.073894;0.072322;0.071706;0.072114;0.072355;0.072085;0.073212;0.072856;0.072974;0.073367;0.074159;0.073362;0.071039;0.071678;0.074941;0.071702;0.071405;0.072609;0.071893;0.071888;0.072398;0.071632;0.072633;0.072945;0.072729;0.072066;0.072179;0.073717;0.07293;0.072361;0.073618;0.073256;0.073493;0.073335;0.071173;0.071899;0.073986;0.071001;0.073072;0.072622;0.072541;0.074038;0.072312;0.072888;0.071892;0.071982;0.072113;0.073043;0.072936;0.072028;0.073229;0.072217;0.071926;0.071607;0.071492;0.074097;0.071823;0.071795;0.07313;0.074052;0.072989;0.072635;0.073;0.072195;0.072586;0.071308;0.071522;0.072135;0.074524;0.072083;0.071768;0.071377;0.072962;0.071888;0.072383;0.072269;0.073072;0.072817;0.072952;0.0726;0.072849;0.073995;0.07405;0.072418;0.073839;0.073455;0.072035;0.072881;0.072384;0.072419;0.072506;0.071754;0.072004;0.072427;0.071956;0.074245;0.072995;0.072334;0.073194;0.073057;0.072775;0.072101;0.072073;0.072213;0.071628;0.072396;0.071303;0.072574;0.072633;0.073708;0.072066;0.071453;0.072054;0.072671;0.072591;0.072115;0.07318;0.072536;0.072348;0.072979;0.071872;0.072372;0.073639;0.072382;0.072805;0.072337;0.072277;0.071975;0.073116;0.073421;0.074808;0.071911;0.072257;0.072528;0.071918;0.072457;0.075601;0.071588;0.073133;0.073639;0.073876;0.073161;0.071971;0.072173;0.073369;0.073382;0.072074;0.072504;0.073658;0.073181;0.071396;0.072409;0.071425;0.072427;0.072781;0.071776;0.072728;0.072644;0.071788;0.072249;0.072525;0.07194;0.072472;0.074473;0.072686;0.072658;0.07352;0.071688;0.071228;0.072081;0.072004;0.072684;0.07247;0.072034;0.072675;0.072321;0.0724;0.073577;0.072833;0.07348;0.072091;0.072242;0.072791;0.07207;0.072047;0.071616;0.07108;0.072732;0.073109;0.072817;0.074332;0.07247;0.072772;0.072168;0.071757;0.07199;0.072407;0.071714;0.07322;0.072173;0.071235;0.071552;0.070863;0.071513;0.073066;0.073102;0.071558;0.072793;0.071529;0.073185;0.072306;0.071741;0.071633;0.071377;0.071706;0.071657;0.07122;0.073719;0.073208;0.071726;0.072018;0.072744;0.073636;0.071695;0.073739;0.073101;0.072801;0.07377;0.072859;0.073429;0.073627;0.0724;0.072243;0.071329;0.071936;0.073486;0.072369;0.072456;0.075012;0.072639;0.072458;0.072267;0.07194;0.071796;0.072549;0.072936;0.072543;0.071612;0.071504;0.071034;0.070852;0.070793;0.071346;0.070703;0.07143;0.070842;0.070735;0.071815;0.070639;0.075188;0.07269;0.072568;0.070439;0.069276;0.07119;0.071241;0.07091;0.070674;0.071045;0.070899;0.070792;0.07066;0.071797;0.072172;0.075075;0.07216;0.070887;0.071525;0.070093;0.070945;0.070733;0.070683;0.071952;0.071439;0.071737;0.071465;0.072015;0.070322;0.07357;0.07471;0.072046;0.071676;0.069495;0.071262;0.070951;0.071155;0.073082;0.072361;0.071371;0.071142;0.071785;0.072507;0.072212;0.072334;0.071322;0.071786;0.070975;0.070751;0.071978;0.070976;0.07079;0.07172;0.071374;0.071574;0.071407;0.072604;0.072413;0.072594;0.072295;0.070068;0.070742;0.07039;0.071809;0.070062;0.071207;0.070363;0.071125;0.073772;0.07107;0.071942;0.072196;0.073378;0.070251;0.072085;0.071461;0.071492;0.071877;0.069843;0.071986;0.071567;0.071268;0.071432;0.071106;0.071949;0.071462;0.071446;0.071773;0.073625;0.070966;0.071027;0.072076;0.071299;0.071821;0.071066;0.070581;0.072441;0.072117;0.072686;0.071253;0.07113;0.07067;0.071551;0.073384;0.071308;0.071233;0.071635;0.072069;0.071802;0.071124;0.072346;0.072886;0.072225;0.071779;0.072287;0.071505;0.070905;0.072114;0.07046;0.07082;0.070768;0.069819;0.070964;0.07337;0.07016;0.0711;0.071279;0.072854;0.072332;0.075544;0.071878;0.070873;0.074121;0.070581;0.070746;0.07068;0.072161;0.072238;0.072277;0.071639;0.071814;0.072138;0.07208;0.072386;0.070353;0.071158;0.070661;0.071442;0.071247;0.071007;0.071174;0.071291;0.07097;0.071852;0.072442;0.069279;0.071213;0.070703;0.071139;0.071019;0.070476;0.071681;0.070915;0.070567;0.070871;0.072866;0.070806;0.071872;0.071664;0.072029;0.071371;0.070296;0.071904;0.070182;0.070872;0.070589;0.071062;0.070944;0.071748;0.070977;0.071683;0.071808;0.070687;0.069027;0.070967;0.071788;0.070034;0.070836;0.070558;0.071404;0.069842;0.070934;0.071018;0.072887;0.072211;0.07276;0.072321;0.070641;0.070107;0.071241;0.071417;0.070914;0.071257;0.069786;0.071584;0.071116;0.072064;0.071411;0.071947;0.073676;0.071434;0.070881;0.070988;0.070613;0.071207;0.071014;0.071937;0.071168;0.070625;0.070456;0.072661;0.070074;0.072101;0.072182;0.072162;0.073045;0.070886;0.070053;0.070243;0.071157;0.071027;0.071771;0.071668;0.071342;0.071754;0.072101;0.073345;0.072703;0.071182;0.071785;0.071428;0.07147;0.071001;0.070436;0.071088;0.070924;0.073298;0.070553;0.072373;0.071779;0.073167;0.07064;0.072386;0.071506;0.071847;0.072249;0.072347;0.070741;0.070656;0.07039;0.072109;0.071928;0.070275;0.072907;0.071237;0.071942;0.07171;0.072013;0.071996;0.071253;0.072635;0.070756;0.070261;0.071435;0.071119;0.072152;0.071569;0.072288;0.073316;0.072297;0.071059;0.071634;0.069402;0.070758;0.072344;0.072525;0.072579;0.072415;0.070907;0.071653;0.071547;0.073198;0.072213;0.071687;0.071577;0.071298;0.071505;0.070804;0.071214;0.07037;0.070492;0.07183;0.072514;0.074622;0.07088;0.072465;0.072084;0.071023;0.072134;0.070308;0.070682;0.069726;0.071907;0.071283;0.070337;0.070616;0.0712;0.072171;0.07184;0.071944;0.070889;0.069736;0.070305;0.070875;0.069954;0.069582;0.070154;0.069447;0.071447;0.071225;0.072644;0.072295;0.072514;0.071047;0.072063;0.070847;0.07135;0.070678;0.071672;0.070779;0.070527;0.070063;0.069829;0.071067;0.073362;0.072598;0.072618;0.07065;0.07188;0.070679;0.07066;0.071464;0.071635;0.071865;0.071368;0.071217;0.071303;0.070635;0.073017;0.070795;0.07161;0.075051;0.071697;0.071212;0.071089;0.070619;0.071773;0.071516;0.071344;0.069603;0.072338;0.070307;0.071755;0.072281;0.071316;0.07323;0.071715;0.071507;0.071932;0.072781;0.07147;0.072725;0.072136;0.071738;0.071376;0.073429;0.071418;0.072567;0.072406;0.069918;0.073806;0.070815;0.072907;0.071498;0.070732;0.071303;0.072263;0.071899;0.071032;0.073454;0.072703;0.072148;0.073871;0.072292;0.071102;0.073542;0.071783;0.070955;0.071984;0.07075;0.071398;0.071529;0.070075;0.071109;0.0714;0.072398;0.071978;0.070877;0.071247;0.071063;0.073399;0.069458;0.071473;0.069368;0.070804;0.071198;0.071894;0.07239;0.071235;0.072694;0.071336;0.071098;0.070635;0.070967;0.070996;0.07132;0.072173;0.071436;0.071237;0.070586;0.072944;0.071079;0.073056;0.072656;0.07134;0.072752;0.069158;0.070898;0.070303;0.071399;0.07034;0.071976;0.071589;0.07143;0.072976;0.072167;0.072273;0.071524;0.073142;0.071914;0.072085;0.072562;0.071204;0.071759;0.072016;0.071003;0.071383;0.070703;0.072589;0.07108;0.073024;0.072008;0.071501;0.071743;0.071842;0.070416;0.071377;0.070007;0.071076;0.071731;0.070555;0.072777;0.072125;0.071858;0.07292;0.070822;0.070271;0.069862;0.071329;0.071662;0.07055;0.070185;0.070893;0.070204;0.070159;0.073938;0.071667;0.071765;0.071451;0.072541;0.070559;0.073321;0.070316;0.071312;0.070681;0.071809;0.072391;0.071451;0.071408;0.072703;0.071336;0.072538;0.072676;0.071895;0.07146;0.070154;0.070681;0.071018;0.071116;0.071117;0.070387;0.071803;0.0709;0.072449;0.071234;0.07148;0.072063;0.071854;0.071473;0.073205;0.073472;0.070885;0.07144;0.070515;0.072097;0.072147;0.071113;0.072609;0.071659;0.073081;0.071995;0.070414;0.071727;0.070535;0.07054;0.071401;0.070341;0.071462;0.070953;0.070088;0.07201;0.072109;0.072084;0.07212;0.071939;0.071853;0.072307;0.069475;0.071277;0.07033;0.07041;0.070241;0.070847;0.072109;0.071422;0.07059;0.071826;0.072072;0.072231;0.070462;0.070321;0.070993;0.071421;0.070984;0.070536;0.0721;0.070942;0.070761;0.072088;0.072227;0.07379;0.072945;0.07211;0.070209;0.071537;0.070274;0.070298;0.070205;0.071428;0.071283;0.071009;0.071635;0.072756;0.072069;0.071811;0.070327;0.071388;0.070349;0.071664;0.070653;0.071843;0.071667;0.071966;0.071289;0.070399;0.071712;0.073361;0.07124;0.072351;0.07105;0.070599;0.072738;0.072104;0.070435;0.070883;0.071393;0.071088;0.071451;0.0703;0.072206;0.071841;0.07147;0.071012;0.071725;0.074267;0.072626;0.071508;0.073156;0.07151;0.071356;0.0723;0.071957;0.073565;0.074385;0.07241;0.07174;0.072761;0.073019;0.071615;0.071848;0.072262;0.07162;0.0708;0.070091;0.071887;0.070695;0.06968;0.072499;0.073036;0.072398;0.073395;0.073429;0.073231;0.072897;0.072242;0.071189;0.071766;0.071288;0.07123;0.072134;0.072987;0.071135;0.073249;0.071699;0.071693;0.072094;0.072426;0.071282;0.071654;0.072591;0.071977;0.07223;0.073249;0.073634;0.073878;0.071532;0.071254;0.072725;0.070746;0.072099;0.070543;0.069302;0.070688;0.070838;0.072114;0.070716;0.071624;0.071041;0.073909;0.072773;0.072267;0.072409;0.071496;0.070129;0.070907;0.071934;0.071145;0.071455;0.070695;0.071962;0.071538;0.07032;0.073444;0.070873;0.070294;0.071178;0.071714;0.07178;0.071971;0.07103;0.070824;0.072515;0.071979;0.073035;0.07095;0.073104;0.071184;0.073733;0.07134;0.072039;0.071292;0.070352;0.07049;0.072157;0.071167;0.071922;0.072284;0.071492;0.071329;0.072271;0.071304;0.071217;0.072228;0.07073;0.071116;0.069994;0.07181;0.070037;0.070605;0.071198;0.070852;0.071096;0.07039;0.080331;0.070586;0.07099;0.071537;0.070467;0.071229;0.070805;0.070968;0.071086;0.072347;0.073528;0.07094;0.070989;0.070551;0.070492;0.070258;0.070462;0.069888;0.070511;0.070617;0.070137;0.071452;0.070117;0.072071;0.070847;0.070705;0.07043;0.070669;0.070426;0.070865;0.070384;0.069371;0.071436;0.071039;0.070151;0.070684;0.070898;0.071148;0.07097;0.071637;0.071305;0.070574;0.074761;0.071598;0.069752;0.071095;0.071661;0.071404;0.071393;0.071278;0.071017;0.070046;0.071318;0.070012;0.071141;0.072231;0.071018;0.071178;0.070713;0.071106;0.07153;0.071739;0.071766;0.070483;0.070424;0.070929;0.071261;0.070652;0.071162;0.073012;0.070299;0.071045;0.069786;0.07034;0.071513;0.069622;0.070674;0.070004;0.069804;0.070783;0.069971;0.070551;0.070731;0.07311;0.069666;0.071661;0.071573;0.070286;0.071749;0.071502;0.071808;0.071311;0.071016;0.071997;0.070538;0.069333;0.071035;0.072118;0.070777;0.071214;0.070431;0.073509;0.071462;0.070689;0.071634;0.071429;0.071463;0.070531;0.071655;0.071464;0.070957;0.073185;0.072764;0.07286;0.072477;0.070708;0.071797;0.071539;0.071894;0.07148;0.070831;0.070906;0.071579;0.0703;0.07019;0.071392;0.070588;0.071989;0.070972;0.071645;0.070936;0.071754;0.06956;0.071409;0.071096;0.071765;0.071201;0.070461;0.070541;0.071513;0.071641;0.071044;0.073032;0.071389;0.07062;0.069989;0.071533;0.07128;0.071482;0.072202;0.071058;0.070944;0.071937;0.071216;0.071133;0.070175;0.070165;0.072951;0.071256;0.070409;0.069414;0.070356;0.071614;0.070772;0.071302;0.070474;0.072047;0.0705;0.070713;0.072481;0.070697;0.071467;0.070124;0.071006;0.070673;0.071076;0.07144;0.07164;0.070698;0.070666;0.071621;0.0711;0.06995;0.070871;0.071419;0.070453;0.072484;0.071973;0.069955;0.069916;0.070925;0.071384;0.071361;0.070546;0.073227;0.071684;0.070696;0.071542;0.07123;0.072507;0.071439;0.073308;0.072071;0.071259;0.071141;0.070301;0.071009;0.071798;0.072127;0.072151;0.070965;0.070888;0.071342;0.070399;0.072166;0.071141;0.072484;0.070351;0.07094;0.069865;0.071406;0.071327;0.072556;0.071113;0.070818;0.07031;0.071235;0.071527;0.071608;0.070349;0.071264;0.073174;0.071477;0.071496;0.071226;0.07313;0.071634;0.071885;0.070904;0.07247;0.070149;0.070914;0.070631;0.069887;0.07077;0.070319;0.071801;0.07154;0.07147;0.072017;0.07054;0.070953;0.069818;0.070947;0.071847;0.071604;0.070366;0.071117;0.070699;0.071508;0.071651;0.0709;0.070544;0.073117;0.069382;0.070528;0.070296;0.069618;0.070498;0.070553;0.070528;0.07027;0.07096;0.069581;0.071252;0.071663;0.070341;0.072584;0.071286;0.071765;0.070891;0.071361;0.071829;0.070688;0.071235;0.070518;0.070875;0.070936;0.07067;0.072097;0.070744;0.072231;0.072372;0.071011;0.071958;0.071366;0.070908;0.071599;0.070508;0.071092;0.072324;0.070677;0.070325;0.07052;0.070851;0.071713;0.071126;0.070377;0.070874;0.070107;0.071855;0.070694;0.070054;0.070986;0.070553;0.070227;0.071824;0.070785;0.070053;0.071484;0.07126;0.071116;0.071733;0.070539;0.07067;0.072714;0.070594;0.070481;0.070723;0.07099;0.071363;0.070609;0.069399;0.073161;0.069456;0.0722;0.071114;0.069745;0.070688;0.071069;0.071114;0.070513;0.070916;0.070488;0.071787;0.070734;0.073213;0.071485;0.071377;0.071459;0.070585;0.070972;0.071564;0.069496;0.070718;0.070786;0.070401;0.071981;0.069516;0.071469;0.0715;0.071919;0.070655;0.069676;0.070278;0.070617;0.069327;0.071413;0.071752;0.070894;0.069911;0.071909;0.073434;0.070607;0.071471;0.071531;0.071115;0.070387;0.071712;0.072099;0.072159;0.07251;0.07097;0.071785;0.072523;0.071599;0.072408;0.073826;0.071688;0.070712;0.070861;0.070955;0.070751;0.070322;0.071319;0.071819;0.070084;0.070892;0.06975;0.071436;0.070911;0.071515;0.072218;0.071461;0.072103;0.072047;0.070627;0.070988;0.070235;0.070326;0.07185;0.070221;0.070678;0.071014;0.071863;0.071888;0.071234;0.070939;0.071643;0.071693;0.07342;0.070571;0.069582;0.071383;0.06979;0.069637;0.070762;0.070676;0.070373;0.06993;0.071645;0.069994;0.072817;0.071792;0.070434;0.07079;0.070861;0.070985;0.070107;0.069931;0.070295;0.069912;0.070116;0.071293;0.07096;0.071052;0.070376;0.070457;0.071204;0.071025;0.07197;0.071649;0.075379;0.071501;0.0714;0.070314;0.07119;0.073;0.071268;0.070545;0.071396;0.072;0.071327;0.07163;0.070142;0.070323;0.071579;0.071743;0.07064;0.071312;0.070263;0.071311;0.07135;0.071566;0.071761;0.072526;0.071835;0.070693;0.071278;0.070642;0.070461;0.070262;0.071218;0.06979;0.070402;0.07289;0.071982;0.071583;0.071571;0.071137;0.073192;0.070673;0.071269;0.070467;0.070238;0.07145;0.07136;0.071377;0.070021;0.071265;0.070221;0.071894;0.071304;0.071597;0.070696;0.071173;0.071053;0.070245;0.07084;0.071814;0.070178;0.072821;0.071419;0.071463;0.070504;0.072231;0.072052;0.071674;0.070999;0.071763;0.07165;0.070062;0.0704;0.070049;0.071467;0.07153;0.071802;0.070428;0.070118;0.069909;0.070721;0.072081;0.070974;0.071067;0.071993;0.071688;0.070961;0.071517;0.072328;0.071091;0.07238;0.070747;0.071176;0.07142;0.071497;0.070512;0.070707;0.071364;0.070693;0.072976;0.072119;0.07149;0.070756;0.07038;0.072527;0.071518;0.071191;0.071193;0.07056;0.072184;0.071416;0.070136;0.07091;0.069962;0.072632;0.070772;0.070229;0.071872;0.071923;0.071613;0.071789;0.07167;0.070764;0.070317;0.070653;0.072137;0.071695;0.070826;0.070813;0.071516;0.070062;0.072391;0.071484;0.069522;0.070008;0.071278;0.070375;0.070074;0.070727;0.070897;0.071888;0.070476;0.07037;0.071151;0.072027;0.07058;0.072474;0.070013;0.071076;0.072408;0.070319;0.070643;0.071533;0.07086;0.071254;0.069863;0.071343;0.070927;0.07099;0.070476;0.072757;0.070833;0.070649;0.070064;0.071551;0.071601;0.070727;0.07042;0.070522;0.069898;0.070509;0.070202;0.070448;0.072046;0.070072;0.070562;0.070553;0.070957;0.070649;0.071835;0.070584;0.071667;0.069829;0.069338;0.071119;0.071325;0.071223;0.071498;0.070685;0.070929;0.070301;0.070083;0.070476;0.071566;0.070378;0.072237;0.07157;0.071471;0.070577;0.070374;0.070668;0.07158;0.072155;0.070715;0.070509;0.071475;0.070547;0.070941;0.070551;0.071483;0.071984;0.071681;0.070702;0.071083;0.070596;0.072472;0.072844;0.073579;0.071415;0.071709;0.070549;0.071429;0.070631;0.070359;0.070487;0.070306;0.071007;0.071942;0.070564;0.07293;0.070167;0.071043;0.070615;0.07103;0.070279;0.070312;0.071244;0.071806;0.070462;0.070368;0.070913;0.070184;0.070917;0.072099;0.071104;0.070063;0.07149;0.07039;0.069625;0.074048;0.069938;0.070811;0.072491;0.070748;0.070218;0.070625;0.069889;0.071072;0.072108;0.072122;0.072213;0.071188;0.070834;0.070932;0.073919;0.070038;0.070489;0.071984;0.070981;0.071671;0.071167;0.071353;0.0716;0.071117;0.071976;0.070795;0.07134;0.071219;0.07053;0.070639;0.071013;0.0711;0.070582;0.071309;0.101375;0.071657;0.071706;0.071695;0.070496;0.071554;0.071916;0.070472;0.071533;0.071236;0.07254;0.070436;0.07004;0.07165;0.071873;0.072502;0.071837;0.072669;0.07254;0.069986;0.070607;0.071312;0.071587;0.07207;0.072597;0.070658;0.071461;0.07056;0.07135;0.072409;0.072274;0.070797;0.070776;0.070507;0.069834;0.070456;0.069175;0.071478;0.073398;0.07184;0.071518;0.07423;0.070383;0.072231;0.071237;0.072346;0.069354;0.071786;0.071052;0.071256;0.070988;0.071163;0.070836;0.070598;0.070785;0.071822;0.072202;0.072065;0.07075;0.070937;0.071044;0.071559;0.070395;0.070694;0.070366;0.070075;0.070607;0.072094;0.071189;0.072138;0.070841;0.070214;0.070258;0.070573;0.070248;0.070583;0.069637;0.069981;0.07133;0.068823;0.071493;0.071661;0.069477;0.072615;0.070898;0.071408;0.07141;0.071546;0.072101;0.071645;0.071383;0.071529;0.070842;0.071229;0.071617;0.071303;0.071593;0.07193;0.070625;0.069874;0.069735;0.070894;0.070906;0.071198;0.069917;0.070274;0.071302;0.071119;0.071436;0.070554;0.071375;0.074205;0.071812;0.07153;0.071932;0.071501;0.071329;0.069433;0.071065;0.07119;0.071059;0.070573;0.071516;0.071292;0.070824;0.070548;0.072337;0.072458;0.072167;0.072771;0.071318;0.071306;0.071049;0.071524;0.0702;0.072308;0.071222;0.071117;0.072056;0.071509;0.07246;0.072151;0.070866;0.070373;0.072198;0.071571;0.071864;0.071941;0.07122;0.071407;0.073746;0.071588;0.076052;0.071443;0.070776;0.071852;0.070921;0.071379;0.070157;0.071807;0.071497;0.070542;0.071031;0.071419;0.072573;0.071239;0.07132;0.069938;0.071364;0.070989;0.0702;0.070578;0.070291;0.070537;0.070723;0.070242;0.070419;0.070698;0.070152;0.072224;0.07176;0.071291;0.069513;0.070511;0.07078;0.070389;0.069918;0.071601;0.071627;0.071087;0.071422;0.071394;0.070799;0.071655;0.072919;0.069665;0.071565;0.070783;0.071355;0.071575;0.071006;0.06975;0.070051;0.07101;0.071676;0.070758;0.071895;0.072032;0.068917;0.07129;0.070525;0.069769;0.069832;0.070347;0.072117;0.070492;0.070162;0.071028;0.070962;0.071331;0.071643;0.071118;0.071034;0.070458;0.0723;0.070708;0.07282;0.070384;0.070955;0.070289;0.071586;0.071686;0.070858;0.071419;0.070857;0.07208;0.06945;0.070556;0.070161;0.071218;0.070351;0.074697;0.071292;0.070319;0.071163;0.071846;0.070227;0.071499;0.070978;0.071444;0.073049;0.072845;0.071908;0.071484;0.071434;0.071741;0.071453;0.071926;0.071241;0.071454;0.071789;0.071151;0.071872;0.070822;0.071542;0.072863;0.07126;0.07207;0.071689;0.07225;0.071629;0.070496;0.069402;0.070996;0.070028;0.070489;0.070157;0.070752;0.070822;0.070965;0.07207;0.071137;0.069989;0.070336;0.07095;0.071305;0.070156;0.071496;0.071249;0.070579;0.070953;0.071589;0.070852;0.069902;0.070142;0.073988;0.070732;0.071093;0.070622;0.0712;0.069658;0.070726;0.070589;0.071582;0.072581;0.071034;0.07137;0.070857;0.071432;0.07139;0.070252;0.06991;0.072657;0.071774;0.071219;0.071587;0.071205;0.070152;0.072126;0.071023;0.071333;0.07181;0.070746;0.070665;0.070732;0.07247;0.072138;0.074019;0.073642;0.070644;0.071135;0.070993;0.072516;0.071949;0.071364;0.070672;0.070947;0.071394;0.071356;0.072256;0.071589;0.070466;0.072432;0.072949;0.070941;0.071522;0.072088;0.069972;0.070368;0.070386;0.069874;0.070839;0.071213;0.071008;0.070521;0.07041;0.071637;0.070882;0.071246;0.070888;0.071685;0.069862;0.069423;0.069784;0.070118;0.071334;0.071913;0.070237;0.071469;0.0702;0.070369;0.069718;0.071645;0.070171;0.071838;0.071869;0.071749;0.070161;0.070343;0.070521;0.070109;0.069983;0.071287;0.070731;0.069482;0.071175;0.071129;0.070652;0.072226;0.07094;0.069594;0.069276;0.071527;0.070509;0.070396;0.070636;0.071644;0.07082;0.069689;0.071137;0.070263;0.069654;0.071182;0.069353;0.070548;0.071585;0.071511;0.071231;0.069944;0.071131;0.071503;0.073404;0.072292;0.071881;0.069828;0.074447;0.072834;0.073085;0.072514;0.071247;0.07119;0.072061;0.070932;0.070332;0.07214;0.070739;0.073663;0.072386;0.071527;0.072312;0.07046;0.071427;0.07217;0.071217;0.071261;0.071256;0.071113;0.071178;0.071435;0.071886;0.071161;0.07145;0.071447;0.071452;0.071947;0.070599;0.070048;0.071309;0.071306;0.070673;0.071475;0.071245;0.07122;0.070096;0.070809;0.070521;0.07027;0.072483;0.071747;0.070296;0.069939;0.07062;0.070329;0.071536;0.070881;0.071129;0.070557;0.070882;0.070853;0.073049;0.071847;0.071773;0.071382;0.070821;0.070949;0.070317;0.070951;0.071527;0.07189;0.071357;0.069952;0.070045;0.072061;0.070834;0.073237;0.072796;0.070541;0.070904;0.070603;0.072015;0.070711;0.070326;0.070196;0.070842;0.070769;0.07155;0.070935;0.071374;0.071954;0.070487;0.070982;0.070686;0.071481;0.070567;0.069818;0.070263;0.073252;0.071527;0.071346;0.071809;0.070513;0.070759;0.073054;0.071266;0.069954;0.0701;0.069888;0.071561;0.071204;0.06977;0.070603;0.071762;0.070565;0.06984;0.070606;0.071283;0.071606;0.071999;0.072067;0.071357;0.072384;0.070284;0.07106;0.072161;0.072545;0.070433;0.07129;0.071564;0.071047;0.071367;0.070637;0.070589;0.070941;0.070694;0.071278;0.070421;0.070669;0.070484;0.070736;0.07065;0.071031;0.07125;0.070611;0.072412;0.071584;0.070713;0.072596;0.071381;0.070856;0.070953;0.070937;0.070179;0.069682;0.070882;0.071026;0.069919;0.070967;0.072059;0.072552;0.071936;0.071211;0.070511;0.072622;0.071057;0.070979;0.070727;0.072339;0.074268;0.070412;0.070426;0.07118;0.072411;0.071232;0.07193;0.070968;0.071245;0.070272;0.070008;0.071467;0.070921;0.070792;0.070492;0.073493;0.069824;0.071005;0.072154;0.071275;0.070059;0.070773;0.070122;0.071236;0.071191;0.070332;0.071134;0.070685;0.070297;0.069939;0.072812;0.07106;0.07097;0.071141;0.071304;0.069915;0.070666;0.069723;0.071738;0.070764;0.070225;0.070813;0.071108;0.070882;0.070138;0.070803;0.071864;0.072323;0.07181;0.070684;0.069211;0.072333;0.071614;0.070314;0.07;0.069855;0.071885;0.071377;0.071217;0.071049;0.071577;0.071084;0.070405;0.070152;0.069807;0.073932;0.070925;0.070496;0.070371;0.071238;0.071295;0.072488;0.070225;0.07082;0.072854;0.071102;0.071225;0.072339;0.070531;0.072025;0.071737;0.070778;0.072313;0.070349;0.072522;0.070481;0.070799;0.071238;0.072525;0.070499;0.071554;0.071915;0.070913;0.07046;0.071453;0.071121;0.072103;0.07042;0.07174;0.071199;0.072445;0.07254;0.070982;0.070715;0.070087;0.070463;0.070276;0.07013;0.071169;0.070766;0.071827;0.069823;0.070802;0.071003;0.071746;0.071494;0.071557;0.072538;0.071175;0.070664;0.071392;0.071077;0.071312;0.072049;0.071733;0.071216;0.071606;0.072065;0.070736;0.073349;0.071555;0.071582;0.071403;0.070335;0.070985;0.071017;0.072859;0.071529;0.0702;0.070527;0.070886;0.070658;0.071427;0.071692;0.070343;0.069916;0.07106;0.071188;0.070451;0.069919;0.071983;0.071926;0.069916;0.071279;0.070535;0.070209;0.070649;0.071695;0.073029;0.071661;0.071515;0.071349;0.07088;0.070417;0.069882;0.071148;0.070481;0.071336;0.071206;0.070972;0.071205;0.071912;0.070444;0.073575;0.071145;0.071873;0.070781;0.07083;0.070018;0.069965;0.070391;0.070663;0.07005;0.071133;0.071059;0.071382;0.070061;0.070553;0.068925;0.070299;0.070385;0.074196;0.071954;0.071669;0.071085;0.070994;0.071745;0.070341;0.071357;0.06979;0.070562;0.069872;0.070774;0.071441;0.070962;0.070857;0.072109;0.071759;0.072417;0.073401;0.07118;0.071224;0.073512;0.071389;0.071864;0.070832;0.071038;0.070914;0.071649;0.072059;0.071871;0.070356;0.071053;0.071289;0.070955;0.070398;0.072419;0.071949;0.070751;0.071644;0.071017;0.071641;0.070233;0.070405;0.071038;0.07247;0.071196;0.071551;0.072065;0.070032;0.072548;0.071296;0.071206;0.071261;0.069839;0.071019;0.06967;0.070387;0.071709;0.071599;0.071328;0.070979;0.070705;0.070335;0.071395;0.071798;0.072403;0.070915;0.070664;0.071297;0.071393;0.071258;0.071351;0.070793;0.071865;0.071063;0.071382;0.07105;0.071647;0.071243;0.070585;0.071175;0.07107;0.070185;0.070482;0.070366;0.071718;0.071089;0.070906;0.072368;0.071434;0.071919;0.07112;0.069361;0.071966;0.07058;0.071084;0.070555;0.071198;0.071293;0.070854;0.071283;0.070235;0.07138;0.07011;0.07203;0.070439;0.070977;0.072143;0.070763;0.071052;0.071033;0.07282;0.07137;0.071312;0.071392;0.070341;0.071656;0.070995;0.092292;0.070712;0.070849;0.069806;0.070182;0.070946;0.070579;0.070877;0.072189;0.071794;0.071544;0.070454;0.070295;0.071041;0.071848;0.0699;0.071163;0.070429;0.071093;0.071288;0.071048;0.069813;0.070361;0.071961;0.070986;0.070348;0.070434;0.071071;0.072368;0.070568;0.069997;0.069824;0.070396;0.070481;0.069802;0.070138;0.071497;0.070722;0.073042;0.070903;0.071263;0.071218;0.074142;0.072198;0.071278;0.071381;0.071469;0.07132;0.071307;0.072302;0.071071;0.071596;0.071323;0.07136;0.070508;0.073023;0.070301;0.071488;0.072445;0.071535;0.070445;0.070584;0.07098;0.070518;0.070792;0.071761;0.070521;0.06993;0.071049;0.072369;0.070616;0.071164;0.070298;0.072855;0.070918;0.07097;0.070145;0.071646;0.071906;0.07139;0.07203;0.069932;0.070247;0.072488;0.0709;0.070479;0.071198;0.070549;0.070575;0.07124;0.072052;0.069674;0.071094;0.071377;0.070563;0.072569;0.070012;0.072552;0.072373;0.071321;0.071447;0.071977;0.070987;0.070328;0.072307;0.071577;0.070711;0.072244;0.071646;0.070618;0.070826;0.073693;0.070721;0.069808;0.071775;0.069616;0.071114;0.070974;0.070183;0.071161;0.069537;0.07072;0.069901;0.071308;0.071155;0.072685;0.07144;0.070529;0.071899;0.071156;0.068961;0.070837;0.070223;0.069428;0.070452;0.072028;0.070335;0.070688;0.07096;0.071974;0.071801;0.071245;0.071415;0.069941;0.070546;0.07141;0.070951;0.070819;0.071277;0.070905;0.071818;0.071854;0.072069;0.070255;0.071588;0.072218;0.071828;0.071263;0.070814;0.072425;0.072234;0.070779;0.069903;0.070985;0.070895;0.071534;0.07295;0.071018;0.072809;0.071793;0.071396;0.071226;0.070587;0.071234;0.06979;0.070063;0.070303;0.07143;0.07018;0.071134;0.072772;0.072079;0.073803;0.072516;0.07221;0.07036;0.071404;0.071701;0.070872;0.072196;0.072531;0.071584;0.070864;0.071476;0.072258;0.069367;0.07091;0.071358;0.070778;0.072147;0.069995;0.070686;0.071261;0.07098;0.072483;0.071499;0.072503;0.071257;0.073943;0.074072;0.071211;0.071198;0.071414;0.071512;0.073268;0.071871;0.070865;0.072415;0.071435;0.070956;0.071291;0.072579;0.071337;0.070849;0.070789;0.070883;0.071806;0.07208;0.07133;0.07061;0.071299;0.07063;0.071406;0.071911;0.071378;0.073419;0.070878;0.071311;0.07127;0.071617;0.071935;0.072561;0.070773;0.072563;0.072437;0.071251;0.070985;0.070974;0.070388;0.072235;0.071363;0.071432;0.071457;0.072065;0.071853;0.069457;0.072138;0.072355;0.071743;0.07142;0.072092;0.071699;0.070517;0.071497;0.069844;0.071613;0.070201;0.070483;0.071012;0.071301;0.070443;0.069632;0.071253;0.071079;0.070334;0.07119;0.071173;0.07266;0.070785;0.070549;0.071747;0.070623;0.070149;0.071811;0.07113;0.071511;0.071083;0.073434;0.070223;0.071144;0.073143;0.071439;0.070734;0.069288;0.071132;0.0708;0.07099;0.072152;0.070284;0.07091;0.070915;0.071227;0.071603;0.070592;0.07095;0.070699;0.069967;0.07146;0.070712;0.072556;0.070489;0.071256;0.071544;0.071077;0.071225;0.070131;0.069867;0.070726;0.071713;0.071735;0.07085;0.071864;0.070976;0.071971;0.070267;0.070389;0.069689;0.071419;0.070243;0.070883;0.070099;0.07041;0.07194;0.071717;0.071822;0.070103;0.070789;0.072551;0.071377;0.070031;0.071104;0.070942;0.070401;0.071589;0.070903;0.071162;0.071915;0.070359;0.071822;0.071884;0.072345;0.070477;0.072573;0.071876;0.070925;0.070399;0.071392;0.071115;0.070556;0.071786;0.071934;0.07146;0.070488;0.071633;0.071632;0.070791;0.071745;0.071335;0.071267;0.070822;0.071081;0.071066;0.070506;0.07067;0.071808;0.07051;0.072453;0.071033;0.070695;0.070591;0.071872;0.070542;0.070326;0.072261;0.071765;0.071937;0.072382;0.071742;0.070219;0.070003;0.072002;0.072425;0.072445;0.069924;0.071053;0.070307;0.071071;0.070918;0.071343;0.070873;0.071255;0.072035;0.070956;0.070138;0.070835;0.071796;0.071973;0.070488;0.071856;0.071094;0.071673;0.071445;0.072209;0.070869;0.070708;0.073601;0.071723;0.072673;0.072452;0.071811;0.071575;0.071285;0.070713;0.071859;0.073095;0.069838;0.071726;0.07177;0.071602;0.073012;0.071579;0.071;0.071615;0.070813;0.072079;0.072304;0.070291;0.070924;0.070905;0.074352;0.071209;0.071816;0.072125;0.07371;0.070337;0.07064;0.07159;0.0712;0.072002;0.071273;0.070914;0.072392;0.070893;0.0717;0.07331;0.071601;0.073285;0.072241;0.071581;0.071153;0.071639;0.072073;0.071943;0.072122;0.072101;0.071246;0.070774;0.070898;0.071908;0.070644;0.071755;0.070224;0.071279;0.071645;0.072129;0.071088;0.070801;0.07188;0.071322;0.070263;0.071305;0.069909;0.070644;0.071906;0.074016;0.070746;0.072575;0.072841;0.070101;0.071346;0.07131;0.071458;0.072333;0.070772;0.069948;0.070275;0.070073;0.070995;0.072621;0.070648;0.071933;0.070209;0.070988;0.070019;0.069704;0.07093;0.071044;0.070838;0.07068;0.069385;0.071101;0.071658;0.072369;0.07308;0.071952;0.071774;0.072443;0.07014;0.071039;0.071802;0.071282;0.070828;0.071792;0.07156;0.07196;0.072339;0.070812;0.070748;0.070552;0.07167;0.07062;0.072101;0.070264;0.070539;0.070686;0.07057;0.0705;0.070147;0.071393;0.070885;0.071419;0.069858;0.071842;0.071396;0.070705;0.06955;0.07187;0.070629;0.071268;0.070223;0.069774;0.071677;0.071531;0.072288;0.071575;0.071559;0.069551;0.070578;0.071407;0.071576;0.071707;0.071181;0.072132;0.071015;0.070482;0.070908;0.071117;0.075735;0.073009;0.072153;0.073282;0.071434;0.071561;0.071276;0.071027;0.07162;0.07103;0.071574;0.070628;0.070275;0.071131;0.071402;0.071654;0.071034;0.070812;0.071917;0.070712;0.070978;0.070112;0.069967;0.071229;0.069688;0.070754;0.070811;0.071779;0.071415;0.070314;0.07103;0.070211;0.071488;0.071681;0.070183;0.07181;0.069646;0.070851;0.07125;0.070579;0.071976;0.071095;0.072115;0.071454;0.071;0.070851;0.070828;0.071403;0.07099;0.0708;0.071101;0.071514;0.071569;0.071911;0.070478;0.073258;0.071871;0.071062;0.070816;0.071659;0.071975;0.070881;0.071452;0.070911;0.071802;0.071169;0.072241;0.071863;0.070929;0.072432;0.071379;0.072107;0.070407;0.070614;0.072593;0.071122;0.070378;0.071188;0.071233;0.071836;0.07057;0.071755;0.07164;0.07237;0.071221;0.070276;0.071177;0.073729;0.07175;0.070811;0.070901;0.071327;0.07106;0.0723;0.071572;0.070617;0.071268;0.071938;0.071412;0.071386;0.070404;0.070693;0.072498;0.071283;0.071017;0.070311;0.069745;0.071421;0.07053;0.069369;0.071371;0.071983;0.071468;0.070874;0.070836;0.071495;0.071502;0.073041;0.071973;0.071206;0.070676;0.070417;0.070745;0.071868;0.072907;0.070655;0.071186;0.070611;0.071578;0.070461;0.070455;0.071757;0.070561;0.070474;0.071536;0.073151;0.070882;0.070477;0.073098;0.071609;0.070248;0.071962;0.071072;0.072015;0.070921;0.072196;0.071551;0.072119;0.070841;0.070806;0.070406;0.0707;0.071837;0.071256;0.07291;0.070069;0.070956;0.071798;0.071306;0.070429;0.072001;0.072084;0.071148;0.070537;0.071448;0.072587;0.074076;0.071587;0.072799;0.072727;0.0722;0.071727;0.06992;0.069745;0.070882;0.071148;0.071224;0.071871;0.070432;0.07086;0.072786;0.073082;0.070777;0.071281;0.070076;0.071671;0.070236;0.071109;0.070309;0.070274;0.071384;0.069451;0.070546;0.070084;0.072254;0.07042;0.071546;0.070904;0.071922;0.071321;0.07208;0.071408;0.070673;0.071204;0.070813;0.07097;0.070745;0.07296;0.071369;0.071211;0.070196;0.069206;0.071169;0.071043;0.070854;0.073751;0.069947;0.071266;0.069453;0.071318;0.070561;0.071782;0.070809;0.071017;0.070625;0.071206;0.070432;0.071009;0.070566;0.071173;0.071536;0.071043;0.071196;0.07046;0.070812;0.071808;0.073333;0.070256;0.069214;0.070718;0.070593;0.070817;0.071223;0.071123;0.071907;0.070949;0.070549;0.071123;0.071212;0.072388;0.071954;0.073556;0.070699;0.072486;0.0725;0.071278;0.071418;0.070446;0.071543;0.071701;0.071288;0.070874;0.070594;0.072312;0.071267;0.072042;0.072753;0.070588;0.071891;0.07168;0.071473;0.070662;0.070378;0.070829;0.069538;0.071091;0.071826;0.070542;0.071339;0.070543;0.071524;0.071235;0.06903;0.071549;0.071409;0.071865;0.071645;0.072973;0.071754;0.07216;0.072778;0.071419;0.070446;0.072523;0.071683;0.07215;0.071312;0.070015;0.069495;0.070866;0.071534;0.070518;0.07151;0.070141;0.072133;0.070945;0.071542;0.071439;0.071698;0.07099;0.072807;0.071074;0.071467;0.069417;0.071034;0.071881;0.071644;0.070528;0.072942;0.069739;0.071345;0.071186;0.070542;0.072352;0.070985;0.072204;0.070577;0.071766;0.07156;0.071747;0.071277;0.071039;0.073362;0.071331;0.071376;0.071417;0.072219;0.070676;0.071539;0.070653;0.072177;0.071069;0.071517;0.070356;0.070465;0.072073;0.073085;0.070499;0.070307;0.071174;0.071758;0.071436;0.070952;0.071102;0.073779;0.070966;0.070159;0.070768;0.070466;0.070689;0.072812;0.072023;0.072457;0.070557;0.070507;0.071041;0.071429;0.069898;0.071111;0.074103;0.071161;0.071166;0.070826;0.072482;0.071274;0.072319;0.071223;0.071793;0.071194;0.070862;0.071735;0.071294;0.071095;0.07027;0.070577;0.07309;0.071685;0.073708;0.070627;0.069805;0.070918;0.070685;0.070209;0.071051;0.07122;0.071749;0.070766;0.070578;0.071131;0.07032;0.070825;0.071745;0.07203;0.071922;0.070977;0.07148;0.070174;0.071153;0.070799;0.070225;0.071337;0.071155;0.069323;0.07095;0.071278;0.073916;0.071183;0.07018;0.072299;0.072468;0.070803;0.07077;0.070397;0.070349;0.070983;0.071184;0.071802;0.071094;0.071398;0.073035;0.070832;0.071038;0.07126;0.07091;0.070484;0.070475;0.071186;0.069706;0.071473;0.070933;0.072401;0.072141;0.071655;0.071931;0.071822;0.070756;0.071153;0.070363;0.070705;0.069441;0.071174;0.071261;0.071402;0.070264;0.071427;0.070166;0.073249;0.070244;0.071791;0.070218;0.071;0.070411;0.07125;0.071427;0.069782;0.071055;0.071682;0.07254;0.070484;0.071816;0.072297;0.071726;0.070818;0.071753;0.073344;0.069981;0.07154;0.071272;0.070239;0.071232;0.071342;0.071639;0.071413;0.070399;0.071793;0.071423;0.070196;0.071696;0.071259;0.074144;0.069309;0.071014;0.071282;0.070385;0.070933;0.06985;0.07093;0.069819;0.071187;0.070198;0.070778;0.069781;0.071191;0.071983;0.073152;0.070858;0.070202;0.070002;0.070947;0.071628;0.070987;0.070886;0.073929;0.072192;0.071623;0.069966;0.070689;0.069844;0.069709;0.070658;0.07066;0.070925;0.070312;0.069905;0.070736;0.071583;0.072343;0.07155;0.071652;0.070281;0.069038;0.071084;0.070269;0.069773;0.070843;0.071309;0.073485;0.070945;0.070401;0.071013;0.072719;0.070837;0.070514;0.070574;0.069477;0.072003;0.069855;0.070852;0.071032;0.070164;0.069676;0.070865;0.07117;0.071353;0.07196;0.071013;0.071457;0.070979;0.069597;0.070728;0.071325;0.070436;0.070613;0.071676;0.069909;0.073409;0.070979;0.072846;0.070441;0.069797;0.071525;0.071888;0.070186;0.071583;0.071006;0.070793;0.071735;0.070776;0.069342;0.070262;0.07076;0.072336;0.071533;0.071046;0.071485;0.070271;0.070951;0.07097;0.07013;0.071836;0.071541;0.071119;0.06978;0.071181;0.071194;0.072511;0.070124;0.071473;0.071174;0.070352;0.073815;0.070658;0.071121;0.070713;0.070301;0.07041;0.071653;0.070694;0.070604;0.072536;0.071307;0.071888;0.071516;0.072196;0.071033;0.072175;0.071006;0.070978;0.074366;0.071929;0.071743;0.072707;0.07213;0.071557;0.07124;0.071836;0.071134;0.0712;0.071664;0.070586;0.071325;0.071891;0.071726;0.070892;0.071275;0.070351;0.070583;0.071909;0.071041;0.071851;0.072339;0.071203;0.072468;0.07132;0.070901;0.071582;0.071626;0.074163;0.071704;0.069264;0.073028;0.070509;0.071164;0.071989;0.071196;0.069597;0.071213;0.069982;0.070903;0.071965;0.072045;0.07098;0.06979;0.070659;0.072;0.071053;0.070752;0.07028;0.074179;0.07145;0.072002;0.071438;0.07193;0.070705;0.071543;0.070247;0.070377;0.071338;0.072428;0.071375;0.07178;0.071053;0.070948;0.072526;0.070864;0.071907;0.069134;0.071007;0.071007;0.069977;0.071281;0.07018;0.072801;0.070642;0.071356;0.071009;0.071368;0.070949;0.071785;0.072036;0.072249;0.071213;0.071455;0.071103;0.071052;0.07083;0.073177;0.073156;0.072609;0.071757;0.07014;0.0716;0.071589;0.073028;0.071874;0.071064;0.072091;0.071909;0.070855;0.073278;0.071081;0.070709;0.070386;0.070683;0.0696;0.070521;0.070858;0.07115;0.071141;0.07167;0.070085;0.071228;0.071302;0.0722;0.070626;0.070348;0.071568;0.072822;0.070762;0.070363;0.071801;0.07187;0.071683;0.070764;0.071616;0.069753;0.071226;0.072637;0.072148;0.07027;0.071336;0.072191;0.070965;0.071331;0.070888;0.071267;0.071209;0.071277;0.070612;0.070086;0.071;0.072521;0.071394;0.071768;0.073647;0.071428;0.071225;0.071532;0.070813;0.070719;0.072182;0.07205;0.070971;0.071611;0.070106;0.072086;0.070304;0.071417;0.071237;0.071031;0.070711;0.071036;0.070837;0.070757;0.070129;0.069406;0.070555;0.071474;0.071795;0.071522;0.069458;0.070573;0.071046;0.069816;0.069994;0.071611;0.071467;0.070214;0.070562;0.070996;0.070836;0.071773;0.07087;0.074243;0.070517;0.070026;0.071963;0.071416;0.071742;0.070841;0.070906;0.070777;0.071173;0.071063;0.070187;0.071488;0.07296;0.071167;0.072222;0.071353;0.070316;0.070331;0.071071;0.071886;0.071742;0.070679;0.070909;0.071056;0.071374;0.070793;0.071926;0.071476;0.071701;0.072405;0.070928;0.071773;0.0712;0.070745;0.070148;0.071535;0.071916;0.071351;0.070794;0.071297;0.072511;0.07118;0.071708;0.070535;0.070967;0.073985;0.070869;0.070687;0.070423;0.07124;0.071313;0.070764;0.071301;0.071095;0.072891;0.071336;0.070395;0.068965;0.071874;0.071199;0.071069;0.069969;0.07079;0.071778;0.071114;0.070215;0.071912;0.070388;0.072208;0.070594;0.072133;0.068988;0.069171;0.070513;0.073828;0.070937;0.070771;0.071324;0.069784;0.070572;0.070923;0.070646;0.072989;0.071505;0.072636;0.071339;0.070793;0.070578;0.070786;0.073436;0.071211;0.07064;0.070791;0.070644;0.072625;0.072899;0.071521;0.070329;0.071314;0.071246;0.071478;0.071116;0.070862;0.07013;0.072744;0.071284;0.071014;0.070355;0.071362;0.072779;0.071404;0.071016;0.070277;0.070452;0.070872;0.070862;0.071167;0.071505;0.071347;0.070506;0.071225;0.070534;0.070085;0.073482;0.070982;0.070337;0.070901;0.071529;0.071573;0.071128;0.06966;0.071592;0.071571;0.071958;0.069603;0.07146;0.070039;0.073207;0.071151;0.071476;0.070395;0.07045;0.072248;0.070453;0.070897;0.069974;0.069787;0.071068;0.072138;0.07112;0.071362;0.072053;0.071406;0.071775;0.070812;0.069721;0.071723;0.071286;0.069743;0.07189;0.07167;0.071489;0.071151;0.071276;0.071465;0.07196;0.072155;0.071049;0.070351;0.071181;0.070872;0.071094;0.070244;0.072141;0.071519;0.070578;0.071448;0.069953;0.070238;0.072968;0.071536;0.071658;0.071637;0.071003;0.071448;0.070993;0.070698;0.07288;0.072216;0.071167;0.07197;0.071494;0.073417;0.071383;0.071062;0.070071;0.071116;0.07043;0.072275;0.071812;0.071396;0.07135;0.071524;0.071631;0.069344;0.072096;0.073021;0.070031;0.07086;0.071205;0.072333;0.071125;0.069862;0.073092;0.071906;0.07176;0.070826;0.071337;0.071424;0.071015;0.072786;0.071549;0.071288;0.071587;0.070337;0.070314;0.070759;0.071626;0.071577;0.070501;0.07205;0.070657;0.07047;0.070084;0.072014;0.071447;0.070521;0.070163;0.070076;0.06997;0.070405;0.069882;0.07015;0.071324;0.071035;0.070128;0.071105;0.071769;0.072105;0.069838;0.070612;0.070006;0.071727;0.070647;0.070823;0.070213;0.070924;0.07256;0.070279;0.072046;0.070811;0.070798;0.073061;0.072109;0.07301;0.071129;0.071085;0.071733;0.071005;0.071522;0.070697;0.071158;0.072095;0.071077;0.071624;0.072499;0.071634;0.070272;0.070522;0.070557;0.069956;0.071714;0.069996;0.070528;0.070938;0.070574;0.07215;0.07222;0.068795;0.071548;0.071941;0.070563;0.069992;0.070727;0.070133;0.07071;0.071309;0.071866;0.071047;0.070864;0.070645;0.073443;0.071196;0.072106;0.071179;0.071584;0.0697;0.070654;0.072103;0.071301;0.070482;0.072611;0.070972;0.072136;0.071046;0.071766;0.070879;0.071521;0.071244;0.070526;0.07007;0.071414;0.070971;0.070748;0.070235;0.071811;0.070441;0.070444;0.069334;0.071453;0.072142;0.071931;0.070634;0.071343;0.070988;0.072005;0.071382;0.071782;0.069918;0.07046;0.071776;0.070879;0.07134;0.070927;0.07089;0.072721;0.070567;0.071246;0.069967;0.070586;0.070986;0.070753;0.070137;0.071047;0.07114;0.069347;0.070709;0.069767;0.07114;0.072168;0.070344;0.070524;0.07052;0.071234;0.070182;0.071152;0.071583;0.070019;0.070486;0.071242;0.071915;0.071289;0.069935;0.071204;0.071438;0.071141;0.072;0.070838;0.071579;0.070098;0.070882;0.071033;0.070243;0.071362;0.071948;0.070037;0.072209;0.070917;0.071261;0.070459;0.072354;0.070618;0.071078;0.070594;0.070374;0.069847;0.07108;0.071236;0.071199;0.070615;0.085326;0.072226;0.071732;0.072444;0.074033;0.071488;0.071066;0.07108;0.0721;0.07245;0.070677;0.072976;0.070305;0.070972;0.072229;0.069759;0.071636;0.070318;0.07174;0.071892;0.070394;0.07071;0.071321;0.070891;0.071075;0.071452;0.072406;0.070767;0.071848;0.072722;0.070937;0.071345;0.070905;0.070969;0.072659;0.071413;0.070117;0.070996;0.070664;0.070802;0.070382;0.071643;0.071144;0.070315;0.070756;0.070645;0.071343;0.070942;0.071404;0.07373;0.07121;0.069294;0.070439;0.070838;0.071591;0.071748;0.070187;0.070948;0.070796;0.07104;0.071674;0.070262;0.070922;0.070812;0.071525;0.070329;0.070958;0.07132;0.06993;0.072512;0.075888;0.071329;0.071354;0.071628;0.071662;0.071177;0.071155;0.071358;0.070895;0.07079;0.069978;0.070164;0.071105;0.073559;0.070478;0.075153;0.069619;0.073016;0.070828;0.071636;0.070486;0.071553;0.07129;0.070745;0.071546;0.070666;0.072163;0.07422;0.071486;0.071494;0.072226;0.071497;0.072013;0.071;0.070995;0.071459;0.070654;0.069906;0.070464;0.07205;0.071461;0.073854;0.073077;0.070676;0.072812;0.07065;0.07018;0.070617;0.069735;0.070384;0.070561;0.071863;0.071703;0.071356;0.072723;0.072088;0.071971;0.072728;0.071052;0.070957;0.071038;0.07054;0.071544;0.070815;0.070241;0.070611;0.069953;0.071423;0.073087;0.072029;0.070994;0.071697;0.070277;0.069668;0.071711;0.070506;0.072582;0.073298;0.071291;0.070619;0.07072;0.072386;0.071291;0.070677;0.070706;0.069768;0.071259;0.070446;0.070769;0.06965;0.071698;0.070541;0.071019;0.070791;0.070038;0.071003;0.072482;0.071065;0.071218;0.0717;0.072678;0.070582;0.07161;0.070142;0.070902;0.070641;0.072186;0.071316;0.072079;0.071609;0.072539;0.070835;0.070561;0.070141;0.071156;0.071644;0.070863;0.071609;0.070779;0.069692;0.072005;0.071662;0.069805;0.071919;0.072663;0.070611;0.07233;0.071942;0.071047;0.070058;0.071442;0.071694;0.069914;0.070514;0.072248;0.071638;0.071652;0.070167;0.071039;0.071936;0.073085;0.070395;0.070002;0.071276;0.071179;0.071196;0.071719;0.070587;0.07043;0.070962;0.069003;0.072635;0.070294;0.070762;0.070893;0.070418;0.071053;0.070337;0.070932;0.071625;0.072223;0.07123;0.072204;0.072088;0.07075;0.074013;0.069154;0.071621;0.071061;0.070608;0.07028;0.072147;0.071176;0.069515;0.070937;0.0705;0.071728;0.070932;0.070609;0.072032;0.070373;0.069786;0.071488;0.071056;0.071358;0.070894;0.070808;0.072373;0.070778;0.070605;0.07131;0.070746;0.07102;0.071865;0.07053;0.070068;0.071068;0.072074;0.070122;0.072238;0.070448;0.070952;0.071283;0.071378;0.070546;0.070954;0.072884;0.072417;0.071392;0.070782;0.071248;0.069916;0.070408;0.071459;0.072111;0.071315;0.071089;0.070876;0.070322;0.07074;0.071466;0.072132;0.070787;0.069294;0.070862;0.071592;0.069908;0.069776;0.069142;0.072434;0.071431;0.07071;0.069607;0.070448;0.071488;0.07212;0.071339;0.070212;0.07155;0.070966;0.071061;0.070201;0.070329;0.070408;0.06991;0.071334;0.071195;0.071097;0.070804;0.0728;0.07213;0.070956;0.071404;0.072384;0.070431;0.071628;0.070018;0.07154;0.070622;0.071666;0.071267;0.072161;0.071572;0.07113;0.070784;0.071075;0.071532;0.070472;0.071314;0.070419;0.071728;0.071403;0.071519;0.071664;0.07085;0.070574;0.072336;0.071497;0.071641;0.071666;0.072362;0.071677;0.071673;0.072039;0.072374;0.070915;0.070766;0.070906;0.071454;0.072199;0.072794;0.070398;0.071651;0.071706;0.069845;0.071184;0.071266;0.072545;0.072068;0.070388;0.071067;0.070132;0.072256;0.07079;0.070894;0.069738;0.070619;0.069243;0.070515;0.070591;0.071186;0.071376;0.069593;0.070472;0.070972;0.070767;0.069935;0.070807;0.071527;0.07138;0.070935;0.071526;0.072331;0.070848;0.072843;0.072817;0.070893;0.072537;0.07137;0.070407;0.071786;0.072624;0.070859;0.071701;0.070581;0.070431;0.070473;0.071079;0.072828;0.071256;0.071219;0.072956;0.071527;0.071441;0.07096;0.07219;0.070578;0.069868;0.072024;0.070545;0.069882;0.070303;0.071254;0.070865;0.070175;0.071489;0.070781;0.071514;0.070688;0.071642;0.071347;0.071206;0.071705;0.070891;0.070205;0.070963;0.070241;0.072552;0.071343;0.071181;0.071466;0.071313;0.071508;0.072599;0.071833;0.071364;0.070889;0.071355;0.071889;0.071481;0.07127;0.070805;0.073215;0.070537;0.071644;0.071365;0.071545;0.070911;0.070377;0.071877;0.071557;0.071476;0.070124;0.070697;0.071173;0.071547;0.070953;0.07133;0.070151;0.071922;0.071372;0.071753;0.070035;0.069687;0.070867;0.070394;0.071358;0.0717;0.070485;0.070099;0.071026;0.071655;0.069634;0.071204;0.07055;0.071938;0.0701;0.070966;0.071632;0.069808;0.071695;0.071095;0.07083;0.071838;0.073258;0.071179;0.070686;0.071845;0.07257;0.070712;0.070845;0.070579;0.073225;0.07094;0.069762;0.069897;0.070918;0.070828;0.070628;0.070479;0.07098;0.070864;0.071361;0.071787;0.07343;0.07198;0.070903;0.072493;0.069447;0.072291;0.070524;0.071348;0.070078;0.070394;0.070899;0.070628;0.072081;0.07159;0.070652;0.071221;0.07096;0.07027;0.070814;0.07118;0.070963;0.070216;0.070497;0.070202;0.070936;0.071894;0.071992;0.071313;0.071944;0.071826;0.070084;0.070902;0.071782;0.070767;0.070558;0.072095;0.069043;0.07071;0.072313;0.070279;0.07168;0.070659;0.071232;0.070996;0.070568;0.070168;0.072184;0.071815;0.072296;0.072024;0.071917;0.071578;0.071192;0.071815;0.071215;0.070561;0.07037;0.069944;0.070148;0.070691;0.070204;0.071883;0.070901;0.070698;0.072374;0.071411;0.07121;0.070781;0.0716;0.071214;0.071071;0.072007;0.070181;0.07126;0.071033;0.071773;0.072318;0.07083;0.070559;0.070921;0.069564;0.072503;0.070805;0.069702;0.071654;0.070769;0.071356;0.070011;0.070208;0.070519;0.071638;0.071012;0.071155;0.070016;0.070669;0.073576;0.070352;0.070843;0.071611;0.071459;0.070983;0.071549;0.07087;0.070904;0.071091;0.071677;0.071032;0.071735;0.071711;0.071782;0.071516;0.071103;0.070999;0.071264;0.071592;0.071909;0.069968;0.07134;0.071762;0.071312;0.071026;0.071996;0.06976;0.074389;0.070158;0.070821;0.070871;0.071257;0.070908;0.071328;0.070389;0.070606;0.07183;0.07064;0.070902;0.071376;0.069571;0.071807;0.071367;0.070532;0.070734;0.07078;0.070562;0.071178;0.070742;0.071288;0.072006;0.074022;0.072211;0.07275;0.071821;0.072133;0.071945;0.071815;0.070294;0.070741;0.071005;0.071342;0.070195;0.071187;0.07167;0.071105;0.071327;0.070968;0.07311;0.07072;0.071163;0.070595;0.071417;0.07219;0.071225;0.071196;0.07261;0.071609;0.07091;0.070969;0.07141;0.071399;0.072979;0.070906;0.071849;0.073825;0.072777;0.071947;0.070963;0.07267;0.072131;0.070991;0.071077;0.071038;0.0706;0.071039;0.072726;0.071348;0.071441;0.071392;0.070631;0.070285;0.071187;0.07088;0.07117;0.071123;0.070107;0.07087;0.070294;0.07091;0.071162;0.070008;0.069706;0.070746;0.069753;0.070751;0.070969;0.070536;0.072355;0.070459;0.07124;0.071111;0.070705;0.071715;0.070725;0.070801;0.070396;0.071776;0.071517;0.071645;0.071627;0.070791;0.070527;0.071118;0.070247;0.070724;0.06995;0.072629;0.071988;0.072032;0.071021;0.069908;0.070628;0.071144;0.072282;0.070327;0.071482;0.070832;0.071241;0.070792;0.072198;0.070563;0.071996;0.072317;0.071846;0.070896;0.070297;0.0715;0.071358;0.07143;0.069817;0.071038;0.071878;0.071589;0.069974;0.072229;0.070943;0.070416;0.071386;0.072841;0.070874;0.069511;0.070587;0.071026;0.069978;0.071464;0.07108;0.071049;0.071317;0.074045;0.070685;0.070845;0.071203;0.071102;0.071568;0.071558;0.071484;0.071538;0.071915;0.071405;0.071208;0.071235;0.070883;0.072791;0.074001;0.071535;0.069991;0.07088;0.071618;0.072365;0.071157;0.071287;0.070976;0.071241;0.071452;0.07104;0.07058;0.070921;0.070663;0.071597;0.071851;0.073022;0.07211;0.07116;0.070618;0.070412;0.070716;0.070825;0.069508;0.070578;0.071134;0.072353;0.069595;0.070906;0.07062;0.071238;0.071867;0.071946;0.071839;0.071233;0.070953;0.071683;0.071047;0.070285;0.071132;0.073773;0.071515;0.07017;0.071473;0.071558;0.070868;0.070965;0.071064;0.070016;0.0713;0.070822;0.07148;0.071628;0.071844;0.071863;0.07212;0.069943;0.070161;0.070832;0.071161;0.071939;0.071254;0.073031;0.071807;0.070794;0.07067;0.071018;0.072369;0.07113;0.071336;0.070686;0.07157;0.071674;0.069964;0.07207;0.070703;0.072126;0.070537;0.072642;0.071659;0.071686;0.085028;0.07193;0.070946;0.071431;0.069691;0.07018;0.071741;0.071134;0.070557;0.071943;0.070888;0.07118;0.071158;0.071933;0.071447;0.07169;0.072245;0.07036;0.071623;0.071418;0.069857;0.071558;0.072145;0.07075;0.072169;0.070834;0.070598;0.072451;0.071856;0.070054;0.074242;0.071156;0.071367;0.070299;0.071402;0.070713;0.070391;0.072404;0.071457;0.069404;0.071301;0.072228;0.071829;0.071402;0.07116;0.072035;0.070704;0.070914;0.071;0.071796;0.07091;0.071179;0.070692;0.071118;0.071303;0.073473;0.06987;0.07063;0.070185;0.06921;0.070846;0.06945;0.071196;0.070872;0.07093;0.071146;0.070539;0.070295;0.070415;0.071614;0.07077;0.07133;0.070986;0.070755;0.071363;0.071922;0.07027;0.070659;0.072748;0.071226;0.071871;0.07071;0.071173;0.072064;0.0709;0.070971;0.070425;0.071328;0.07048;0.071638;0.070772;0.070222;0.072004;0.071103;0.070479;0.07107;0.070927;0.071659;0.072658;0.070298;0.070444;0.072731;0.070934;0.070762;0.071604;0.0707;0.070422;0.071568;0.071187;0.070911;0.071159;0.072742;0.071539;0.073849;0.071274;0.071458;0.071499;0.070289;0.070441;0.071768;0.070903;0.071142;0.070334;0.0722;0.072278;0.069691;0.070575;0.070756;0.071393;0.070372;0.071511;0.070922;0.072043;0.070969;0.071385;0.071329;0.070668;0.071713;0.072412;0.071918;0.070053;0.071034;0.071159;0.07188;0.071718;0.070847;0.071037;0.070655;0.073589;0.070137;0.070139;0.071904;0.072649;0.071286;0.071095;0.071626;0.071065;0.070755;0.07113;0.071173;0.070639;0.070969;0.07004;0.072483;0.070003;0.070836;0.071651;0.070982;0.070386;0.070777;0.070266;0.070787;0.069346;0.071567;0.071468;0.069946;0.071053;0.07195;0.070225;0.071052;0.071972;0.072401;0.070515;0.072757;0.070381;0.071294;0.07154;0.071312;0.070666;0.071192;0.071372;0.070707;0.071485;0.071295;0.070715;0.071565;0.071484;0.070497;0.071933;0.070985;0.069942;0.070866;0.070692;0.071039;0.071877;0.070803;0.07165;0.071476;0.070121;0.071404;0.071736;0.069465;0.07019;0.071502;0.069565;0.069425;0.070504;0.070149;0.071273;0.071119;0.070464;0.071656;0.069567;0.07158;0.071223;0.072279;0.0702;0.070124;0.070953;0.07162;0.070512;0.07214;0.071228;0.071711;0.070791;0.072502;0.070775;0.07018;0.070873;0.070216;0.070379;0.07126;0.069359;0.070339;0.070311;0.070335;0.070323;0.070972;0.071958;0.072983;0.072644;0.073341;0.071024;0.070298;0.074834;0.069832;0.07143;0.070412;0.070581;0.070774;0.07169;0.070085;0.071184;0.072918;0.071414;0.071573;0.071894;0.071075;0.070576;0.073658;0.071624;0.071492;0.071317;0.070919;0.069578;0.070454;0.071109;0.072924;0.073021;0.0722;0.070939;0.071367;0.070427;0.070831;0.071392;0.071424;0.071013;0.070978;0.070969;0.070728;0.069734;0.072677;0.071056;0.071765;0.072037;0.071726;0.071158;0.07166;0.07111;0.069621;0.071381;0.070524;0.070978;0.071747;0.072455;0.071141;0.072201;0.071412;0.070201;0.071461;0.06972;0.07171;0.069787;0.070185;0.07138;0.070954;0.071068;0.071631;0.071367;0.070242;0.072673;0.071775;0.07266;0.071698;0.070397;0.070684;0.071813;0.071586;0.070756;0.069911;0.069834;0.071209;0.071996;0.069495;0.070077;0.071837;0.071636;0.070872;0.071167;0.071486;0.070726;0.070817;0.070436;0.071473;0.070446;0.070772;0.071678;0.070994;0.069748;0.071058;0.07085;0.071394;0.070519;0.070682;0.070819;0.071352;0.07215;0.071947;0.070338;0.071535;0.073153;0.072342;0.071925;0.069881;0.070521;0.071599;0.071372;0.072108;0.071455;0.070434;0.071413;0.072573;0.070065;0.07097;0.072063;0.070009;0.069307;0.071585;0.070339;0.070816;0.071837;0.070913;0.069695;0.070018;0.0715;0.071818;0.072462;0.070749;0.072984;0.069402;0.06992;0.071517;0.071476;0.070615;0.071262;0.071317;0.070284;0.072081;0.070907;0.070371;0.070429;0.072561;0.071644;0.070763;0.071499;0.070195;0.070841;0.071018;0.071739;0.071088;0.071515;0.070455;0.071288;0.070273;0.070815;0.071735;0.070841;0.070139;0.070567;0.071526;0.069795;0.071667;0.070889;0.07005;0.072776;0.071787;0.070712;0.071171;0.072505;0.074111;0.07179;0.070475;0.070705;0.07074;0.070104;0.070925;0.07121;0.070895;0.071426;0.072024;0.069728;0.070219;0.070562;0.071813;0.0713;0.070648;0.072693;0.071242;0.071503;0.071075;0.070474;0.0711;0.070183;0.071523;0.073566;0.071407;0.071535;0.071602;0.07066;0.071008;0.071632;0.07059;0.070371;0.071213;0.071228;0.071699;0.072052;0.071525;0.07106;0.073115;0.069998;0.071542;0.070874;0.071601;0.072227;0.070076;0.070208;0.071236;0.071068;0.071655;0.070569;0.069545;0.071043;0.072778;0.071851;0.071061;0.071977;0.070921;0.071489;0.070727;0.070336;0.071786;0.071044;0.071557;0.071226;0.070519;0.069892;0.072505;0.071805;0.070929;0.073463;0.071828;0.071664;0.072334;0.07077;0.073509;0.071251;0.071882;0.071025;0.071556;0.071788;0.070615;0.074674;0.072676;0.071569;0.07055;0.070494;0.070756;0.07108;0.070721;0.071034;0.071721;0.071524;0.07094;0.070895;0.071507;0.071891;0.071445;0.070448;0.071476;0.071568;0.0718;0.071654;0.071451;0.071207;0.071281;0.071559;0.070555;0.071824;0.072182;0.070364;0.070813;0.070587;0.072151;0.071272;0.071282;0.070539;0.070726;0.070487;0.070669;0.07207;0.070511;0.070663;0.070199;0.072874;0.071065;0.070643;0.071646;0.07144;0.070408;0.070441;0.070852;0.070844;0.070522;0.071191;0.071572;0.070873;0.071983;0.070346;0.070142;0.071374;0.070491;0.070994;0.071264;0.071201;0.070437;0.071104;0.071492;0.070742;0.072055;0.07115;0.072017;0.069828;0.070068;0.071274;0.069812;0.070657;0.071268;0.070795;0.071414;0.070486;0.070406;0.071834;0.071828;0.07178;0.071966;0.071152;0.072911;0.070048;0.071724;0.071569;0.070743;0.071026;0.071525;0.070115;0.070163;0.069987;0.070121;0.0713;0.071556;0.071718;0.071856;0.073058;0.070355;0.07165;0.070217;0.069903;0.070197;0.069144;0.071228;0.071296;0.071375;0.070263;0.071086;0.072874;0.072589;0.070459;0.072771;0.071195;0.071521;0.071406;0.070814;0.070435;0.070967;0.072003;0.070502;0.071311;0.071128;0.069664;0.071425;0.071126;0.070746;0.070474;0.070367;0.071044;0.070957;0.069205;0.071057;0.07113;0.07135;0.071165;0.072777;0.070914;0.071733;0.070335;0.070838;0.071841;0.07115;0.070498;0.071622;0.071022;0.071197;0.070973;0.070223;0.070535;0.072708;0.071704;0.07146;0.071696;0.070865;0.072347;0.072768;0.070551;0.071224;0.070778;0.070803;0.070428;0.07022;0.072187;0.071815;0.070388;0.070627;0.071492;0.071086;0.071558;0.07077;0.071004;0.069997;0.070066;0.070975;0.071865;0.0707;0.070718;0.072582;0.070088;0.072165;0.07064;0.071866;0.071984;0.070436;0.073385;0.070695;0.069916;0.071033;0.072019;0.072336;0.070779;0.070287;0.069778;0.071938;0.071917;0.070907;0.070359;0.071484;0.070969;0.073581;0.071652;0.071506;0.070663;0.070426;0.0733;0.0719;0.071276;0.071863;0.071687;0.072786;0.07229;0.072005;0.069899;0.070521;0.072428;0.07131;0.071519;0.071118;0.071253;0.071569;0.071491;0.070374;0.072611;0.0712;0.07065;0.070794;0.071653;0.070228;0.070897;0.070904;0.07032;0.070751;0.072098;0.070963;0.070127;0.071567;0.070518;0.071671;0.070843;0.070461;0.072214;0.070459;0.070859;0.071545;0.070494;0.071127;0.07103;0.069994;0.070383;0.072156;0.070894;0.070488;0.071057;0.071189;0.069886;0.072671;0.070186;0.071032;0.070888;0.072195;0.070593;0.070299;0.071822;0.072011;0.070704;0.070608;0.070008;0.070677;0.071624;0.071447;0.071303;0.07121;0.071521;0.072997;0.071013;0.070767;0.072281;0.070129;0.070721;0.070837;0.071013;0.070791;0.071368;0.070675;0.071045;0.069989;0.071269;0.070874;0.0702;0.071228;0.071851;0.071568;0.070928;0.07175;0.070568;0.071353;0.070953;0.070749;0.071702;0.070275;0.071334;0.072417;0.070462;0.071775;0.071456;0.071919;0.07204;0.071577;0.073089;0.070213;0.071477;0.070368;0.071548;0.071213;0.071559;0.07125;0.070774;0.071134;0.070312;0.071079;0.070375;0.071249;0.069999;0.071912;0.070282;0.069887;0.071411;0.06918;0.069661;0.071369;0.071018;0.070981;0.070814;0.069857;0.070433;0.07113;0.070674;0.070092;0.072351;0.07128;0.071515;0.070605;0.070794;0.071039;0.070401;0.072145;0.071931;0.070742;0.069803;0.071745;0.070973;0.070366;0.071398;0.070942;0.072688;0.071322;0.071954;0.071852;0.069811;0.070489;0.070834;0.070964;0.07227;0.070553;0.070199;0.070511;0.069735;0.073148;0.071025;0.071516;0.223221;0.072516;0.070615;0.071814;0.071699;0.071039;0.069947;0.070992;0.072072;0.07113;0.071362;0.070586;0.071732;0.070079;0.070882;0.072181;0.070935;0.070473;0.070909;0.070344;0.07018;0.071584;0.070363;0.07199;0.069838;0.070534;0.071901;0.072393;0.072138;0.070029;0.070525;0.071149;0.071837;0.071385;0.070421;0.070036;0.070949;0.071585;0.070331;0.070192;0.072103;0.069374;0.07243;0.070547;0.070626;0.071154;0.069606;0.071268;0.070413;0.069993;0.070804;0.070664;0.069993;0.071398;0.07235;0.07233;0.07197;0.070389;0.069924;0.070962;0.069622;0.070805;0.070135;0.071116;0.070286;0.07078;0.071555;0.070058;0.071749;0.071175;0.069964;0.070162;0.070728;0.071636;0.07071;0.070861;0.070093;0.070567;0.070963;0.069968;0.071272;0.070888;0.070756;0.071921;0.071745;0.071534;0.073003;0.071224;0.071265;0.071683;0.070805;0.06911;0.071409;0.072464;0.071028;0.072844;0.071287;0.071348;0.070307;0.070725;0.07115;0.070279;0.070945;0.071016;0.069895;0.070818;0.070428;0.071149;0.071349;0.072532;0.071574;0.071288;0.071051;0.07185;0.070778;0.071206;0.070284;0.070973;0.071621;0.069484;0.071412;0.073074;0.070201;0.071398;0.072237;0.070289;0.071316;0.070188;0.070844;0.070345;0.071352;0.070889;0.070612;0.071437;0.071242;0.070885;0.072552;0.073217;0.071501;0.071564;0.07123;0.071018;0.07256;0.070813;0.070938;0.071247;0.070373;0.071541;0.071376;0.07104;0.070934;0.073558;0.073055;0.070475;0.071721;0.070246;0.071483;0.071071;0.072318;0.070718;0.070261;0.071341;0.070488;0.070183;0.071351;0.072403;0.071166;0.070577;0.070725;0.069581;0.070698;0.070079;0.07214;0.070535;0.071292;0.071128;0.071129;0.071483;0.072135;0.071468;0.070508;0.070091;0.071488;0.073414;0.071027;0.071169;0.070766;0.072077;0.069978;0.07127;0.071382;0.070284;0.072233;0.07207;0.070448;0.071187;0.070777;0.070657;0.071114;0.070849;0.070605;0.07097;0.070757;0.071705;0.072922;0.071468;0.07254;0.072601;0.071171;0.071145;0.070425;0.070753;0.07038;0.070607;0.070452;0.072172;0.072031;0.071839;0.070216;0.071214;0.072601;0.071209;0.071567;0.0714;0.070636;0.071163;0.072265;0.072051;0.071274;0.070568;0.070084;0.07028;0.069281;0.071823;0.071932;0.070975;0.071952;0.070338;0.071822;0.071347;0.070732;0.072328;0.072085;0.071639;0.070496;0.07057;0.071202;0.070222;0.073303;0.071423;0.071468;0.071219;0.071375;0.071222;0.07125;0.070056;0.070222;0.06973;0.071178;0.071554;0.072631;0.07304;0.07062;0.071374;0.071939;0.074189;0.071753;0.072187;0.072084;0.071064;0.070822;0.069835;0.070579;0.070035;0.071389;0.071726;0.071513;0.071749;0.072668;0.070933;0.070035;0.070582;0.070122;0.069904;0.070667;0.071275;0.068618;0.071002;0.070465;0.071348;0.071745;0.072489,
